time,S1,S2,S3,S4,S5,ensemble_eq,ensemble_opt,buy_hold,sample
2019-09-08 00:00:00+00:00,1.0,1.0,1.0,1.0,1.0,1.0,1.0,1.0,in_sample
2019-09-09 00:00:00+00:00,1.0,1.0,1.0,1.0,1.0,1.0,1.0,0.9918559456023743,in_sample
2019-09-10 00:00:00+00:00,1.0,1.0,1.0,1.0,1.0,1.0,1.0,0.9721304549911806,in_sample
2019-09-11 00:00:00+00:00,1.0,1.0,1.0,1.0,1.0,1.0,1.0,0.9776666413257593,in_sample
2019-09-12 00:00:00+00:00,1.0,1.0,1.0,1.0,1.0,1.0,1.0,1.0022614354052253,in_sample
2019-09-13 00:00:00+00:00,1.0,1.0,1.0,1.0,1.0,1.0,1.0,0.9951605282328182,in_sample
2019-09-14 00:00:00+00:00,1.0,1.0,1.0,1.0,1.0,1.0,1.0,0.9942857857718184,in_sample
2019-09-15 00:00:00+00:00,1.0,1.0,1.0,1.0,1.0,1.0,1.0,0.991395960017822,in_sample
2019-09-16 00:00:00+00:00,1.0,1.0,1.0,1.0,1.0,1.0,1.0,0.9863005130090275,in_sample
2019-09-17 00:00:00+00:00,1.0,1.0,1.0,1.0,1.0,1.0,1.0,0.9802619993206072,in_sample
2019-09-18 00:00:00+00:00,1.0,1.0,1.0,1.0,1.0,1.0,1.0,0.9772441859458045,in_sample
2019-09-19 00:00:00+00:00,1.0,1.0,1.0,1.0,1.0,1.0,1.0,0.9859184747724852,in_sample
2019-09-20 00:00:00+00:00,1.0,1.0,1.0,1.0,1.0,1.0,1.0,0.9783210141238671,in_sample
2019-09-21 00:00:00+00:00,1.0,1.0,1.0,1.0,1.0,1.0,1.0,0.9607087627253857,in_sample
2019-09-22 00:00:00+00:00,1.0,1.0,1.0,1.0,1.0,1.0,1.0,0.9645301074037472,in_sample
2019-09-23 00:00:00+00:00,1.0,1.0,1.0,1.0,1.0,1.0,1.0,0.9336321635778025,in_sample
2019-09-24 00:00:00+00:00,1.0,1.0,1.0,1.0,1.0,1.0,1.0,0.8175647131393247,in_sample
2019-09-25 00:00:00+00:00,1.0,1.0,1.0,1.0,1.0,1.0,1.0,0.8112365432564478,in_sample
2019-09-26 00:00:00+00:00,1.0,1.0,1.0,1.0,1.0,1.0,1.0,0.7756386630393884,in_sample
2019-09-27 00:00:00+00:00,1.0,1.0,1.0,1.0,1.0,1.0,1.0,0.7868370987034758,in_sample
2019-09-28 00:00:00+00:00,1.0,1.0,1.0,1.0,1.0,1.0,1.0,0.7886520209052863,in_sample
2019-09-29 00:00:00+00:00,1.0,1.0,1.0,1.0,1.0,1.0,1.0,0.7738882158044503,in_sample
2019-09-30 00:00:00+00:00,1.0,1.0,1.0,1.0,1.0,1.0,1.0,0.7973571037459957,in_sample
2019-10-01 00:00:00+00:00,1.0,1.0,1.0,1.0,1.0,1.0,1.0,0.7977574259283674,in_sample
2019-10-02 00:00:00+00:00,1.0,1.0,1.0,1.0,1.0,1.0,1.0,0.8037372385275457,in_sample
2019-10-03 00:00:00+00:00,1.0,1.0,1.0,1.0,1.0,1.0,1.0,0.7910472178089483,in_sample
2019-10-04 00:00:00+00:00,1.0,1.0,1.0,1.0,1.0,1.0,1.0,0.7824143084386185,in_sample
2019-10-05 00:00:00+00:00,1.0,1.0,1.0,1.0,1.0,1.0,1.0,0.781604040944491,in_sample
2019-10-06 00:00:00+00:00,1.0,1.0,1.0,1.0,1.0,1.0,1.0,0.755684141948857,in_sample
2019-10-07 00:00:00+00:00,1.0,1.0,1.0,1.0,1.0,1.0,1.0,0.7878340549076517,in_sample
2019-10-08 00:00:00+00:00,1.0,1.0,1.0,1.0,1.0,1.0,1.0,0.7859806401883055,in_sample
2019-10-09 00:00:00+00:00,1.0,1.0,1.0,1.0,1.0,1.0,1.0,0.823717742067414,in_sample
2019-10-10 00:00:00+00:00,1.0,1.0,1.0,1.0,1.0,1.0,1.0,0.8233568747155163,in_sample
2019-10-11 00:00:00+00:00,1.0,1.0,1.0,1.0,1.0,1.0,1.0,0.7944451447944163,in_sample
2019-10-12 00:00:00+00:00,1.0,1.0,1.0,1.0,1.0,1.0,1.0,0.7987409097514057,in_sample
2019-10-13 00:00:00+00:00,1.0,1.0,1.0,1.0,1.0,1.0,1.0,0.7962812378808715,in_sample
2019-10-14 00:00:00+00:00,1.0,1.0,1.0,1.0,1.0,1.0,1.0,0.803151189948064,in_sample
2019-10-15 00:00:00+00:00,1.0,1.0,1.0,1.0,1.0,1.0,1.0,0.7852483200421879,in_sample
2019-10-16 00:00:00+00:00,1.0,1.0,1.0,1.0,1.0,1.0,1.0,0.7691007089359417,in_sample
2019-10-17 00:00:00+00:00,1.0,1.0,1.0,1.0,1.0,1.0,1.0,0.7765095562486347,in_sample
2019-10-18 00:00:00+00:00,1.0,1.0,1.0,1.0,1.0,1.0,1.0,0.7644556243823154,in_sample
2019-10-19 00:00:00+00:00,1.0,1.0,1.0,1.0,1.0,1.0,1.0,0.7648241902377203,in_sample
2019-10-20 00:00:00+00:00,1.0,1.0,1.0,1.0,1.0,1.0,1.0,0.7908509059695159,in_sample
2019-10-21 00:00:00+00:00,1.0,1.0,1.0,1.0,1.0,1.0,1.0,0.7892640519341046,in_sample
2019-10-22 00:00:00+00:00,1.0,1.0,1.0,1.0,1.0,1.0,1.0,0.7718606224432549,in_sample
2019-10-23 00:00:00+00:00,1.0,1.0,1.0,1.0,1.0,1.0,1.0,0.7183666085108882,in_sample
2019-10-24 00:00:00+00:00,1.0,1.0,1.0,1.0,1.0,1.0,1.0,0.713203799596406,in_sample
2019-10-25 00:00:00+00:00,1.0,1.0,1.0,1.0,1.0,1.0,1.0,0.8324006917105402,in_sample
2019-10-26 00:00:00+00:00,1.0,1.0,1.0,1.0,1.0,1.0,1.0,0.8884284756096974,in_sample
2019-10-27 00:00:00+00:00,1.0,1.0,1.0,1.0,1.0,1.0,1.0,0.9174037181847314,in_sample
2019-10-28 00:00:00+00:00,1.0,1.0,1.0,1.0,1.0,1.0,1.0,0.8869984785832445,in_sample
2019-10-29 00:00:00+00:00,1.0,1.0,1.0,1.0,1.0,1.0,1.0,0.9060195561235341,in_sample
2019-10-30 00:00:00+00:00,1.0,1.0,1.0,1.0,1.0,1.0,1.0,0.8819886774259669,in_sample
2019-10-31 00:00:00+00:00,1.0,1.0,1.0,1.0,1.0,1.0,1.0,0.8805163386302246,in_sample
2019-11-01 00:00:00+00:00,1.0,1.0,1.0,1.0,1.0,1.0,1.0,0.8883120357441519,in_sample
2019-11-02 00:00:00+00:00,1.0,1.0,1.0,1.0,1.0,1.0,1.0,0.8937770109212896,in_sample
2019-11-03 00:00:00+00:00,1.0,1.0,1.0,1.0,1.0,1.0,1.0,0.8851238929792535,in_sample
2019-11-04 00:00:00+00:00,1.0,1.0,1.0,1.0,1.0,1.0,1.0,0.904137272016036,in_sample
2019-11-05 00:00:00+00:00,1.0,1.0,1.0,1.0,1.0,1.0,1.0,0.8962212857848096,in_sample
2019-11-06 00:00:00+00:00,1.0,1.0,1.0,1.0,1.0,1.0,1.0,0.8991467171175265,in_sample
2019-11-07 00:00:00+00:00,1.0,1.0,1.0,1.0,1.0,1.0,1.0,0.8872178859331982,in_sample
2019-11-08 00:00:00+00:00,1.0,1.0,1.0,1.0,1.0,1.0,1.0,0.8444324903792765,in_sample
2019-11-09 00:00:00+00:00,1.0,1.0,1.0,1.0,1.0,1.0,1.0,0.8479083647127544,in_sample
2019-11-10 00:00:00+00:00,1.0,1.0,1.0,1.0,1.0,1.0,1.0,0.8700569593028236,in_sample
2019-11-11 00:00:00+00:00,1.0,1.0,1.0,1.0,1.0,1.0,1.0,0.8400299086861254,in_sample
2019-11-12 00:00:00+00:00,1.0,1.0,1.0,1.0,1.0,1.0,1.0,0.8484722800946531,in_sample
2019-11-13 00:00:00+00:00,1.0,1.0,1.0,1.0,1.0,1.0,1.0,0.8444065079299399,in_sample
2019-11-14 00:00:00+00:00,1.0,1.0,1.0,1.0,1.0,1.0,1.0,0.8316548991832851,in_sample
2019-11-15 00:00:00+00:00,1.0,1.0,1.0,1.0,1.0,1.0,1.0,0.8153937351503086,in_sample
2019-11-16 00:00:00+00:00,1.0,1.0,1.0,1.0,1.0,1.0,1.0,0.8171066521806493,in_sample
2019-11-17 00:00:00+00:00,1.0,1.0,1.0,1.0,1.0,1.0,1.0,0.818354772061746,in_sample
2019-11-18 00:00:00+00:00,1.0,1.0,1.0,1.0,1.0,1.0,1.0,0.7875184162638587,in_sample
2019-11-19 00:00:00+00:00,1.0,1.0,1.0,1.0,1.0,1.0,1.0,0.7825240121135953,in_sample
2019-11-20 00:00:00+00:00,1.0,1.0,1.0,1.0,1.0,1.0,1.0,0.7789009039005431,in_sample
2019-11-21 00:00:00+00:00,1.0,1.0,1.0,1.0,1.0,1.0,1.0,0.7334652985142851,in_sample
2019-11-22 00:00:00+00:00,1.0,1.0,1.0,1.0,1.0,1.0,1.0,0.6989009423930607,in_sample
2019-11-23 00:00:00+00:00,1.0,1.0,1.0,1.0,1.0,1.0,1.0,0.7030648704774901,in_sample
2019-11-24 00:00:00+00:00,1.0,1.0,1.0,1.0,1.0,1.0,1.0,0.6640786864043466,in_sample
2019-11-25 00:00:00+00:00,1.0,1.0,1.0,1.0,1.0,1.0,1.0,0.6834375357860124,in_sample
2019-11-26 00:00:00+00:00,1.0,1.0,1.0,1.0,1.0,1.0,1.0,0.688053750951487,in_sample
2019-11-27 00:00:00+00:00,1.0,1.0,1.0,1.0,1.0,1.0,1.0,0.7223861896545586,in_sample
2019-11-28 00:00:00+00:00,1.0,1.0,1.0,1.0,1.0,1.0,1.0,0.7136310665410528,in_sample
2019-11-29 00:00:00+00:00,1.0,1.0,1.0,1.0,1.0,1.0,1.0,0.7445088017952911,in_sample
2019-11-30 00:00:00+00:00,1.0,1.0,1.0,1.0,1.0,1.0,1.0,0.7258659132397902,in_sample
2019-12-01 00:00:00+00:00,1.0,1.0,1.0,1.0,1.0,1.0,1.0,0.7108980977960148,in_sample
2019-12-02 00:00:00+00:00,1.0,1.0,1.0,1.0,1.0,1.0,1.0,0.701622363382838,in_sample
2019-12-03 00:00:00+00:00,1.0,1.0,1.0,1.0,1.0,1.0,1.0,0.7016088910017004,in_sample
2019-12-04 00:00:00+00:00,1.0,1.0,1.0,1.0,1.0,1.0,1.0,0.6919992339989011,in_sample
2019-12-05 00:00:00+00:00,1.0,1.0,1.0,1.0,1.0,1.0,1.0,0.7106671426908002,in_sample
2019-12-06 00:00:00+00:00,1.0,1.0,1.0,1.0,1.0,1.0,1.0,0.7238614153891162,in_sample
2019-12-07 00:00:00+00:00,1.0,1.0,1.0,1.0,1.0,1.0,1.0,0.7205029432341221,in_sample
2019-12-08 00:00:00+00:00,1.0,1.0,1.0,1.0,1.0,1.0,1.0,0.7225238004047488,in_sample
2019-12-09 00:00:00+00:00,1.0,1.0,1.0,1.0,1.0,1.0,1.0,0.7060961562334302,in_sample
2019-12-10 00:00:00+00:00,1.0,1.0,1.0,1.0,1.0,1.0,1.0,0.6948842481882054,in_sample
2019-12-11 00:00:00+00:00,1.0,1.0,1.0,1.0,1.0,1.0,1.0,0.6934205702089086,in_sample
2019-12-12 00:00:00+00:00,1.0,1.0,1.0,1.0,1.0,1.0,1.0,0.6923620259766755,in_sample
2019-12-13 00:00:00+00:00,1.0,1.0,1.0,1.0,1.0,1.0,1.0,0.6979636495910652,in_sample
2019-12-14 00:00:00+00:00,1.0,1.0,1.0,1.0,1.0,1.0,1.0,0.6795218844396885,in_sample
2019-12-15 00:00:00+00:00,1.0,1.0,1.0,1.0,1.0,1.0,1.0,0.684685655667109,in_sample
2019-12-16 00:00:00+00:00,1.0,1.0,1.0,1.0,1.0,1.0,1.0,0.6627968855704063,in_sample
2019-12-17 00:00:00+00:00,1.0,1.0,1.0,1.0,1.0,1.0,1.0,0.6369510846710286,in_sample
2019-12-18 00:00:00+00:00,1.0,1.0,1.0,1.0,1.0,1.0,1.0,0.700317467038376,in_sample
2019-12-19 00:00:00+00:00,1.0,1.0,1.0,1.0,1.0,1.0,1.0,0.6876967328513429,in_sample
2019-12-20 00:00:00+00:00,1.0,1.0,1.0,1.0,1.0,1.0,1.0,0.6913631451466229,in_sample
2019-12-21 00:00:00+00:00,1.0,1.0,1.0,1.0,1.0,1.0,1.0,0.6862263186814774,in_sample
2019-12-22 00:00:00+00:00,1.0,1.0,1.0,1.0,1.0,1.0,1.0,0.722015699173277,in_sample
2019-12-23 00:00:00+00:00,1.0,1.0,1.0,1.0,1.0,1.0,1.0,0.7038366454540819,in_sample
2019-12-24 00:00:00+00:00,1.0,1.0,1.0,1.0,1.0,1.0,1.0,0.6978731921748561,in_sample
2019-12-25 00:00:00+00:00,1.0,1.0,1.0,1.0,1.0,1.0,1.0,0.6930048510195225,in_sample
2019-12-26 00:00:00+00:00,1.0,1.0,1.0,1.0,1.0,1.0,1.0,0.6926208881571034,in_sample
2019-12-27 00:00:00+00:00,1.0,1.0,1.0,1.0,1.0,1.0,1.0,0.6975229102652808,in_sample
2019-12-28 00:00:00+00:00,1.0,1.0,1.0,1.0,1.0,1.0,1.0,0.7035931802806682,in_sample
2019-12-29 00:00:00+00:00,1.0,1.0,1.0,1.0,1.0,1.0,1.0,0.7105401173829323,in_sample
2019-12-30 00:00:00+00:00,1.0,1.0,1.0,1.0,1.0,1.0,1.0,0.6967559468533812,in_sample
2019-12-31 00:00:00+00:00,1.0,1.0,1.0,1.0,1.0,1.0,1.0,0.6918067714112224,in_sample
2020-01-01 00:00:00+00:00,1.0,1.0,1.0,1.0,1.0,1.0,1.0,0.6926314735994257,in_sample
2020-01-02 00:00:00+00:00,1.0,1.0,1.0,1.0,1.0,1.0,1.0,0.6699661169614392,in_sample
2020-01-03 00:00:00+00:00,1.0,1.0,1.0,1.0,1.0,1.0,1.0,0.7065032146063708,in_sample
2020-01-04 00:00:00+00:00,1.0,1.0,1.0,1.0,1.0,1.0,1.0,0.7073683339379867,in_sample
2020-01-05 00:00:00+00:00,1.0,1.0,1.0,1.0,1.0,1.0,1.0,0.7077195781605004,in_sample
2020-01-06 00:00:00+00:00,1.0,1.0,1.0,1.0,1.0,1.0,1.0,0.7465383197823634,in_sample
2020-01-07 00:00:00+00:00,1.0,1.0,1.0,1.0,1.0,1.0,1.0,0.7845246607125158,in_sample
2020-01-08 00:00:00+00:00,1.0,1.0,1.0,1.0,1.0,1.0,1.0,0.7756088313382983,in_sample
2020-01-09 00:00:00+00:00,1.0,1.0,1.0,1.0,1.0,1.0,1.0,0.7523930316995506,in_sample
2020-01-10 00:00:00+00:00,1.0,1.0,1.0,1.0,1.0,1.0,1.0,0.7897788893561454,in_sample
2020-01-11 00:00:00+00:00,1.0,1.0,1.0,1.0,1.0,1.0,1.0,0.7718567731915014,in_sample
2020-01-12 00:00:00+00:00,1.0,1.0,1.0,1.0,1.0,1.0,1.0,0.7878167332747606,in_sample
2020-01-13 00:00:00+00:00,1.0,1.0,1.0,1.0,1.0,1.0,1.0,0.7807244869187991,in_sample
2020-01-14 00:00:00+00:00,1.0,1.0,1.0,1.0,1.0,1.0,1.0,0.8492411681324297,in_sample
2020-01-15 00:00:00+00:00,1.0,1.0,1.0,1.0,1.0,1.0,1.0,0.8492729244593967,in_sample
2020-01-16 00:00:00+00:00,1.0,1.0,1.0,1.0,1.0,1.0,1.0,0.8397315916752234,in_sample
2020-01-17 00:00:00+00:00,1.0,1.0,1.0,1.0,1.0,1.0,1.0,0.8582599649910553,in_sample
2020-01-18 00:00:00+00:00,1.0,1.0,1.0,1.0,1.0,1.0,1.0,0.8588642975163666,in_sample
2020-01-19 00:00:00+00:00,1.0,1.0,1.0,1.0,1.0,1.0,1.0,0.8378416090642182,in_sample
2020-01-20 00:00:00+00:00,1.0,1.0,1.0,1.0,1.0,1.0,1.0,0.8324006917105402,in_sample
2020-01-21 00:00:00+00:00,1.0,1.0,1.0,1.0,1.0,1.0,1.0,0.841295350200113,in_sample
2020-01-22 00:00:00+00:00,1.0,1.0,1.0,1.0,1.0,1.0,1.0,0.8357274075385671,in_sample
2020-01-23 00:00:00+00:00,1.0,1.0,1.0,1.0,1.0,1.0,1.0,0.8092666886715559,in_sample
2020-01-24 00:00:00+00:00,1.0,1.0,1.0,1.0,1.0,1.0,1.0,0.8124596430011463,in_sample
2020-01-25 00:00:00+00:00,1.0,1.0,1.0,1.0,1.0,1.0,1.0,0.8030155038237504,in_sample
2020-01-26 00:00:00+00:00,1.0,1.0,1.0,1.0,1.0,1.0,1.0,0.828667879822511,in_sample
2020-01-27 00:00:00+00:00,1.0,1.0,1.0,1.0,1.0,1.0,1.0,0.8578490573663613,in_sample
2020-01-28 00:00:00+00:00,1.0,1.0,1.0,1.0,1.0,1.0,1.0,0.9044760061703506,in_sample
2020-01-29 00:00:00+00:00,1.0,1.0,1.0,1.0,1.0,1.0,1.0,0.8960095769383629,in_sample
2020-01-30 00:00:00+00:00,1.0,1.0,1.0,1.0,1.0,1.0,1.0,0.9166675487868603,in_sample
2020-01-31 00:00:00+00:00,1.0,1.0,1.0,1.0,1.0,1.0,1.0,0.9011589134717076,in_sample
2020-02-01 00:00:00+00:00,1.0,1.0,1.0,1.0,1.0,1.0,1.0,0.903875522896793,in_sample
2020-02-02 00:00:00+00:00,1.0,1.0,1.0,1.0,1.0,1.0,1.0,0.8986270681307938,in_sample
2020-02-03 00:00:00+00:00,1.0,1.0,1.0,1.0,1.0,1.0,1.0,0.8950126207341871,in_sample
2020-02-04 00:00:00+00:00,1.0,1.0,1.0,1.0,1.0,1.0,1.0,0.8851691216873581,in_sample
2020-02-05 00:00:00+00:00,1.0,1.0,1.0,1.0,1.0,1.0,1.0,0.9267073596731216,in_sample
2020-02-06 00:00:00+00:00,1.0,1.0,1.0,1.0,1.0,1.0,1.0,0.940961138916609,in_sample
2020-02-07 00:00:00+00:00,1.0,1.0,1.0,1.0,1.0,1.0,1.0,0.9451375770692376,in_sample
2020-02-08 00:00:00+00:00,1.0,1.0,1.0,1.0,1.0,1.0,1.0,0.9533085762291383,in_sample
2020-02-09 00:00:00+00:00,1.0,1.0,1.0,1.0,1.0,1.0,1.0,0.9784201323565216,in_sample
2020-02-10 00:00:00+00:00,1.0,1.0,1.0,1.0,1.0,1.0,1.0,0.9493756032499233,in_sample
2020-02-11 00:00:00+00:00,1.0,1.0,1.0,1.0,1.0,1.0,1.0,0.9843556785605339,in_sample
2020-02-12 00:00:00+00:00,1.0,1.0,1.0,1.0,1.0,1.0,1.0,0.9950306159861351,in_sample
2020-02-13 00:00:00+00:00,1.0,1.0,1.0,1.0,1.0,1.0,1.0,0.9854103735410135,in_sample
2020-02-14 00:00:00+00:00,1.0,1.0,1.0,1.0,1.0,1.0,1.0,0.9966501886614516,in_sample
2020-02-15 00:00:00+00:00,1.0,1.0,1.0,1.0,1.0,1.0,1.0,0.9541323161044033,in_sample
2020-02-16 00:00:00+00:00,1.0,1.0,1.0,1.0,1.0,1.0,1.0,0.9547934250930799,in_sample
2020-02-17 00:00:00+00:00,1.0,1.0,1.0,1.0,1.0,1.0,1.0,0.9349832509433074,in_sample
2020-02-18 00:00:00+00:00,1.0,1.0,1.0,1.0,1.0,1.0,1.0,0.9790918267875205,in_sample
2020-02-19 00:00:00+00:00,1.0,1.0,1.0,1.0,1.0,1.0,1.0,0.9232093521420606,in_sample
2020-02-20 00:00:00+00:00,1.0,1.0,1.0,1.0,1.0,1.0,1.0,0.9240157703844345,in_sample
2020-02-21 00:00:00+00:00,1.0,1.0,1.0,1.0,1.0,1.0,1.0,0.9316863668163705,in_sample
2020-02-22 00:00:00+00:00,1.0,1.0,1.0,1.0,1.0,1.0,1.0,0.9295173134532313,in_sample
2020-02-23 00:00:00+00:00,1.0,1.0,1.0,1.0,1.0,1.0,1.0,0.9568393024001048,in_sample
2020-02-24 00:00:00+00:00,1.0,1.0,1.0,1.0,1.0,1.0,1.0,0.929959015091954,in_sample
2020-02-25 00:00:00+00:00,1.0,1.0,1.0,1.0,1.0,1.0,1.0,0.8974530463459535,in_sample
2020-02-26 00:00:00+00:00,1.0,1.0,1.0,1.0,1.0,1.0,1.0,0.8460867063203752,in_sample
2020-02-27 00:00:00+00:00,1.0,1.0,1.0,1.0,1.0,1.0,1.0,0.8495298620139479,in_sample
2020-02-28 00:00:00+00:00,1.0,1.0,1.0,1.0,1.0,1.0,1.0,0.8371843493272951,in_sample
2020-02-29 00:00:00+00:00,1.0,1.0,1.0,1.0,1.0,1.0,1.0,0.8210434744116178,in_sample
2020-03-01 00:00:00+00:00,1.0,1.0,1.0,1.0,1.0,1.0,1.0,0.8216073897935166,in_sample
2020-03-02 00:00:00+00:00,1.0,1.0,1.0,1.0,1.0,1.0,1.0,0.858354271659018,in_sample
2020-03-03 00:00:00+00:00,1.0,1.0,1.0,1.0,1.0,1.0,1.0,0.8434672905020676,in_sample
2020-03-04 00:00:00+00:00,1.0,1.0,1.0,1.0,1.0,1.0,1.0,0.8426907039607839,in_sample
2020-03-05 00:00:00+00:00,1.0,1.0,1.0,1.0,1.0,1.0,1.0,0.8721259321203699,in_sample
2020-03-06 00:00:00+00:00,1.0,1.0,1.0,1.0,1.0,1.0,1.0,0.8795039854190344,in_sample
2020-03-07 00:00:00+00:00,1.0,1.0,1.0,1.0,1.0,1.0,1.0,0.8561871429217554,in_sample
2020-03-08 00:00:00+00:00,1.0,1.0,1.0,1.0,1.0,1.0,1.0,0.7735514062760126,in_sample
2020-03-09 00:00:00+00:00,1.0,1.0,1.0,1.0,1.0,1.0,1.0,0.7633489645031627,in_sample
2020-03-10 00:00:00+00:00,1.0,1.0,1.0,1.0,1.0,1.0,1.0,0.7600020401034294,in_sample
2020-03-11 00:00:00+00:00,1.0,1.0,1.0,1.0,1.0,1.0,1.0,0.763921540701507,in_sample
2020-03-12 00:00:00+00:00,1.0,1.0,1.0,1.0,1.0,1.0,1.0,0.4585084341917485,in_sample
2020-03-13 00:00:00+00:00,1.0,1.0,1.0,1.0,1.0,1.0,1.0,0.5360333268216825,in_sample
2020-03-14 00:00:00+00:00,1.0,1.0,1.0,1.0,1.0,1.0,1.0,0.49722805758095706,in_sample
2020-03-15 00:00:00+00:00,1.0,1.0,1.0,1.0,1.0,1.0,1.0,0.5155418351115273,in_sample
2020-03-16 00:00:00+00:00,1.0,1.0,1.0,1.0,1.0,1.0,1.0,0.4836835029730659,in_sample
2020-03-17 00:00:00+00:00,1.0,1.0,1.0,1.0,1.0,1.0,1.0,0.5107360442971892,in_sample
2020-03-18 00:00:00+00:00,1.0,1.0,1.0,1.0,1.0,1.0,1.0,0.5186520305284157,in_sample
2020-03-19 00:00:00+00:00,1.0,1.0,1.0,1.0,1.0,1.0,1.0,0.5927462775329762,in_sample
2020-03-20 00:00:00+00:00,1.0,1.0,1.0,1.0,1.0,1.0,1.0,0.5969968137818611,in_sample
2020-03-21 00:00:00+00:00,1.0,1.0,1.0,1.0,1.0,1.0,1.0,0.5950644894015664,in_sample
2020-03-22 00:00:00+00:00,1.0,1.0,1.0,1.0,1.0,1.0,1.0,0.5591201765266854,in_sample
2020-03-23 00:00:00+00:00,1.0,1.0,1.0,1.0,1.0,1.0,1.0,0.6220236863706656,in_sample
2020-03-24 00:00:00+00:00,1.0,1.0,1.0,1.0,1.0,1.0,1.0,0.6487269080981521,in_sample
2020-03-25 00:00:00+00:00,1.0,1.0,1.0,1.0,1.0,1.0,1.0,0.6421908786205822,in_sample
2020-03-26 00:00:00+00:00,1.0,1.0,1.0,1.0,1.0,1.0,1.0,0.6479984372037881,in_sample
2020-03-27 00:00:00+00:00,1.0,1.0,1.0,1.0,1.0,1.0,1.0,0.6114189977895672,in_sample
2020-03-28 00:00:00+00:00,1.0,1.0,1.0,1.0,1.0,1.0,1.0,0.5996884030705482,in_sample
2020-03-29 00:00:00+00:00,1.0,1.0,1.0,1.0,1.0,1.0,1.0,0.5654810650494678,in_sample
2020-03-30 00:00:00+00:00,1.0,1.0,1.0,1.0,1.0,1.0,1.0,0.6150218974309132,in_sample
2020-03-31 00:00:00+00:00,1.0,1.0,1.0,1.0,1.0,1.0,1.0,0.6165635227582199,in_sample
2020-04-01 00:00:00+00:00,1.0,1.0,1.0,1.0,1.0,1.0,1.0,0.6391211003471063,in_sample
2020-04-02 00:00:00+00:00,1.0,1.0,1.0,1.0,1.0,1.0,1.0,0.6535673421782724,in_sample
2020-04-03 00:00:00+00:00,1.0,1.0,1.0,1.0,1.0,1.0,1.0,0.6476173612801842,in_sample
2020-04-04 00:00:00+00:00,1.0,1.0,1.0,1.0,1.0,1.0,1.0,0.6593941470202462,in_sample
2020-04-05 00:00:00+00:00,1.0,1.0,1.0,1.0,1.0,1.0,1.0,0.6513800048693035,in_sample
2020-04-06 00:00:00+00:00,1.0,1.0,1.0,1.0,1.0,1.0,1.0,0.7049740993472632,in_sample
2020-04-07 00:00:00+00:00,1.0,1.0,1.0,1.0,1.0,1.0,1.0,0.6921984327771485,in_sample
2020-04-08 00:00:00+00:00,1.0,1.0,1.0,1.0,1.0,1.0,1.0,0.7080371414301703,in_sample
2020-04-09 00:00:00+00:00,1.0,1.0,1.0,1.0,1.0,1.0,1.0,0.7004339069039217,in_sample
2020-04-10 00:00:00+00:00,1.0,1.0,1.0,1.0,1.0,1.0,1.0,0.6599368915175001,in_sample
2020-04-11 00:00:00+00:00,1.0,1.0,1.0,1.0,1.0,1.0,1.0,0.6615112354847122,in_sample
2020-04-12 00:00:00+00:00,1.0,1.0,1.0,1.0,1.0,1.0,1.0,0.6640459677644412,in_sample
2020-04-13 00:00:00+00:00,1.0,1.0,1.0,1.0,1.0,1.0,1.0,0.6576446620982465,in_sample
2020-04-14 00:00:00+00:00,1.0,1.0,1.0,1.0,1.0,1.0,1.0,0.6605421863557498,in_sample
2020-04-15 00:00:00+00:00,1.0,1.0,1.0,1.0,1.0,1.0,1.0,0.6367518858927811,in_sample
2020-04-16 00:00:00+00:00,1.0,1.0,1.0,1.0,1.0,1.0,1.0,0.6830641583659156,in_sample
2020-04-17 00:00:00+00:00,1.0,1.0,1.0,1.0,1.0,1.0,1.0,0.6757784871093371,in_sample
2020-04-18 00:00:00+00:00,1.0,1.0,1.0,1.0,1.0,1.0,1.0,0.6969474471281214,in_sample
2020-04-19 00:00:00+00:00,1.0,1.0,1.0,1.0,1.0,1.0,1.0,0.6849772364874424,in_sample
2020-04-20 00:00:00+00:00,1.0,1.0,1.0,1.0,1.0,1.0,1.0,0.6568064875289055,in_sample
2020-04-21 00:00:00+00:00,1.0,1.0,1.0,1.0,1.0,1.0,1.0,0.6580295872736039,in_sample
2020-04-22 00:00:00+00:00,1.0,1.0,1.0,1.0,1.0,1.0,1.0,0.6851725860139363,in_sample
2020-04-23 00:00:00+00:00,1.0,1.0,1.0,1.0,1.0,1.0,1.0,0.7201324527528405,in_sample
2020-04-24 00:00:00+00:00,1.0,1.0,1.0,1.0,1.0,1.0,1.0,0.7221388752293914,in_sample
2020-04-25 00:00:00+00:00,1.0,1.0,1.0,1.0,1.0,1.0,1.0,0.725007530098743,in_sample
2020-04-26 00:00:00+00:00,1.0,1.0,1.0,1.0,1.0,1.0,1.0,0.7404199341200564,in_sample
2020-04-27 00:00:00+00:00,1.0,1.0,1.0,1.0,1.0,1.0,1.0,0.7481020783072531,in_sample
2020-04-28 00:00:00+00:00,1.0,1.0,1.0,1.0,1.0,1.0,1.0,0.7444212313178973,in_sample
2020-04-29 00:00:00+00:00,1.0,1.0,1.0,1.0,1.0,1.0,1.0,0.8453149313437835,in_sample
2020-04-30 00:00:00+00:00,0.99905,1.0,1.0,1.0,1.0,0.99981,0.9997055,0.8299718138540345,in_sample
2020-05-01 00:00:00+00:00,1.0219351341771714,1.0,1.0,1.0,1.0,1.004390508683585,1.0068045463906696,0.8497723648744231,in_sample
2020-05-02 00:00:00+00:00,1.0219351341771714,1.0,1.0,1.0,1.0,1.004390508683585,1.0068045463906696,0.8636931838412262,in_sample
2020-05-03 00:00:00+00:00,1.0219351341771714,1.0,1.0,1.0,1.0,1.004390508683585,1.0068045463906696,0.8564585151703824,in_sample
2020-05-04 00:00:00+00:00,1.0219351341771714,1.0,1.0,1.0,1.0,1.004390508683585,1.0068045463906696,0.853954576904682,in_sample
2020-05-05 00:00:00+00:00,1.0209642957997032,1.0,1.0,1.0,1.0,1.004199674486935,1.0065080424517576,0.8682737934279802,in_sample
2020-05-06 00:00:00+00:00,1.0341940841867072,1.0,1.0,1.0,1.0,1.0068021845348214,1.0105512057871784,0.8803498584918825,in_sample
2020-05-07 00:00:00+00:00,1.0341940841867072,1.0,1.0,1.0,1.0,1.0068021845348214,1.0105512057871784,0.9618317819244913,in_sample
2020-05-08 00:00:00+00:00,1.0341940841867072,1.0,1.0,1.0,1.0,1.0068021845348214,1.0105512057871784,0.9437874520166711,in_sample
2020-05-09 00:00:00+00:00,1.0341940841867072,1.0,1.0,1.0,1.0,1.0068021845348214,1.0105512057871784,0.9190733311328445,in_sample
2020-05-10 00:00:00+00:00,1.0341940841867072,1.0,1.0,1.0,1.0,1.0068021845348214,1.0105512057871784,0.8390916535711915,in_sample
2020-05-11 00:00:00+00:00,1.03321159980673,1.0,1.0,1.0,1.0,1.0066108921197598,1.0102535984570742,0.8238447673752819,in_sample
2020-05-12 00:00:00+00:00,1.0630960953959763,1.0,1.0,1.0,1.0,1.0124339120648063,1.0193119413521357,0.8476735603557863,in_sample
2020-05-13 00:00:00+00:00,1.1231016329413013,1.0,1.0,1.0,1.0,1.0238631029696863,1.0371475368189507,0.8955197596527206,in_sample
2020-05-14 00:00:00+00:00,1.1811387667912032,1.0,1.0,1.0,1.0,1.034444884387884,1.0537621078264143,0.9417964265471346,in_sample
2020-05-15 00:00:00+00:00,1.1236833439046328,1.0,1.0,1.0,1.0,1.024380957954105,1.0378717245276237,0.8959835944890263,in_sample
2020-05-16 00:00:00+00:00,1.1314386855029084,1.0,1.0,1.0,1.0,1.0257949549308862,1.0400922837614996,0.9021674174311441,in_sample
2020-05-17 00:00:00+00:00,1.1680768212390502,1.0,1.0,1.0,1.0,1.0324383931088026,1.0505331350910836,0.9313813136148997,in_sample
2020-05-18 00:00:00+00:00,1.1744165052439899,1.0,1.0,1.0,1.0,1.0335590956256002,1.0523006685936322,0.9364363434802818,in_sample
2020-05-19 00:00:00+00:00,1.1795505268996176,1.0,1.0,1.0,1.0,1.034462746886566,1.0537267262682026,0.9405300227202085,in_sample
2020-05-20 00:00:00+00:00,1.1475045285399834,1.0,1.0,1.0,1.0,1.028841895429365,1.0448521638877528,0.914977727267041,in_sample
2020-05-21 00:00:00+00:00,1.0923333826863104,1.0,1.0,1.0,1.0,1.0189487081065536,1.0292790974591228,0.8718555221846814,in_sample
2020-05-22 00:00:00+00:00,1.0923333826863104,1.0,1.0,1.0,1.0,1.0189487081065536,1.0292790974591228,0.8820945318491902,in_sample
2020-05-23 00:00:00+00:00,1.0923333826863104,1.0,1.0,1.0,1.0,1.0189487081065536,1.0292790974591228,0.8830578071005223,in_sample
2020-05-24 00:00:00+00:00,1.0923333826863104,1.0,1.0,1.0,1.0,1.0189487081065536,1.0292790974591228,0.8383064062134623,in_sample
2020-05-25 00:00:00+00:00,1.0923333826863104,1.0,1.0,1.0,1.0,1.0189487081065536,1.0292790974591228,0.8560399090421811,in_sample
2020-05-26 00:00:00+00:00,1.0923333826863104,1.0,1.0,1.0,1.0,1.0189487081065536,1.0292790974591228,0.850400755223194,in_sample
2020-05-27 00:00:00+00:00,1.0923333826863104,1.0,1.0,1.0,1.0,1.0189487081065536,1.0292790974591228,0.8850700034547034,in_sample
2020-05-28 00:00:00+00:00,1.0923333826863104,1.0,1.0,1.0,1.0,1.0189487081065536,1.0292790974591228,0.9208940272122853,in_sample
2020-05-29 00:00:00+00:00,1.0923333826863104,1.0,1.0,1.0,1.0,1.0189487081065536,1.0292790974591228,0.9067162706909312,in_sample
2020-05-30 00:00:00+00:00,1.0923333826863104,1.0,1.0,1.0,1.0,1.0189487081065536,1.0292790974591228,0.9329623937726805,in_sample
2020-05-31 00:00:00+00:00,1.0923333826863104,1.0,1.0,1.0,1.0,1.0189487081065536,1.0292790974591228,0.9090421810630287,in_sample
2020-06-01 00:00:00+00:00,1.0923333826863104,1.0,1.0,1.0,1.0,1.0189487081065536,1.0292790974591228,0.9846847895854645,in_sample
2020-06-02 00:00:00+00:00,1.0923333826863104,1.0,1.0,1.0,1.0,1.0189487081065536,1.0292790974591228,0.9156311377522103,in_sample
2020-06-03 00:00:00+00:00,1.0923333826863104,1.0,1.0,1.0,1.0,1.0189487081065536,1.0292790974591228,0.9299397688331861,in_sample
2020-06-04 00:00:00+00:00,1.0912956659727584,1.0,1.0,1.0,1.0,1.0187551078520134,1.0289759747649212,0.9419436604267089,in_sample
2020-06-05 00:00:00+00:00,1.0722265080359112,1.0,1.0,1.0,1.0,1.0151947891123099,1.0234021153093884,0.9254842599284233,in_sample
2020-06-06 00:00:00+00:00,1.0774341809032528,1.0,1.0,1.0,1.0,1.0161809244705955,1.0249429823280487,0.9299792236636601,in_sample
2020-06-07 00:00:00+00:00,1.0863444188728086,1.0,1.0,1.0,1.0,1.0178616608009698,1.0275705865680915,0.9376700286673025,in_sample
2020-06-08 00:00:00+00:00,1.0902409756425282,1.0,1.0,1.0,1.0,1.0185918446498725,1.028713167122958,0.9410333123869885,in_sample
2020-06-09 00:00:00+00:00,1.0884014076796253,1.0,1.0,1.0,1.0,1.0182481098304053,1.0281750840509256,0.9403394847584066,in_sample
2020-06-10 00:00:00+00:00,1.0884014076796253,1.0,1.0,1.0,1.0,1.0182481098304053,1.0281750840509256,0.9512453772892222,in_sample
2020-06-11 00:00:00+00:00,1.0884014076796253,1.0,1.0,1.0,1.0,1.0182481098304053,1.0281750840509256,0.8928368311804791,in_sample
2020-06-12 00:00:00+00:00,1.0884014076796253,1.0,1.0,1.0,1.0,1.0182481098304053,1.0281750840509256,0.910243147610144,in_sample
2020-06-13 00:00:00+00:00,1.0884014076796253,1.0,1.0,1.0,1.0,1.0182481098304053,1.0281750840509256,0.9111698549698172,in_sample
2020-06-14 00:00:00+00:00,1.0884014076796253,1.0,1.0,1.0,1.0,1.0182481098304053,1.0281750840509256,0.8987627542551073,in_sample
2020-06-15 00:00:00+00:00,1.0884014076796253,1.0,1.0,1.0,1.0,1.0182481098304053,1.0281750840509256,0.9066922128674714,in_sample
2020-06-16 00:00:00+00:00,1.0884014076796253,1.0,1.0,1.0,1.0,1.0182481098304053,1.0281750840509256,0.9160372338122125,in_sample
2020-06-17 00:00:00+00:00,1.0884014076796253,1.0,1.0,1.0,1.0,1.0182481098304053,1.0281750840509256,0.9101988812149779,in_sample
2020-06-18 00:00:00+00:00,1.0884014076796253,1.0,1.0,1.0,1.0,1.0182481098304053,1.0281750840509256,0.902802543970484,in_sample
2020-06-19 00:00:00+00:00,1.0873674263423296,1.0,1.0,1.0,1.0,1.0180546426895374,1.0278722864886727,0.8956246517630055,in_sample
2020-06-20 00:00:00+00:00,1.0928632642852913,1.0,1.0,1.0,1.0,1.0190837453089017,1.0294827780359481,0.9001513718252094,in_sample
2020-06-21 00:00:00+00:00,1.0857913452655747,1.0,1.0,1.0,1.0,1.0177648469697125,1.0274176250440965,0.8943264916091124,in_sample
2020-06-22 00:00:00+00:00,1.1317629080588678,1.0,1.0,1.0,1.0,1.0263831217009096,1.0409026451281904,0.9321915811090272,in_sample
2020-06-23 00:00:00+00:00,1.1252985221450909,1.0,1.0,1.0,1.0,1.0252106258456706,1.0390595675117138,0.926867103620895,in_sample
2020-06-24 00:00:00+00:00,1.085293626455699,1.0,1.0,1.0,1.0,1.0179212811358898,1.0276084589155865,0.8947970626359869,in_sample
2020-06-25 00:00:00+00:00,1.085293626455699,1.0,1.0,1.0,1.0,1.0179212811358898,1.0276084589155865,0.8898267163091835,in_sample
2020-06-26 00:00:00+00:00,1.085293626455699,1.0,1.0,1.0,1.0,1.0179212811358898,1.0276084589155865,0.8814776892556798,in_sample
2020-06-27 00:00:00+00:00,1.085293626455699,1.0,1.0,1.0,1.0,1.0179212811358898,1.0276084589155865,0.8668514949050342,in_sample
2020-06-28 00:00:00+00:00,1.085293626455699,1.0,1.0,1.0,1.0,1.0179212811358898,1.0276084589155865,0.8770520120520073,in_sample
2020-06-29 00:00:00+00:00,1.085293626455699,1.0,1.0,1.0,1.0,1.0179212811358898,1.0276084589155865,0.8843155501110028,in_sample
2020-06-30 00:00:00+00:00,1.085293626455699,1.0,1.0,1.0,1.0,1.0179212811358898,1.0276084589155865,0.8794452843297925,in_sample
2020-07-01 00:00:00+00:00,1.085293626455699,1.0,1.0,1.0,1.0,1.0179212811358898,1.0276084589155865,0.8885314430941057,in_sample
2020-07-02 00:00:00+00:00,1.085293626455699,1.0,1.0,1.0,1.0,1.0179212811358898,1.0276084589155865,0.8745230536499087,in_sample
2020-07-03 00:00:00+00:00,1.085293626455699,1.0,1.0,1.0,1.0,1.0179212811358898,1.0276084589155865,0.8716168685759598,in_sample
2020-07-04 00:00:00+00:00,1.085293626455699,1.0,1.0,1.0,1.0,1.0179212811358898,1.0276084589155865,0.8792826534432039,in_sample
2020-07-05 00:00:00+00:00,1.085293626455699,1.0,1.0,1.0,1.0,1.0179212811358898,1.0276084589155865,0.8729968253296163,in_sample
2020-07-06 00:00:00+00:00,1.085293626455699,1.0,1.0,1.0,1.0,1.0179212811358898,1.0276084589155865,0.898761791942169,in_sample
2020-07-07 00:00:00+00:00,1.084262597510566,1.0,1.0,1.0,1.0,1.017727876092474,1.0273058282244358,0.8909583963247345,in_sample
2020-07-08 00:00:00+00:00,1.104027741809525,1.0,1.0,1.0,1.0,1.0214383311748914,1.0331111588463697,0.9080461871717912,in_sample
2020-07-09 00:00:00+00:00,1.104027741809525,1.0,1.0,1.0,1.0,1.0214383311748914,1.0331111588463697,0.8888191746626853,in_sample
2020-07-10 00:00:00+00:00,1.104027741809525,1.0,1.0,1.0,1.0,1.0214383311748914,1.0331111588463697,0.8938337873846548,in_sample
2020-07-11 00:00:00+00:00,1.104027741809525,1.0,1.0,1.0,1.0,1.0214383311748914,1.0331111588463697,0.8885516516658118,in_sample
2020-07-12 00:00:00+00:00,1.104027741809525,1.0,1.0,1.0,1.0,1.0214383311748914,1.0331111588463697,0.8950174322988791,in_sample
2020-07-13 00:00:00+00:00,1.104027741809525,1.0,1.0,1.0,1.0,1.0214383311748914,1.0331111588463697,0.8892926326283751,in_sample
2020-07-14 00:00:00+00:00,1.104027741809525,1.0,1.0,1.0,1.0,1.0214383311748914,1.0331111588463697,0.8905407525094716,in_sample
2020-07-15 00:00:00+00:00,1.104027741809525,1.0,1.0,1.0,1.0,1.0214383311748914,1.0331111588463697,0.8850680788288267,in_sample
2020-07-16 00:00:00+00:00,1.104027741809525,1.0,1.0,1.0,1.0,1.0214383311748914,1.0331111588463697,0.878784175341116,in_sample
2020-07-17 00:00:00+00:00,1.104027741809525,1.0,1.0,1.0,1.0,1.0214383311748914,1.0331111588463697,0.8806789695168131,in_sample
2020-07-18 00:00:00+00:00,1.104027741809525,1.0,1.0,1.0,1.0,1.0214383311748914,1.0331111588463697,0.8826141808359228,in_sample
2020-07-19 00:00:00+00:00,1.104027741809525,1.0,1.0,1.0,1.0,1.0214383311748914,1.0331111588463697,0.8863392942204448,in_sample
2020-07-20 00:00:00+00:00,1.104027741809525,1.0,1.0,1.0,1.0,1.0214383311748914,1.0331111588463697,0.8815873929306567,in_sample
2020-07-21 00:00:00+00:00,1.104027741809525,1.0,1.0,1.0,1.0,1.0214383311748914,1.0331111588463697,0.9034203488769328,in_sample
2020-07-22 00:00:00+00:00,1.104027741809525,1.0,1.0,1.0,1.0,1.0214383311748914,1.0331111588463697,0.9159535125865721,in_sample
2020-07-23 00:00:00+00:00,1.104027741809525,1.0,1.0,1.0,1.0,1.0214383311748914,1.0331111588463697,0.9242448008637721,in_sample
2020-07-24 00:00:00+00:00,1.104027741809525,1.0,1.0,1.0,1.0,1.0214383311748914,1.0331111588463697,0.9180176738394267,in_sample
2020-07-25 00:00:00+00:00,1.102978915454806,1.0,1.0,1.0,1.0,1.021244257891968,1.0328069076100894,0.933586934869698,in_sample
2020-07-26 00:00:00+00:00,1.1300602790042542,1.0,1.0,1.0,1.0,1.0262591655449134,1.0406680225183917,0.9565092290622358,in_sample
2020-07-27 00:00:00+00:00,1.2560181793518528,1.0,1.0,1.0,1.0,1.0491367858110496,1.0766262028635583,1.063122917193934,in_sample
2020-07-28 00:00:00+00:00,1.2403133531668946,1.0,1.0,1.0,1.0,1.0465131755582249,1.0724530542781059,1.050839954848277,in_sample
2020-07-29 00:00:00+00:00,1.2403133531668946,1.0,1.0,1.0,1.0,1.0465131755582249,1.0724530542781059,1.0694212553757207,in_sample
2020-07-30 00:00:00+00:00,1.2403133531668946,1.0,1.0,1.0,1.0,1.0465131755582249,1.0724530542781059,1.0693182878913126,in_sample
2020-07-31 00:00:00+00:00,1.2403133531668946,1.0,1.0,1.0,1.0,1.0465131755582249,1.0724530542781059,1.0916170032997712,in_sample
2020-08-01 00:00:00+00:00,1.2403133531668946,1.0,1.0,1.0,1.0,1.0465131755582249,1.0724530542781059,1.1366282286801974,in_sample
2020-08-02 00:00:00+00:00,1.2403133531668946,1.0,1.0,1.0,1.0,1.0465131755582249,1.0724530542781059,1.0662157909779313,in_sample
2020-08-03 00:00:00+00:00,1.239135055481386,1.0,1.0,1.0,1.0,1.0463143380548687,1.072137216853621,1.0803954721251623,in_sample
2020-08-04 00:00:00+00:00,1.2361528500440717,1.0,1.0,1.0,1.0,1.0458107086410635,1.071337325541301,1.0777953025656226,in_sample
2020-08-05 00:00:00+00:00,1.297126920874724,1.0,1.0,1.0,1.0,1.0561277719754014,1.0877191001497664,1.1309582808471819,in_sample
2020-08-06 00:00:00+00:00,1.2978879378719839,1.0,1.0,1.0,1.0,1.0562516968084792,1.087916929321409,1.1326962180139208,in_sample
2020-08-07 00:00:00+00:00,1.2966549443310054,1.0,1.0,1.0,1.0,1.0560510089860855,1.087596537785724,1.115903857238951,in_sample
2020-08-08 00:00:00+00:00,1.315626084343665,1.0,1.0,1.0,1.0,1.0591411898610479,1.092529394710078,1.1322304585517382,in_sample
2020-08-09 00:00:00+00:00,1.3067107890872147,1.0,1.0,1.0,1.0,1.0577057430364147,1.0902343133824184,1.1245579374939254,in_sample
2020-08-10 00:00:00+00:00,1.329051952023777,1.0,1.0,1.0,1.0,1.0613225152466788,1.0960127165437712,1.1448531173646483,in_sample
2020-08-11 00:00:00+00:00,1.329051952023777,1.0,1.0,1.0,1.0,1.0613225152466788,1.0960127165437712,1.0963284874461465,in_sample
2020-08-12 00:00:00+00:00,1.329051952023777,1.0,1.0,1.0,1.0,1.0613225152466788,1.0960127165437712,1.1132382503996006,in_sample
2020-08-13 00:00:00+00:00,1.329051952023777,1.0,1.0,1.0,1.0,1.0613225152466788,1.0960127165437712,1.1345669543661583,in_sample
2020-08-14 00:00:00+00:00,1.329051952023777,1.0,1.0,1.0,1.0,1.0613225152466788,1.0960127165437712,1.1324392804593697,in_sample
2020-08-15 00:00:00+00:00,1.329051952023777,1.0,1.0,1.0,1.0,1.0613225152466788,1.0960127165437712,1.1412107628928283,in_sample
2020-08-16 00:00:00+00:00,1.329051952023777,1.0,1.0,1.0,1.0,1.0613225152466788,1.0960127165437712,1.1471953870566987,in_sample
2020-08-17 00:00:00+00:00,1.329051952023777,1.0,1.0,1.0,1.0,1.0613225152466788,1.0960127165437712,1.183458225514188,in_sample
2020-08-18 00:00:00+00:00,1.329051952023777,1.0,1.0,1.0,1.0,1.0613225152466788,1.0960127165437712,1.1510022970409841,in_sample
2020-08-19 00:00:00+00:00,1.329051952023777,1.0,1.0,1.0,1.0,1.0613225152466788,1.0960127165437712,1.1320524306581357,in_sample
2020-08-20 00:00:00+00:00,1.329051952023777,1.0,1.0,1.0,1.0,1.0613225152466788,1.0960127165437712,1.141102983843728,in_sample
2020-08-21 00:00:00+00:00,1.329051952023777,1.0,1.0,1.0,1.0,1.0613225152466788,1.0960127165437712,1.1103676709043722,in_sample
2020-08-22 00:00:00+00:00,1.329051952023777,1.0,1.0,1.0,1.0,1.0613225152466788,1.0960127165437712,1.1230644278135384,in_sample
2020-08-23 00:00:00+00:00,1.329051952023777,1.0,1.0,1.0,1.0,1.0613225152466788,1.0960127165437712,1.1214794984040042,in_sample
2020-08-24 00:00:00+00:00,1.329051952023777,1.0,1.0,1.0,1.0,1.0613225152466788,1.0960127165437712,1.1310352658822533,in_sample
2020-08-25 00:00:00+00:00,1.329051952023777,1.0,1.0,1.0,1.0,1.0613225152466788,1.0960127165437712,1.0900282246384831,in_sample
2020-08-26 00:00:00+00:00,1.329051952023777,1.0,1.0,1.0,1.0,1.0613225152466788,1.0960127165437712,1.1034091860468473,in_sample
2020-08-27 00:00:00+00:00,1.329051952023777,1.0,1.0,1.0,1.0,1.0613225152466788,1.0960127165437712,1.0908327182549804,in_sample
2020-08-28 00:00:00+00:00,1.329051952023777,1.0,1.0,1.0,1.0,1.0613225152466788,1.0960127165437712,1.1092436893923283,in_sample
2020-08-29 00:00:00+00:00,1.329051952023777,1.0,1.0,1.0,1.0,1.0613225152466788,1.0960127165437712,1.1034515278161368,in_sample
2020-08-30 00:00:00+00:00,1.329051952023777,1.0,1.0,1.0,1.0,1.0613225152466788,1.0960127165437712,1.1272668484155037,in_sample
2020-08-31 00:00:00+00:00,1.329051952023777,1.0,1.0,1.0,1.0,1.0613225152466788,1.0960127165437712,1.121875009021684,in_sample
2020-09-01 00:00:00+00:00,1.329051952023777,1.0,1.0,1.0,1.0,1.0613225152466788,1.0960127165437712,1.148056657136561,in_sample
2020-09-02 00:00:00+00:00,1.329051952023777,1.0,1.0,1.0,1.0,1.0613225152466788,1.0960127165437712,1.0967442066355326,in_sample
2020-09-03 00:00:00+00:00,1.3277893526693543,1.0,1.0,1.0,1.0,1.061120863968782,1.095689940798749,0.9758892493285463,in_sample
2020-09-04 00:00:00+00:00,1.3679749254211007,1.0,1.0,1.0,1.0,1.0675438330326152,1.1059698753378007,1.0054245580337253,in_sample
2020-09-05 00:00:00+00:00,1.3314069969256124,1.0,1.0,1.0,1.0,1.0618364379880578,1.0968049862480458,0.9785481199773279,in_sample
2020-09-06 00:00:00+00:00,1.3418500773756958,1.0,1.0,1.0,1.0,1.0635021710617678,1.0994718995571435,0.9871531222724442,in_sample
2020-09-07 00:00:00+00:00,1.3418500773756958,1.0,1.0,1.0,1.0,1.0635021710617678,1.0994718995571435,0.9987615032482874,in_sample
2020-09-08 00:00:00+00:00,1.3418500773756958,1.0,1.0,1.0,1.0,1.0635021710617678,1.0994718995571435,0.9747286999248435,in_sample
2020-09-09 00:00:00+00:00,1.3418500773756958,1.0,1.0,1.0,1.0,1.0635021710617678,1.0994718995571435,0.9834154988197233,in_sample
2020-09-10 00:00:00+00:00,1.340575319802189,1.0,1.0,1.0,1.0,1.0633001056492661,1.0991481050827239,0.9946379923072705,in_sample
2020-09-11 00:00:00+00:00,1.347306788932409,1.0,1.0,1.0,1.0,1.06436794148536,1.1008590520494328,0.9996323964575337,in_sample
2020-09-12 00:00:00+00:00,1.3538527859844751,1.0,1.0,1.0,1.0,1.0654022047228808,1.1025171215049436,1.0044891898576067,in_sample
2020-09-13 00:00:00+00:00,1.3395130706273046,1.0,1.0,1.0,1.0,1.0631453028625328,1.0988970585428837,0.993849858010726,in_sample
2020-09-14 00:00:00+00:00,1.3831418102424002,1.0,1.0,1.0,1.0,1.070070758180394,1.1099924956472322,1.026220140632413,in_sample
2020-09-15 00:00:00+00:00,1.3977564911979534,1.0,1.0,1.0,1.0,1.0723320943087455,1.1136283323204588,1.037063482822233,in_sample
2020-09-16 00:00:00+00:00,1.4199859034181541,1.0,1.0,1.0,1.0,1.0757428904397526,1.1191186620443359,1.0535565642733624,in_sample
2020-09-17 00:00:00+00:00,1.4169715591291356,1.0,1.0,1.0,1.0,1.0752861733089072,1.118382206301177,1.0523209544604648,in_sample
2020-09-18 00:00:00+00:00,1.4169715591291356,1.0,1.0,1.0,1.0,1.0752861733089072,1.118382206301177,1.051451023564157,in_sample
2020-09-19 00:00:00+00:00,1.4169715591291356,1.0,1.0,1.0,1.0,1.0752861733089072,1.118382206301177,1.065640327840772,in_sample
2020-09-20 00:00:00+00:00,1.4169715591291356,1.0,1.0,1.0,1.0,1.0752861733089072,1.118382206301177,1.0502952857251462,in_sample
2020-09-21 00:00:00+00:00,1.4169715591291356,1.0,1.0,1.0,1.0,1.0752861733089072,1.118382206301177,1.0022229428876894,in_sample
2020-09-22 00:00:00+00:00,1.4169715591291356,1.0,1.0,1.0,1.0,1.0752861733089072,1.118382206301177,1.0126726990857065,in_sample
2020-09-23 00:00:00+00:00,1.4169715591291356,1.0,1.0,1.0,1.0,1.0752861733089072,1.118382206301177,0.9852073255110123,in_sample
2020-09-24 00:00:00+00:00,1.4169715591291356,1.0,1.0,1.0,1.0,1.0752861733089072,1.118382206301177,1.0320729279237233,in_sample
2020-09-25 00:00:00+00:00,1.4169715591291356,1.0,1.0,1.0,1.0,1.0752861733089072,1.118382206301177,1.028087990045835,in_sample
2020-09-26 00:00:00+00:00,1.4169715591291356,0.99905,1.0,1.0,0.99905,1.0748775645630497,1.118074092003341,1.0322249733679896,in_sample
2020-09-27 00:00:00+00:00,1.4169715591291356,1.002915247284762,0.99905,1.0,1.002915247284762,1.076336785135879,1.1191161231938658,1.0362185720623234,in_sample
2020-09-28 00:00:00+00:00,1.4169715591291356,0.99578549596793,0.9919477268294948,1.0,0.99578549596793,1.0717457609399939,1.1152177682325972,1.0288520665189198,in_sample
2020-09-29 00:00:00+00:00,1.4169715591291356,1.009339940241458,1.00544993211367,1.0,1.009339940241458,1.0804988015802959,1.1226560338081117,1.042856606711363,in_sample
2020-09-30 00:00:00+00:00,1.4169715591291356,1.0033809397287092,0.9995138976597324,1.0,1.0033809397287092,1.076671334149788,1.119408312469594,1.0366997285315203,in_sample
2020-10-01 00:00:00+00:00,1.4169715591291356,0.9884443202815456,0.9846348441214708,1.0,0.9884443202815456,1.0670547492510076,1.1112430325638418,1.0212671159385005,in_sample
2020-10-02 00:00:00+00:00,1.4169715591291356,0.9840221048338227,0.9802296719446506,1.0,0.9840221048338227,1.064190402176186,1.1088069454298133,1.0166980541070074,in_sample
2020-10-03 00:00:00+00:00,1.4169715591291356,0.9814896693236376,0.977706996471025,1.0,0.9814896693236376,1.0625471503320474,1.107408693079903,1.0140815252275148,in_sample
2020-10-04 00:00:00+00:00,1.4169715591291356,0.992871192653708,0.9890446552748884,1.0,0.992871192653708,1.069940038240366,1.1137011270732224,1.0258409893346858,in_sample
2020-10-05 00:00:00+00:00,1.4169715591291356,1.0044986015941826,1.0006272520430906,1.0,1.0044986015941826,1.0774580106370615,1.1200919204445106,1.0378545040575926,in_sample
2020-10-06 00:00:00+00:00,1.4169715591291356,0.986676551764322,0.9828738886051263,1.0,0.986676551764322,1.065988102968889,1.1103541829759191,1.0194406459814294,in_sample
2020-10-07 00:00:00+00:00,1.4169715591291356,0.992739867384515,0.9889138361348441,1.0,0.992739867384515,1.0699185231075534,1.1136976187211767,1.0257053032103722,in_sample
2020-10-08 00:00:00+00:00,1.4169715591291356,1.0170210714119239,1.0131014601132988,1.0,1.0170210714119239,1.085619862887967,1.1270450633003535,1.0507928015142958,in_sample
2020-10-09 00:00:00+00:00,1.4169715591291356,1.029224076213117,1.0252574343889302,1.0,1.029224076213117,1.0934355265579638,1.1336714105664585,1.0634010256331297,in_sample
2020-10-10 00:00:00+00:00,1.4169715591291356,1.0519796717941547,1.0479253296341013,1.0,1.0519796717941547,1.1079406924657655,1.1459531970899732,1.0869122553439645,in_sample
2020-10-11 00:00:00+00:00,1.4169715591291356,1.0589464307556054,1.0548652386237,1.0,1.0589464307556054,1.1123431097110497,1.1496718564523645,1.094110356123149,in_sample
2020-10-12 00:00:00+00:00,1.4169715591291356,1.0739203055982849,1.0697814039747404,1.0,1.0739203055982849,1.1217804633050623,1.1576376709397211,1.1095814612337045,in_sample
2020-10-13 00:00:00+00:00,1.4169715591291356,1.0635819333426562,1.059482875928678,1.0,1.0635819333426562,1.1153009970216057,1.1521769643423199,1.0988997876175346,in_sample
2020-10-14 00:00:00+00:00,1.4169715591291356,1.0633742345126556,1.0592759775724372,1.0,1.0633742345126556,1.1151703178299508,1.1520667144010852,1.0986851918322726,in_sample
2020-10-15 00:00:00+00:00,1.4169715591291356,1.071278898056216,1.0671501764487374,1.0,1.071278898056216,1.120144133747308,1.1562630572652814,1.10685234174042,in_sample
2020-10-16 00:00:00+00:00,1.415625436147963,1.0542271035286441,1.0501640997399706,1.0,1.0542271035286441,1.1092335500756958,1.1469043293218841,1.0892343164643083,in_sample
2020-10-17 00:00:00+00:00,1.4202941940799392,1.0577039633151541,1.0536275596675337,1.0,1.0577039633151541,1.1121601676981776,1.1499303380657282,1.092826630663332,in_sample
2020-10-18 00:00:00+00:00,1.438410175500961,1.0711950734163056,1.0670666748699855,1.0,1.0711950734163056,1.1235087308447151,1.161664310774594,1.1067657335759646,in_sample
2020-10-19 00:00:00+00:00,1.4689140613731546,1.0939115508320516,1.089695602711739,1.0,1.0939115508320516,1.142569431435304,1.1813723335131443,1.1302365461433865,in_sample
2020-10-20 00:00:00+00:00,1.4883032267145493,1.1083508107490796,1.1040792135494062,1.0,1.1083508107490796,1.1546346533309475,1.193847303482632,1.145155283627304,in_sample
2020-10-21 00:00:00+00:00,1.5989545370785276,1.1918066222439754,1.1872133853547553,1.0,1.1918066222439754,1.2239679602456301,1.2654104879565367,1.231382372159132,in_sample
2020-10-22 00:00:00+00:00,1.5989545370785276,1.2079009531067917,1.203245688475112,1.0,1.2079009531067917,1.2338851456094384,1.2737837491872315,1.248011139734575,in_sample
2020-10-23 00:00:00+00:00,1.5989545370785276,1.2038913411644059,1.1992515296248147,1.0,1.2038913411644059,1.23142762592491,1.2717118777522314,1.24386838253479,in_sample
2020-10-24 00:00:00+00:00,1.5989545370785276,1.221127549899781,1.2164213098068355,1.0,1.221127549899781,1.2420058946824974,1.2806334061386273,1.2616769457727037,in_sample
2020-10-25 00:00:00+00:00,1.5989545370785276,1.213017981680884,1.2083429959602532,1.0,1.213017981680884,1.237056961281383,1.2764660788631492,1.2532980870181099,in_sample
2020-10-26 00:00:00+00:00,1.5989545370785276,1.2152002164732205,1.2105168203937597,1.0,1.2152002164732205,1.2383922500149944,1.2775913044393519,1.2555527862327662,in_sample
2020-10-27 00:00:00+00:00,1.5989545370785276,1.269419856337109,1.2645274971211,1.0,1.269419856337109,1.2715449013538398,1.305522968987831,1.3115728716284163,in_sample
2020-10-28 00:00:00+00:00,1.5989545370785276,1.2346596409359998,1.2299012480033438,1.0,1.2346596409359998,1.2506538583584461,1.2880060480893443,1.2756583904546257,in_sample
2020-10-29 00:00:00+00:00,1.5989545370785276,1.2524006602806135,1.2475738932485145,1.0,1.2524006602806135,1.26143636402668,1.2970747536128575,1.2939885273051486,in_sample
2020-10-30 00:00:00+00:00,1.5989545370785276,1.261944561226868,1.2570810118870732,1.0,1.261944561226868,1.2672040184635165,1.3019180798317542,1.3038493479848687,in_sample
2020-10-31 00:00:00+00:00,1.597435530268303,1.28379578208176,1.2788480178770434,1.0,1.28379578208176,1.2801286243415375,1.3125809225996272,1.326426171832523,in_sample
2020-11-01 00:00:00+00:00,1.5923403547346178,1.28092059693283,1.2759839137258548,1.0,1.28092059693283,1.2775918221480713,1.3098426457078949,1.3234555117917017,in_sample
2020-11-02 00:00:00+00:00,1.5923403547346178,1.2611454329930547,1.2562849635029723,1.0,1.2611454329930547,1.2657575580453984,1.299934027619513,1.303023683483727,in_sample
2020-11-03 00:00:00+00:00,1.5923403547346178,1.305480285041719,1.3004489485048296,1.0,1.305480285041719,1.2924557512580113,1.322326264729607,1.3488307416642047,in_sample
2020-11-04 00:00:00+00:00,1.5923403547346178,1.3164482734815643,1.3113746661868504,1.0,1.3164482734815643,1.2989708889745597,1.3277699294729237,1.360162938826729,in_sample
2020-11-05 00:00:00+00:00,1.5923403547346178,1.4528440020043818,1.447244723950595,1.0,1.4528440020043818,1.3797218387690628,1.3951786182453854,1.5010878947768542,in_sample
2020-11-06 00:00:00+00:00,1.5923403547346178,1.452118453176712,1.4465219713967317,1.0,1.452118453176712,1.3793084197531542,1.3948372103566953,1.5003382529978455,in_sample
2020-11-07 00:00:00+00:00,1.5923403547346178,1.3807166249009464,1.3753953266158996,1.0,1.3807166249009464,1.3386153994099108,1.3612304311667167,1.4265654185147085,in_sample
2020-11-08 00:00:00+00:00,1.59082763139762,1.441150464736867,1.4355962537147111,1.0,1.441150464736867,1.3735157063222425,1.3900242049585874,1.4890060558353215,in_sample
2020-11-09 00:00:00+00:00,1.5759733817153092,1.4276938158765675,1.4221914669390796,1.0,1.4276938158765675,1.3632556153650035,1.3796407963743298,1.4751025585014093,in_sample
2020-11-10 00:00:00+00:00,1.5724736678505125,1.4245233817181748,1.4190332516716204,1.0,1.4245233817181748,1.3608337447249488,1.3771898168948387,1.4718268452591174,in_sample
2020-11-11 00:00:00+00:00,1.6131419056988983,1.4613652423437284,1.4557331233283812,1.0,1.4613652423437284,1.3889894901770095,1.4056839706252038,1.509892095850218,in_sample
2020-11-12 00:00:00+00:00,1.6731710738838743,1.5171347066610734,1.5112876514673115,1.0,1.5171347066610734,1.4311315174267818,1.448185615471907,1.5675134699753552,in_sample
2020-11-13 00:00:00+00:00,1.6731710738838743,1.5200704318277167,1.5142120623142654,1.0,1.5200704318277167,1.4327931004598662,1.4495587451748504,1.5705466803571724,in_sample
2020-11-14 00:00:00+00:00,1.6731710738838743,1.4962241845429547,1.490457718750001,1.0,1.4962241845429547,1.4193068548756855,1.438416101763034,1.5459085821954786,in_sample
2020-11-15 00:00:00+00:00,1.6731710738838743,1.4857703205612272,1.4800441440843248,1.0,1.4857703205612272,1.4133569814693538,1.4334916170823109,1.535107581774948,in_sample
2020-11-16 00:00:00+00:00,1.6731710738838743,1.5560712518995012,1.550074134797549,1.0,1.5560712518995012,1.4534817480240723,1.466726996220272,1.6077429623649033,in_sample
2020-11-17 00:00:00+00:00,1.6731710738838743,1.645758028294411,1.6394152572901197,1.0,1.645758028294411,1.5037460629916508,1.5081502587033269,1.700407924454585,in_sample
2020-11-18 00:00:00+00:00,1.6731710738838743,1.6567772429030907,1.6503920037147113,1.0,1.6567772429030907,1.509787084928114,1.5130982092694285,1.711793048828721,in_sample
2020-11-19 00:00:00+00:00,1.6731710738838743,1.6589529580012123,1.6525593335809818,1.0,1.6589529580012123,1.5109766956267272,1.5140718553103465,1.7140410118528087,in_sample
2020-11-20 00:00:00+00:00,1.6715815613636846,1.7383656276977582,1.7316659459045332,1.0,1.7383656276977582,1.5540871130411,1.549139854961147,1.7960906999190698,in_sample
2020-11-21 00:00:00+00:00,1.6767474005754988,1.7437378557311334,1.7353723866585982,1.0,1.7437378557311334,1.5576340249093477,1.5526754756422714,1.8016413209477247,in_sample
2020-11-22 00:00:00+00:00,1.6494694865998025,1.717026668531208,1.7353723866585982,1.0,1.717026668531208,1.5430218443215216,1.537947556668213,1.7740431481875318,in_sample
2020-11-23 00:00:00+00:00,1.6494694865998025,1.7120782206218244,1.7353723866585982,1.0,1.7120782206218244,1.5412430569888362,1.5366621768204827,1.7689303795458462,in_sample
2020-11-24 00:00:00+00:00,1.6494694865998025,1.7863626851256231,1.7353723866585982,1.0,1.7863626851256231,1.5679919318427036,1.555997471441075,1.8456815725733116,in_sample
2020-11-25 00:00:00+00:00,1.6494694865998025,1.745570821190509,1.7353723866585982,1.0,1.7438737766396397,1.553371879563149,1.5456046622167618,1.803535152810483,in_sample
2020-11-26 00:00:00+00:00,1.6494694865998025,1.597822442269146,1.7353723866585982,1.0,1.7438737766396397,1.5270758193539211,1.515515402290763,1.6508805644542772,in_sample
2020-11-27 00:00:00+00:00,1.6494694865998025,1.5967755656551526,1.7353723866585982,1.0,1.7438737766396397,1.5268757145211456,1.5152870238139737,1.6497989247115226,in_sample
2020-11-28 00:00:00+00:00,1.6494694865998025,1.6502035283643313,1.7353723866585982,1.0,1.7438737766396397,1.537093538552479,1.526948337450639,1.7050010441095385,in_sample
2020-11-29 00:00:00+00:00,1.6494694865998025,1.6933592471449213,1.7353723866585982,1.0,1.7438737766396397,1.5451330773546996,1.5361327846654802,1.74958981411001,in_sample
2020-11-30 00:00:00+00:00,1.6494694865998025,1.8366909989278888,1.7353723866585982,1.0,1.7438737766396397,1.5712901531303753,1.566038204188699,1.8976811145123529,in_sample
2020-12-01 00:00:00+00:00,1.6479024905875328,1.7484609084976461,1.7353723866585982,1.0,1.7438737766396397,1.5558954298870777,1.5482744279512355,1.8065212098583188,in_sample
2020-12-02 00:00:00+00:00,1.6844615220830697,1.7889118855637904,1.7353723866585982,1.0,1.7438737766396397,1.569998184931144,1.5671610584183633,1.8483154230856949,in_sample
2020-12-03 00:00:00+00:00,1.6828612836370906,1.810081332680744,1.7353723866585982,1.0,1.7438737766396397,1.5734156628744258,1.5709649517727216,1.8701878338624451,in_sample
2020-12-04 00:00:00+00:00,1.6161765317021652,1.738355382463991,1.7353723866585982,1.0,1.7438737766396397,1.5484765109218555,1.5373495368077115,1.7960801144767473,in_sample
2020-12-05 00:00:00+00:00,1.6580369949931424,1.783380390714585,1.7353723866585982,1.0,1.7438737766396397,1.564519299038353,1.5588516733613882,1.8426002465445748,in_sample
2020-12-06 00:00:00+00:00,1.6761529552770669,1.8045600830653055,1.7353723866585982,1.0,1.7438737766396397,1.5716542264834665,1.5683896956266017,1.8644832427636475,in_sample
2020-12-07 00:00:00+00:00,1.6761529552770669,1.7857330689414068,1.7353723866585982,1.0,1.7438737766396397,1.5683748060199896,1.5646261956453364,1.8450310490269575,in_sample
2020-12-08 00:00:00+00:00,1.6761529552770669,1.7062337804502865,1.7353723866585982,1.0,1.7438737766396397,1.5544102686168824,1.5486053611552828,1.7628918658574257,in_sample
2020-12-09 00:00:00+00:00,1.6745606099695536,1.726599442408987,1.7353723866585982,1.0,1.7438737766396397,1.557825628981457,1.5524006637995478,1.783933800568342,in_sample
2020-12-10 00:00:00+00:00,1.648864053132291,1.700104336503053,1.7353723866585982,1.0,1.7438737766396397,1.5482635373905425,1.5395367937830318,1.7565588844098567,in_sample
2020-12-11 00:00:00+00:00,1.628806881971375,1.6794238664522445,1.7353723866585982,1.0,1.7438737766396397,1.5407301602846117,1.5294240579402567,1.7351916879257636,in_sample
2020-12-12 00:00:00+00:00,1.6982292281806115,1.751003589241598,1.7353723866585982,1.0,1.7438737766396397,1.566997510646696,1.5646247635108157,1.8091483241801336,in_sample
2020-12-13 00:00:00+00:00,1.7304964868294623,1.785937042231856,1.7353723866585982,1.0,1.7438737766396397,1.5792047546583594,1.5810201335087597,1.8452417955604656,in_sample
2020-12-14 00:00:00+00:00,1.7304964868294623,1.7948438759147907,1.7353723866585982,1.0,1.7438737766396397,1.5807799181460336,1.582833653862767,1.8544443941903246,in_sample
2020-12-15 00:00:00+00:00,1.7304964868294623,1.809206762271011,1.7353723866585982,1.0,1.7438737766396397,1.5833098944434936,1.5857469065668879,1.8692842220132935,in_sample
2020-12-16 00:00:00+00:00,1.7288525151669742,1.9882086924905609,1.7353723866585982,1.0,1.7438737766396397,1.6143394290301702,1.6213652789190665,2.054230183330238,in_sample
2020-12-17 00:00:00+00:00,1.8462790842005583,2.1251399673239177,1.7353723866585982,1.0,1.7438737766396397,1.6585056126122932,1.6811875090736854,2.19570846921994,in_sample
2020-12-18 00:00:00+00:00,1.8462790842005583,2.153767013238242,1.7353723866585982,1.0,1.7438737766396397,1.6629738468981696,1.686396252748528,2.225286119694408,in_sample
2020-12-19 00:00:00+00:00,1.8462790842005583,2.2210996209387965,1.7353723866585982,1.0,1.7438737766396397,1.673371662907165,1.6985221582070544,2.294854608949703,in_sample
2020-12-20 00:00:00+00:00,1.8462790842005583,2.1862360218151307,1.7353723866585982,1.0,1.7438737766396397,1.6681184308332395,1.692390142845981,2.2588333110397505,in_sample
2020-12-21 00:00:00+00:00,1.8462790842005583,2.117047164033002,1.7353723866585982,1.0,1.7438737766396397,1.6575600823545749,1.6800713702434482,2.1873469320982366,in_sample
2020-12-22 00:00:00+00:00,1.8462790842005583,2.2192098410012586,1.7353723866585982,1.0,1.7438737766396397,1.6735579097177096,1.6987187277834703,2.292902075997702,in_sample
2020-12-23 00:00:00+00:00,1.8445251190705678,2.162269100532184,1.7353723866585982,1.0,1.7438737766396397,1.6652878175859798,1.6889360336420207,2.236248788688589,in_sample
2020-12-24 00:00:00+00:00,1.8841464679784878,2.162269100532184,1.7353723866585982,1.0,1.7438737766396397,1.672442065470219,1.7001825903767973,2.2842845636343867,in_sample
2020-12-25 00:00:00+00:00,1.96114044227431,2.162269100532184,1.7353723866585982,0.99905,1.7438737766396397,1.6864284017937914,1.7220433256855554,2.3797998966475906,in_sample
2020-12-26 00:00:00+00:00,1.96114044227431,2.162269100532184,1.7353723866585982,1.0709117109381319,1.7438737766396397,1.710689375784595,1.746816656288299,2.5509790090678752,in_sample
2020-12-27 00:00:00+00:00,1.96114044227431,2.162269100532184,1.7353723866585982,1.0627031800242621,1.7438737766396397,1.7080668913198662,1.7441387887521518,2.5314257724726534,in_sample
2020-12-28 00:00:00+00:00,1.96114044227431,2.162269100532184,1.7353723866585982,1.094901434411646,1.7438737766396397,1.7184172456447924,1.7547077275607967,2.6081240382885076,in_sample
2020-12-29 00:00:00+00:00,1.96114044227431,2.162269100532184,1.7353723866585982,1.1070277926202996,1.7438737766396397,1.7222236418038794,1.758594509290575,2.637009785760271,in_sample
2020-12-30 00:00:00+00:00,1.9592773588541494,2.162269100532184,1.7353723866585982,1.1667416256390655,1.7438737766396397,1.7411304475101204,1.7777168262075687,2.781757048701696,in_sample
2020-12-31 00:00:00+00:00,1.9604450741610195,2.162269100532184,1.7353723866585982,1.1667416256390655,1.7438737766396397,1.7413379877713933,1.7780452732308332,2.786057625223377,in_sample
2021-01-01 00:00:00+00:00,1.9604450741610195,2.162269100532184,1.7353723866585982,1.1667416256390655,1.7438737766396397,1.7413379877713933,1.7780452732308332,2.823152864372577,in_sample
2021-01-02 00:00:00+00:00,1.9604450741610195,2.162269100532184,1.7353723866585982,1.1667416256390655,1.7438737766396397,1.7413379877713933,1.7780452732308332,3.09863900081123,in_sample
2021-01-03 00:00:00+00:00,1.9604450741610195,2.162269100532184,1.7353723866585982,1.1667416256390655,1.7438737766396397,1.7413379877713933,1.7780452732308332,3.1808801891522314,in_sample
2021-01-04 00:00:00+00:00,1.9604450741610195,2.162269100532184,1.7353723866585982,1.1656332210947085,1.7438737766396397,1.7410071335537167,1.7777074446289192,3.082391309159391,in_sample
2021-01-05 00:00:00+00:00,1.9585826513405666,2.162269100532184,1.7353723866585982,1.2372665044681292,1.7438737766396397,1.7620748499100338,1.7990334965744277,3.271817799517496,in_sample
2021-01-06 00:00:00+00:00,2.1212717357926407,2.162269100532184,1.7353723866585982,1.3400396780676012,1.7438737766396397,1.8206213388971952,1.8752459491102187,3.5435903703268883,in_sample
2021-01-07 00:00:00+00:00,2.275382107120599,2.162269100532184,1.7353723866585982,1.4373935478696842,1.7438737766396397,1.8735285880441719,1.9447266152516196,3.801032176857721,in_sample
2021-01-08 00:00:00+00:00,2.3387941909783043,2.162269100532184,1.7353723866585982,1.4788174513454133,1.7438737766396397,1.894769727883373,1.9727366467725773,3.9105732209480135,in_sample
2021-01-09 00:00:00+00:00,2.3387941909783043,2.162269100532184,1.7353723866585982,1.4591739172981066,1.7438737766396397,1.8897359796506048,1.9674957673858766,3.8623430587886602,in_sample
2021-01-10 00:00:00+00:00,2.3387941909783043,2.162269100532184,1.7353723866585982,1.4591739172981066,1.7438737766396397,1.8897359796506048,1.9674957673858766,3.678120756801387,in_sample
2021-01-11 00:00:00+00:00,2.3387941909783043,2.162269100532184,1.7353723866585982,1.4591739172981066,1.7438737766396397,1.8897359796506048,1.9674957673858766,3.4074019186595366,in_sample
2021-01-12 00:00:00+00:00,2.3387941909783043,2.162269100532184,1.7353723866585982,1.4591739172981066,1.7438737766396397,1.8897359796506048,1.9674957673858766,3.2773395511579997,in_sample
2021-01-13 00:00:00+00:00,2.3387941909783043,2.162269100532184,1.7353723866585982,1.4591739172981066,1.7438737766396397,1.8897359796506048,1.9674957673858766,3.601077982953589,in_sample
2021-01-14 00:00:00+00:00,2.3387941909783043,2.162269100532184,1.7353723866585982,1.4591739172981066,1.7438737766396397,1.8897359796506048,1.9674957673858766,3.7687359923322905,in_sample
2021-01-15 00:00:00+00:00,2.3387941909783043,2.162269100532184,1.7353723866585982,1.4591739172981066,1.7438737766396397,1.8897359796506048,1.9674957673858766,3.537004300576522,in_sample
2021-01-16 00:00:00+00:00,2.3387941909783043,2.162269100532184,1.7353723866585982,1.4591739172981066,1.7438737766396397,1.8897359796506048,1.9674957673858766,3.4667958732171957,in_sample
2021-01-17 00:00:00+00:00,2.336572336496875,2.162269100532184,1.7353723866585982,1.4591739172981066,1.7438737766396397,1.8893769298144711,1.9669163398823815,3.451800150698207,in_sample
2021-01-18 00:00:00+00:00,2.389793935152013,2.162269100532184,1.7353723866585982,1.4591739172981066,1.7438737766396397,1.8979840385348987,1.9808048694272378,3.530424004703786,in_sample
2021-01-19 00:00:00+00:00,2.3379533113588615,2.162269100532184,1.7353723866585982,1.4591739172981066,1.7438737766396397,1.8897496317887927,1.9674845955972278,3.4538402541276008,in_sample
2021-01-20 00:00:00+00:00,2.310260434945022,2.162269100532184,1.7353723866585982,1.4591739172981066,1.7438737766396397,1.8852728441000077,1.9602601376403215,3.416210931297593,in_sample
2021-01-21 00:00:00+00:00,2.310260434945022,2.162269100532184,1.7353723866585982,1.4591739172981066,1.7438737766396397,1.8852728441000077,1.9602601376403215,2.9716194668208935,in_sample
2021-01-22 00:00:00+00:00,2.310260434945022,2.162269100532184,1.7353723866585982,1.4591739172981066,1.7438737766396397,1.8852728441000077,1.9602601376403215,3.1743181772253246,in_sample
2021-01-23 00:00:00+00:00,2.310260434945022,2.162269100532184,1.7353723866585982,1.4591739172981066,1.7438737766396397,1.8852728441000077,1.9602601376403215,3.0877234851510305,in_sample
2021-01-24 00:00:00+00:00,2.310260434945022,2.162269100532184,1.7353723866585982,1.4591739172981066,1.7438737766396397,1.8852728441000077,1.9602601376403215,3.105925634380747,in_sample
2021-01-25 00:00:00+00:00,2.310260434945022,2.162269100532184,1.7353723866585982,1.4591739172981066,1.7438737766396397,1.8852728441000077,1.9602601376403215,3.103813357480973,in_sample
2021-01-26 00:00:00+00:00,2.310260434945022,2.162269100532184,1.7353723866585982,1.4591739172981066,1.7438737766396397,1.8852728441000077,1.9602601376403215,3.1250285085208,in_sample
2021-01-27 00:00:00+00:00,2.310260434945022,2.162269100532184,1.7353723866585982,1.4591739172981066,1.7438737766396397,1.8852728441000077,1.9602601376403215,2.9236067873856175,in_sample
2021-01-28 00:00:00+00:00,2.310260434945022,2.162269100532184,1.7353723866585982,1.4591739172981066,1.7438737766396397,1.8852728441000077,1.9602601376403215,3.2141011564114583,in_sample
2021-01-29 00:00:00+00:00,2.310260434945022,2.162269100532184,1.7353723866585982,1.4591739172981066,1.7438737766396397,1.8852728441000077,1.9602601376403215,3.2977838895341733,in_sample
2021-01-30 00:00:00+00:00,2.310260434945022,2.162269100532184,1.7353723866585982,1.4591739172981066,1.7438737766396397,1.8852728441000077,1.9602601376403215,3.2997566310578805,in_sample
2021-01-31 00:00:00+00:00,2.310260434945022,2.162269100532184,1.7353723866585982,1.4591739172981066,1.7438737766396397,1.8852728441000077,1.9602601376403215,3.1877780482946374,in_sample
2021-02-01 00:00:00+00:00,2.3080656875318244,2.162269100532184,1.7353723866585982,1.4591739172981066,1.7438737766396397,1.8849146422596288,1.9596828410297864,3.2281836439519114,in_sample
2021-02-02 00:00:00+00:00,2.442779550584618,2.162269100532184,1.7353723866585982,1.4591739172981066,1.7438737766396397,1.9069178403796188,1.9951406265957892,3.41660163035058,in_sample
2021-02-03 00:00:00+00:00,2.590598975333606,2.162269100532184,1.7353723866585982,1.4591739172981066,1.7438737766396397,1.9299964270773857,2.032567404337687,3.6233497535997725,in_sample
2021-02-04 00:00:00+00:00,2.544117164273576,2.162269100532184,1.7353723866585982,1.4591739172981066,1.7438737766396397,1.9230706365459977,2.0212619114242805,3.5583378161077714,in_sample
2021-02-05 00:00:00+00:00,2.6394586119512815,2.162269100532184,1.7353723866585982,1.4591739172981066,1.7438737766396397,1.937484150282668,2.0447435781642893,3.691687444606862,in_sample
2021-02-06 00:00:00+00:00,2.70047914750744,2.162269100532184,1.7353723866585982,1.4591739172981066,1.7438737766396397,1.946442526818409,2.0593977643566355,3.7770340168000596,in_sample
2021-02-07 00:00:00+00:00,2.670372610359258,2.162269100532184,1.7353723866585982,1.4591739172981066,1.7438737766396397,1.9421025085446482,2.0522803555962894,3.738513592189099,in_sample
2021-02-08 00:00:00+00:00,2.670372610359258,2.162269100532184,1.7353723866585982,1.4591739172981066,1.7438737766396397,1.9421025085446482,2.0522803555962894,4.470070624146549,in_sample
2021-02-09 00:00:00+00:00,2.670372610359258,2.162269100532184,1.7353723866585982,1.4591739172981066,1.7438737766396397,1.9421025085446482,2.0522803555962894,4.474037278078608,in_sample
2021-02-10 00:00:00+00:00,2.667835756379417,2.162269100532184,1.7353723866585982,1.4577877020766734,1.7438737766396397,1.9413645095914012,2.051286025764003,4.315973528695691,in_sample
2021-02-11 00:00:00+00:00,2.8562558948743297,2.162269100532184,1.7353723866585982,1.5621311727362843,1.7438737766396397,1.99657814988718,2.125562190602696,4.624896190491771,in_sample
2021-02-12 00:00:00+00:00,2.8562558948743297,2.162269100532184,1.7353723866585982,1.5394052863251813,1.7438737766396397,1.9907689055628706,2.119377654278674,4.557613194465161,in_sample
2021-02-13 00:00:00+00:00,2.8562558948743297,2.162269100532184,1.7353723866585982,1.5348739555883584,1.7438737766396397,1.989596916300287,2.1181299515205922,4.544197589791015,in_sample
2021-02-14 00:00:00+00:00,2.8562558948743297,2.162269100532184,1.7353723866585982,1.5814708312142243,1.7438737766396397,2.001677256802112,2.130990712829503,4.682153810326196,in_sample
2021-02-15 00:00:00+00:00,2.8562558948743297,2.162269100532184,1.7353723866585982,1.55807301520105,1.7438737766396397,1.9957543051740438,2.1246851234198916,4.617329523857181,in_sample
2021-02-16 00:00:00+00:00,2.8562558948743297,2.162269100532184,1.7353723866585982,1.55807301520105,1.7438737766396397,1.9957543051740438,2.1246851234198916,4.734381420431636,in_sample
2021-02-17 00:00:00+00:00,2.8562558948743297,2.162269100532184,1.7353723866585982,1.55807301520105,1.7438737766396397,1.9957543051740438,2.1246851234198916,5.022755814054197,in_sample
2021-02-18 00:00:00+00:00,2.8562558948743297,2.162269100532184,1.7353723866585982,1.55807301520105,1.7438737766396397,1.9957543051740438,2.1246851234198916,4.967430518600065,in_sample
2021-02-19 00:00:00+00:00,2.853542451774199,2.162269100532184,1.7353723866585982,1.55807301520105,1.7438737766396397,1.9953751118560608,2.1240594036510445,5.389347003309394,in_sample
2021-02-20 00:00:00+00:00,2.8464145242094934,2.162269100532184,1.7353723866585982,1.55807301520105,1.7438737766396397,1.994378253424683,2.1224146256367864,5.38100471244646,in_sample
2021-02-21 00:00:00+00:00,2.8464145242094934,2.162269100532184,1.7353723866585982,1.55807301520105,1.7438737766396397,1.994378253424683,2.1224146256367864,5.532089768400145,in_sample
2021-02-22 00:00:00+00:00,2.8464145242094934,2.162269100532184,1.7353723866585982,1.55807301520105,1.7438737766396397,1.994378253424683,2.1224146256367864,5.208143477009863,in_sample
2021-02-23 00:00:00+00:00,2.843710430411494,2.162269100532184,1.7353723866585982,1.55807301520105,1.7438737766396397,1.9939993215565324,2.1217895745295365,4.708597207560316,in_sample
2021-02-24 00:00:00+00:00,2.885877692823073,2.162269100532184,1.7353723866585982,1.55807301520105,1.7438737766396397,1.9999128274987261,2.131542929727907,4.782890653343124,in_sample
2021-02-25 00:00:00+00:00,2.885877692823073,2.162269100532184,1.7353723866585982,1.55807301520105,1.7438737766396397,1.9999128274987261,2.131542929727907,4.531471001180758,in_sample
2021-02-26 00:00:00+00:00,2.885877692823073,2.162269100532184,1.7353723866585982,1.55807301520105,1.7438737766396397,1.9999128274987261,2.131542929727907,4.456772421650887,in_sample
2021-02-27 00:00:00+00:00,2.885877692823073,2.162269100532184,1.7353723866585982,1.55807301520105,1.7438737766396397,1.9999128274987261,2.131542929727907,4.436515734297699,in_sample
2021-02-28 00:00:00+00:00,2.885877692823073,2.162269100532184,1.7353723866585982,1.55807301520105,1.7438737766396397,1.9999128274987261,2.131542929727907,4.346128566933196,in_sample
2021-03-01 00:00:00+00:00,2.885877692823073,2.162269100532184,1.7353723866585982,1.55807301520105,1.7438737766396397,1.9999128274987261,2.131542929727907,4.772369685987665,in_sample
2021-03-02 00:00:00+00:00,2.883136109014891,2.162269100532184,1.7353723866585982,1.55807301520105,1.7438737766396397,1.9995328440615012,2.1309151903351022,4.662461038354907,in_sample
2021-03-03 00:00:00+00:00,2.9975783065398165,2.162269100532184,1.7353723866585982,1.55807301520105,1.7438737766396397,2.015406595701749,2.1571361693139273,4.847531138040904,in_sample
2021-03-04 00:00:00+00:00,2.8764323720194933,2.162269100532184,1.7353723866585982,1.55807301520105,1.7438737766396397,1.9991162245750274,2.1301104313273047,4.656225250514116,in_sample
2021-03-05 00:00:00+00:00,2.8764323720194933,2.162269100532184,1.7353723866585982,1.55807301520105,1.7438737766396397,1.9991162245750274,2.1301104313273047,4.693255052383505,in_sample
2021-03-06 00:00:00+00:00,2.8764323720194933,2.162269100532184,1.7353723866585982,1.55807301520105,1.7438737766396397,1.9991162245750274,2.1301104313273047,4.706500327667555,in_sample
2021-03-07 00:00:00+00:00,2.8764323720194933,2.162269100532184,1.7353723866585982,1.55807301520105,1.7438737766396397,1.9991162245750274,2.1301104313273047,4.9073408117879485,in_sample
2021-03-08 00:00:00+00:00,2.8764323720194933,2.162269100532184,1.7353723866585982,1.55807301520105,1.7438737766396397,1.9991162245750274,2.1301104313273047,5.045351884160618,in_sample
2021-03-09 00:00:00+00:00,2.8764323720194933,2.162269100532184,1.7353723866585982,1.55807301520105,1.7438737766396397,1.9991162245750274,2.1301104313273047,5.284809024185812,in_sample
2021-03-10 00:00:00+00:00,2.8764323720194933,2.162269100532184,1.7353723866585982,1.55807301520105,1.7438737766396397,1.9991162245750274,2.1301104313273047,5.383946503099129,in_sample
2021-03-11 00:00:00+00:00,2.8764323720194933,2.162269100532184,1.7353723866585982,1.55807301520105,1.7438737766396397,1.9991162245750274,2.1301104313273047,5.566453001117245,in_sample
2021-03-12 00:00:00+00:00,2.8764323720194933,2.162269100532184,1.7353723866585982,1.55807301520105,1.7438737766396397,1.9991162245750274,2.1301104313273047,5.513189942290094,in_sample
2021-03-13 00:00:00+00:00,2.8764323720194933,2.162269100532184,1.7353723866585982,1.55807301520105,1.7438737766396397,1.9991162245750274,2.1301104313273047,5.895842134487083,in_sample
2021-03-14 00:00:00+00:00,2.8764323720194933,2.162269100532184,1.7353723866585982,1.55807301520105,1.7438737766396397,1.9991162245750274,2.1301104313273047,5.681218442150077,in_sample
2021-03-15 00:00:00+00:00,2.8764323720194933,2.162269100532184,1.7353723866585982,1.55807301520105,1.7438737766396397,1.9991162245750274,2.1301104313273047,5.354945278074759,in_sample
2021-03-16 00:00:00+00:00,2.8764323720194933,2.162269100532184,1.7353723866585982,1.55807301520105,1.7438737766396397,1.9991162245750274,2.1301104313273047,5.480775393273241,in_sample
2021-03-17 00:00:00+00:00,2.873699761266075,2.162269100532184,1.7353723866585982,1.55807301520105,1.7438737766396397,1.998736392492358,2.129483113805279,5.673700853475346,in_sample
2021-03-18 00:00:00+00:00,2.8096057602916753,2.162269100532184,1.7353723866585982,1.55807301520105,1.7438737766396397,1.9898205680896353,2.11475958585383,5.552546616844519,in_sample
2021-03-19 00:00:00+00:00,2.8096057602916753,2.162269100532184,1.7353723866585982,1.55807301520105,1.7438737766396397,1.9898205680896353,2.11475958585383,5.589990213277417,in_sample
2021-03-20 00:00:00+00:00,2.8096057602916753,2.162269100532184,1.7353723866585982,1.55807301520105,1.7438737766396397,1.9898205680896353,2.11475958585383,5.595427281379341,in_sample
2021-03-21 00:00:00+00:00,2.8096057602916753,2.162269100532184,1.7353723866585982,1.55807301520105,1.7438737766396397,1.9898205680896353,2.11475958585383,5.525137057420251,in_sample
2021-03-22 00:00:00+00:00,2.8096057602916753,2.162269100532184,1.7353723866585982,1.55807301520105,1.7438737766396397,1.9898205680896353,2.11475958585383,5.208957593755744,in_sample
2021-03-23 00:00:00+00:00,2.8096057602916753,2.162269100532184,1.7353723866585982,1.55807301520105,1.7438737766396397,1.9898205680896353,2.11475958585383,5.234982384861663,in_sample
2021-03-24 00:00:00+00:00,2.8096057602916753,2.162269100532184,1.7353723866585982,1.55807301520105,1.7438737766396397,1.9898205680896353,2.11475958585383,5.034007176929895,in_sample
2021-03-25 00:00:00+00:00,2.8096057602916753,2.162269100532184,1.7353723866585982,1.55807301520105,1.7438737766396397,1.9898205680896353,2.11475958585383,4.93909136487731,in_sample
2021-03-26 00:00:00+00:00,2.8069366348193983,2.162269100532184,1.7353723866585982,1.55807301520105,1.7438737766396397,1.9894425021816982,2.114136789155796,5.295608099980465,in_sample
2021-03-27 00:00:00+00:00,2.8449739417015074,2.162269100532184,1.7353723866585982,1.55807301520105,1.7438737766396397,1.9948343613381245,2.1230179948592394,5.372400672464281,in_sample
2021-03-28 00:00:00+00:00,2.8449739417015074,2.162269100532184,1.7353723866585982,1.55807301520105,1.7438737766396397,1.9948343613381245,2.1230179948592394,5.370195051209484,in_sample
2021-03-29 00:00:00+00:00,2.8449739417015074,2.162269100532184,1.7353723866585982,1.55807301520105,1.7438737766396397,1.9948343613381245,2.1230179948592394,5.550393922801332,in_sample
2021-03-30 00:00:00+00:00,2.8449739417015074,2.162269100532184,1.7353723866585982,1.55807301520105,1.7438737766396397,1.9948343613381245,2.1230179948592394,5.657838086998864,in_sample
2021-03-31 00:00:00+00:00,2.8449739417015074,2.162269100532184,1.7353723866585982,1.55807301520105,1.7438737766396397,1.9948343613381245,2.1230179948592394,5.659096792322282,in_sample
2021-04-01 00:00:00+00:00,2.8449739417015074,2.162269100532184,1.7353723866585982,1.55807301520105,1.7438737766396397,1.9948343613381245,2.1230179948592394,5.6578236523047885,in_sample
2021-04-02 00:00:00+00:00,2.8449739417015074,2.162269100532184,1.7353723866585982,1.55807301520105,1.7438737766396397,1.9948343613381245,2.1230179948592394,5.680664149897562,in_sample
2021-04-03 00:00:00+00:00,2.8449739417015074,2.162269100532184,1.7353723866585982,1.55807301520105,1.7438737766396397,1.9948343613381245,2.1230179948592394,5.4981412925594935,in_sample
2021-04-04 00:00:00+00:00,2.8449739417015074,2.162269100532184,1.7353723866585982,1.55807301520105,1.7438737766396397,1.9948343613381245,2.1230179948592394,5.603991866531045,in_sample
2021-04-05 00:00:00+00:00,2.8449739417015074,2.162269100532184,1.7353723866585982,1.55807301520105,1.7438737766396397,1.9948343613381245,2.1230179948592394,5.701068071130323,in_sample
2021-04-06 00:00:00+00:00,2.8449739417015074,2.162269100532184,1.7353723866585982,1.55807301520105,1.7438737766396397,1.9948343613381245,2.1230179948592394,5.587187958000814,in_sample
2021-04-07 00:00:00+00:00,2.842271216456891,2.162269100532184,1.7353723866585982,1.55807301520105,1.7438737766396397,1.9944553428094702,2.1223927660597535,5.390701939926653,in_sample
2021-04-08 00:00:00+00:00,2.949028808744299,2.162269100532184,1.7353723866585982,1.55807301520105,1.7438737766396397,2.009437955945772,2.1471054949109125,5.593180280668192,in_sample
2021-04-09 00:00:00+00:00,2.9489554336008563,2.162269100532184,1.7353723866585982,1.55807301520105,1.7438737766396397,2.0094279565318756,2.1470889339693255,5.598354637337935,in_sample
2021-04-10 00:00:00+00:00,2.9489554336008563,2.162269100532184,1.7353723866585982,1.55807301520105,1.7438737766396397,2.0094279565318756,2.1470889339693255,5.757752152453466,in_sample
2021-04-11 00:00:00+00:00,2.9489554336008563,2.162269100532184,1.7353723866585982,1.55807301520105,1.7438737766396397,2.0094279565318756,2.1470889339693255,5.7825576930664395,in_sample
2021-04-12 00:00:00+00:00,2.9489554336008563,2.162269100532184,1.7353723866585982,1.55807301520105,1.7438737766396397,2.0094279565318756,2.1470889339693255,5.765330366843315,in_sample
2021-04-13 00:00:00+00:00,2.9489554336008563,2.162269100532184,1.7353723866585982,1.55807301520105,1.7438737766396397,2.0094279565318756,2.1470889339693255,6.125093945800611,in_sample
2021-04-14 00:00:00+00:00,2.9489554336008563,2.162269100532184,1.7353723866585982,1.55807301520105,1.7438737766396397,2.0094279565318756,2.1470889339693255,6.064409529592567,in_sample
2021-04-15 00:00:00+00:00,2.9489554336008563,2.162269100532184,1.7353723866585982,1.55807301520105,1.7438737766396397,2.0094279565318756,2.1470889339693255,6.0849500992625805,in_sample
2021-04-16 00:00:00+00:00,2.9489554336008563,2.162269100532184,1.7353723866585982,1.55807301520105,1.7438737766396397,2.0094279565318756,2.1470889339693255,5.910975467756262,in_sample
2021-04-17 00:00:00+00:00,2.9489554336008563,2.162269100532184,1.7353723866585982,1.55807301520105,1.7438737766396397,2.0094279565318756,2.1470889339693255,5.782551919188809,in_sample
2021-04-18 00:00:00+00:00,2.9461539259389355,2.162269100532184,1.7353723866585982,1.55807301520105,1.7438737766396397,2.0090461652201346,2.1464566162782717,5.402429647706857,in_sample
2021-04-19 00:00:00+00:00,2.919617572761653,2.162269100532184,1.7353723866585982,1.55807301520105,1.7438737766396397,2.0054270224373787,2.1404632666410333,5.353769331664042,in_sample
2021-04-20 00:00:00+00:00,2.957576288331128,2.162269100532184,1.7353723866585982,1.55807301520105,1.7438737766396397,2.01064163921803,2.1490901715808572,5.428461175003344,in_sample
2021-04-21 00:00:00+00:00,2.957576288331128,2.162269100532184,1.7353723866585982,1.55807301520105,1.7438737766396397,2.01064163921803,2.1490901715808572,5.177243608558042,in_sample
2021-04-22 00:00:00+00:00,2.957576288331128,2.162269100532184,1.7353723866585982,1.55807301520105,1.7438737766396397,2.01064163921803,2.1490901715808572,4.97656383069836,in_sample
2021-04-23 00:00:00+00:00,2.957576288331128,2.162269100532184,1.7353723866585982,1.55807301520105,1.7438737766396397,2.01064163921803,2.1490901715808572,4.919595867058393,in_sample
2021-04-24 00:00:00+00:00,2.957576288331128,2.162269100532184,1.7353723866585982,1.55807301520105,1.7438737766396397,2.01064163921803,2.1490901715808572,4.820456463519198,in_sample
2021-04-25 00:00:00+00:00,2.957576288331128,2.162269100532184,1.7353723866585982,1.55807301520105,1.7438737766396397,2.01064163921803,2.1490901715808572,4.721486427057161,in_sample
2021-04-26 00:00:00+00:00,2.954766590857213,2.162269100532184,1.7353723866585982,1.55807301520105,1.7438737766396397,2.0102596173065788,2.1484572645253266,5.1949819229514524,in_sample
2021-04-27 00:00:00+00:00,3.0078931098776525,2.162269100532184,1.7353723866585982,1.55807301520105,1.7438737766396397,2.0174884858151994,2.160432294087828,5.29332260675178,in_sample
2021-04-28 00:00:00+00:00,3.0078931098776525,2.162269100532184,1.7353723866585982,1.55807301520105,1.7438737766396397,2.0174884858151994,2.160432294087828,5.279419109417868,in_sample
2021-04-29 00:00:00+00:00,3.0078931098776525,2.162269100532184,1.7353723866585982,1.55807301520105,1.7438737766396397,2.0174884858151994,2.160432294087828,5.154032620483986,in_sample
2021-04-30 00:00:00+00:00,3.0078931098776525,2.162269100532184,1.7353723866585982,1.55807301520105,1.7438737766396397,2.0174884858151994,2.160432294087828,5.551021350837165,in_sample
2021-05-01 00:00:00+00:00,3.0078931098776525,2.162269100532184,1.7353723866585982,1.55807301520105,1.7438737766396397,2.0174884858151994,2.160432294087828,5.565665829133639,in_sample
2021-05-02 00:00:00+00:00,3.0078931098776525,2.162269100532184,1.7353723866585982,1.55807301520105,1.7438737766396397,2.0174884858151994,2.160432294087828,5.449609926450423,in_sample
2021-05-03 00:00:00+00:00,3.0078931098776525,2.162269100532184,1.7353723866585982,1.55807301520105,1.7438737766396397,2.0174884858151994,2.160432294087828,5.5058571176995335,in_sample
2021-05-04 00:00:00+00:00,3.0078931098776525,2.162269100532184,1.7353723866585982,1.55807301520105,1.7438737766396397,2.0174884858151994,2.160432294087828,5.125598197780329,in_sample
2021-05-05 00:00:00+00:00,3.0078931098776525,2.162269100532184,1.7353723866585982,1.55807301520105,1.7438737766396397,2.0174884858151994,2.160432294087828,5.533084799978444,in_sample
2021-05-06 00:00:00+00:00,3.0078931098776525,2.162269100532184,1.7353723866585982,1.55807301520105,1.7438737766396397,2.0174884858151994,2.160432294087828,5.430846748777622,in_sample
2021-05-07 00:00:00+00:00,3.0078931098776525,2.162269100532184,1.7353723866585982,1.55807301520105,1.7438737766396397,2.0174884858151994,2.160432294087828,5.51894938522638,in_sample
2021-05-08 00:00:00+00:00,3.0078931098776525,2.162269100532184,1.7353723866585982,1.55807301520105,1.7438737766396397,2.0174884858151994,2.160432294087828,5.670427064858931,in_sample
2021-05-09 00:00:00+00:00,3.0078931098776525,2.162269100532184,1.7353723866585982,1.55807301520105,1.7438737766396397,2.0174884858151994,2.160432294087828,5.609565583070221,in_sample
2021-05-10 00:00:00+00:00,3.0078931098776525,2.162269100532184,1.7353723866585982,1.55807301520105,1.7438737766396397,2.0174884858151994,2.160432294087828,5.376410630478568,in_sample
2021-05-11 00:00:00+00:00,3.0078931098776525,2.162269100532184,1.7353723866585982,1.55807301520105,1.7438737766396397,2.0174884858151994,2.160432294087828,5.457318053086956,in_sample
2021-05-12 00:00:00+00:00,3.0078931098776525,2.162269100532184,1.7353723866585982,1.55807301520105,1.7438737766396397,2.0174884858151994,2.160432294087828,4.772664153746814,in_sample
2021-05-13 00:00:00+00:00,3.0078931098776525,2.162269100532184,1.7353723866585982,1.55807301520105,1.7438737766396397,2.0174884858151994,2.160432294087828,4.783455531037961,in_sample
2021-05-14 00:00:00+00:00,3.0078931098776525,2.162269100532184,1.7353723866585982,1.55807301520105,1.7438737766396397,2.0174884858151994,2.160432294087828,4.799369300100177,in_sample
2021-05-15 00:00:00+00:00,3.005035611423269,2.162269100532184,1.7353723866585982,1.55807301520105,1.7438737766396397,2.017105163002894,2.159796046777219,4.502990387456059,in_sample
2021-05-16 00:00:00+00:00,2.981651472135545,2.162269100532184,1.7353723866585982,1.55807301520105,1.7438737766396397,2.0139658811980237,2.1545859450620624,4.467949686430329,in_sample
2021-05-17 00:00:00+00:00,2.7977854649549196,2.162269100532184,1.7353723866585982,1.55807301520105,1.7438737766396397,1.9891273064259918,2.113398003832191,4.192429869038833,in_sample
2021-05-18 00:00:00+00:00,2.7512241089437737,2.162269100532184,1.7353723866585982,1.55807301520105,1.7438737766396397,1.9825066083184273,2.102494798348603,4.126641345005548,in_sample
2021-05-19 00:00:00+00:00,2.748610446040277,2.162269100532184,1.7353723866585982,1.55807301520105,1.7438737766396397,1.9821299320628467,2.1018756136304892,3.5306434120537395,in_sample
2021-05-20 00:00:00+00:00,3.031516838551621,2.162269100532184,1.7353723866585982,1.55807301520105,1.7438737766396397,2.02293289338292,2.168940975674459,3.897396269882589,in_sample
2021-05-21 00:00:00+00:00,3.031516838551621,2.162269100532184,1.7353723866585982,1.55807301520105,1.7438737766396397,2.02293289338292,2.168940975674459,3.5808645996826294,in_sample
2021-05-22 00:00:00+00:00,3.031516838551621,2.162269100532184,1.7353723866585982,1.55807301520105,1.7438737766396397,2.02293289338292,2.168940975674459,3.60218560514568,in_sample
2021-05-23 00:00:00+00:00,3.031516838551621,2.162269100532184,1.7353723866585982,1.55807301520105,1.7438737766396397,2.02293289338292,2.168940975674459,3.334568301604272,in_sample
2021-05-24 00:00:00+00:00,3.031516838551621,2.162269100532184,1.7353723866585982,1.55807301520105,1.7438737766396397,2.02293289338292,2.168940975674459,3.731816856450817,in_sample
2021-05-25 00:00:00+00:00,3.031516838551621,2.162269100532184,1.7353723866585982,1.55807301520105,1.7438737766396397,2.02293289338292,2.168940975674459,3.688241401974474,in_sample
2021-05-26 00:00:00+00:00,3.031516838551621,2.162269100532184,1.7353723866585982,1.55807301520105,1.7438737766396397,2.02293289338292,2.168940975674459,3.7745955158141697,in_sample
2021-05-27 00:00:00+00:00,3.031516838551621,2.162269100532184,1.7353723866585982,1.55807301520105,1.7438737766396397,2.02293289338292,2.168940975674459,3.707539625641021,in_sample
2021-05-28 00:00:00+00:00,3.031516838551621,2.162269100532184,1.7353723866585982,1.55807301520105,1.7438737766396397,2.02293289338292,2.168940975674459,3.432665520231186,in_sample
2021-05-29 00:00:00+00:00,3.031516838551621,2.162269100532184,1.7353723866585982,1.55807301520105,1.7438737766396397,2.02293289338292,2.168940975674459,3.330751768490603,in_sample
2021-05-30 00:00:00+00:00,3.031516838551621,2.162269100532184,1.7353723866585982,1.55807301520105,1.7438737766396397,2.02293289338292,2.168940975674459,3.430819804015347,in_sample
2021-05-31 00:00:00+00:00,3.031516838551621,2.162269100532184,1.7353723866585982,1.55807301520105,1.7438737766396397,2.02293289338292,2.168940975674459,3.583978644351271,in_sample
2021-06-01 00:00:00+00:00,3.031516838551621,2.162269100532184,1.7353723866585982,1.55807301520105,1.7438737766396397,2.02293289338292,2.168940975674459,3.531054319678434,in_sample
2021-06-02 00:00:00+00:00,3.031516838551621,2.162269100532184,1.7353723866585982,1.55807301520105,1.7438737766396397,2.02293289338292,2.168940975674459,3.6154087472321477,in_sample
2021-06-03 00:00:00+00:00,3.031516838551621,2.162269100532184,1.7353723866585982,1.55807301520105,1.7438737766396397,2.02293289338292,2.168940975674459,3.7768280818312436,in_sample
2021-06-04 00:00:00+00:00,3.031516838551621,2.162269100532184,1.7353723866585982,1.55807301520105,1.7438737766396397,2.02293289338292,2.168940975674459,3.5440089764550895,in_sample
2021-06-05 00:00:00+00:00,3.031516838551621,2.162269100532184,1.7353723866585982,1.55807301520105,1.7438737766396397,2.02293289338292,2.168940975674459,3.4160781321120948,in_sample
2021-06-06 00:00:00+00:00,3.031516838551621,2.162269100532184,1.7353723866585982,1.55807301520105,1.7438737766396397,2.02293289338292,2.168940975674459,3.4452448749618685,in_sample
2021-06-07 00:00:00+00:00,3.031516838551621,2.162269100532184,1.7353723866585982,1.55807301520105,1.7438737766396397,2.02293289338292,2.168940975674459,3.228652290352909,in_sample
2021-06-08 00:00:00+00:00,3.031516838551621,2.162269100532184,1.7353723866585982,1.55807301520105,1.7438737766396397,2.02293289338292,2.168940975674459,3.211486552157843,in_sample
2021-06-09 00:00:00+00:00,3.031516838551621,2.162269100532184,1.7353723866585982,1.55807301520105,1.7438737766396397,2.02293289338292,2.168940975674459,3.596014292271761,in_sample
2021-06-10 00:00:00+00:00,3.031516838551621,2.162269100532184,1.7353723866585982,1.55807301520105,1.7438737766396397,2.02293289338292,2.168940975674459,3.528768826449749,in_sample
2021-06-11 00:00:00+00:00,3.031516838551621,2.162269100532184,1.7353723866585982,1.55807301520105,1.7438737766396397,2.02293289338292,2.168940975674459,3.589467677351869,in_sample
2021-06-12 00:00:00+00:00,3.031516838551621,2.162269100532184,1.7353723866585982,1.55807301520105,1.7438737766396397,2.02293289338292,2.168940975674459,3.4197763007343416,in_sample
2021-06-13 00:00:00+00:00,3.031516838551621,2.162269100532184,1.7353723866585982,1.55807301520105,1.7438737766396397,2.02293289338292,2.168940975674459,3.7524093910195035,in_sample
2021-06-14 00:00:00+00:00,3.031516838551621,2.162269100532184,1.7353723866585982,1.55807301520105,1.7438737766396397,2.02293289338292,2.168940975674459,3.8963184793915873,in_sample
2021-06-15 00:00:00+00:00,3.031516838551621,2.162269100532184,1.7353723866585982,1.55807301520105,1.7438737766396397,2.02293289338292,2.168940975674459,3.862037043274251,in_sample
2021-06-16 00:00:00+00:00,3.031516838551621,2.162269100532184,1.7353723866585982,1.55807301520105,1.7438737766396397,2.02293289338292,2.168940975674459,3.689986075331782,in_sample
2021-06-17 00:00:00+00:00,3.031516838551621,2.162269100532184,1.7353723866585982,1.55807301520105,1.7438737766396397,2.02293289338292,2.168940975674459,3.6626313677450026,in_sample
2021-06-18 00:00:00+00:00,3.031516838551621,2.162269100532184,1.7353723866585982,1.55807301520105,1.7438737766396397,2.02293289338292,2.168940975674459,3.4461783185121106,in_sample
2021-06-19 00:00:00+00:00,3.031516838551621,2.162269100532184,1.7353723866585982,1.55807301520105,1.7438737766396397,2.02293289338292,2.168940975674459,3.4145749993023236,in_sample
2021-06-20 00:00:00+00:00,3.031516838551621,2.162269100532184,1.7353723866585982,1.55807301520105,1.7438737766396397,2.02293289338292,2.168940975674459,3.4247408731835143,in_sample
2021-06-21 00:00:00+00:00,3.031516838551621,2.162269100532184,1.7353723866585982,1.55807301520105,1.7438737766396397,2.02293289338292,2.168940975674459,3.0414862730870906,in_sample
2021-06-22 00:00:00+00:00,3.031516838551621,2.162269100532184,1.7353723866585982,1.55807301520105,1.7438737766396397,2.02293289338292,2.168940975674459,3.127132124604129,in_sample
2021-06-23 00:00:00+00:00,3.031516838551621,2.162269100532184,1.7353723866585982,1.55807301520105,1.7438737766396397,2.02293289338292,2.168940975674459,3.238086806400921,in_sample
2021-06-24 00:00:00+00:00,3.031516838551621,2.162269100532184,1.7353723866585982,1.55807301520105,1.7438737766396397,2.02293289338292,2.168940975674459,3.33389853179915,in_sample
2021-06-25 00:00:00+00:00,3.031516838551621,2.162269100532184,1.7353723866585982,1.55807301520105,1.7438737766396397,2.02293289338292,2.168940975674459,3.037836220111763,in_sample
2021-06-26 00:00:00+00:00,3.031516838551621,2.162269100532184,1.7353723866585982,1.55807301520105,1.7438737766396397,2.02293289338292,2.168940975674459,3.103994272313391,in_sample
2021-06-27 00:00:00+00:00,3.031516838551621,2.162269100532184,1.7353723866585982,1.55807301520105,1.7438737766396397,2.02293289338292,2.168940975674459,3.3380432136248115,in_sample
2021-06-28 00:00:00+00:00,3.031516838551621,2.162269100532184,1.7353723866585982,1.55807301520105,1.7438737766396397,2.02293289338292,2.168940975674459,3.318749801522957,in_sample
2021-06-29 00:00:00+00:00,3.031516838551621,2.162269100532184,1.7353723866585982,1.55807301520105,1.7438737766396397,2.02293289338292,2.168940975674459,3.4557870132019715,in_sample
2021-06-30 00:00:00+00:00,3.031516838551621,2.162269100532184,1.7353723866585982,1.55807301520105,1.7438737766396397,2.02293289338292,2.168940975674459,3.371115984691526,in_sample
2021-07-01 00:00:00+00:00,3.031516838551621,2.162269100532184,1.7353723866585982,1.55807301520105,1.7438737766396397,2.02293289338292,2.168940975674459,3.2227821814287076,in_sample
2021-07-02 00:00:00+00:00,3.031516838551621,2.162269100532184,1.7353723866585982,1.55807301520105,1.7438737766396397,2.02293289338292,2.168940975674459,3.2488589374333,in_sample
2021-07-03 00:00:00+00:00,3.031516838551621,2.162269100532184,1.7353723866585982,1.55807301520105,1.7438737766396397,2.02293289338292,2.168940975674459,3.3346972515380173,in_sample
2021-07-04 00:00:00+00:00,3.031516838551621,2.162269100532184,1.7353723866585982,1.55807301520105,1.7438737766396397,2.02293289338292,2.168940975674459,3.3950554436599463,in_sample
2021-07-05 00:00:00+00:00,3.031516838551621,2.162269100532184,1.7353723866585982,1.55807301520105,1.7438737766396397,2.02293289338292,2.168940975674459,3.240369412690791,in_sample
2021-07-06 00:00:00+00:00,3.031516838551621,2.162269100532184,1.7353723866585982,1.55807301520105,1.7438737766396397,2.02293289338292,2.168940975674459,3.291688599382388,in_sample
2021-07-07 00:00:00+00:00,3.031516838551621,2.162269100532184,1.7353723866585982,1.55807301520105,1.7438737766396397,2.02293289338292,2.168940975674459,3.2570097280214942,in_sample
2021-07-08 00:00:00+00:00,3.031516838551621,2.162269100532184,1.7353723866585982,1.55807301520105,1.7438737766396397,2.02293289338292,2.168940975674459,3.1613943144626977,in_sample
2021-07-09 00:00:00+00:00,3.031516838551621,2.162269100532184,1.7353723866585982,1.55807301520105,1.7438737766396397,2.02293289338292,2.168940975674459,3.2530998505528013,in_sample
2021-07-10 00:00:00+00:00,3.031516838551621,2.162269100532184,1.7353723866585982,1.55807301520105,1.7438737766396397,2.02293289338292,2.168940975674459,3.2235539564052997,in_sample
2021-07-11 00:00:00+00:00,3.031516838551621,2.162269100532184,1.7353723866585982,1.55807301520105,1.7438737766396397,2.02293289338292,2.168940975674459,3.2962884552279093,in_sample
2021-07-12 00:00:00+00:00,3.031516838551621,2.162269100532184,1.7353723866585982,1.55807301520105,1.7438737766396397,2.02293289338292,2.168940975674459,3.182452608493567,in_sample
2021-07-13 00:00:00+00:00,3.031516838551621,2.162269100532184,1.7353723866585982,1.55807301520105,1.7438737766396397,2.02293289338292,2.168940975674459,3.14763805100836,in_sample
2021-07-14 00:00:00+00:00,3.031516838551621,2.162269100532184,1.7353723866585982,1.55807301520105,1.7438737766396397,2.02293289338292,2.168940975674459,3.1566760941257535,in_sample
2021-07-15 00:00:00+00:00,3.031516838551621,2.162269100532184,1.7353723866585982,1.55807301520105,1.7438737766396397,2.02293289338292,2.168940975674459,3.0665477889416772,in_sample
2021-07-16 00:00:00+00:00,3.031516838551621,2.162269100532184,1.7353723866585982,1.55807301520105,1.7438737766396397,2.02293289338292,2.168940975674459,3.0200218829962195,in_sample
2021-07-17 00:00:00+00:00,3.031516838551621,2.162269100532184,1.7353723866585982,1.55807301520105,1.7438737766396397,2.02293289338292,2.168940975674459,3.0309633811057557,in_sample
2021-07-18 00:00:00+00:00,3.031516838551621,2.162269100532184,1.7353723866585982,1.55807301520105,1.7438737766396397,2.02293289338292,2.168940975674459,3.056979511395229,in_sample
2021-07-19 00:00:00+00:00,3.031516838551621,2.162269100532184,1.7353723866585982,1.55807301520105,1.7438737766396397,2.02293289338292,2.168940975674459,2.966196833413045,in_sample
2021-07-20 00:00:00+00:00,3.031516838551621,2.162269100532184,1.7353723866585982,1.55807301520105,1.7438737766396397,2.02293289338292,2.168940975674459,2.865373382231662,in_sample
2021-07-21 00:00:00+00:00,3.031516838551621,2.162269100532184,1.7353723866585982,1.55807301520105,1.7438737766396397,2.02293289338292,2.168940975674459,3.090949158120526,in_sample
2021-07-22 00:00:00+00:00,3.031516838551621,2.162269100532184,1.7353723866585982,1.55807301520105,1.7438737766396397,2.02293289338292,2.168940975674459,3.105201975051075,in_sample
2021-07-23 00:00:00+00:00,3.031516838551621,2.162269100532184,1.7353723866585982,1.55807301520105,1.7438737766396397,2.02293289338292,2.168940975674459,3.2366876033884964,in_sample
2021-07-24 00:00:00+00:00,3.031516838551621,2.162269100532184,1.7353723866585982,1.55807301520105,1.7438737766396397,2.02293289338292,2.168940975674459,3.2939971881215944,in_sample
2021-07-25 00:00:00+00:00,3.031516838551621,2.162269100532184,1.7353723866585982,1.55807301520105,1.7438737766396397,2.02293289338292,2.168940975674459,3.403764375752409,in_sample
2021-07-26 00:00:00+00:00,3.031516838551621,2.162269100532184,1.7353723866585982,1.55807301520105,1.7438737766396397,2.02293289338292,2.168940975674459,3.5815449549300733,in_sample
2021-07-27 00:00:00+00:00,3.031516838551621,2.162269100532184,1.7353723866585982,1.55807301520105,1.7438737766396397,2.02293289338292,2.168940975674459,3.7955864479393515,in_sample
2021-07-28 00:00:00+00:00,3.031516838551621,2.162269100532184,1.7353723866585982,1.55807301520105,1.7438737766396397,2.02293289338292,2.168940975674459,3.8495481459597776,in_sample
2021-07-29 00:00:00+00:00,3.031516838551621,2.162269100532184,1.7353723866585982,1.55807301520105,1.7438737766396397,2.02293289338292,2.168940975674459,3.85049313726528,in_sample
2021-07-30 00:00:00+00:00,3.031516838551621,2.162269100532184,1.7353723866585982,1.55807301520105,1.7438737766396397,2.02293289338292,2.168940975674459,4.061273351726341,in_sample
2021-07-31 00:00:00+00:00,3.031516838551621,2.162269100532184,1.7353723866585982,1.55807301520105,1.7438737766396397,2.02293289338292,2.168940975674459,3.988605252496481,in_sample
2021-08-01 00:00:00+00:00,3.031516838551621,2.162269100532184,1.7353723866585982,1.55807301520105,1.7438737766396397,2.02293289338292,2.168940975674459,3.834507194732684,in_sample
2021-08-02 00:00:00+00:00,3.031516838551621,2.162269100532184,1.7353723866585982,1.55807301520105,1.7438737766396397,2.02293289338292,2.168940975674459,3.767212650950814,in_sample
2021-08-03 00:00:00+00:00,3.031516838551621,2.162269100532184,1.7353723866585982,1.55807301520105,1.7438737766396397,2.02293289338292,2.168940975674459,3.676349138681805,in_sample
2021-08-04 00:00:00+00:00,3.031516838551621,2.162269100532184,1.7353723866585982,1.55807301520105,1.7438737766396397,2.02293289338292,2.168940975674459,3.823395367233052,in_sample
2021-08-05 00:00:00+00:00,3.031516838551621,2.162269100532184,1.7353723866585982,1.55807301520105,1.7438737766396397,2.02293289338292,2.168940975674459,3.9341662472586116,in_sample
2021-08-06 00:00:00+00:00,3.031516838551621,2.162269100532184,1.7353723866585982,1.55807301520105,1.7438737766396397,2.02293289338292,2.168940975674459,4.12114653812732,in_sample
2021-08-07 00:00:00+00:00,3.031516838551621,2.162269100532184,1.7353723866585982,1.55807301520105,1.7438737766396397,2.02293289338292,2.168940975674459,4.292022521972011,in_sample
2021-08-08 00:00:00+00:00,3.031516838551621,2.162269100532184,1.7353723866585982,1.55807301520105,1.7438737766396397,2.02293289338292,2.168940975674459,4.2137479875630675,in_sample
2021-08-09 00:00:00+00:00,3.031516838551621,2.162269100532184,1.7353723866585982,1.55807301520105,1.7438737766396397,2.02293289338292,2.168940975674459,4.451630783621049,in_sample
2021-08-10 00:00:00+00:00,3.031516838551621,2.162269100532184,1.7353723866585982,1.55807301520105,1.7438737766396397,2.02293289338292,2.168940975674459,4.3871837238238856,in_sample
2021-08-11 00:00:00+00:00,3.031516838551621,2.162269100532184,1.7353723866585982,1.55807301520105,1.7438737766396397,2.02293289338292,2.168940975674459,4.380652505911008,in_sample
2021-08-12 00:00:00+00:00,3.0286368975549967,2.162269100532184,1.7353723866585982,1.55807301520105,1.7438737766396397,2.0225485361331774,2.168302222557123,4.271234637876829,in_sample
2021-08-13 00:00:00+00:00,3.261144440602354,2.162269100532184,1.7353723866585982,1.55807301520105,1.7438737766396397,2.0536026246051224,2.2199047943460823,4.599136035443911,in_sample
2021-08-14 00:00:00+00:00,3.212780513431112,2.162269100532184,1.7353723866585982,1.55807301520105,1.7438737766396397,2.0475114937408465,2.2096989822808815,4.530929218996443,in_sample
2021-08-15 00:00:00+00:00,3.2074772537175917,2.162269100532184,1.7353723866585982,1.55807301520105,1.7438737766396397,2.0468355381209506,2.2085682581812263,4.523450122839247,in_sample
2021-08-16 00:00:00+00:00,3.1337972896663553,2.162269100532184,1.7353723866585982,1.55807301520105,1.7438737766396397,2.037431838145043,2.192840807206958,4.419540534064435,in_sample
2021-08-17 00:00:00+00:00,3.0504551849121526,2.162269100532184,1.7353723866585982,1.55807301520105,1.7438737766396397,2.0265948986758464,2.1747623085278915,4.302004594081968,in_sample
2021-08-18 00:00:00+00:00,3.051086362888865,2.162269100532184,1.7353723866585982,1.55807301520105,1.7438737766396397,2.026678764328034,2.174901804182494,4.302894733549982,in_sample
2021-08-19 00:00:00+00:00,3.1915087920840612,2.162269100532184,1.7353723866585982,1.55807301520105,1.7438737766396397,2.045333834780763,2.20593191512229,4.500930075454958,in_sample
2021-08-20 00:00:00+00:00,3.366242056093326,2.162269100532184,1.7353723866585982,1.55807301520105,1.7438737766396397,2.0677300041302735,2.2433716997930837,4.747353398841183,in_sample
2021-08-21 00:00:00+00:00,3.32998745902456,2.162269100532184,1.7353723866585982,1.55807301520105,1.7438737766396397,2.063276092801405,2.235881719552264,4.700734148540701,in_sample
2021-08-22 00:00:00+00:00,3.32998745902456,2.162269100532184,1.7353723866585982,1.55807301520105,1.7438737766396397,2.063276092801405,2.235881719552264,4.741631486109494,in_sample
2021-08-23 00:00:00+00:00,3.32998745902456,2.162269100532184,1.7353723866585982,1.55807301520105,1.7438737766396397,2.063276092801405,2.235881719552264,4.765749935284456,in_sample
2021-08-24 00:00:00+00:00,3.32998745902456,2.162269100532184,1.7353723866585982,1.55807301520105,1.7438737766396397,2.063276092801405,2.235881719552264,4.592095753986622,in_sample
2021-08-25 00:00:00+00:00,3.32998745902456,2.162269100532184,1.7353723866585982,1.55807301520105,1.7438737766396397,2.063276092801405,2.235881719552264,4.714626098119353,in_sample
2021-08-26 00:00:00+00:00,3.32998745902456,2.162269100532184,1.7353723866585982,1.55807301520105,1.7438737766396397,2.063276092801405,2.235881719552264,4.508730584133577,in_sample
2021-08-27 00:00:00+00:00,3.32998745902456,2.162269100532184,1.7353723866585982,1.55807301520105,1.7438737766396397,2.063276092801405,2.235881719552264,4.723414902185702,in_sample
2021-08-28 00:00:00+00:00,3.32998745902456,2.162269100532184,1.7353723866585982,1.55807301520105,1.7438737766396397,2.063276092801405,2.235881719552264,4.708788707835056,in_sample
2021-08-29 00:00:00+00:00,3.32998745902456,2.162269100532184,1.7353723866585982,1.55807301520105,1.7438737766396397,2.063276092801405,2.235881719552264,4.695645437722475,in_sample
2021-08-30 00:00:00+00:00,3.32998745902456,2.162269100532184,1.7353723866585982,1.55807301520105,1.7438737766396397,2.063276092801405,2.235881719552264,4.5252477234081665,in_sample
2021-08-31 00:00:00+00:00,3.32998745902456,2.162269100532184,1.7353723866585982,1.55807301520105,1.7438737766396397,2.063276092801405,2.235881719552264,4.537336298540268,in_sample
2021-09-01 00:00:00+00:00,3.32998745902456,2.162269100532184,1.7353723866585982,1.55807301520105,1.7438737766396397,2.063276092801405,2.235881719552264,4.70021931111866,in_sample
2021-09-02 00:00:00+00:00,3.32998745902456,2.162269100532184,1.7353723866585982,1.55807301520105,1.7438737766396397,2.063276092801405,2.235881719552264,4.74412002736818,in_sample
2021-09-03 00:00:00+00:00,3.32998745902456,2.162269100532184,1.7353723866585982,1.55807301520105,1.7438737766396397,2.063276092801405,2.235881719552264,4.814170635405611,in_sample
2021-09-04 00:00:00+00:00,3.32998745902456,2.162269100532184,1.7353723866585982,1.55807301520105,1.7438737766396397,2.063276092801405,2.235881719552264,4.805862025495519,in_sample
2021-09-05 00:00:00+00:00,3.32998745902456,2.162269100532184,1.7353723866585982,1.55807301520105,1.7438737766396397,2.063276092801405,2.235881719552264,4.984739641422953,in_sample
2021-09-06 00:00:00+00:00,3.32998745902456,2.162269100532184,1.7353723866585982,1.55807301520105,1.7438737766396397,2.063276092801405,2.235881719552264,5.069846597694491,in_sample
2021-09-07 00:00:00+00:00,3.326823970938487,2.162269100532184,1.7353723866585982,1.55807301520105,1.7438737766396397,2.0628840703437725,2.2352232523858557,4.509820884692777,in_sample
2021-09-08 00:00:00+00:00,3.266723762564423,2.162269100532184,1.7353723866585982,1.55807301520105,1.7438737766396397,2.055430729646325,2.222705430834316,4.43263376390422,in_sample
2021-09-09 00:00:00+00:00,3.266723762564423,2.162269100532184,1.7353723866585982,1.55807301520105,1.7438737766396397,2.055430729646325,2.222705430834316,4.466467724505203,in_sample
2021-09-10 00:00:00+00:00,3.266723762564423,2.162269100532184,1.7353723866585982,1.55807301520105,1.7438737766396397,2.055430729646325,2.222705430834316,4.317015713607971,in_sample
2021-09-11 00:00:00+00:00,3.266723762564423,2.162269100532184,1.7353723866585982,1.55807301520105,1.7438737766396397,2.055430729646325,2.222705430834316,4.349055922891789,in_sample
2021-09-12 00:00:00+00:00,3.266723762564423,2.162269100532184,1.7353723866585982,1.55807301520105,1.7438737766396397,2.055430729646325,2.222705430834316,4.431136404972079,in_sample
2021-09-13 00:00:00+00:00,3.266723762564423,2.162269100532184,1.7353723866585982,1.55807301520105,1.7438737766396397,2.055430729646325,2.222705430834316,4.328094822467698,in_sample
2021-09-14 00:00:00+00:00,3.266723762564423,2.162269100532184,1.7353723866585982,1.55807301520105,1.7438737766396397,2.055430729646325,2.222705430834316,4.5312602546472505,in_sample
2021-09-15 00:00:00+00:00,3.266723762564423,2.162269100532184,1.7353723866585982,1.55807301520105,1.7438737766396397,2.055430729646325,2.222705430834316,4.629314169191937,in_sample
2021-09-16 00:00:00+00:00,3.266723762564423,2.162269100532184,1.7353723866585982,1.55807301520105,1.7438737766396397,2.055430729646325,2.222705430834316,4.594616051572276,in_sample
2021-09-17 00:00:00+00:00,3.266723762564423,2.162269100532184,1.7353723866585982,1.55807301520105,1.7438737766396397,2.055430729646325,2.222705430834316,4.552039477925985,in_sample
2021-09-18 00:00:00+00:00,3.266723762564423,2.162269100532184,1.7353723866585982,1.55807301520105,1.7438737766396397,2.055430729646325,2.222705430834316,4.646542457727999,in_sample
2021-09-19 00:00:00+00:00,3.266723762564423,2.162269100532184,1.7353723866585982,1.55807301520105,1.7438737766396397,2.055430729646325,2.222705430834316,4.547593592150607,in_sample
2021-09-20 00:00:00+00:00,3.266723762564423,2.162269100532184,1.7353723866585982,1.55807301520105,1.7438737766396397,2.055430729646325,2.222705430834316,4.140505387508986,in_sample
2021-09-21 00:00:00+00:00,3.266723762564423,2.162269100532184,1.7353723866585982,1.55807301520105,1.7438737766396397,2.055430729646325,2.222705430834316,3.9191252960315177,in_sample
2021-09-22 00:00:00+00:00,3.266723762564423,2.162269100532184,1.7353723866585982,1.55807301520105,1.7438737766396397,2.055430729646325,2.222705430834316,4.18798590788933,in_sample
2021-09-23 00:00:00+00:00,3.266723762564423,2.162269100532184,1.7353723866585982,1.55807301520105,1.7438737766396397,2.055430729646325,2.222705430834316,4.3138843473064385,in_sample
2021-09-24 00:00:00+00:00,3.266723762564423,2.162269100532184,1.7353723866585982,1.55807301520105,1.7438737766396397,2.055430729646325,2.222705430834316,4.118554067071288,in_sample
2021-09-25 00:00:00+00:00,3.266723762564423,2.162269100532184,1.7353723866585982,1.55807301520105,1.7438737766396397,2.055430729646325,2.222705430834316,4.104416727693346,in_sample
2021-09-26 00:00:00+00:00,3.266723762564423,2.162269100532184,1.7353723866585982,1.55807301520105,1.7438737766396397,2.055430729646325,2.222705430834316,4.152380329168764,in_sample
2021-09-27 00:00:00+00:00,3.266723762564423,2.162269100532184,1.7353723866585982,1.55807301520105,1.7438737766396397,2.055430729646325,2.222705430834316,4.053520958694643,in_sample
2021-09-28 00:00:00+00:00,3.266723762564423,2.162269100532184,1.7353723866585982,1.55807301520105,1.7438737766396397,2.055430729646325,2.222705430834316,3.946091229191186,in_sample
2021-09-29 00:00:00+00:00,3.266723762564423,2.162269100532184,1.7353723866585982,1.55807301520105,1.7438737766396397,2.055430729646325,2.222705430834316,3.993570787258592,in_sample
2021-09-30 00:00:00+00:00,3.266723762564423,2.162269100532184,1.7353723866585982,1.55807301520105,1.7438737766396397,2.055430729646325,2.222705430834316,4.214600596826485,in_sample
2021-10-01 00:00:00+00:00,3.266723762564423,2.162269100532184,1.7353723866585982,1.55807301520105,1.7438737766396397,2.055430729646325,2.222705430834316,4.631029010848154,in_sample
2021-10-02 00:00:00+00:00,3.266723762564423,2.162269100532184,1.7353723866585982,1.55807301520105,1.7438737766396397,2.055430729646325,2.222705430834316,4.583170301483021,in_sample
2021-10-03 00:00:00+00:00,3.266723762564423,2.162269100532184,1.7353723866585982,1.55807301520105,1.7438737766396397,2.055430729646325,2.222705430834316,4.637126225625817,in_sample
2021-10-04 00:00:00+00:00,3.266723762564423,2.162269100532184,1.7353723866585982,1.55807301520105,1.7438737766396397,2.055430729646325,2.222705430834316,4.734408365193912,in_sample
2021-10-05 00:00:00+00:00,3.266723762564423,2.162269100532184,1.7353723866585982,1.55807301520105,1.7438737766396397,2.055430729646325,2.222705430834316,4.951592772259983,in_sample
2021-10-06 00:00:00+00:00,3.266723762564423,2.162269100532184,1.7353723866585982,1.55807301520105,1.7438737766396397,2.055430729646325,2.222705430834316,5.3236691452640255,in_sample
2021-10-07 00:00:00+00:00,3.266723762564423,2.162269100532184,1.7353723866585982,1.55807301520105,1.7438737766396397,2.055430729646325,2.222705430834316,5.1786861156526935,in_sample
2021-10-08 00:00:00+00:00,3.266723762564423,2.162269100532184,1.7353723866585982,1.55807301520105,1.7438737766396397,2.055430729646325,2.222705430834316,5.194084084979932,in_sample
2021-10-09 00:00:00+00:00,3.266723762564423,2.162269100532184,1.7353723866585982,1.55807301520105,1.7438737766396397,2.055430729646325,2.222705430834316,5.288946007507966,in_sample
2021-10-10 00:00:00+00:00,3.266723762564423,2.162269100532184,1.7353723866585982,1.55807301520105,1.7438737766396397,2.055430729646325,2.222705430834316,5.2638517730134735,in_sample
2021-10-11 00:00:00+00:00,3.266723762564423,2.162269100532184,1.7353723866585982,1.55807301520105,1.7438737766396397,2.055430729646325,2.222705430834316,5.533300358076645,in_sample
2021-10-12 00:00:00+00:00,3.266723762564423,2.162269100532184,1.7353723866585982,1.55807301520105,1.7438737766396397,2.055430729646325,2.222705430834316,5.390091833523711,in_sample
2021-10-13 00:00:00+00:00,3.266723762564423,2.162269100532184,1.7353723866585982,1.55807301520105,1.7438737766396397,2.055430729646325,2.222705430834316,5.52306519766389,in_sample
2021-10-14 00:00:00+00:00,3.266723762564423,2.162269100532184,1.7353723866585982,1.55807301520105,1.7438737766396397,2.055430729646325,2.222705430834316,5.521577461861133,in_sample
2021-10-15 00:00:00+00:00,3.266723762564423,2.162269100532184,1.7353723866585982,1.55807301520105,1.7438737766396397,2.055430729646325,2.222705430834316,5.937695048803701,in_sample
2021-10-16 00:00:00+00:00,3.266723762564423,2.162269100532184,1.7353723866585982,1.55807301520105,1.7438737766396397,2.055430729646325,2.222705430834316,5.862945466688094,in_sample
2021-10-17 00:00:00+00:00,3.266723762564423,2.162269100532184,1.7353723866585982,1.55807301520105,1.7438737766396397,2.055430729646325,2.222705430834316,5.925100297066004,in_sample
2021-10-18 00:00:00+00:00,3.266723762564423,2.162269100532184,1.7353723866585982,1.55807301520105,1.7438737766396397,2.055430729646325,2.222705430834316,5.969989308703255,in_sample
2021-10-19 00:00:00+00:00,3.266723762564423,2.162269100532184,1.7353723866585982,1.55807301520105,1.7438737766396397,2.055430729646325,2.222705430834316,6.189279256478532,in_sample
2021-10-20 00:00:00+00:00,3.266723762564423,2.162269100532184,1.7353723866585982,1.55807301520105,1.7438737766396397,2.055430729646325,2.222705430834316,6.357447291714583,in_sample
2021-10-21 00:00:00+00:00,3.266723762564423,2.162269100532184,1.7353723866585982,1.55807301520105,1.7438737766396397,2.055430729646325,2.222705430834316,5.9913921107660695,in_sample
2021-10-22 00:00:00+00:00,3.266723762564423,2.162269100532184,1.7353723866585982,1.55807301520105,1.7438737766396397,2.055430729646325,2.222705430834316,5.844537382489562,in_sample
2021-10-23 00:00:00+00:00,3.2636203749899866,2.162269100532184,1.7353723866585982,1.55807301520105,1.7438737766396397,2.055040197807692,2.2220508440849356,5.901394680141615,in_sample
2021-10-24 00:00:00+00:00,3.2411468034276276,2.162269100532184,1.7353723866585982,1.55807301520105,1.7438737766396397,2.052209960976051,2.217307461581519,5.860757167066187,in_sample
2021-10-25 00:00:00+00:00,3.3595160931110906,2.162269100532184,1.7353723866585982,1.55807301520105,1.7438737766396397,2.0671996328480664,2.2424105959960117,6.074796735449588,in_sample
2021-10-26 00:00:00+00:00,3.212192302776576,2.162269100532184,1.7353723866585982,1.55807301520105,1.7438737766396397,2.049069183292323,2.2119265232923837,5.808400607027002,in_sample
2021-10-27 00:00:00+00:00,3.110577742153658,2.162269100532184,1.7353723866585982,1.55807301520105,1.7438737766396397,2.0361051235399703,2.1902351625677854,5.62465753688305,in_sample
2021-10-28 00:00:00+00:00,3.2262036265610314,2.162269100532184,1.7353723866585982,1.55807301520105,1.7438737766396397,2.0512422765173906,2.215473831588343,5.833736382069031,in_sample
2021-10-29 00:00:00+00:00,3.312874960904128,2.162269100532184,1.7353723866585982,1.55807301520105,1.7438737766396397,2.0622635216553635,2.233924496697508,5.996000627428036,in_sample
2021-10-30 00:00:00+00:00,3.312874960904128,2.162269100532184,1.7353723866585982,1.55807301520105,1.7438737766396397,2.0622635216553635,2.233924496697508,5.956254216133562,in_sample
2021-10-31 00:00:00+00:00,3.312874960904128,2.162269100532184,1.7353723866585982,1.55807301520105,1.7438737766396397,2.0622635216553635,2.233924496697508,5.9036561155468394,in_sample
2021-11-01 00:00:00+00:00,3.312874960904128,2.162269100532184,1.7353723866585982,1.55807301520105,1.7438737766396397,2.0622635216553635,2.233924496697508,5.864611230384455,in_sample
2021-11-02 00:00:00+00:00,3.312874960904128,2.162269100532184,1.7353723866585982,1.55807301520105,1.7438737766396397,2.0622635216553635,2.233924496697508,6.088235435634257,in_sample
2021-11-03 00:00:00+00:00,3.312874960904128,2.162269100532184,1.7353723866585982,1.55807301520105,1.7438737766396397,2.0622635216553635,2.233924496697508,6.057418326095136,in_sample
2021-11-04 00:00:00+00:00,3.3097277296912693,2.162269100532184,1.7353723866585982,1.55807301520105,1.7438737766396397,2.061871691586249,2.2332666059332307,5.911667370758967,in_sample
2021-11-05 00:00:00+00:00,3.286783924132292,2.162269100532184,1.7353723866585982,1.55807301520105,1.7438737766396397,2.0590130163692564,2.228467332979281,5.870686311964533,in_sample
2021-11-06 00:00:00+00:00,3.310885226525371,2.162269100532184,1.7353723866585982,1.55807301520105,1.7438737766396397,2.0620326791450445,2.233533007983949,5.919311984741567,in_sample
2021-11-07 00:00:00+00:00,3.310885226525371,2.162269100532184,1.7353723866585982,1.55807301520105,1.7438737766396397,2.0620326791450445,2.233533007983949,6.093019093251011,in_sample
2021-11-08 00:00:00+00:00,3.310885226525371,2.162269100532184,1.7353723866585982,1.55807301520105,1.7438737766396397,2.0620326791450445,2.233533007983949,6.5059052333464535,in_sample
2021-11-09 00:00:00+00:00,3.310885226525371,2.162269100532184,1.7353723866585982,1.55807301520105,1.7438737766396397,2.0620326791450445,2.233533007983949,6.448457075550227,in_sample
2021-11-10 00:00:00+00:00,3.310885226525371,2.162269100532184,1.7353723866585982,1.55807301520105,1.7438737766396397,2.0620326791450445,2.233533007983949,6.247348106120022,in_sample
2021-11-11 00:00:00+00:00,3.310885226525371,2.162269100532184,1.7353723866585982,1.55807301520105,1.7438737766396397,2.0620326791450445,2.233533007983949,6.238799880288271,in_sample
2021-11-12 00:00:00+00:00,3.310885226525371,2.162269100532184,1.7353723866585982,1.55807301520105,1.7438737766396397,2.0620326791450445,2.233533007983949,6.173822586062053,in_sample
2021-11-13 00:00:00+00:00,3.310885226525371,2.162269100532184,1.7353723866585982,1.55807301520105,1.7438737766396397,2.0620326791450445,2.233533007983949,6.199893568189014,in_sample
2021-11-14 00:00:00+00:00,3.310885226525371,2.162269100532184,1.7353723866585982,1.55807301520105,1.7438737766396397,2.0620326791450445,2.233533007983949,6.309731004664331,in_sample
2021-11-15 00:00:00+00:00,3.310885226525371,2.162269100532184,1.7353723866585982,1.55807301520105,1.7438737766396397,2.0620326791450445,2.233533007983949,6.125553931385163,in_sample
2021-11-16 00:00:00+00:00,3.310885226525371,2.162269100532184,1.7353723866585982,1.55807301520105,1.7438737766396397,2.0620326791450445,2.233533007983949,5.784081034447917,in_sample
2021-11-17 00:00:00+00:00,3.310885226525371,2.162269100532184,1.7353723866585982,1.55807301520105,1.7438737766396397,2.0620326791450445,2.233533007983949,5.809190665949423,in_sample
2021-11-18 00:00:00+00:00,3.310885226525371,2.162269100532184,1.7353723866585982,1.55807301520105,1.7438737766396397,2.0620326791450445,2.233533007983949,5.477586288195404,in_sample
2021-11-19 00:00:00+00:00,3.310885226525371,2.162269100532184,1.7353723866585982,1.55807301520105,1.7438737766396397,2.0620326791450445,2.233533007983949,5.588104079918166,in_sample
2021-11-20 00:00:00+00:00,3.307739885560172,2.162269100532184,1.7353723866585982,1.55807301520105,1.7438737766396397,2.061640892936007,2.232875232513098,5.746575849986961,in_sample
2021-11-21 00:00:00+00:00,3.249308010350285,2.162269100532184,1.7353723866585982,1.55807301520105,1.7438737766396397,2.05435703461876,2.220647536759373,5.645061458115811,in_sample
2021-11-22 00:00:00+00:00,3.116753121804189,2.162269100532184,1.7353723866585982,1.55807301520105,1.7438737766396397,2.0375956154556425,2.192564362558197,5.414772273454694,in_sample
2021-11-23 00:00:00+00:00,3.186128308788087,2.162269100532184,1.7353723866585982,1.55807301520105,1.7438737766396397,2.0466665024521706,2.2076935571307152,5.540442644705403,in_sample
2021-11-24 00:00:00+00:00,3.186128308788087,2.162269100532184,1.7353723866585982,1.55807301520105,1.7438737766396397,2.0466665024521706,2.2076935571307152,5.501069610831025,in_sample
2021-11-25 00:00:00+00:00,3.186128308788087,2.162269100532184,1.7353723866585982,1.55807301520105,1.7438737766396397,2.0466665024521706,2.2076935571307152,5.6765117695683935,in_sample
2021-11-26 00:00:00+00:00,3.1831014868947385,2.162269100532184,1.7353723866585982,1.55807301520105,1.7438737766396397,2.0462776358167045,2.20704339137814,5.172975750676266,in_sample
2021-11-27 00:00:00+00:00,3.238292272027541,2.162269100532184,1.7353723866585982,1.55807301520105,1.7438737766396397,2.0533735873460786,2.218906230816055,5.267582660275626,in_sample
2021-11-28 00:00:00+00:00,3.238292272027541,2.162269100532184,1.7353723866585982,1.55807301520105,1.7438737766396397,2.0533735873460786,2.218906230816055,5.5155668552479264,in_sample
2021-11-29 00:00:00+00:00,3.238292272027541,2.162269100532184,1.7353723866585982,1.55807301520105,1.7438737766396397,2.0533735873460786,2.218906230816055,5.564861335517143,in_sample
2021-11-30 00:00:00+00:00,3.238292272027541,2.162269100532184,1.7353723866585982,1.55807301520105,1.7438737766396397,2.0533735873460786,2.218906230816055,5.482777966498038,in_sample
2021-12-01 00:00:00+00:00,3.238292272027541,2.162269100532184,1.7353723866585982,1.55807301520105,1.7438737766396397,2.0533735873460786,2.218906230816055,5.505323996331664,in_sample
2021-12-02 00:00:00+00:00,3.238292272027541,2.162269100532184,1.7353723866585982,1.55807301520105,1.7438737766396397,2.0533735873460786,2.218906230816055,5.438373960581738,in_sample
2021-12-03 00:00:00+00:00,3.238292272027541,2.162269100532184,1.7353723866585982,1.55807301520105,1.7438737766396397,2.0533735873460786,2.218906230816055,5.159152125316241,in_sample
2021-12-04 00:00:00+00:00,3.238292272027541,2.162269100532184,1.7353723866585982,1.55807301520105,1.7438737766396397,2.0533735873460786,2.218906230816055,4.728388135451321,in_sample
2021-12-05 00:00:00+00:00,3.238292272027541,2.162269100532184,1.7353723866585982,1.55807301520105,1.7438737766396397,2.0533735873460786,2.218906230816055,4.751574103388978,in_sample
2021-12-06 00:00:00+00:00,3.238292272027541,2.162269100532184,1.7353723866585982,1.556592845836609,1.7438737766396397,2.052983446364483,2.2184846386322,4.852436047087897,in_sample
2021-12-07 00:00:00+00:00,3.238292272027541,2.162269100532184,1.7353723866585982,1.5612998482182414,1.7438737766396397,2.0542250553051042,2.2198263398362865,4.867109394772524,in_sample
2021-12-08 00:00:00+00:00,3.2352158943691145,2.162269100532184,1.7353723866585982,1.5575464089502542,1.7438737766396397,2.052847061551522,2.218105287309564,4.855408631754595,in_sample
2021-12-09 00:00:00+00:00,3.048251466318474,2.162269100532184,1.7353723866585982,1.4675351753820227,1.7438737766396397,2.005393118535671,2.1527308368962044,4.574812613613072,in_sample
2021-12-10 00:00:00+00:00,3.022384799679275,2.162269100532184,1.7353723866585982,1.4550820547709624,1.7438737766396397,1.9985862214209318,2.143414405662112,4.535991947365332,in_sample
2021-12-11 00:00:00+00:00,3.1634502071610866,2.162269100532184,1.7353723866585982,1.5229958898979519,1.7438737766396397,2.035898661549958,2.194435185527829,4.752011955775947,in_sample
2021-12-12 00:00:00+00:00,3.1634502071610866,2.162269100532184,1.7353723866585982,1.5229958898979519,1.7438737766396397,2.035898661549958,2.194435185527829,4.817050838030223,in_sample
2021-12-13 00:00:00+00:00,3.1634502071610866,2.162269100532184,1.7353723866585982,1.5229958898979519,1.7438737766396397,2.035898661549958,2.194435185527829,4.492070060231168,in_sample
2021-12-14 00:00:00+00:00,3.1634502071610866,2.162269100532184,1.7353723866585982,1.5229958898979519,1.7438737766396397,2.035898661549958,2.194435185527829,4.650284892745412,in_sample
2021-12-15 00:00:00+00:00,3.1634502071610866,2.162269100532184,1.7353723866585982,1.5229958898979519,1.7438737766396397,2.035898661549958,2.194435185527829,4.702869520950997,in_sample
2021-12-16 00:00:00+00:00,3.1634502071610866,2.162269100532184,1.7353723866585982,1.5229958898979519,1.7438737766396397,2.035898661549958,2.194435185527829,4.5829672534530195,in_sample
2021-12-17 00:00:00+00:00,3.1634502071610866,2.162269100532184,1.7353723866585982,1.5229958898979519,1.7438737766396397,2.035898661549958,2.194435185527829,4.438700184667853,in_sample
2021-12-18 00:00:00+00:00,3.1634502071610866,2.162269100532184,1.7353723866585982,1.5229958898979519,1.7438737766396397,2.035898661549958,2.194435185527829,4.505163290070952,in_sample
2021-12-19 00:00:00+00:00,3.1634502071610866,2.162269100532184,1.7353723866585982,1.5229958898979519,1.7438737766396397,2.035898661549958,2.194435185527829,4.490982646610782,in_sample
2021-12-20 00:00:00+00:00,3.1634502071610866,2.162269100532184,1.7353723866585982,1.5229958898979519,1.7438737766396397,2.035898661549958,2.194435185527829,4.513068690859856,in_sample
2021-12-21 00:00:00+00:00,3.1634502071610866,2.162269100532184,1.7353723866585982,1.5229958898979519,1.7438737766396397,2.035898661549958,2.194435185527829,4.703318921093227,in_sample
2021-12-22 00:00:00+00:00,3.1634502071610866,2.162269100532184,1.7353723866585982,1.5229958898979519,1.7438737766396397,2.035898661549958,2.194435185527829,4.673924110077053,in_sample
2021-12-23 00:00:00+00:00,3.1634502071610866,2.162269100532184,1.7353723866585982,1.5229958898979519,1.7438737766396397,2.035898661549958,2.194435185527829,4.890274191825537,in_sample
2021-12-24 00:00:00+00:00,3.1634502071610866,2.162269100532184,1.7353723866585982,1.5229958898979519,1.7438737766396397,2.035898661549958,2.194435185527829,4.889372504602262,in_sample
2021-12-25 00:00:00+00:00,3.1634502071610866,2.162269100532184,1.7353723866585982,1.5229958898979519,1.7438737766396397,2.035898661549958,2.194435185527829,4.850407491413763,in_sample
2021-12-26 00:00:00+00:00,3.1634502071610866,2.162269100532184,1.7353723866585982,1.5229958898979519,1.7438737766396397,2.035898661549958,2.194435185527829,4.885251880600061,in_sample
2021-12-27 00:00:00+00:00,3.1634502071610866,2.162269100532184,1.7353723866585982,1.5229958898979519,1.7438737766396397,2.035898661549958,2.194435185527829,4.879669503244439,in_sample
2021-12-28 00:00:00+00:00,3.1634502071610866,2.162269100532184,1.7353723866585982,1.5229958898979519,1.7438737766396397,2.035898661549958,2.194435185527829,4.573106432773299,in_sample
2021-12-29 00:00:00+00:00,3.1634502071610866,2.162269100532184,1.7353723866585982,1.5229958898979519,1.7438737766396397,2.035898661549958,2.194435185527829,4.468648325623604,in_sample
2021-12-30 00:00:00+00:00,3.1634502071610866,2.162269100532184,1.7353723866585982,1.5229958898979519,1.7438737766396397,2.035898661549958,2.194435185527829,4.5320147079909505,in_sample
2021-12-31 00:00:00+00:00,3.1634502071610866,2.162269100532184,1.7353723866585982,1.5229958898979519,1.7438737766396397,2.035898661549958,2.194435185527829,4.446901977841782,in_sample
2022-01-01 00:00:00+00:00,3.1634502071610866,2.162269100532184,1.7353723866585982,1.5229958898979519,1.7438737766396397,2.035898661549958,2.194435185527829,4.590651322266093,in_sample
2022-01-02 00:00:00+00:00,3.1634502071610866,2.162269100532184,1.7353723866585982,1.5229958898979519,1.7438737766396397,2.035898661549958,2.194435185527829,4.5498155727253575,in_sample
2022-01-03 00:00:00+00:00,3.1634502071610866,2.162269100532184,1.7353723866585982,1.5229958898979519,1.7438737766396397,2.035898661549958,2.194435185527829,4.469540389717494,in_sample
2022-01-04 00:00:00+00:00,3.1634502071610866,2.162269100532184,1.7353723866585982,1.5229958898979519,1.7438737766396397,2.035898661549958,2.194435185527829,4.4106093076832025,in_sample
2022-01-05 00:00:00+00:00,3.1634502071610866,2.162269100532184,1.7353723866585982,1.5229958898979519,1.7438737766396397,2.035898661549958,2.194435185527829,4.178525409391982,in_sample
2022-01-06 00:00:00+00:00,3.1634502071610866,2.162269100532184,1.7353723866585982,1.5229958898979519,1.7438737766396397,2.035898661549958,2.194435185527829,4.1456451009129465,in_sample
2022-01-07 00:00:00+00:00,3.1634502071610866,2.162269100532184,1.7353723866585982,1.5229958898979519,1.7438737766396397,2.035898661549958,2.194435185527829,3.9987817118199938,in_sample
2022-01-08 00:00:00+00:00,3.1634502071610866,2.162269100532184,1.7353723866585982,1.5229958898979519,1.7438737766396397,2.035898661549958,2.194435185527829,4.011694989140299,in_sample
2022-01-09 00:00:00+00:00,3.1634502071610866,2.162269100532184,1.7353723866585982,1.5229958898979519,1.7438737766396397,2.035898661549958,2.194435185527829,4.027397049356069,in_sample
2022-01-10 00:00:00+00:00,3.1634502071610866,2.162269100532184,1.7353723866585982,1.5229958898979519,1.7438737766396397,2.035898661549958,2.194435185527829,4.022617240991067,in_sample
2022-01-11 00:00:00+00:00,3.1634502071610866,2.162269100532184,1.7353723866585982,1.5229958898979519,1.7438737766396397,2.035898661549958,2.194435185527829,4.109141684220859,in_sample
2022-01-12 00:00:00+00:00,3.1634502071610866,2.162269100532184,1.7353723866585982,1.5229958898979519,1.7438737766396397,2.035898661549958,2.194435185527829,4.222698460203068,in_sample
2022-01-13 00:00:00+00:00,3.1634502071610866,2.162269100532184,1.7353723866585982,1.5229958898979519,1.7438737766396397,2.035898661549958,2.194435185527829,4.093132646177741,in_sample
2022-01-14 00:00:00+00:00,3.1634502071610866,2.162269100532184,1.7353723866585982,1.5229958898979519,1.7438737766396397,2.035898661549958,2.194435185527829,4.142025841951648,in_sample
2022-01-15 00:00:00+00:00,3.1634502071610866,2.162269100532184,1.7353723866585982,1.5229958898979519,1.7438737766396397,2.035898661549958,2.194435185527829,4.144730903621473,in_sample
2022-01-16 00:00:00+00:00,3.1634502071610866,2.162269100532184,1.7353723866585982,1.5229958898979519,1.7438737766396397,2.035898661549958,2.194435185527829,4.1437830253771555,in_sample
2022-01-17 00:00:00+00:00,3.1634502071610866,2.162269100532184,1.7353723866585982,1.5229958898979519,1.7438737766396397,2.035898661549958,2.194435185527829,4.058683767609124,in_sample
2022-01-18 00:00:00+00:00,3.1634502071610866,2.162269100532184,1.7353723866585982,1.5229958898979519,1.7438737766396397,2.035898661549958,2.194435185527829,4.074200101427784,in_sample
2022-01-19 00:00:00+00:00,3.1634502071610866,2.162269100532184,1.7353723866585982,1.5229958898979519,1.7438737766396397,2.035898661549958,2.194435185527829,4.008792653318103,in_sample
2022-01-20 00:00:00+00:00,3.1634502071610866,2.162269100532184,1.7353723866585982,1.5229958898979519,1.7438737766396397,2.035898661549958,2.194435185527829,3.9129270383953245,in_sample
2022-01-21 00:00:00+00:00,3.1634502071610866,2.162269100532184,1.7353723866585982,1.5229958898979519,1.7438737766396397,2.035898661549958,2.194435185527829,3.5053191847669716,in_sample
2022-01-22 00:00:00+00:00,3.1634502071610866,2.162269100532184,1.7353723866585982,1.5229958898979519,1.7438737766396397,2.035898661549958,2.194435185527829,3.3723034788575044,in_sample
2022-01-23 00:00:00+00:00,3.1634502071610866,2.162269100532184,1.7353723866585982,1.5229958898979519,1.7438737766396397,2.035898661549958,2.194435185527829,3.4864607381132706,in_sample
2022-01-24 00:00:00+00:00,3.1634502071610866,2.162269100532184,1.7353723866585982,1.5229958898979519,1.7438737766396397,2.035898661549958,2.194435185527829,3.526714288326278,in_sample
2022-01-25 00:00:00+00:00,3.1634502071610866,2.162269100532184,1.7353723866585982,1.5229958898979519,1.7438737766396397,2.035898661549958,2.194435185527829,3.554231626799646,in_sample
2022-01-26 00:00:00+00:00,3.1634502071610866,2.162269100532184,1.7353723866585982,1.5229958898979519,1.7438737766396397,2.035898661549958,2.194435185527829,3.540101985925211,in_sample
2022-01-27 00:00:00+00:00,3.1634502071610866,2.162269100532184,1.7353723866585982,1.5229958898979519,1.7438737766396397,2.035898661549958,2.194435185527829,3.573164171549603,in_sample
2022-01-28 00:00:00+00:00,3.1634502071610866,2.162269100532184,1.7353723866585982,1.5229958898979519,1.7438737766396397,2.035898661549958,2.194435185527829,3.6275550611405527,in_sample
2022-01-29 00:00:00+00:00,3.1634502071610866,2.162269100532184,1.7353723866585982,1.5229958898979519,1.7438737766396397,2.035898661549958,2.194435185527829,3.6712248222848585,in_sample
2022-01-30 00:00:00+00:00,3.1634502071610866,2.162269100532184,1.7353723866585982,1.5229958898979519,1.7438737766396397,2.035898661549958,2.194435185527829,3.6442800600098355,in_sample
2022-01-31 00:00:00+00:00,3.1634502071610866,2.162269100532184,1.7353723866585982,1.5229958898979519,1.7438737766396397,2.035898661549958,2.194435185527829,3.699038553143251,in_sample
2022-02-01 00:00:00+00:00,3.1634502071610866,2.162269100532184,1.7353723866585982,1.5229958898979519,1.7438737766396397,2.035898661549958,2.194435185527829,3.7222755236666436,in_sample
2022-02-02 00:00:00+00:00,3.1634502071610866,2.162269100532184,1.7353723866585982,1.5229958898979519,1.7438737766396397,2.035898661549958,2.194435185527829,3.5501677792608093,in_sample
2022-02-03 00:00:00+00:00,3.1634502071610866,2.162269100532184,1.7353723866585982,1.5229958898979519,1.7438737766396397,2.035898661549958,2.194435185527829,3.5884514748889256,in_sample
2022-02-04 00:00:00+00:00,3.1634502071610866,2.162269100532184,1.7353723866585982,1.5229958898979519,1.7438737766396397,2.035898661549958,2.194435185527829,3.998410259025774,in_sample
2022-02-05 00:00:00+00:00,3.1634502071610866,2.162269100532184,1.7353723866585982,1.5229958898979519,1.7438737766396397,2.035898661549958,2.194435185527829,3.9815399509027944,in_sample
2022-02-06 00:00:00+00:00,3.1634502071610866,2.162269100532184,1.7353723866585982,1.5229958898979519,1.7438737766396397,2.035898661549958,2.194435185527829,4.076487519282345,in_sample
2022-02-07 00:00:00+00:00,3.1634502071610866,2.162269100532184,1.7353723866585982,1.5229958898979519,1.7438737766396397,2.035898661549958,2.194435185527829,4.217816646666596,in_sample
2022-02-08 00:00:00+00:00,3.1634502071610866,2.162269100532184,1.7353723866585982,1.5229958898979519,1.7438737766396397,2.035898661549958,2.194435185527829,4.236252637940343,in_sample
2022-02-09 00:00:00+00:00,3.1634502071610866,2.162269100532184,1.7353723866585982,1.5229958898979519,1.7438737766396397,2.035898661549958,2.194435185527829,4.268635430630229,in_sample
2022-02-10 00:00:00+00:00,3.1634502071610866,2.162269100532184,1.7353723866585982,1.5229958898979519,1.7438737766396397,2.035898661549958,2.194435185527829,4.183298481566415,in_sample
2022-02-11 00:00:00+00:00,3.1634502071610866,2.162269100532184,1.7353723866585982,1.5229958898979519,1.7438737766396397,2.035898661549958,2.194435185527829,4.076934994798699,in_sample
2022-02-12 00:00:00+00:00,3.1634502071610866,2.162269100532184,1.7353723866585982,1.5229958898979519,1.7438737766396397,2.035898661549958,2.194435185527829,4.060948089953165,in_sample
2022-02-13 00:00:00+00:00,3.1634502071610866,2.162269100532184,1.7353723866585982,1.5229958898979519,1.7438737766396397,2.035898661549958,2.194435185527829,4.045672334369103,in_sample
2022-02-14 00:00:00+00:00,3.1634502071610866,2.162269100532184,1.7353723866585982,1.5229958898979519,1.7438737766396397,2.035898661549958,2.194435185527829,4.092249242900296,in_sample
2022-02-15 00:00:00+00:00,3.1634502071610866,2.162269100532184,1.7353723866585982,1.5229958898979519,1.7438737766396397,2.035898661549958,2.194435185527829,4.285141022149557,in_sample
2022-02-16 00:00:00+00:00,3.1634502071610866,2.162269100532184,1.7353723866585982,1.5229958898979519,1.7438737766396397,2.035898661549958,2.194435185527829,4.220771909700403,in_sample
2022-02-17 00:00:00+00:00,3.1634502071610866,2.162269100532184,1.7353723866585982,1.5229958898979519,1.7438737766396397,2.035898661549958,2.194435185527829,3.8965686807555695,in_sample
2022-02-18 00:00:00+00:00,3.1634502071610866,2.162269100532184,1.7353723866585982,1.5229958898979519,1.7438737766396397,2.035898661549958,2.194435185527829,3.8460568746192854,in_sample
2022-02-19 00:00:00+00:00,3.1634502071610866,2.162269100532184,1.7353723866585982,1.5229958898979519,1.7438737766396397,2.035898661549958,2.194435185527829,3.854313519630703,in_sample
2022-02-20 00:00:00+00:00,3.1634502071610866,2.162269100532184,1.7353723866585982,1.5229958898979519,1.7438737766396397,2.035898661549958,2.194435185527829,3.692211905158286,in_sample
2022-02-21 00:00:00+00:00,3.1634502071610866,2.162269100532184,1.7353723866585982,1.5229958898979519,1.7438737766396397,2.035898661549958,2.194435185527829,3.5592491264604305,in_sample
2022-02-22 00:00:00+00:00,3.1634502071610866,2.162269100532184,1.7353723866585982,1.5229958898979519,1.7438737766396397,2.035898661549958,2.194435185527829,3.677190200189961,in_sample
2022-02-23 00:00:00+00:00,3.1634502071610866,2.162269100532184,1.7353723866585982,1.5229958898979519,1.7438737766396397,2.035898661549958,2.194435185527829,3.5824793607932546,in_sample
2022-02-24 00:00:00+00:00,3.1634502071610866,2.162269100532184,1.7353723866585982,1.5229958898979519,1.7438737766396397,2.035898661549958,2.194435185527829,3.6871116465847997,in_sample
2022-02-25 00:00:00+00:00,3.1634502071610866,2.162269100532184,1.7353723866585982,1.5229958898979519,1.7438737766396397,2.035898661549958,2.194435185527829,3.77278636748999,in_sample
2022-02-26 00:00:00+00:00,3.1634502071610866,2.162269100532184,1.7353723866585982,1.5229958898979519,1.7438737766396397,2.035898661549958,2.194435185527829,3.762576227213633,in_sample
2022-02-27 00:00:00+00:00,3.1634502071610866,2.162269100532184,1.7353723866585982,1.5229958898979519,1.7438737766396397,2.035898661549958,2.194435185527829,3.6252253015167017,in_sample
2022-02-28 00:00:00+00:00,3.1634502071610866,2.162269100532184,1.7353723866585982,1.5229958898979519,1.7438737766396397,2.035898661549958,2.194435185527829,4.152861485637961,in_sample
2022-03-01 00:00:00+00:00,3.1634502071610866,2.162269100532184,1.7353723866585982,1.5229958898979519,1.7438737766396397,2.035898661549958,2.194435185527829,4.2721016818343225,in_sample
2022-03-02 00:00:00+00:00,3.1634502071610866,2.162269100532184,1.7353723866585982,1.5229958898979519,1.7438737766396397,2.035898661549958,2.194435185527829,4.223177692046387,in_sample
2022-03-03 00:00:00+00:00,3.1634502071610866,2.162269100532184,1.7353723866585982,1.5229958898979519,1.7438737766396397,2.035898661549958,2.194435185527829,4.084970307834286,in_sample
2022-03-04 00:00:00+00:00,3.1634502071610866,2.162269100532184,1.7353723866585982,1.5229958898979519,1.7438737766396397,2.035898661549958,2.194435185527829,3.7653091959586704,in_sample
2022-03-05 00:00:00+00:00,3.1634502071610866,2.162269100532184,1.7353723866585982,1.5229958898979519,1.7438737766396397,2.035898661549958,2.194435185527829,3.7891168180545307,in_sample
2022-03-06 00:00:00+00:00,3.1634502071610866,2.162269100532184,1.7353723866585982,1.5229958898979519,1.7438737766396397,2.035898661549958,2.194435185527829,3.695387537854985,in_sample
2022-03-07 00:00:00+00:00,3.1634502071610866,2.162269100532184,1.7353723866585982,1.5229958898979519,1.7438737766396397,2.035898661549958,2.194435185527829,3.65330559305903,in_sample
2022-03-08 00:00:00+00:00,3.1634502071610866,2.162269100532184,1.7353723866585982,1.5229958898979519,1.7438737766396397,2.035898661549958,2.194435185527829,3.7251037613925826,in_sample
2022-03-09 00:00:00+00:00,3.1634502071610866,2.162269100532184,1.7353723866585982,1.5229958898979519,1.7438737766396397,2.035898661549958,2.194435185527829,4.03569988538853,in_sample
2022-03-10 00:00:00+00:00,3.1634502071610866,2.162269100532184,1.7353723866585982,1.5229958898979519,1.7438737766396397,2.035898661549958,2.194435185527829,3.792205842586774,in_sample
2022-03-11 00:00:00+00:00,3.1634502071610866,2.162269100532184,1.7353723866585982,1.5229958898979519,1.7438737766396397,2.035898661549958,2.194435185527829,3.7254020784034845,in_sample
2022-03-12 00:00:00+00:00,3.1634502071610866,2.162269100532184,1.7353723866585982,1.5229958898979519,1.7438737766396397,2.035898661549958,2.194435185527829,3.733062089393098,in_sample
2022-03-13 00:00:00+00:00,3.1634502071610866,2.162269100532184,1.7353723866585982,1.5229958898979519,1.7438737766396397,2.035898661549958,2.194435185527829,3.6321250852849842,in_sample
2022-03-14 00:00:00+00:00,3.1634502071610866,2.162269100532184,1.7353723866585982,1.5229958898979519,1.7438737766396397,2.035898661549958,2.194435185527829,3.815936479647563,in_sample
2022-03-15 00:00:00+00:00,3.1634502071610866,2.162269100532184,1.7353723866585982,1.5229958898979519,1.7438737766396397,2.035898661549958,2.194435185527829,3.7790991403658523,in_sample
2022-03-16 00:00:00+00:00,3.1634502071610866,2.162269100532184,1.7353723866585982,1.5229958898979519,1.7438737766396397,2.035898661549958,2.194435185527829,3.955664318302327,in_sample
2022-03-17 00:00:00+00:00,3.1634502071610866,2.162269100532184,1.7353723866585982,1.5229958898979519,1.7438737766396397,2.035898661549958,2.194435185527829,3.935677078571889,in_sample
2022-03-18 00:00:00+00:00,3.1634502071610866,2.162269100532184,1.7353723866585982,1.5229958898979519,1.7438737766396397,2.035898661549958,2.194435185527829,4.017800864734407,in_sample
2022-03-19 00:00:00+00:00,3.1634502071610866,2.162269100532184,1.7353723866585982,1.5229958898979519,1.7438737766396397,2.035898661549958,2.194435185527829,4.059825070754059,in_sample
2022-03-20 00:00:00+00:00,3.1634502071610866,2.162269100532184,1.7353723866585982,1.5229958898979519,1.7438737766396397,2.035898661549958,2.194435185527829,3.9705994151061965,in_sample
2022-03-21 00:00:00+00:00,3.1634502071610866,2.162269100532184,1.7353723866585982,1.5229958898979519,1.7438737766396397,2.035898661549958,2.194435185527829,3.9437508841250124,in_sample
2022-03-22 00:00:00+00:00,3.1634502071610866,2.162269100532184,1.7353723866585982,1.5229958898979519,1.7438737766396397,2.035898661549958,2.194435185527829,4.0753760478385015,in_sample
2022-03-23 00:00:00+00:00,3.1634502071610866,2.162269100532184,1.7353723866585982,1.5229958898979519,1.7438737766396397,2.035898661549958,2.194435185527829,4.125233481176679,in_sample
2022-03-24 00:00:00+00:00,3.1634502071610866,2.162269100532184,1.7353723866585982,1.5229958898979519,1.7438737766396397,2.035898661549958,2.194435185527829,4.2316171765161,in_sample
2022-03-25 00:00:00+00:00,3.1634502071610866,2.162269100532184,1.7353723866585982,1.5229958898979519,1.7438737766396397,2.035898661549958,2.194435185527829,4.262141742921948,in_sample
2022-03-26 00:00:00+00:00,3.1634502071610866,2.162269100532184,1.7353723866585982,1.5229958898979519,1.7438737766396397,2.035898661549958,2.194435185527829,4.281253277878447,in_sample
2022-03-27 00:00:00+00:00,3.1634502071610866,2.162269100532184,1.7353723866585982,1.5229958898979519,1.7438737766396397,2.035898661549958,2.194435185527829,4.50562616259432,in_sample
2022-03-28 00:00:00+00:00,3.1634502071610866,2.162269100532184,1.7353723866585982,1.5229958898979519,1.7438737766396397,2.035898661549958,2.194435185527829,4.5346014051693535,in_sample
2022-03-29 00:00:00+00:00,3.1634502071610866,2.162269100532184,1.7353723866585982,1.5229958898979519,1.7438737766396397,2.035898661549958,2.194435185527829,4.56314360692211,in_sample
2022-03-30 00:00:00+00:00,3.1634502071610866,2.162269100532184,1.7353723866585982,1.5229958898979519,1.7438737766396397,2.035898661549958,2.194435185527829,4.527990315282588,in_sample
2022-03-31 00:00:00+00:00,3.1634502071610866,2.162269100532184,1.7353723866585982,1.5229958898979519,1.7438737766396397,2.035898661549958,2.194435185527829,4.379101257454317,in_sample
2022-04-01 00:00:00+00:00,3.1634502071610866,2.162269100532184,1.7353723866585982,1.5229958898979519,1.7438737766396397,2.035898661549958,2.194435185527829,4.4522562870310045,in_sample
2022-04-02 00:00:00+00:00,3.1634502071610866,2.162269100532184,1.7353723866585982,1.5229958898979519,1.7438737766396397,2.035898661549958,2.194435185527829,4.406873608856358,in_sample
2022-04-03 00:00:00+00:00,3.1634502071610866,2.162269100532184,1.7353723866585982,1.5229958898979519,1.7438737766396397,2.035898661549958,2.194435185527829,4.4644006763135335,in_sample
2022-04-04 00:00:00+00:00,3.1634502071610866,2.162269100532184,1.7353723866585982,1.5229958898979519,1.7438737766396397,2.035898661549958,2.194435185527829,4.482540275202255,in_sample
2022-04-05 00:00:00+00:00,3.1634502071610866,2.162269100532184,1.7353723866585982,1.5229958898979519,1.7438737766396397,2.035898661549958,2.194435185527829,4.376349042450511,in_sample
2022-04-06 00:00:00+00:00,3.1634502071610866,2.162269100532184,1.7353723866585982,1.5229958898979519,1.7438737766396397,2.035898661549958,2.194435185527829,4.153313772719006,in_sample
2022-04-07 00:00:00+00:00,3.1634502071610866,2.162269100532184,1.7353723866585982,1.5229958898979519,1.7438737766396397,2.035898661549958,2.194435185527829,4.1780837077532595,in_sample
2022-04-08 00:00:00+00:00,3.1634502071610866,2.162269100532184,1.7353723866585982,1.5229958898979519,1.7438737766396397,2.035898661549958,2.194435185527829,4.063770553801473,in_sample
2022-04-09 00:00:00+00:00,3.1634502071610866,2.162269100532184,1.7353723866585982,1.5229958898979519,1.7438737766396397,2.035898661549958,2.194435185527829,4.111741853780399,in_sample
2022-04-10 00:00:00+00:00,3.1634502071610866,2.162269100532184,1.7353723866585982,1.5229958898979519,1.7438737766396397,2.035898661549958,2.194435185527829,4.055225214908537,in_sample
2022-04-11 00:00:00+00:00,3.1634502071610866,2.162269100532184,1.7353723866585982,1.5229958898979519,1.7438737766396397,2.035898661549958,2.194435185527829,3.801675001900568,in_sample
2022-04-12 00:00:00+00:00,3.1634502071610866,2.162269100532184,1.7353723866585982,1.5229958898979519,1.7438737766396397,2.035898661549958,2.194435185527829,3.8550929931108016,in_sample
2022-04-13 00:00:00+00:00,3.1634502071610866,2.162269100532184,1.7353723866585982,1.5229958898979519,1.7438737766396397,2.035898661549958,2.194435185527829,3.9579738693544715,in_sample
2022-04-14 00:00:00+00:00,3.1634502071610866,2.162269100532184,1.7353723866585982,1.5229958898979519,1.7438737766396397,2.035898661549958,2.194435185527829,3.8411587017628617,in_sample
2022-04-15 00:00:00+00:00,3.1634502071610866,2.162269100532184,1.7353723866585982,1.5229958898979519,1.7438737766396397,2.035898661549958,2.194435185527829,3.900206223662698,in_sample
2022-04-16 00:00:00+00:00,3.1634502071610866,2.162269100532184,1.7353723866585982,1.5229958898979519,1.7438737766396397,2.035898661549958,2.194435185527829,3.8839912506507646,in_sample
2022-04-17 00:00:00+00:00,3.1634502071610866,2.162269100532184,1.7353723866585982,1.5229958898979519,1.7438737766396397,2.035898661549958,2.194435185527829,3.8154841925665175,in_sample
2022-04-18 00:00:00+00:00,3.1634502071610866,2.162269100532184,1.7353723866585982,1.5229958898979519,1.7438737766396397,2.035898661549958,2.194435185527829,3.9248510580149603,in_sample
2022-04-19 00:00:00+00:00,3.1634502071610866,2.162269100532184,1.7353723866585982,1.5229958898979519,1.7438737766396397,2.035898661549958,2.194435185527829,3.990990826270759,in_sample
2022-04-20 00:00:00+00:00,3.1634502071610866,2.162269100532184,1.7353723866585982,1.5229958898979519,1.7438737766396397,2.035898661549958,2.194435185527829,3.977018042405282,in_sample
2022-04-21 00:00:00+00:00,3.1634502071610866,2.162269100532184,1.7353723866585982,1.5229958898979519,1.7438737766396397,2.035898661549958,2.194435185527829,3.8925365895437007,in_sample
2022-04-22 00:00:00+00:00,3.1634502071610866,2.162269100532184,1.7353723866585982,1.5229958898979519,1.7438737766396397,2.035898661549958,2.194435185527829,3.8178995980418855,in_sample
2022-04-23 00:00:00+00:00,3.1634502071610866,2.162269100532184,1.7353723866585982,1.5229958898979519,1.7438737766396397,2.035898661549958,2.194435185527829,3.7929660698081054,in_sample
2022-04-24 00:00:00+00:00,3.1634502071610866,2.162269100532184,1.7353723866585982,1.5229958898979519,1.7438737766396397,2.035898661549958,2.194435185527829,3.794727102485366,in_sample
2022-04-25 00:00:00+00:00,3.1634502071610866,2.162269100532184,1.7353723866585982,1.5229958898979519,1.7438737766396397,2.035898661549958,2.194435185527829,3.888802815342733,in_sample
2022-04-26 00:00:00+00:00,3.1634502071610866,2.162269100532184,1.7353723866585982,1.5229958898979519,1.7438737766396397,2.035898661549958,2.194435185527829,3.665806038128763,in_sample
2022-04-27 00:00:00+00:00,3.1634502071610866,2.162269100532184,1.7353723866585982,1.5229958898979519,1.7438737766396397,2.035898661549958,2.194435185527829,3.7731328001478115,in_sample
2022-04-28 00:00:00+00:00,3.1634502071610866,2.162269100532184,1.7353723866585982,1.5229958898979519,1.7438737766396397,2.035898661549958,2.194435185527829,3.823509882472721,in_sample
2022-04-29 00:00:00+00:00,3.1634502071610866,2.162269100532184,1.7353723866585982,1.5229958898979519,1.7438737766396397,2.035898661549958,2.194435185527829,3.7118527122309013,in_sample
2022-04-30 00:00:00+00:00,3.1634502071610866,2.162269100532184,1.7353723866585982,1.5229958898979519,1.7438737766396397,2.035898661549958,2.194435185527829,3.619692002120938,in_sample
2022-05-01 00:00:00+00:00,3.1634502071610866,2.162269100532184,1.7353723866585982,1.5229958898979519,1.7438737766396397,2.035898661549958,2.194435185527829,3.6991790508322566,in_sample
2022-05-02 00:00:00+00:00,3.1634502071610866,2.162269100532184,1.7353723866585982,1.5229958898979519,1.7438737766396397,2.035898661549958,2.194435185527829,3.707368333937987,in_sample
2022-05-03 00:00:00+00:00,3.1634502071610866,2.162269100532184,1.7353723866585982,1.5229958898979519,1.7438737766396397,2.035898661549958,2.194435185527829,3.629161161434732,in_sample
2022-05-04 00:00:00+00:00,3.1634502071610866,2.162269100532184,1.7353723866585982,1.5229958898979519,1.7438737766396397,2.035898661549958,2.194435185527829,3.8188426647215117,in_sample
2022-05-05 00:00:00+00:00,3.1634502071610866,2.162269100532184,1.7353723866585982,1.5229958898979519,1.7438737766396397,2.035898661549958,2.194435185527829,3.5157814510331873,in_sample
2022-05-06 00:00:00+00:00,3.1634502071610866,2.162269100532184,1.7353723866585982,1.5229958898979519,1.7438737766396397,2.035898661549958,2.194435185527829,3.463874291136232,in_sample
2022-05-07 00:00:00+00:00,3.1634502071610866,2.162269100532184,1.7353723866585982,1.5229958898979519,1.7438737766396397,2.035898661549958,2.194435185527829,3.4130064292127416,in_sample
2022-05-08 00:00:00+00:00,3.1634502071610866,2.162269100532184,1.7353723866585982,1.5229958898979519,1.7438737766396397,2.035898661549958,2.194435185527829,3.2749433919413993,in_sample
2022-05-09 00:00:00+00:00,3.1634502071610866,2.162269100532184,1.7353723866585982,1.5229958898979519,1.7438737766396397,2.035898661549958,2.194435185527829,2.8923855064123725,in_sample
2022-05-10 00:00:00+00:00,3.1634502071610866,2.162269100532184,1.7353723866585982,1.5229958898979519,1.7438737766396397,2.035898661549958,2.194435185527829,2.9833721947374956,in_sample
2022-05-11 00:00:00+00:00,3.1634502071610866,2.162269100532184,1.7353723866585982,1.5229958898979519,1.7438737766396397,2.035898661549958,2.194435185527829,2.797895998991496,in_sample
2022-05-12 00:00:00+00:00,3.1634502071610866,2.162269100532184,1.7353723866585982,1.5215490438025487,1.7438737766396397,2.035511840804263,2.1940182428425787,2.79269950912417,in_sample
2022-05-13 00:00:00+00:00,3.1634502071610866,2.162269100532184,1.7353723866585982,1.5348452371234653,1.7438737766396397,2.0390693415043013,2.197852768035871,2.8171037652418343,in_sample
2022-05-14 00:00:00+00:00,3.1634502071610866,2.162269100532184,1.7353723866585982,1.5770774284483802,1.7438737766396397,2.0502905857668914,2.2099478166256095,2.894618072429446,in_sample
2022-05-15 00:00:00+00:00,3.1634502071610866,2.162269100532184,1.7353723866585982,1.6423315380982733,1.7438737766396397,2.067257398465417,2.228235844156193,3.0143875407419243,in_sample
2022-05-16 00:00:00+00:00,3.1634502071610866,2.162269100532184,1.7353723866585982,1.5659046413951967,1.7438737766396397,2.0480171824693048,2.207497382190272,2.8741111837122766,in_sample
2022-05-17 00:00:00+00:00,3.1634502071610866,2.162269100532184,1.7353723866585982,1.5943177380226172,1.7438737766396397,2.055449373237738,2.215508321651958,2.9289918905888683,in_sample
2022-05-18 00:00:00+00:00,3.1634502071610866,2.162269100532184,1.7353723866585982,1.5943177380226172,1.7438737766396397,2.055449373237738,2.215508321651958,2.761895871966188,in_sample
2022-05-19 00:00:00+00:00,3.1634502071610866,2.162269100532184,1.7353723866585982,1.5943177380226172,1.7438737766396397,2.055449373237738,2.215508321651958,2.9177232060802782,in_sample
2022-05-20 00:00:00+00:00,3.1634502071610866,2.162269100532184,1.7353723866585982,1.5943177380226172,1.7438737766396397,2.055449373237738,2.215508321651958,2.8088856127479525,in_sample
2022-05-21 00:00:00+00:00,3.1634502071610866,2.162269100532184,1.7353723866585982,1.5943177380226172,1.7438737766396397,2.055449373237738,2.215508321651958,2.831836776328642,in_sample
2022-05-22 00:00:00+00:00,3.1634502071610866,2.162269100532184,1.7353723866585982,1.5943177380226172,1.7438737766396397,2.055449373237738,2.215508321651958,2.9142685026314448,in_sample
2022-05-23 00:00:00+00:00,3.1634502071610866,2.162269100532184,1.7353723866585982,1.5943177380226172,1.7438737766396397,2.055449373237738,2.215508321651958,2.8001093187498016,in_sample
2022-05-24 00:00:00+00:00,3.1634502071610866,2.162269100532184,1.7353723866585982,1.5943177380226172,1.7438737766396397,2.055449373237738,2.215508321651958,2.8525938664097934,in_sample
2022-05-25 00:00:00+00:00,3.1634502071610866,2.162269100532184,1.7353723866585982,1.5943177380226172,1.7438737766396397,2.055449373237738,2.215508321651958,2.8423548567452848,in_sample
2022-05-26 00:00:00+00:00,3.1634502071610866,2.162269100532184,1.7353723866585982,1.5943177380226172,1.7438737766396397,2.055449373237738,2.215508321651958,2.809376392346533,in_sample
2022-05-27 00:00:00+00:00,3.1634502071610866,2.162269100532184,1.7353723866585982,1.5943177380226172,1.7438737766396397,2.055449373237738,2.215508321651958,2.7544475698230215,in_sample
2022-05-28 00:00:00+00:00,3.1634502071610866,2.162269100532184,1.7353723866585982,1.5943177380226172,1.7438737766396397,2.055449373237738,2.215508321651958,2.7925166696658756,in_sample
2022-05-29 00:00:00+00:00,3.1634502071610866,2.162269100532184,1.7353723866585982,1.5943177380226172,1.7438737766396397,2.055449373237738,2.215508321651958,2.8342810511921614,in_sample
2022-05-30 00:00:00+00:00,3.1634502071610866,2.162269100532184,1.7353723866585982,1.5943177380226172,1.7438737766396397,2.055449373237738,2.215508321651958,3.0530821439947347,in_sample
2022-05-31 00:00:00+00:00,3.1634502071610866,2.162269100532184,1.7353723866585982,1.5943177380226172,1.7438737766396397,2.055449373237738,2.215508321651958,3.0599434352454815,in_sample
2022-06-01 00:00:00+00:00,3.1634502071610866,2.162269100532184,1.7353723866585982,1.5943177380226172,1.7438737766396397,2.055449373237738,2.215508321651958,2.8673942394022887,in_sample
2022-06-02 00:00:00+00:00,3.1634502071610866,2.162269100532184,1.7353723866585982,1.5943177380226172,1.7438737766396397,2.055449373237738,2.215508321651958,2.9290015137182523,in_sample
2022-06-03 00:00:00+00:00,3.1634502071610866,2.162269100532184,1.7353723866585982,1.5943177380226172,1.7438737766396397,2.055449373237738,2.215508321651958,2.8564142487752164,in_sample
2022-06-04 00:00:00+00:00,3.1634502071610866,2.162269100532184,1.7353723866585982,1.5943177380226172,1.7438737766396397,2.055449373237738,2.215508321651958,2.872350151035016,in_sample
2022-06-05 00:00:00+00:00,3.1634502071610866,2.162269100532184,1.7353723866585982,1.5943177380226172,1.7438737766396397,2.055449373237738,2.215508321651958,2.878268375606137,in_sample
2022-06-06 00:00:00+00:00,3.1634502071610866,2.162269100532184,1.7353723866585982,1.5943177380226172,1.7438737766396397,2.055449373237738,2.215508321651958,3.017928852355213,in_sample
2022-06-07 00:00:00+00:00,3.1634502071610866,2.162269100532184,1.7353723866585982,1.5943177380226172,1.7438737766396397,2.055449373237738,2.215508321651958,2.9945350248228624,in_sample
2022-06-08 00:00:00+00:00,3.1634502071610866,2.162269100532184,1.7353723866585982,1.5943177380226172,1.7438737766396397,2.055449373237738,2.215508321651958,2.9054633392451428,in_sample
2022-06-09 00:00:00+00:00,3.1634502071610866,2.162269100532184,1.7353723866585982,1.5943177380226172,1.7438737766396397,2.055449373237738,2.215508321651958,2.895917194896277,in_sample
2022-06-10 00:00:00+00:00,3.1634502071610866,2.162269100532184,1.7353723866585982,1.5943177380226172,1.7438737766396397,2.055449373237738,2.215508321651958,2.7981846928730145,in_sample
2022-06-11 00:00:00+00:00,3.1634502071610866,2.162269100532184,1.7353723866585982,1.5943177380226172,1.7438737766396397,2.055449373237738,2.215508321651958,2.7345758076451916,in_sample
2022-06-12 00:00:00+00:00,3.1634502071610866,2.162269100532184,1.7353723866585982,1.5943177380226172,1.7438737766396397,2.055449373237738,2.215508321651958,2.5563554514546807,in_sample
2022-06-13 00:00:00+00:00,3.1634502071610866,2.162269100532184,1.7353723866585982,1.5943177380226172,1.7438737766396397,2.055449373237738,2.215508321651958,2.162461519511376,in_sample
2022-06-14 00:00:00+00:00,3.1634502071610866,2.162269100532184,1.7353723866585982,1.5943177380226172,1.7438737766396397,2.055449373237738,2.215508321651958,2.1288960442202045,in_sample
2022-06-15 00:00:00+00:00,3.1634502071610866,2.162269100532184,1.7353723866585982,1.5943177380226172,1.7438737766396397,2.055449373237738,2.215508321651958,2.1716997237199553,in_sample
2022-06-16 00:00:00+00:00,3.1634502071610866,2.162269100532184,1.7353723866585982,1.5943177380226172,1.7438737766396397,2.055449373237738,2.215508321651958,1.9619058800207478,in_sample
2022-06-17 00:00:00+00:00,3.1634502071610866,2.162269100532184,1.7353723866585982,1.5943177380226172,1.7438737766396397,2.055449373237738,2.215508321651958,1.9686324474601193,in_sample
2022-06-18 00:00:00+00:00,3.1634502071610866,2.162269100532184,1.7353723866585982,1.5943177380226172,1.7438737766396397,2.055449373237738,2.215508321651958,1.8245164618062808,in_sample
2022-06-19 00:00:00+00:00,3.1634502071610866,2.162269100532184,1.7353723866585982,1.5943177380226172,1.7438737766396397,2.055449373237738,2.215508321651958,1.978919572771548,in_sample
2022-06-20 00:00:00+00:00,3.1634502071610866,2.162269100532184,1.7353723866585982,1.5943177380226172,1.7438737766396397,2.055449373237738,2.215508321651958,1.9794873374052002,in_sample
2022-06-21 00:00:00+00:00,3.1634502071610866,2.162269100532184,1.7353723866585982,1.5943177380226172,1.7438737766396397,2.055449373237738,2.215508321651958,1.99324841242423,in_sample
2022-06-22 00:00:00+00:00,3.1634502071610866,2.162269100532184,1.7353723866585982,1.5943177380226172,1.7438737766396397,2.055449373237738,2.215508321651958,1.9224510495466065,in_sample
2022-06-23 00:00:00+00:00,3.1634502071610866,2.162269100532184,1.7353723866585982,1.5943177380226172,1.7438737766396397,2.055449373237738,2.215508321651958,2.030153113611628,in_sample
2022-06-24 00:00:00+00:00,3.1634502071610866,2.162269100532184,1.7353723866585982,1.5943177380226172,1.7438737766396397,2.055449373237738,2.215508321651958,2.043105845762407,in_sample
2022-06-25 00:00:00+00:00,3.1634502071610866,2.162269100532184,1.7353723866585982,1.5943177380226172,1.7438737766396397,2.055449373237738,2.215508321651958,2.0672310311279367,in_sample
2022-06-26 00:00:00+00:00,3.1634502071610866,2.162269100532184,1.7353723866585982,1.5943177380226172,1.7438737766396397,2.055449373237738,2.215508321651958,2.0236575012774702,in_sample
2022-06-27 00:00:00+00:00,3.1634502071610866,2.162269100532184,1.7353723866585982,1.5943177380226172,1.7438737766396397,2.055449373237738,2.215508321651958,1.9948747212901154,in_sample
2022-06-28 00:00:00+00:00,3.1634502071610866,2.162269100532184,1.7353723866585982,1.5943177380226172,1.7438737766396397,2.055449373237738,2.215508321651958,1.9504736023126306,in_sample
2022-06-29 00:00:00+00:00,3.1634502071610866,2.162269100532184,1.7353723866585982,1.5943177380226172,1.7438737766396397,2.055449373237738,2.215508321651958,1.9352016959803229,in_sample
2022-06-30 00:00:00+00:00,3.1634502071610866,2.162269100532184,1.7353723866585982,1.5943177380226172,1.7438737766396397,2.055449373237738,2.215508321651958,1.9172641828086645,in_sample
2022-07-01 00:00:00+00:00,3.1634502071610866,2.162269100532184,1.7353723866585982,1.5943177380226172,1.7438737766396397,2.055449373237738,2.215508321651958,1.8545694948723157,in_sample
2022-07-02 00:00:00+00:00,3.1634502071610866,2.162269100532184,1.7353723866585982,1.5943177380226172,1.7438737766396397,2.055449373237738,2.215508321651958,1.8515767016339115,in_sample
2022-07-03 00:00:00+00:00,3.1634502071610866,2.162269100532184,1.7353723866585982,1.5943177380226172,1.7438737766396397,2.055449373237738,2.215508321651958,1.8578317357334704,in_sample
2022-07-04 00:00:00+00:00,3.1634502071610866,2.162269100532184,1.7353723866585982,1.5943177380226172,1.7438737766396397,2.055449373237738,2.215508321651958,1.946431887971377,in_sample
2022-07-05 00:00:00+00:00,3.1634502071610866,2.162269100532184,1.7353723866585982,1.5943177380226172,1.7438737766396397,2.055449373237738,2.215508321651958,1.9409851967400689,in_sample
2022-07-06 00:00:00+00:00,3.1634502071610866,2.162269100532184,1.7353723866585982,1.5943177380226172,1.7438737766396397,2.055449373237738,2.215508321651958,1.9779476367037703,in_sample
2022-07-07 00:00:00+00:00,3.1634502071610866,2.162269100532184,1.7353723866585982,1.5943177380226172,1.7438737766396397,2.055449373237738,2.215508321651958,2.079885446267814,in_sample
2022-07-08 00:00:00+00:00,3.1634502071610866,2.162269100532184,1.7353723866585982,1.5943177380226172,1.7438737766396397,2.055449373237738,2.215508321651958,2.07743154827491,in_sample
2022-07-09 00:00:00+00:00,3.1634502071610866,2.162269100532184,1.7353723866585982,1.5943177380226172,1.7438737766396397,2.055449373237738,2.215508321651958,2.076671321053579,in_sample
2022-07-10 00:00:00+00:00,3.1634502071610866,2.162269100532184,1.7353723866585982,1.5943177380226172,1.7438737766396397,2.055449373237738,2.215508321651958,2.006788155467429,in_sample
2022-07-11 00:00:00+00:00,3.1634502071610866,2.162269100532184,1.7353723866585982,1.5943177380226172,1.7438737766396397,2.055449373237738,2.215508321651958,1.9202281066589169,in_sample
2022-07-12 00:00:00+00:00,3.1634502071610866,2.162269100532184,1.7353723866585982,1.5943177380226172,1.7438737766396397,2.055449373237738,2.215508321651958,1.8594676677287396,in_sample
2022-07-13 00:00:00+00:00,3.1634502071610866,2.162269100532184,1.7353723866585982,1.5943177380226172,1.7438737766396397,2.055449373237738,2.215508321651958,1.945806384561421,in_sample
2022-07-14 00:00:00+00:00,3.1634502071610866,2.162269100532184,1.7353723866585982,1.5943177380226172,1.7438737766396397,2.055449373237738,2.215508321651958,1.9803053034028348,in_sample
2022-07-15 00:00:00+00:00,3.1634502071610866,2.162269100532184,1.7353723866585982,1.5943177380226172,1.7438737766396397,2.055449373237738,2.215508321651958,2.0038338547465604,in_sample
2022-07-16 00:00:00+00:00,3.1634502071610866,2.162269100532184,1.7353723866585982,1.5943177380226172,1.7438737766396397,2.055449373237738,2.215508321651958,2.038515613046269,in_sample
2022-07-17 00:00:00+00:00,3.1634502071610866,2.162269100532184,1.7353723866585982,1.5943177380226172,1.7438737766396397,2.055449373237738,2.215508321651958,2.001072016613371,in_sample
2022-07-18 00:00:00+00:00,3.1634502071610866,2.162269100532184,1.7353723866585982,1.5943177380226172,1.7438737766396397,2.055449373237738,2.215508321651958,2.1578809099246223,in_sample
2022-07-19 00:00:00+00:00,3.1634502071610866,2.162269100532184,1.7353723866585982,1.5943177380226172,1.7438737766396397,2.055449373237738,2.215508321651958,2.250455414598095,in_sample
2022-07-20 00:00:00+00:00,3.1634502071610866,2.162269100532184,1.7353723866585982,1.5943177380226172,1.7438737766396397,2.055449373237738,2.215508321651958,2.234634989890903,in_sample
2022-07-21 00:00:00+00:00,3.1634502071610866,2.162269100532184,1.7353723866585982,1.5943177380226172,1.7438737766396397,2.055449373237738,2.215508321651958,2.2272251802652714,in_sample
2022-07-22 00:00:00+00:00,3.1634502071610866,2.162269100532184,1.7353723866585982,1.5943177380226172,1.7438737766396397,2.055449373237738,2.215508321651958,2.1820542109370713,in_sample
2022-07-23 00:00:00+00:00,3.1634502071610866,2.162269100532184,1.7353723866585982,1.5943177380226172,1.7438737766396397,2.055449373237738,2.215508321651958,2.159449480014204,in_sample
2022-07-24 00:00:00+00:00,3.1634502071610866,2.162269100532184,1.7353723866585982,1.5943177380226172,1.7438737766396397,2.055449373237738,2.215508321651958,2.1719980407308577,in_sample
2022-07-25 00:00:00+00:00,3.1634502071610866,2.162269100532184,1.7353723866585982,1.5943177380226172,1.7438737766396397,2.055449373237738,2.215508321651958,2.0497265587785556,in_sample
2022-07-26 00:00:00+00:00,3.1634502071610866,2.162269100532184,1.7353723866585982,1.5943177380226172,1.7438737766396397,2.055449373237738,2.215508321651958,2.0440489124420327,in_sample
2022-07-27 00:00:00+00:00,3.1634502071610866,2.162269100532184,1.7353723866585982,1.5943177380226172,1.7438737766396397,2.055449373237738,2.215508321651958,2.207651735098344,in_sample
2022-07-28 00:00:00+00:00,3.1634502071610866,2.162269100532184,1.7353723866585982,1.5943177380226172,1.7438737766396397,2.055449373237738,2.215508321651958,2.293788366213963,in_sample
2022-07-29 00:00:00+00:00,3.1634502071610866,2.162269100532184,1.7353723866585982,1.5943177380226172,1.7438737766396397,2.055449373237738,2.215508321651958,2.2875237089850198,in_sample
2022-07-30 00:00:00+00:00,3.1634502071610866,2.162269100532184,1.7353723866585982,1.5943177380226172,1.7438737766396397,2.055449373237738,2.215508321651958,2.273935850294901,in_sample
2022-07-31 00:00:00+00:00,3.1634502071610866,2.162269100532184,1.7353723866585982,1.5943177380226172,1.7438737766396397,2.055449373237738,2.215508321651958,2.2412364566482834,in_sample
2022-08-01 00:00:00+00:00,3.1634502071610866,2.162269100532184,1.7353723866585982,1.5943177380226172,1.7438737766396397,2.055449373237738,2.215508321651958,2.238108939598504,in_sample
2022-08-02 00:00:00+00:00,3.1634502071610866,2.162269100532184,1.7353723866585982,1.5943177380226172,1.7438737766396397,2.055449373237738,2.215508321651958,2.2109235990888823,in_sample
2022-08-03 00:00:00+00:00,3.1634502071610866,2.162269100532184,1.7353723866585982,1.5943177380226172,1.7438737766396397,2.055449373237738,2.215508321651958,2.194217846478368,in_sample
2022-08-04 00:00:00+00:00,3.1634502071610866,2.162269100532184,1.7353723866585982,1.5943177380226172,1.7438737766396397,2.055449373237738,2.215508321651958,2.1756836992849053,in_sample
2022-08-05 00:00:00+00:00,3.1634502071610866,2.162269100532184,1.7353723866585982,1.5943177380226172,1.7438737766396397,2.055449373237738,2.215508321651958,2.242006306998998,in_sample
2022-08-06 00:00:00+00:00,3.1634502071610866,2.162269100532184,1.7353723866585982,1.5943177380226172,1.7438737766396397,2.055449373237738,2.215508321651958,2.2078634439447904,in_sample
2022-08-07 00:00:00+00:00,3.1634502071610866,2.162269100532184,1.7353723866585982,1.5943177380226172,1.7438737766396397,2.055449373237738,2.215508321651958,2.2294673694117284,in_sample
2022-08-08 00:00:00+00:00,3.1634502071610866,2.162269100532184,1.7353723866585982,1.5943177380226172,1.7438737766396397,2.055449373237738,2.215508321651958,2.290728211069871,in_sample
2022-08-09 00:00:00+00:00,3.1634502071610866,2.162269100532184,1.7353723866585982,1.5943177380226172,1.7438737766396397,2.055449373237738,2.215508321651958,2.226811385701762,in_sample
2022-08-10 00:00:00+00:00,3.1634502071610866,2.162269100532184,1.7353723866585982,1.5943177380226172,1.7438737766396397,2.055449373237738,2.215508321651958,2.303863782678945,in_sample
2022-08-11 00:00:00+00:00,3.1634502071610866,2.162269100532184,1.7353723866585982,1.5943177380226172,1.7438737766396397,2.055449373237738,2.215508321651958,2.301583101014952,in_sample
2022-08-12 00:00:00+00:00,3.1634502071610866,2.162269100532184,1.7353723866585982,1.5943177380226172,1.7438737766396397,2.055449373237738,2.215508321651958,2.346840678507607,in_sample
2022-08-13 00:00:00+00:00,3.1634502071610866,2.162269100532184,1.7353723866585982,1.5943177380226172,1.7438737766396397,2.055449373237738,2.215508321651958,2.3508342772019404,in_sample
2022-08-14 00:00:00+00:00,3.1634502071610866,2.162269100532184,1.7353723866585982,1.5943177380226172,1.7438737766396397,2.055449373237738,2.215508321651958,2.33785267566301,in_sample
2022-08-15 00:00:00+00:00,3.1634502071610866,2.162269100532184,1.7353723866585982,1.5943177380226172,1.7438737766396397,2.055449373237738,2.215508321651958,2.3177499583799657,in_sample
2022-08-16 00:00:00+00:00,3.1634502071610866,2.162269100532184,1.7353723866585982,1.5943177380226172,1.7438737766396397,2.055449373237738,2.215508321651958,2.2944427390120703,in_sample
2022-08-17 00:00:00+00:00,3.1634502071610866,2.162269100532184,1.7353723866585982,1.5943177380226172,1.7438737766396397,2.055449373237738,2.215508321651958,2.2453744022833764,in_sample
2022-08-18 00:00:00+00:00,3.1634502071610866,2.162269100532184,1.7353723866585982,1.5943177380226172,1.7438737766396397,2.055449373237738,2.215508321651958,2.2311321707951497,in_sample
2022-08-19 00:00:00+00:00,3.1634502071610866,2.162269100532184,1.7353723866585982,1.5943177380226172,1.7438737766396397,2.055449373237738,2.215508321651958,2.004007071075472,in_sample
2022-08-20 00:00:00+00:00,3.1634502071610866,2.162269100532184,1.7353723866585982,1.5943177380226172,1.7438737766396397,2.055449373237738,2.215508321651958,2.033155529979416,in_sample
2022-08-21 00:00:00+00:00,3.1634502071610866,2.162269100532184,1.7353723866585982,1.5943177380226172,1.7438737766396397,2.055449373237738,2.215508321651958,2.06951171279193,in_sample
2022-08-22 00:00:00+00:00,3.1634502071610866,2.162269100532184,1.7353723866585982,1.5943177380226172,1.7438737766396397,2.055449373237738,2.215508321651958,2.058098681342581,in_sample
2022-08-23 00:00:00+00:00,3.1634502071610866,2.162269100532184,1.7353723866585982,1.5943177380226172,1.7438737766396397,2.055449373237738,2.215508321651958,2.070724227094306,in_sample
2022-08-24 00:00:00+00:00,3.1634502071610866,2.162269100532184,1.7353723866585982,1.5943177380226172,1.7438737766396397,2.055449373237738,2.215508321651958,2.055009656810337,in_sample
2022-08-25 00:00:00+00:00,3.1634502071610866,2.162269100532184,1.7353723866585982,1.5943177380226172,1.7438737766396397,2.055449373237738,2.215508321651958,2.0736207890388707,in_sample
2022-08-26 00:00:00+00:00,3.1634502071610866,2.162269100532184,1.7353723866585982,1.5943177380226172,1.7438737766396397,2.055449373237738,2.215508321651958,1.94663397368844,in_sample
2022-08-27 00:00:00+00:00,3.1634502071610866,2.162269100532184,1.7353723866585982,1.5943177380226172,1.7438737766396397,2.055449373237738,2.215508321651958,1.9269258047101372,in_sample
2022-08-28 00:00:00+00:00,3.1634502071610866,2.162269100532184,1.7353723866585982,1.5943177380226172,1.7438737766396397,2.055449373237738,2.215508321651958,1.8810812163250619,in_sample
2022-08-29 00:00:00+00:00,3.1634502071610866,2.162269100532184,1.7353723866585982,1.5943177380226172,1.7438737766396397,2.055449373237738,2.215508321651958,1.9511375982401222,in_sample
2022-08-30 00:00:00+00:00,3.1634502071610866,2.162269100532184,1.7353723866585982,1.5943177380226172,1.7438737766396397,2.055449373237738,2.215508321651958,1.9056779350304043,in_sample
2022-08-31 00:00:00+00:00,3.1634502071610866,2.162269100532184,1.7353723866585982,1.5943177380226172,1.7438737766396397,2.055449373237738,2.215508321651958,1.9286194754817099,in_sample
2022-09-01 00:00:00+00:00,3.1634502071610866,2.162269100532184,1.7353723866585982,1.5943177380226172,1.7438737766396397,2.055449373237738,2.215508321651958,1.9364142102826989,in_sample
2022-09-02 00:00:00+00:00,3.1634502071610866,2.162269100532184,1.7353723866585982,1.5943177380226172,1.7438737766396397,2.055449373237738,2.215508321651958,1.9189482304508534,in_sample
2022-09-03 00:00:00+00:00,3.1634502071610866,2.162269100532184,1.7353723866585982,1.5943177380226172,1.7438737766396397,2.055449373237738,2.215508321651958,1.9073716058019774,in_sample
2022-09-04 00:00:00+00:00,3.1634502071610866,2.162269100532184,1.7353723866585982,1.5943177380226172,1.7438737766396397,2.055449373237738,2.215508321651958,1.9239233883423488,in_sample
2022-09-05 00:00:00+00:00,3.1634502071610866,2.162269100532184,1.7353723866585982,1.5943177380226172,1.7438737766396397,2.055449373237738,2.215508321651958,1.903926525482528,in_sample
2022-09-06 00:00:00+00:00,3.1634502071610866,2.162269100532184,1.7353723866585982,1.5943177380226172,1.7438737766396397,2.055449373237738,2.215508321651958,1.8073680452441052,in_sample
2022-09-07 00:00:00+00:00,3.1634502071610866,2.162269100532184,1.7353723866585982,1.5943177380226172,1.7438737766396397,2.055449373237738,2.215508321651958,1.8560129642799061,in_sample
2022-09-08 00:00:00+00:00,3.1634502071610866,2.162269100532184,1.7353723866585982,1.5943177380226172,1.7438737766396397,2.055449373237738,2.215508321651958,1.858158922132524,in_sample
2022-09-09 00:00:00+00:00,3.1634502071610866,2.162269100532184,1.7353723866585982,1.5943177380226172,1.7438737766396397,2.055449373237738,2.215508321651958,2.0547305860582026,in_sample
2022-09-10 00:00:00+00:00,3.1634502071610866,2.162269100532184,1.7353723866585982,1.5943177380226172,1.7438737766396397,2.055449373237738,2.215508321651958,2.082397083037021,in_sample
2022-09-11 00:00:00+00:00,3.1634502071610866,2.162269100532184,1.7353723866585982,1.5943177380226172,1.7438737766396397,2.055449373237738,2.215508321651958,2.099795700963179,in_sample
2022-09-12 00:00:00+00:00,3.1634502071610866,2.162269100532184,1.7353723866585982,1.5943177380226172,1.7438737766396397,2.055449373237738,2.215508321651958,2.1542337438881103,in_sample
2022-09-13 00:00:00+00:00,3.1634502071610866,2.162269100532184,1.7353723866585982,1.5943177380226172,1.7438737766396397,2.055449373237738,2.215508321651958,1.9402634620362735,in_sample
2022-09-14 00:00:00+00:00,3.1634502071610866,2.162269100532184,1.7353723866585982,1.5943177380226172,1.7438737766396397,2.055449373237738,2.215508321651958,1.9455080675505192,in_sample
2022-09-15 00:00:00+00:00,3.1634502071610866,2.162269100532184,1.7353723866585982,1.5943177380226172,1.7438737766396397,2.055449373237738,2.215508321651958,1.8948711607322433,in_sample
2022-09-16 00:00:00+00:00,3.1634502071610866,2.162269100532184,1.7353723866585982,1.5943177380226172,1.7438737766396397,2.055449373237738,2.215508321651958,1.904657883315707,in_sample
2022-09-17 00:00:00+00:00,3.1634502071610866,2.162269100532184,1.7353723866585982,1.5943177380226172,1.7438737766396397,2.055449373237738,2.215508321651958,1.9344414687589917,in_sample
2022-09-18 00:00:00+00:00,3.1634502071610866,2.162269100532184,1.7353723866585982,1.5943177380226172,1.7438737766396397,2.055449373237738,2.215508321651958,1.867320141306032,in_sample
2022-09-19 00:00:00+00:00,3.1634502071610866,2.162269100532184,1.7353723866585982,1.5943177380226172,1.7438737766396397,2.055449373237738,2.215508321651958,1.8792624448714976,in_sample
2022-09-20 00:00:00+00:00,3.1634502071610866,2.162269100532184,1.7353723866585982,1.5943177380226172,1.7438737766396397,2.055449373237738,2.215508321651958,1.8155765746086034,in_sample
2022-09-21 00:00:00+00:00,3.1634502071610866,2.162269100532184,1.7353723866585982,1.5943177380226172,1.7438737766396397,2.055449373237738,2.215508321651958,1.775226793101756,in_sample
2022-09-22 00:00:00+00:00,3.1634502071610866,2.162269100532184,1.7353723866585982,1.5943177380226172,1.7438737766396397,2.055449373237738,2.215508321651958,1.8661653657799595,in_sample
2022-09-23 00:00:00+00:00,3.1634502071610866,2.162269100532184,1.7353723866585982,1.5943177380226172,1.7438737766396397,2.055449373237738,2.215508321651958,1.8554067071287181,in_sample
2022-09-24 00:00:00+00:00,3.1634502071610866,2.162269100532184,1.7353723866585982,1.5943177380226172,1.7438737766396397,2.055449373237738,2.215508321651958,1.8198299977963035,in_sample
2022-09-25 00:00:00+00:00,3.1634502071610866,2.162269100532184,1.7353723866585982,1.5943177380226172,1.7438737766396397,2.055449373237738,2.215508321651958,1.8091194547919818,in_sample
2022-09-26 00:00:00+00:00,3.1634502071610866,2.162269100532184,1.7353723866585982,1.5943177380226172,1.7438737766396397,2.055449373237738,2.215508321651958,1.8492094118054627,in_sample
2022-09-27 00:00:00+00:00,3.1634502071610866,2.162269100532184,1.7353723866585982,1.5943177380226172,1.7438737766396397,2.055449373237738,2.215508321651958,1.835140396646147,in_sample
2022-09-28 00:00:00+00:00,3.1634502071610866,2.162269100532184,1.7353723866585982,1.5943177380226172,1.7438737766396397,2.055449373237738,2.215508321651958,1.8675895889287821,in_sample
2022-09-29 00:00:00+00:00,3.1634502071610866,2.162269100532184,1.7353723866585982,1.5943177380226172,1.7438737766396397,2.055449373237738,2.215508321651958,1.8844493116094396,in_sample
2022-09-30 00:00:00+00:00,3.1634502071610866,2.162269100532184,1.7353723866585982,1.5943177380226172,1.7438737766396397,2.055449373237738,2.215508321651958,1.8680130066216756,in_sample
2022-10-01 00:00:00+00:00,3.1634502071610866,2.162269100532184,1.7353723866585982,1.5943177380226172,1.7438737766396397,2.055449373237738,2.215508321651958,1.8576488962751754,in_sample
2022-10-02 00:00:00+00:00,3.1634502071610866,2.162269100532184,1.7353723866585982,1.5943177380226172,1.7438737766396397,2.055449373237738,2.215508321651958,1.8331484088636723,in_sample
2022-10-03 00:00:00+00:00,3.1634502071610866,2.162269100532184,1.7353723866585982,1.5943177380226172,1.7438737766396397,2.055449373237738,2.215508321651958,1.8882504477160946,in_sample
2022-10-04 00:00:00+00:00,3.1634502071610866,2.162269100532184,1.7353723866585982,1.5943177380226172,1.7438737766396397,2.055449373237738,2.215508321651958,1.956670897635886,in_sample
2022-10-05 00:00:00+00:00,3.1634502071610866,2.162269100532184,1.7353723866585982,1.5943177380226172,1.7438737766396397,2.055449373237738,2.215508321651958,1.9390605708632815,in_sample
2022-10-06 00:00:00+00:00,3.1634502071610866,2.162269100532184,1.7353723866585982,1.5943177380226172,1.7438737766396397,2.055449373237738,2.215508321651958,1.9201992372707652,in_sample
2022-10-07 00:00:00+00:00,3.1634502071610866,2.162269100532184,1.7353723866585982,1.5943177380226172,1.7438737766396397,2.055449373237738,2.215508321651958,1.8785214639089347,in_sample
2022-10-08 00:00:00+00:00,3.1634502071610866,2.162269100532184,1.7353723866585982,1.5943177380226172,1.7438737766396397,2.055449373237738,2.215508321651958,1.867483734505559,in_sample
2022-10-09 00:00:00+00:00,3.1634502071610866,2.162269100532184,1.7353723866585982,1.5943177380226172,1.7438737766396397,2.055449373237738,2.215508321651958,1.869774039298936,in_sample
2022-10-10 00:00:00+00:00,3.1634502071610866,2.162269100532184,1.7353723866585982,1.5943177380226172,1.7438737766396397,2.055449373237738,2.215508321651958,1.840327263384089,in_sample
2022-10-11 00:00:00+00:00,3.1634502071610866,2.162269100532184,1.7353723866585982,1.5943177380226172,1.7438737766396397,2.055449373237738,2.215508321651958,1.8336873041091726,in_sample
2022-10-12 00:00:00+00:00,3.1634502071610866,2.162269100532184,1.7353723866585982,1.5943177380226172,1.7438737766396397,2.055449373237738,2.215508321651958,1.842636814436234,in_sample
2022-10-13 00:00:00+00:00,3.1634502071610866,2.162269100532184,1.7353723866585982,1.5943177380226172,1.7438737766396397,2.055449373237738,2.215508321651958,1.8635671208462967,in_sample
2022-10-14 00:00:00+00:00,3.1634502071610866,2.162269100532184,1.7353723866585982,1.5943177380226172,1.7438737766396397,2.055449373237738,2.215508321651958,1.8442342539139673,in_sample
2022-10-15 00:00:00+00:00,3.1634502071610866,2.162269100532184,1.7353723866585982,1.5943177380226172,1.7438737766396397,2.055449373237738,2.215508321651958,1.8342069530959053,in_sample
2022-10-16 00:00:00+00:00,3.1634502071610866,2.162269100532184,1.7353723866585982,1.5943177380226172,1.7438737766396397,2.055449373237738,2.215508321651958,1.8526352458661446,in_sample
2022-10-17 00:00:00+00:00,3.1634502071610866,2.162269100532184,1.7353723866585982,1.5943177380226172,1.7438737766396397,2.055449373237738,2.215508321651958,1.88041722039757,in_sample
2022-10-18 00:00:00+00:00,3.1634502071610866,2.162269100532184,1.7353723866585982,1.5943177380226172,1.7438737766396397,2.055449373237738,2.215508321651958,1.8592752051410608,in_sample
2022-10-19 00:00:00+00:00,3.1634502071610866,2.162269100532184,1.7353723866585982,1.5943177380226172,1.7438737766396397,2.055449373237738,2.215508321651958,1.8396247749390617,in_sample
2022-10-20 00:00:00+00:00,3.1634502071610866,2.162269100532184,1.7353723866585982,1.5943177380226172,1.7438737766396397,2.055449373237738,2.215508321651958,1.8317338088442334,in_sample
2022-10-21 00:00:00+00:00,3.1634502071610866,2.162269100532184,1.7353723866585982,1.5943177380226172,1.7438737766396397,2.055449373237738,2.215508321651958,1.8429158851883682,in_sample
2022-10-22 00:00:00+00:00,3.1634502071610866,2.162269100532184,1.7353723866585982,1.5943177380226172,1.7438737766396397,2.055449373237738,2.215508321651958,1.847169308376068,in_sample
2022-10-23 00:00:00+00:00,3.1634502071610866,2.162269100532184,1.7353723866585982,1.5943177380226172,1.7438737766396397,2.055449373237738,2.215508321651958,1.8823514694037415,in_sample
2022-10-24 00:00:00+00:00,3.1634502071610866,2.162269100532184,1.7353723866585982,1.5943177380226172,1.7438737766396397,2.055449373237738,2.215508321651958,1.8590057575183103,in_sample
2022-10-25 00:00:00+00:00,3.1634502071610866,2.162269100532184,1.7353723866585982,1.5943177380226172,1.7438737766396397,2.055449373237738,2.215508321651958,1.931198474156605,in_sample
2022-10-26 00:00:00+00:00,3.1634502071610866,2.162269100532184,1.7353723866585982,1.5943177380226172,1.7438737766396397,2.055449373237738,2.215508321651958,1.9975980669057694,in_sample
2022-10-27 00:00:00+00:00,3.1634502071610866,2.162269100532184,1.7353723866585982,1.5943177380226172,1.7438737766396397,2.055449373237738,2.215508321651958,1.952099911178516,in_sample
2022-10-28 00:00:00+00:00,3.1634502071610866,2.162269100532184,1.7353723866585982,1.5943177380226172,1.7438737766396397,2.055449373237738,2.215508321651958,1.9807094748369602,in_sample
2022-10-29 00:00:00+00:00,3.1634502071610866,2.162269100532184,1.7353723866585982,1.5943177380226172,1.7438737766396397,2.055449373237738,2.215508321651958,2.0012933485892015,in_sample
2022-10-30 00:00:00+00:00,3.1634502071610866,2.162269100532184,1.7353723866585982,1.5943177380226172,1.7438737766396397,2.055449373237738,2.215508321651958,1.9838658612748914,in_sample
2022-10-31 00:00:00+00:00,3.1634502071610866,2.162269100532184,1.7353723866585982,1.5943177380226172,1.7438737766396397,2.055449373237738,2.215508321651958,1.971009360417952,in_sample
2022-11-01 00:00:00+00:00,3.1634502071610866,2.162269100532184,1.7353723866585982,1.5943177380226172,1.7438737766396397,2.055449373237738,2.215508321651958,1.970056670608942,in_sample
2022-11-02 00:00:00+00:00,3.1634502071610866,2.162269100532184,1.7353723866585982,1.5943177380226172,1.7438737766396397,2.055449373237738,2.215508321651958,1.9381078810542716,in_sample
2022-11-03 00:00:00+00:00,3.1634502071610866,2.162269100532184,1.7353723866585982,1.5943177380226172,1.7438737766396397,2.055449373237738,2.215508321651958,1.9438432661670981,in_sample
2022-11-04 00:00:00+00:00,3.1634502071610866,2.162269100532184,1.7353723866585982,1.5943177380226172,1.7438737766396397,2.055449373237738,2.215508321651958,2.034098596659042,in_sample
2022-11-05 00:00:00+00:00,3.1634502071610866,2.162269100532184,1.7353723866585982,1.5943177380226172,1.7438737766396397,2.055449373237738,2.215508321651958,2.0487546227107782,in_sample
2022-11-06 00:00:00+00:00,3.1634502071610866,2.162269100532184,1.7353723866585982,1.5943177380226172,1.7438737766396397,2.055449373237738,2.215508321651958,2.0112340412428082,in_sample
2022-11-07 00:00:00+00:00,3.1634502071610866,2.162269100532184,1.7353723866585982,1.5943177380226172,1.7438737766396397,2.055449373237738,2.215508321651958,1.9803053034028348,in_sample
2022-11-08 00:00:00+00:00,3.1634502071610866,2.162269100532184,1.7353723866585982,1.5943177380226172,1.7438737766396397,2.055449373237738,2.215508321651958,1.7835508000188616,in_sample
2022-11-09 00:00:00+00:00,3.1634502071610866,2.162269100532184,1.7353723866585982,1.5943177380226172,1.7438737766396397,2.055449373237738,2.215508321651958,1.530558728515161,in_sample
2022-11-10 00:00:00+00:00,3.1634502071610866,2.162269100532184,1.7353723866585982,1.5928031361714958,1.7438737766396397,2.055058837856823,2.215087375070844,1.6925159960468186,in_sample
2022-11-11 00:00:00+00:00,3.1634502071610866,2.162269100532184,1.7353723866585982,1.5448324845209362,1.7438737766396397,2.0426803449478763,2.2017449622601206,1.641542279700105,in_sample
2022-11-12 00:00:00+00:00,3.1634502071610866,2.162269100532184,1.7353723866585982,1.5220652165863495,1.7438737766396397,2.0366594655083086,2.195255233699687,1.6173497324288877,in_sample
2022-11-13 00:00:00+00:00,3.1634502071610866,2.162269100532184,1.7353723866585982,1.4780792896339674,1.7438737766396397,2.024888044218274,2.1825671655014123,1.5706101930111063,in_sample
2022-11-14 00:00:00+00:00,3.1634502071610866,2.162269100532184,1.7353723866585982,1.503798876322204,1.7438737766396397,2.031934930532491,2.1901627966437593,1.597939880461487,in_sample
2022-11-15 00:00:00+00:00,3.1634502071610866,2.162269100532184,1.7353723866585982,1.5280083483454716,1.7438737766396397,2.038477304333718,2.19721462861233,1.6251829597474121,in_sample
2022-11-16 00:00:00+00:00,3.1634502071610866,2.162269100532184,1.7353723866585982,1.5280083483454716,1.7438737766396397,2.038477304333718,2.19721462861233,1.6023087812017942,in_sample
2022-11-17 00:00:00+00:00,3.1634502071610866,2.162269100532184,1.7353723866585982,1.5280083483454716,1.7438737766396397,2.038477304333718,2.19721462861233,1.6053400669577342,in_sample
2022-11-18 00:00:00+00:00,3.1634502071610866,2.162269100532184,1.7353723866585982,1.5280083483454716,1.7438737766396397,2.038477304333718,2.19721462861233,1.6060714247909136,in_sample
2022-11-19 00:00:00+00:00,3.1634502071610866,2.162269100532184,1.7353723866585982,1.5280083483454716,1.7438737766396397,2.038477304333718,2.19721462861233,1.6063793649311997,in_sample
2022-11-20 00:00:00+00:00,3.1634502071610866,2.162269100532184,1.7353723866585982,1.5280083483454716,1.7438737766396397,2.038477304333718,2.19721462861233,1.565933352130513,in_sample
2022-11-21 00:00:00+00:00,3.1634502071610866,2.162269100532184,1.7353723866585982,1.5280083483454716,1.7438737766396397,2.038477304333718,2.19721462861233,1.5178561977283642,in_sample
2022-11-22 00:00:00+00:00,3.1634502071610866,2.162269100532184,1.7353723866585982,1.5280083483454716,1.7438737766396397,2.038477304333718,2.19721462861233,1.5609293248508658,in_sample
2022-11-23 00:00:00+00:00,3.1634502071610866,2.162269100532184,1.7353723866585982,1.5280083483454716,1.7438737766396397,2.038477304333718,2.19721462861233,1.5970353062993967,in_sample
2022-11-24 00:00:00+00:00,3.1634502071610866,2.162269100532184,1.7353723866585982,1.5280083483454716,1.7438737766396397,2.038477304333718,2.19721462861233,1.5967081199003432,in_sample
2022-11-25 00:00:00+00:00,3.1634502071610866,2.162269100532184,1.7353723866585982,1.5280083483454716,1.7438737766396397,2.038477304333718,2.19721462861233,1.589365672180399,in_sample
2022-11-26 00:00:00+00:00,3.1634502071610866,2.162269100532184,1.7353723866585982,1.5280083483454716,1.7438737766396397,2.038477304333718,2.19721462861233,1.5829277986225454,in_sample
2022-11-27 00:00:00+00:00,3.1634502071610866,2.162269100532184,1.7353723866585982,1.5280083483454716,1.7438737766396397,2.038477304333718,2.19721462861233,1.580368046206418,in_sample
2022-11-28 00:00:00+00:00,3.1634502071610866,2.162269100532184,1.7353723866585982,1.5280083483454716,1.7438737766396397,2.038477304333718,2.19721462861233,1.5593800010200518,in_sample
2022-11-29 00:00:00+00:00,3.1634502071610866,2.162269100532184,1.7353723866585982,1.5280083483454716,1.7438737766396397,2.038477304333718,2.19721462861233,1.5813880979211155,in_sample
2022-11-30 00:00:00+00:00,3.1634502071610866,2.162269100532184,1.7353723866585982,1.5280083483454716,1.7438737766396397,2.038477304333718,2.19721462861233,1.6506842526148449,in_sample
2022-12-01 00:00:00+00:00,3.1634502071610866,2.162269100532184,1.7353723866585982,1.5280083483454716,1.7438737766396397,2.038477304333718,2.19721462861233,1.6330931721010082,in_sample
2022-12-02 00:00:00+00:00,3.1634502071610866,2.162269100532184,1.7353723866585982,1.5280083483454716,1.7438737766396397,2.038477304333718,2.19721462861233,1.6439191926579373,in_sample
2022-12-03 00:00:00+00:00,3.1634502071610866,2.162269100532184,1.7353723866585982,1.5280083483454716,1.7438737766396397,2.038477304333718,2.19721462861233,1.6243361243616259,in_sample
2022-12-04 00:00:00+00:00,3.1634502071610866,2.162269100532184,1.7353723866585982,1.5280083483454716,1.7438737766396397,2.038477304333718,2.19721462861233,1.6455070090062869,in_sample
2022-12-05 00:00:00+00:00,3.1634502071610866,2.162269100532184,1.7353723866585982,1.5280083483454716,1.7438737766396397,2.038477304333718,2.19721462861233,1.631919150316168,in_sample
2022-12-06 00:00:00+00:00,3.1634502071610866,2.162269100532184,1.7353723866585982,1.5280083483454716,1.7438737766396397,2.038477304333718,2.19721462861233,1.643495774965044,in_sample
2022-12-07 00:00:00+00:00,3.1634502071610866,2.162269100532184,1.7353723866585982,1.5280083483454716,1.7438737766396397,2.038477304333718,2.19721462861233,1.6193802127288983,in_sample
2022-12-08 00:00:00+00:00,3.1634502071610866,2.162269100532184,1.7353723866585982,1.5280083483454716,1.7438737766396397,2.038477304333718,2.19721462861233,1.6567179547385733,in_sample
2022-12-09 00:00:00+00:00,3.1634502071610866,2.162269100532184,1.7353723866585982,1.5280083483454716,1.7438737766396397,2.038477304333718,2.19721462861233,1.6476722131176726,in_sample
2022-12-10 00:00:00+00:00,3.1634502071610866,2.162269100532184,1.7353723866585982,1.5280083483454716,1.7438737766396397,2.038477304333718,2.19721462861233,1.647479750529994,in_sample
2022-12-11 00:00:00+00:00,3.1634502071610866,2.162269100532184,1.7353723866585982,1.5280083483454716,1.7438737766396397,2.038477304333718,2.19721462861233,1.643370674283053,in_sample
2022-12-12 00:00:00+00:00,3.1634502071610866,2.162269100532184,1.7353723866585982,1.5280083483454716,1.7438737766396397,2.038477304333718,2.19721462861233,1.6551782540371436,in_sample
2022-12-13 00:00:00+00:00,3.1634502071610866,2.162269100532184,1.7353723866585982,1.5280083483454716,1.7438737766396397,2.038477304333718,2.19721462861233,1.710713333711843,in_sample
2022-12-14 00:00:00+00:00,3.1634502071610866,2.162269100532184,1.7353723866585982,1.5280083483454716,1.7438737766396397,2.038477304333718,2.19721462861233,1.7132923323867384,in_sample
2022-12-15 00:00:00+00:00,3.1634502071610866,2.162269100532184,1.7353723866585982,1.5280083483454716,1.7438737766396397,2.038477304333718,2.19721462861233,1.6697861644419596,in_sample
2022-12-16 00:00:00+00:00,3.1634502071610866,2.162269100532184,1.7353723866585982,1.5280083483454716,1.7438737766396397,2.038477304333718,2.19721462861233,1.5997586519150508,in_sample
2022-12-17 00:00:00+00:00,3.1634502071610866,2.162269100532184,1.7353723866585982,1.5280083483454716,1.7438737766396397,2.038477304333718,2.19721462861233,1.6136063350985361,in_sample
2022-12-18 00:00:00+00:00,3.1634502071610866,2.162269100532184,1.7353723866585982,1.5280083483454716,1.7438737766396397,2.038477304333718,2.19721462861233,1.609978415320792,in_sample
2022-12-19 00:00:00+00:00,3.1634502071610866,2.162269100532184,1.7353723866585982,1.5280083483454716,1.7438737766396397,2.038477304333718,2.19721462861233,1.581003172745758,in_sample
2022-12-20 00:00:00+00:00,3.1634502071610866,2.162269100532184,1.7353723866585982,1.5280083483454716,1.7438737766396397,2.038477304333718,2.19721462861233,1.625077105324189,in_sample
2022-12-21 00:00:00+00:00,3.1634502071610866,2.162269100532184,1.7353723866585982,1.5280083483454716,1.7438737766396397,2.038477304333718,2.19721462861233,1.6185718698606475,in_sample
2022-12-22 00:00:00+00:00,3.1634502071610866,2.162269100532184,1.7353723866585982,1.5280083483454716,1.7438737766396397,2.038477304333718,2.19721462861233,1.618177321555906,in_sample
2022-12-23 00:00:00+00:00,3.1634502071610866,2.162269100532184,1.7353723866585982,1.5280083483454716,1.7438737766396397,2.038477304333718,2.19721462861233,1.614414677966787,in_sample
2022-12-24 00:00:00+00:00,3.1634502071610866,2.162269100532184,1.7353723866585982,1.5280083483454716,1.7438737766396397,2.038477304333718,2.19721462861233,1.6194668208933538,in_sample
2022-12-25 00:00:00+00:00,3.1634502071610866,2.162269100532184,1.7353723866585982,1.5280083483454716,1.7438737766396397,2.038477304333718,2.19721462861233,1.6190337800710768,in_sample
2022-12-26 00:00:00+00:00,3.1634502071610866,2.162269100532184,1.7353723866585982,1.5280083483454716,1.7438737766396397,2.038477304333718,2.19721462861233,1.627550249575861,in_sample
2022-12-27 00:00:00+00:00,3.1634502071610866,2.162269100532184,1.7353723866585982,1.5280083483454716,1.7438737766396397,2.038477304333718,2.19721462861233,1.6068893907885482,in_sample
2022-12-28 00:00:00+00:00,3.1634502071610866,2.162269100532184,1.7353723866585982,1.5280083483454716,1.7438737766396397,2.038477304333718,2.19721462861233,1.5915693688093207,in_sample
2022-12-29 00:00:00+00:00,3.1634502071610866,2.162269100532184,1.7353723866585982,1.5280083483454716,1.7438737766396397,2.038477304333718,2.19721462861233,1.600355285936855,in_sample
2022-12-30 00:00:00+00:00,3.1634502071610866,2.162269100532184,1.7353723866585982,1.5280083483454716,1.7438737766396397,2.038477304333718,2.19721462861233,1.5975549552861295,in_sample
2022-12-31 00:00:00+00:00,3.1634502071610866,2.162269100532184,1.7353723866585982,1.5280083483454716,1.7438737766396397,2.038477304333718,2.19721462861233,1.5914346449979455,in_sample
2023-01-01 00:00:00+00:00,3.1634502071610866,2.162269100532184,1.7353723866585982,1.5280083483454716,1.7438737766396397,2.038477304333718,2.19721462861233,1.5984306600600677,in_sample
2023-01-02 00:00:00+00:00,3.1634502071610866,2.162269100532184,1.7353723866585982,1.5280083483454716,1.7438737766396397,2.038477304333718,2.19721462861233,1.6037907431269205,in_sample
2023-01-03 00:00:00+00:00,3.1634502071610866,2.162269100532184,1.7353723866585982,1.5280083483454716,1.7438737766396397,2.038477304333718,2.19721462861233,1.6039062206795278,in_sample
2023-01-04 00:00:00+00:00,3.1634502071610866,2.162269100532184,1.7353723866585982,1.5280083483454716,1.7438737766396397,2.038477304333718,2.19721462861233,1.6207370739720333,in_sample
2023-01-05 00:00:00+00:00,3.1634502071610866,2.162269100532184,1.7353723866585982,1.5280083483454716,1.7438737766396397,2.038477304333718,2.19721462861233,1.618976041294773,in_sample
2023-01-06 00:00:00+00:00,3.1634502071610866,2.162269100532184,1.7353723866585982,1.5280083483454716,1.7438737766396397,2.038477304333718,2.19721462861233,1.630523796555497,in_sample
2023-01-07 00:00:00+00:00,3.1634502071610866,2.162269100532184,1.7353723866585982,1.5280083483454716,1.7438737766396397,2.038477304333718,2.19721462861233,1.6298213081104698,in_sample
2023-01-08 00:00:00+00:00,3.1634502071610866,2.162269100532184,1.7353723866585982,1.5280083483454716,1.7438737766396397,2.038477304333718,2.19721462861233,1.6479320376110391,in_sample
2023-01-09 00:00:00+00:00,3.1634502071610866,2.162269100532184,1.7353723866585982,1.5280083483454716,1.7438737766396397,2.038477304333718,2.19721462861233,1.6522624458338107,in_sample
2023-01-10 00:00:00+00:00,3.1634502071610866,2.162269100532184,1.7353723866585982,1.5280083483454716,1.7438737766396397,2.038477304333718,2.19721462861233,1.677195974067591,in_sample
2023-01-11 00:00:00+00:00,3.1634502071610866,2.162269100532184,1.7353723866585982,1.5280083483454716,1.7438737766396397,2.038477304333718,2.19721462861233,1.725975616914767,in_sample
2023-01-12 00:00:00+00:00,3.1634502071610866,2.162269100532184,1.7353723866585982,1.5280083483454716,1.7438737766396397,2.038477304333718,2.19721462861233,1.8128051133460297,in_sample
2023-01-13 00:00:00+00:00,3.1634502071610866,2.162269100532184,1.7353723866585982,1.5280083483454716,1.7438737766396397,2.038477304333718,2.19721462861233,1.917331544714352,in_sample
2023-01-14 00:00:00+00:00,3.1634502071610866,2.162269100532184,1.7337237828912724,1.5280083483454716,1.7438737766396397,2.0380899936458947,2.1967971578328935,2.0172773664959203,in_sample
2023-01-15 00:00:00+00:00,3.1634502071610866,2.162269100532184,1.727099129934149,1.5280083483454716,1.7438737766396397,2.036532463082315,2.1951183415264612,2.009569239859387,in_sample
2023-01-16 00:00:00+00:00,3.1634502071610866,2.162269100532184,1.7523737110040236,1.5280083483454716,1.7438737766396397,2.042493036386705,2.2015430678805292,2.038977523256698,in_sample
2023-01-17 00:00:00+00:00,3.1634502071610866,2.162269100532184,1.7476264565753235,1.5280083483454716,1.7438737766396397,2.041386396398706,2.2003502532413526,2.0334538469903185,in_sample
2023-01-18 00:00:00+00:00,3.1634502071610866,2.162269100532184,1.7103348708279198,1.5280083483454716,1.7438737766396397,2.0326744047075223,2.1909598540705977,1.990063156598147,in_sample
2023-01-19 00:00:00+00:00,3.1634502071610866,2.162269100532184,1.7424491372854864,1.5280083483454716,1.7438737766396397,2.040307745823073,2.1991876075651393,2.0274297679959736,in_sample
2023-01-20 00:00:00+00:00,3.1634502071610866,2.162269100532184,1.874181312442871,1.5280083483454716,1.7438737766396397,2.071157906277851,2.232440086610243,2.1807069728233204,in_sample
2023-01-21 00:00:00+00:00,3.1604449294642833,2.162269100532184,1.8841720499861985,1.5280083483454716,1.7438737766396397,2.0729725392345024,2.2341627360223524,2.1923317131191165,in_sample
2023-01-22 00:00:00+00:00,3.146718976564427,2.162269100532184,1.8777789704158405,1.5280083483454716,1.7438737766396397,2.0697651992408876,2.2296386621937097,2.184893034105333,in_sample
2023-01-23 00:00:00+00:00,3.146718976564427,2.162269100532184,1.8950229172517992,1.5280083483454716,1.7438737766396397,2.073566596702563,2.2337336884092553,2.2049572588708415,in_sample
2023-01-24 00:00:00+00:00,3.146718976564427,2.162269100532184,1.8713941613235818,1.5280083483454716,1.7438737766396397,2.0683955986562235,2.228163270484326,2.177463978220934,in_sample
2023-01-25 00:00:00+00:00,3.146718976564427,2.162269100532184,1.907221872447501,1.5280083483454716,1.7438737766396397,2.076315456645545,2.2366948766677477,2.219151374712148,in_sample
2023-01-26 00:00:00+00:00,3.146718976564427,2.162269100532184,1.9023671018035166,1.5280083483454716,1.7438737766396397,2.075258418083625,2.2355561899964522,2.2135025977637777,in_sample
2023-01-27 00:00:00+00:00,3.146718976564427,2.162269100532184,1.907833887826811,1.5280083483454716,1.7438737766396397,2.0764511420015217,2.2368410426752203,2.2198634862865596,in_sample
2023-01-28 00:00:00+00:00,3.146718976564427,2.162269100532184,1.9035249687373463,1.5280083483454716,1.7438737766396397,2.0755131924220325,2.2358306436954787,2.2148498358775286,in_sample
2023-01-29 00:00:00+00:00,3.146718976564427,2.162269100532184,1.963436312084916,1.5280083483454716,1.7438737766396397,2.0885780889204577,2.2499047030917483,2.284559785134767,in_sample
2023-01-30 00:00:00+00:00,3.146718976564427,2.162269100532184,1.8873148316637356,1.5280083483454716,1.7438737766396397,2.07238345554984,2.232459158690661,2.1959885022850125,in_sample
2023-01-31 00:00:00+00:00,3.146718976564427,2.162269100532184,1.9120849135695848,1.5280083483454716,1.7438737766396397,2.0778232589226606,2.238319145088742,2.2248097747899034,in_sample
2023-02-01 00:00:00+00:00,3.146718976564427,2.162269100532184,1.962584452840742,1.5280083483454716,1.7438737766396397,2.0887986205834146,2.2501422691316773,2.283568602808222,in_sample
2023-02-02 00:00:00+00:00,3.146718976564427,2.162269100532184,1.9429916902247295,1.5280083483454716,1.7438737766396397,2.0846280652255027,2.245649570408059,2.2607714092976754,in_sample
2023-02-03 00:00:00+00:00,3.146718976564427,2.162269100532184,1.9373346832051634,1.5280083483454716,1.7438737766396397,2.0834141891541336,2.2443419317344406,2.2541891887990624,in_sample
2023-02-04 00:00:00+00:00,3.146718976564427,2.162269100532184,1.9288905250663078,1.5280083483454716,1.7438737766396397,2.08159801572427,2.2423854728578694,2.244363973698063,in_sample
2023-02-05 00:00:00+00:00,3.146718976564427,2.162269100532184,1.8963544642257033,1.5280083483454716,1.7438737766396397,2.074575636920998,2.2348206692337254,2.2065065827016555,in_sample
2023-02-06 00:00:00+00:00,3.146718976564427,2.162269100532184,1.8821705942862939,1.5280083483454716,1.7438737766396397,2.071472260250796,2.231477580554019,2.1900029158082037,in_sample
2023-02-07 00:00:00+00:00,3.146718976564427,2.162269100532184,1.9215711519488865,1.5280083483454716,1.7438737766396397,2.0801449238748306,2.2408201408248365,2.235847504193279,in_sample
2023-02-08 00:00:00+00:00,3.146718976564427,2.162269100532184,1.8985626818780779,1.5280083483454716,1.7438737766396397,2.0751634843714974,2.235453923384286,2.2090759582471664,in_sample
2023-02-09 00:00:00+00:00,3.146718976564427,2.162269100532184,1.8024183739797481,1.5280083483454716,1.7438737766396397,2.0541459895176093,2.2128129884966605,2.0972070791589004,in_sample
2023-02-10 00:00:00+00:00,3.146718976564427,2.162269100532184,1.7879615782630787,1.5280083483454716,1.7438737766396397,2.0508508201638813,2.2092632926218614,2.0803858489957783,in_sample
2023-02-11 00:00:00+00:00,3.146718976564427,2.162269100532184,1.8072069807989424,1.5280083483454716,1.7438737766396397,2.055265842282355,2.2140193412854483,2.1027788710721995,in_sample
2023-02-12 00:00:00+00:00,3.146718976564427,2.162269100532184,1.80057405736372,1.5280083483454716,1.7438737766396397,2.0537571693837076,2.2123941349940965,2.095061121306282,in_sample
2023-02-13 00:00:00+00:00,3.146718976564427,2.162269100532184,1.80016880393688,1.5280083483454716,1.7438737766396397,2.053664721963688,2.2122945467210053,2.0945895879664693,in_sample
2023-02-14 00:00:00+00:00,3.146718976564427,2.162269100532184,1.835004057688946,1.5280083483454716,1.7438737766396397,2.061612857889032,2.2208566150937936,2.1351222089316115,in_sample
2023-02-15 00:00:00+00:00,3.146718976564427,2.162269100532184,2.0124223538639967,1.5280083483454716,1.7438737766396397,2.101478474434851,2.2638015442941435,2.3415575804758255,in_sample
2023-02-16 00:00:00+00:00,3.146718976564427,2.162269100532184,1.9457623003878215,1.5280083483454716,1.7438737766396397,2.0875564796591637,2.2488041823624054,2.263995157641294,in_sample
2023-02-17 00:00:00+00:00,3.146718976564427,2.162269100532184,2.033007573851863,1.5280083483454716,1.7438737766396397,2.106277105082238,2.268970832298853,2.3655095495124443,in_sample
2023-02-18 00:00:00+00:00,3.146718976564427,2.162269100532184,2.037589418718588,1.5280083483454716,1.7438737766396397,2.107226499965557,2.269993560644229,2.3708407631911457,in_sample
2023-02-19 00:00:00+00:00,3.146718976564427,2.162269100532184,2.0069059449721105,1.5280083483454716,1.7438737766396397,2.1008800762556974,2.263156924452184,2.3351389531767395,in_sample
2023-02-20 00:00:00+00:00,3.146718976564427,2.162269100532184,2.055205537068992,1.5280083483454716,1.7438737766396397,2.1109923240151733,2.274050265674888,2.391338028778931,in_sample
2023-02-21 00:00:00+00:00,3.146718976564427,2.162269100532184,2.0215860435974466,1.5280083483454716,1.7438737766396397,2.1040859108729704,2.2666103851683523,2.352220007833228,in_sample
2023-02-22 00:00:00+00:00,3.146718976564427,2.162269100532184,1.9990820726906633,1.5280083483454716,1.7438737766396397,2.0994014416391606,2.2615640766694995,2.326035472779535,in_sample
2023-02-23 00:00:00+00:00,3.146718976564427,2.162269100532184,1.9790261633011192,1.5280083483454716,1.7438737766396397,2.095188967758174,2.2570262215388914,2.302699384023488,in_sample
2023-02-24 00:00:00+00:00,3.146718976564427,2.162269100532184,1.9167329222611003,1.5280083483454716,1.7438737766396397,2.0819990348696424,2.2428174676518338,2.2302179735036756,in_sample
2023-02-25 00:00:00+00:00,3.146718976564427,2.162269100532184,1.9143014017000588,1.5280083483454716,1.7438737766396397,2.0814708002468048,2.2422484309619617,2.2273887734647984,in_sample
2023-02-26 00:00:00+00:00,3.146718976564427,2.162269100532184,1.9473088797922937,1.5280083483454716,1.7438737766396397,2.0886487819144524,2.249980856576507,2.2657946828360904,in_sample
2023-02-27 00:00:00+00:00,3.146718976564427,2.162269100532184,1.9419082575937898,1.5280083483454716,1.7438737766396397,2.087490259700176,2.248732847420247,2.2595107793483797,in_sample
2023-02-28 00:00:00+00:00,3.146718976564427,2.162269100532184,1.9129285023356608,1.5280083483454716,1.7438737766396397,2.0812597947342564,2.242021126894386,2.2257913339870647,in_sample
2023-03-01 00:00:00+00:00,3.146718976564427,2.162269100532184,1.9534703859758853,1.5280083483454716,1.7438737766396397,2.0900816814195315,2.251524436561683,2.272963914227123,in_sample
2023-03-02 00:00:00+00:00,3.146718976564427,2.162269100532184,1.9400143181091685,1.5280083483454716,1.7438737766396397,2.0872022642393104,2.2484226065222366,2.257307082719458,in_sample
2023-03-03 00:00:00+00:00,3.146718976564427,2.162269100532184,1.8478563806544515,1.5280083483454716,1.7438737766396397,2.0673722811378883,2.2270609095482055,2.1500765519942493,in_sample
2023-03-04 00:00:00+00:00,3.146718976564427,2.162269100532184,1.8472691767094382,1.5280083483454716,1.7438737766396397,2.067240888982956,2.22691936835858,2.14939330980799,in_sample
2023-03-05 00:00:00+00:00,3.146718976564427,2.162269100532184,1.8541915668781181,1.5280083483454716,1.7438737766396397,2.068790229835563,2.2285883838909486,2.157447869102345,in_sample
2023-03-06 00:00:00+00:00,3.146718976564427,2.162269100532184,1.8523472502620897,1.5280083483454716,1.7438737766396397,2.0683786753593028,2.228145039992711,2.155301911249727,in_sample
2023-03-07 00:00:00+00:00,3.146718976564427,2.162269100532184,1.8349792462546495,1.5280083483454716,1.7438737766396397,2.0644999631883034,2.2239667271004304,2.1350933395434595,in_sample
2023-03-08 00:00:00+00:00,3.146718976564427,2.162269100532184,1.7943133054429434,1.5280083483454716,1.7438737766396397,2.0553494691453715,2.214109427681261,2.087776412362642,in_sample
2023-03-09 00:00:00+00:00,3.143729593536691,2.162269100532184,1.6829016949742637,1.5280083483454716,1.7438737766396397,2.02943500509018,2.1859618959019045,1.9581432364316282,in_sample
2023-03-10 00:00:00+00:00,3.1115944394719466,2.162269100532184,1.665699100528799,1.5280083483454716,1.7438737766396397,2.0211370641111546,2.174566013301526,1.9381271273130396,in_sample
2023-03-11 00:00:00+00:00,3.1590246909040447,2.162269100532184,1.691089468292057,1.5280083483454716,1.7438737766396397,2.0334603975010666,2.1914710147514853,1.9676701345217258,in_sample
2023-03-12 00:00:00+00:00,3.3967784822032496,2.162269100532184,1.8183638557541986,1.5280083483454716,1.7438737766396397,2.094677129406294,2.275587348925021,2.1157604726111305,in_sample
2023-03-13 00:00:00+00:00,3.7231377165216877,2.162269100532184,1.9947979650354946,1.5280083483454716,1.7438737766396397,2.1755769497439372,2.3875242033348942,2.3210506917586557,in_sample
2023-03-14 00:00:00+00:00,3.7231377165216877,2.162269100532184,2.041360756731632,1.5280083483454716,1.742217096551832,2.185320101018868,2.3985340845332703,2.3752289101902204,in_sample
2023-03-15 00:00:00+00:00,3.7231377165216877,2.162269100532184,2.008733720631941,1.5280083483454716,1.7143712687552273,2.171348926626453,2.3885667943053526,2.3372656647705896,in_sample
2023-03-16 00:00:00+00:00,3.7231377165216877,2.162269100532184,2.0668255587977793,1.5280083483454716,1.7639502534049998,2.196466770599813,2.4065266766440887,2.4048585255633625,in_sample
2023-03-17 00:00:00+00:00,3.7231377165216877,2.162269100532184,2.2647877225702024,1.5280083483454716,1.932902784238848,2.280618490654037,2.466456417097862,2.6351977504972752,in_sample
2023-03-18 00:00:00+00:00,3.7231377165216877,2.162269100532184,2.225337542039017,1.5280083483454716,1.8992336844695692,2.264728116420295,2.4552860283727496,2.5892954233358965,in_sample
2023-03-19 00:00:00+00:00,3.7231377165216877,2.162269100532184,2.312070045860934,1.5280083483454716,1.9732562943816083,2.300035216813352,2.4801666616305695,2.6902131811852428,in_sample
2023-03-20 00:00:00+00:00,3.7231377165216877,2.162269100532184,2.2912615229644007,1.5280083483454716,1.9554970794928228,2.2917551328154517,2.474363101628952,2.6660013876552573,in_sample
2023-03-21 00:00:00+00:00,3.7231377165216877,2.162269100532184,2.323268273206683,1.5280083483454716,1.9828135189282754,2.3045605910169393,2.4833498730918726,2.703242898371093,in_sample
2023-03-22 00:00:00+00:00,3.7231377165216877,2.162269100532184,2.2523654644658335,1.5280083483454716,1.92230089999284,2.2764278401502405,2.4636449231250706,2.620743810162602,in_sample
2023-03-23 00:00:00+00:00,3.7231377165216877,2.162269100532184,2.339230295937331,1.5280083483454716,1.9964364460885913,2.311544969019657,2.4883483148044228,2.721815538082091,in_sample
2023-03-24 00:00:00+00:00,3.7231377165216877,2.162269100532184,2.2693282150464333,1.5280083483454716,1.9367779070424815,2.2839150595254125,2.469015208257815,2.640480848529057,in_sample
2023-03-25 00:00:00+00:00,3.7231377165216877,2.162269100532184,2.2700229352067307,1.5280083483454716,1.9373708220069716,2.2841947338053585,2.469211729591208,2.6412891913973073,in_sample
2023-03-26 00:00:00+00:00,3.7231377165216877,2.162269100532184,2.3119542591675506,1.5280083483454716,1.973157475220859,2.301071974627433,2.4810705095147236,2.6900784573738674,in_sample
2023-03-27 00:00:00+00:00,3.7231377165216877,2.162269100532184,2.242292022141518,1.5280083483454716,1.913703633007728,2.273338238862578,2.4616334469002883,2.609022838572967,in_sample
2023-03-28 00:00:00+00:00,3.719600735690992,2.162269100532184,2.2536804704835394,1.5280083483454716,1.9234232033184822,2.2775247565814283,2.4641591376569747,2.6222738877346483,in_sample
2023-03-29 00:00:00+00:00,3.8646889816922823,2.162269100532184,2.3437294360230676,1.5280083483454716,2.000276276334815,2.331693045346854,2.5195550363268677,2.727050520466953,in_sample
2023-03-30 00:00:00+00:00,3.8646889816922823,2.162269100532184,2.316974439373511,1.5280083483454716,1.9774419916904509,2.321046007568994,2.5120768785519165,2.6959196969099173,in_sample
2023-03-31 00:00:00+00:00,3.8646889816922823,2.162269100532184,2.3533562725300485,1.5280083483454716,2.0084923836998967,2.335624314029527,2.5223326801192014,2.7382518430698557,in_sample
2023-04-01 00:00:00+00:00,3.8646889816922823,2.162269100532184,2.3524382494610836,1.5280083483454716,2.0077088889253916,2.335259871632812,2.5220768559161706,2.7371836757082386,in_sample
2023-04-02 00:00:00+00:00,3.8646889816922823,2.162269100532184,2.3290658783539286,1.5280083483454716,1.9877615354771776,2.3259791926838185,2.5155618291242052,2.709988712069233,in_sample
2023-04-03 00:00:00+00:00,3.8646889816922823,2.162269100532184,2.2980433150054007,1.5280083483454716,1.9612850589080864,2.313586612890689,2.506850102246545,2.6738923537500856,in_sample
2023-04-04 00:00:00+00:00,3.8646889816922823,2.162269100532184,2.328569649668002,1.5280083483454716,1.9873380247882562,2.325879735262205,2.5155081138751005,2.709411324306197,in_sample
2023-04-05 00:00:00+00:00,3.8646889816922823,2.162269100532184,2.3284704039308166,1.5280083483454716,1.9872533226504718,2.3258400828259616,2.5154802384371164,2.7092958467535895,in_sample
2023-04-06 00:00:00+00:00,3.8646889816922823,2.162269100532184,2.317619536665216,1.5280083483454716,1.9779925555860498,2.321504638926455,2.512432427756802,2.696670301001864,in_sample
2023-04-07 00:00:00+00:00,3.8646889816922823,2.162269100532184,2.3066942350967263,1.5280083483454716,1.9686682619182896,2.3171271925213537,2.5093530779358084,2.6839581470856837,in_sample
2023-04-08 00:00:00+00:00,3.8646889816922823,2.162269100532184,2.3095227386065096,1.5280083483454716,1.9710822728451434,2.3182637111456152,2.5101530997197368,2.68724925733499,in_sample
2023-04-09 00:00:00+00:00,3.8646889816922823,2.162269100532184,2.3413227268963226,1.5280083483454716,1.9982222494935453,2.331031848498809,2.519139345163014,2.7242501898162272,in_sample
2023-04-10 00:00:00+00:00,3.8646889816922823,2.162269100532184,2.449971997680009,1.5280083483454716,2.090949914832961,2.3743005371940535,2.5495335701558637,2.850669240533006,in_sample
2023-04-11 00:00:00+00:00,3.8646889816922823,2.162269100532184,2.4964520845951585,1.5280083483454716,2.1306187493619646,2.392318326039962,2.5621094938529505,2.9047512276707312,in_sample
2023-04-12 00:00:00+00:00,3.8646889816922823,2.162269100532184,2.4708053320108387,1.5280083483454716,2.1087303052561923,2.3824875431317722,2.5552659637652124,2.874909903451143,in_sample
2023-04-13 00:00:00+00:00,3.8646889816922823,2.162269100532184,2.511140453698594,1.5280083483454716,2.1431546657540483,2.398044887731409,2.5661115816643707,2.921841905456603,in_sample
2023-04-14 00:00:00+00:00,3.8646889816922823,2.162269100532184,2.5186169658998923,1.5280083483454716,2.1495355601338026,2.4009008031519863,2.5680980284103927,2.9305412144196823,in_sample
2023-04-15 00:00:00+00:00,3.8646889816922823,2.162269100532184,2.504333850223298,1.5280083483454716,2.1373455108043387,2.3954545849514832,2.564311460288537,2.9139220699736232,in_sample
2023-04-16 00:00:00+00:00,3.8646889816922823,2.162269100532184,2.504846619865422,1.5280083483454716,2.137783138516224,2.395650775469795,2.564447973348932,2.914518703995427,in_sample
2023-04-17 00:00:00+00:00,3.8646889816922823,2.162269100532184,2.4331746566613854,1.5280083483454716,2.07661407801296,2.368231772187523,2.5453698609307973,2.8311246647542303,in_sample
2023-04-18 00:00:00+00:00,3.8646889816922823,2.162269100532184,2.511396838519657,1.5280083483454716,2.143373479609991,2.398685526234225,2.5666454153754534,2.922140222467505,in_sample
2023-04-19 00:00:00+00:00,3.8646889816922823,2.162269100532184,2.381492439022103,1.5280083483454716,2.03250543976176,2.3490558065356684,2.532127247304075,2.7709897292340084,in_sample
2023-04-20 00:00:00+00:00,3.8646889816922823,2.162269100532184,2.3347476968077925,1.5280083483454716,1.9926107328653315,2.330612580544386,2.519204869425692,2.7165998019559976,in_sample
2023-04-21 00:00:00+00:00,3.8646889816922823,2.162269100532184,2.2539120438703066,1.5280083483454716,1.9236208416399792,2.298335587197274,2.4965271263859385,2.6225433353573986,in_sample
2023-04-22 00:00:00+00:00,3.8646889816922823,2.162269100532184,2.2997883858842454,1.5280083483454716,1.9627744048307947,2.317047804428256,2.5097389100836405,2.6759228340500965,in_sample
2023-04-23 00:00:00+00:00,3.8646889816922823,2.162269100532184,2.2806670405198637,1.5280083483454716,1.9464551262843433,2.309341865644289,2.504313501363491,2.653674158914434,in_sample
2023-04-24 00:00:00+00:00,3.8646889816922823,2.162269100532184,2.2741747152123204,1.5280083483454716,1.9409141947709503,2.30671228432063,2.50245996790821,2.646120002348044,in_sample
2023-04-25 00:00:00+00:00,3.8646889816922823,2.162269100532184,2.3394453283679004,1.5280083483454716,1.9966199673871237,2.333194071170865,2.5211338388322946,2.722065739446074,in_sample
2023-04-26 00:00:00+00:00,3.8646889816922823,2.162269100532184,2.3484766904517693,1.5280083483454716,2.0043278619254994,2.3367969628842404,2.523664357837768,2.732574196733333,in_sample
2023-04-27 00:00:00+00:00,3.8646889816922823,2.162269100532184,2.4364001431199105,1.5280083483454716,2.0793668974909507,2.3717914353431833,2.548229734194654,2.8348776852139657,in_sample
2023-04-28 00:00:00+00:00,3.8646889816922823,2.162269100532184,2.4232500829428485,1.5280083483454716,2.0681438642345245,2.3666708971277712,2.5446537873800437,2.819576909493506,in_sample
2023-04-29 00:00:00+00:00,3.8646889816922823,2.162269100532184,2.4160299555626126,1.5280083483454716,2.061981783710713,2.363850277751399,2.5426825057532194,2.811175917541329,in_sample
2023-04-30 00:00:00+00:00,3.8646889816922823,2.162269100532184,2.416881814806787,1.5280083483454716,2.062708810393362,2.3641836623116874,2.542915599707233,2.8121670998678745,in_sample
2023-05-01 00:00:00+00:00,3.8646889816922823,2.162269100532184,2.3202330077444318,1.5280083483454716,1.98022304521437,2.32636707910288,2.5164765173353802,2.6997112098871883,in_sample
2023-05-02 00:00:00+00:00,3.8646889816922823,2.162269100532184,2.3700295563771925,1.5280083483454716,2.022722342847667,2.346338358022805,2.5305186758874356,2.7576520719078723,in_sample
2023-05-03 00:00:00+00:00,3.8646889816922823,2.162269100532184,2.3999604166166812,1.5280083483454716,2.0482670959011307,2.358191024632732,2.538827667714384,2.79247817714834,in_sample
2023-05-04 00:00:00+00:00,3.8646889816922823,2.162269100532184,2.3840480167546265,1.5280083483454716,2.0346865198097066,2.3519368417261717,2.5344510544190357,2.773963276213645,in_sample
2023-05-05 00:00:00+00:00,3.8646889816922823,2.162269100532184,2.4390880485020148,1.5280083483454716,2.0816609137226103,2.373656316758001,2.5496642670030267,2.838005202263745,in_sample
2023-05-06 00:00:00+00:00,3.8610175271596745,2.162269100532184,2.385023933170283,1.5280083483454716,2.035519424164586,2.3521598122090173,2.5342194608237225,2.77509880548095,in_sample
2023-05-07 00:00:00+00:00,3.804999046784486,2.162269100532184,2.3504202528049833,1.5280083483454716,2.005986612123776,2.3316836940843007,2.513261519137015,2.734835632138558,in_sample
2023-05-08 00:00:00+00:00,3.7032981918777144,2.162269100532184,2.2875977011666424,1.5280083483454716,1.952370158906283,2.294290640029118,2.4749717640238247,2.6617383413381734,in_sample
2023-05-09 00:00:00+00:00,3.6966573777605793,2.162269100532184,2.283495544029647,1.5280083483454716,1.9488691372111966,2.2918221446152947,2.4724420132044953,2.6569652691637407,in_sample
2023-05-10 00:00:00+00:00,3.689490427739655,2.162269100532184,2.2812377035086797,1.5280083483454716,1.9469421635766029,2.290027054264393,2.470320420448638,2.654338154841926,in_sample
2023-05-11 00:00:00+00:00,3.689490427739655,2.162269100532184,2.2294231582198165,1.5280083483454716,1.9027205891416905,2.269221381916719,2.4557320162820395,2.5940492492515617,in_sample
2023-05-12 00:00:00+00:00,3.689490427739655,2.162269100532184,2.2152558292366042,1.5280083483454716,1.8906293589729746,2.263453287917189,2.4516745979123327,2.577564828616877,in_sample
2023-05-13 00:00:00+00:00,3.689490427739655,2.162269100532184,2.213403242142477,1.5280083483454716,1.8890482524010002,2.262696130338545,2.4511415197136985,2.5754092476348758,in_sample
2023-05-14 00:00:00+00:00,3.689490427739655,2.162269100532184,2.2249157476559804,1.5280083483454716,1.8988737003839848,2.267403686771089,2.4544562717335427,2.588804643737316,in_sample
2023-05-15 00:00:00+00:00,3.689490427739655,2.162269100532184,2.2456415657715256,1.5280083483454716,1.9165623301579495,2.2758523296387647,2.4604009281645407,2.6129202059734618,in_sample
2023-05-16 00:00:00+00:00,3.689490427739655,2.162269100532184,2.235080165239382,1.5280083483454716,1.9075486109953983,2.2715709361391623,2.457392356886871,2.6006314697501742,in_sample
2023-05-17 00:00:00+00:00,3.689490427739655,2.162269100532184,2.2657636389858595,1.5280083483454716,1.933735688593726,2.284044705673925,2.466163562103757,2.63633327976458,in_sample
2023-05-18 00:00:00+00:00,3.689490427739655,2.162269100532184,2.2172572849365086,1.5280083483454716,1.8923375187516254,2.264485616764271,2.452436447670698,2.5798936259277903,in_sample
2023-05-19 00:00:00+00:00,3.689490427739655,2.162269100532184,2.2222857356205674,1.5280083483454716,1.896629093732699,2.2665398401195884,2.4538825173317775,2.5857444885932237,in_sample
2023-05-20 00:00:00+00:00,3.689490427739655,2.162269100532184,2.2404311645692934,1.5280083483454716,1.9121154679242711,2.2739425493156427,2.4590919982908614,2.6068576344615813,in_sample
2023-05-21 00:00:00+00:00,3.689490427739655,2.162269100532184,2.210930369190941,1.5280083483454716,1.8869377574678734,2.261965727191338,2.4506731972755054,2.5725319319490785,in_sample
2023-05-22 00:00:00+00:00,3.689490427739655,2.162269100532184,2.2198128626690323,1.5280083483454716,1.8945185987995727,2.26560073914819,2.4532330712266335,2.582867172907427,in_sample
2023-05-23 00:00:00+00:00,3.689490427739655,2.162269100532184,2.250388820200226,1.5280083483454716,1.9206139157486344,2.2780833971501884,2.462018760948485,2.6184438822398413,in_sample
2023-05-24 00:00:00+00:00,3.689490427739655,2.162269100532184,2.1762770659570485,1.5280083483454716,1.8573625943581715,2.2480738707324317,2.4409376139013315,2.532211019830383,in_sample
2023-05-25 00:00:00+00:00,3.689490427739655,2.162269100532184,2.1885173735432444,1.5280083483454716,1.8678091913515746,2.2531315200703212,2.444507120372572,2.5464532513186096,in_sample
2023-05-26 00:00:00+00:00,3.689490427739655,2.162269100532184,2.207382334086564,1.5280083483454716,1.883909656042083,2.2609002931655455,2.4499857325335292,2.5684036094433695,in_sample
2023-05-27 00:00:00+00:00,3.689490427739655,2.162269100532184,2.219928649362415,1.5280083483454716,1.894617417960321,2.266040493383204,2.453606290769513,2.5830018967188018,in_sample
2023-05-28 00:00:00+00:00,3.689490427739655,2.162269100532184,2.320340523959716,1.5280083483454716,1.9803148058636364,2.3070395361081766,2.4824615036995192,2.6998363105691796,in_sample
2023-05-29 00:00:00+00:00,3.689490427739655,2.162269100532184,2.2927419385440833,1.5280083483454716,1.9567605530481051,2.2960633837655253,2.4747845138192464,2.6677239278149822,in_sample
2023-05-30 00:00:00+00:00,3.689490427739655,2.162269100532184,2.289276608220694,1.5280083483454716,1.9538030367371348,2.2946752435767976,2.4738119901018543,2.6636918366031126,in_sample
2023-05-31 00:00:00+00:00,3.689490427739655,2.162269100532184,2.249661018127533,1.5280083483454716,1.9199927667382155,2.2787916385078377,2.4626816637935214,2.617597046854055,in_sample
2023-06-01 00:00:00+00:00,3.689490427739655,2.162269100532184,2.2169264658125574,1.5280083483454716,1.8920551782923443,2.2655282670923964,2.453364774231788,2.5795087007524327,in_sample
2023-06-02 00:00:00+00:00,3.689490427739655,2.162269100532184,2.2518692357799077,1.5280083483454716,1.9218773893039174,2.279811795989242,2.463418835199185,2.6201664223995658,in_sample
2023-06-03 00:00:00+00:00,3.689490427739655,2.162269100532184,2.2375695791471153,1.5280083483454716,1.9096732229514892,2.274020957808757,2.459351649076268,2.603528031694739,in_sample
2023-06-04 00:00:00+00:00,3.689490427739655,2.162269100532184,2.2414980562440365,1.5280083483454716,1.9130260159054533,2.275617947566559,2.460474292030635,2.6080990181521093,in_sample
2023-06-05 00:00:00+00:00,3.689490427739655,2.162269100532184,2.126728631667252,1.5280083483454716,1.8150750520693355,2.2290113735976393,2.427719109998297,2.474558851691217,in_sample
2023-06-06 00:00:00+00:00,3.685985411833302,2.162269100532184,2.2513481956596846,1.5280083483454716,1.9214327030805498,2.2808330649620623,2.463990876500871,2.619560165248378,in_sample
2023-06-07 00:00:00+00:00,3.5647147788836886,2.162269100532184,2.1772777938070016,1.5280083483454716,1.8582166742474973,2.2358087843093424,2.417783002925694,2.5333754184858392,in_sample
2023-06-08 00:00:00+00:00,3.5863799209917033,2.162269100532184,2.190510558765051,1.5280083483454716,1.8695102926187437,2.2439618823342418,2.426158853698766,2.5487724255001383,in_sample
2023-06-09 00:00:00+00:00,3.5839696739321862,2.162269100532184,2.1890384136634675,1.5280083483454716,1.8682538775749424,2.2430570419133637,2.4252294607867024,2.5470595084697973,in_sample
2023-06-10 00:00:00+00:00,3.497105994792864,2.162269100532184,2.135983296659787,1.5280083483454716,1.8229735264177258,2.2104384310031566,2.3917250808544837,2.4853271334718423,in_sample
2023-06-11 00:00:00+00:00,3.5083854094028495,2.162269100532184,2.1428726049160716,1.5280083483454716,1.828853266482256,2.2147161025813564,2.3961221559074932,2.493343200248662,in_sample
2023-06-12 00:00:00+00:00,3.5063407616164053,2.162269100532184,2.1416237627231554,1.5280083483454716,1.8277874312484694,2.213941675513348,2.3953261889838116,2.4918901077116873,in_sample
2023-06-13 00:00:00+00:00,3.5094822072220677,2.162269100532184,2.143542513642073,1.5280083483454716,1.8294250059123003,2.215131801257635,2.396549438189178,2.4941226737287607,in_sample
2023-06-14 00:00:00+00:00,3.4008721416918255,2.162269100532184,2.07720500881175,1.5280083483454716,1.7728086853149452,2.173999988205962,2.3542739843157396,2.416935552940203,in_sample
2023-06-15 00:00:00+00:00,3.4613097495271465,2.162269100532184,2.1160927968322185,1.5280083483454716,1.8059978063034456,2.1980068724137722,2.378703317449268,2.462183507303474,in_sample
2023-06-16 00:00:00+00:00,3.4613097495271465,2.162269100532184,2.1781131120949775,1.5280083483454716,1.8589295839071818,2.2237753225272807,2.396829772853427,2.534347354553617,in_sample
2023-06-17 00:00:00+00:00,3.4613097495271465,2.162269100532184,2.1924127687277704,1.5280083483454716,1.8711337502596104,2.22961509703009,2.400921020028733,2.550985745258444,in_sample
2023-06-18 00:00:00+00:00,3.4613097495271465,2.162269100532184,2.177592071974755,1.5280083483454716,1.8584848976838142,2.2235862233252166,2.3967011651058514,2.533741097402429,in_sample
2023-06-19 00:00:00+00:00,3.4613097495271465,2.162269100532184,2.218845216731475,1.5280083483454716,1.8936927529561756,2.2404360136106303,2.40850621342392,2.581741266769506,in_sample
2023-06-20 00:00:00+00:00,3.4613097495271465,2.162269100532184,2.339767877013753,1.5280083483454716,1.9968952493349228,2.289275739953886,2.442633503544808,2.722441041492047,in_sample
2023-06-21 00:00:00+00:00,3.4613097495271465,2.162269100532184,2.4801923246529562,1.5280083483454716,2.1167417157882946,2.3442333764673244,2.4807490023562107,2.8858321553019115,in_sample
2023-06-22 00:00:00+00:00,3.4613097495271465,2.162269100532184,2.4708053320108396,1.5280083483454716,2.1087303052561914,2.340684409520274,2.4783078364739715,2.874909903451143,in_sample
2023-06-23 00:00:00+00:00,3.4613097495271465,2.162269100532184,2.5368368291515075,1.5265567404145435,2.1650854609287116,2.3652613020104787,2.495057277781748,2.951740968452495,in_sample
2023-06-24 00:00:00+00:00,3.4613097495271465,2.162269100532184,2.522087280840432,1.5191313403718403,2.1545541617975243,2.3579089117668155,2.4890005044807597,2.9373832594116616,in_sample
2023-06-25 00:00:00+00:00,3.4613097495271465,2.162269100532184,2.522087280840432,1.5158366923636168,2.149881427196421,2.3558634059719514,2.4875970057262267,2.931012747759495,in_sample
2023-06-26 00:00:00+00:00,3.4613097495271465,2.162269100532184,2.522087280840432,1.505987586006707,2.1359126329734854,2.3497405434328242,2.4833946018805166,2.911968574708684,in_sample
2023-06-27 00:00:00+00:00,3.4613097495271465,2.162269100532184,2.522087280840432,1.527044467763193,2.165777195053951,2.3628822742787428,2.492422605970869,2.952684035132121,in_sample
2023-06-28 00:00:00+00:00,3.4613097495271465,2.162269100532184,2.522087280840432,1.494891836602306,2.1222332377213133,2.3434305880143804,2.4789201037315403,2.893318949962614,in_sample
2023-06-29 00:00:00+00:00,3.4613097495271465,2.162269100532184,2.522087280840432,1.494891836602306,2.1486038366181743,2.3492544217929443,2.4807682683891557,2.9292709613410026,in_sample
2023-06-30 00:00:00+00:00,3.4613097495271465,2.162269100532184,2.522087280840432,1.494891836602306,2.147995540804239,2.3491214013071486,2.4807261282534836,2.9312244566059418,in_sample
2023-07-01 00:00:00+00:00,3.4613097495271465,2.162269100532184,2.522087280840432,1.494891836602306,2.147995540804239,2.3491214013071486,2.4807261282534836,2.942137085327326,in_sample
2023-07-02 00:00:00+00:00,3.4613097495271465,2.162269100532184,2.522087280840432,1.494891836602306,2.147995540804239,2.3491214013071486,2.4807261282534836,2.9458997289164457,in_sample
2023-07-03 00:00:00+00:00,3.4613097495271465,2.162269100532184,2.522087280840432,1.494891836602306,2.147995540804239,2.3491214013071486,2.4807261282534836,2.997508571802499,in_sample
2023-07-04 00:00:00+00:00,3.4613097495271465,2.162269100532184,2.522087280840432,1.494891836602306,2.147995540804239,2.3491214013071486,2.4807261282534836,2.9596992964530107,in_sample
2023-07-05 00:00:00+00:00,3.4613097495271465,2.162269100532184,2.522087280840432,1.494891836602306,2.147995540804239,2.3491214013071486,2.4807261282534836,2.933938179092212,in_sample
2023-07-06 00:00:00+00:00,3.4613097495271465,2.162269100532184,2.522087280840432,1.494891836602306,2.147995540804239,2.3491214013071486,2.4807261282534836,2.8748521646748397,in_sample
2023-07-07 00:00:00+00:00,3.4613097495271465,2.162269100532184,2.522087280840432,1.494891836602306,2.147995540804239,2.3491214013071486,2.4807261282534836,2.9184930564309934,in_sample
2023-07-08 00:00:00+00:00,3.4613097495271465,2.162269100532184,2.522087280840432,1.494891836602306,2.147995540804239,2.3491214013071486,2.4807261282534836,2.912853902612006,in_sample
2023-07-09 00:00:00+00:00,3.4613097495271465,2.162269100532184,2.522087280840432,1.494891836602306,2.147995540804239,2.3491214013071486,2.4807261282534836,2.901161800410523,in_sample
2023-07-10 00:00:00+00:00,3.4613097495271465,2.162269100532184,2.522087280840432,1.494891836602306,2.147995540804239,2.3491214013071486,2.4807261282534836,2.9251330157059097,in_sample
2023-07-11 00:00:00+00:00,3.4613097495271465,2.162269100532184,2.522087280840432,1.494891836602306,2.147995540804239,2.3491214013071486,2.4807261282534836,2.9454859343529365,in_sample
2023-07-12 00:00:00+00:00,3.4613097495271465,2.162269100532184,2.522087280840432,1.494891836602306,2.147995540804239,2.3491214013071486,2.4807261282534836,2.9224385394784074,in_sample
2023-07-13 00:00:00+00:00,3.4613097495271465,2.162269100532184,2.522087280840432,1.494891836602306,2.147995540804239,2.3491214013071486,2.4807261282534836,3.0256754715092824,in_sample
2023-07-14 00:00:00+00:00,3.4613097495271465,2.162269100532184,2.522087280840432,1.494891836602306,2.147995540804239,2.3491214013071486,2.4807261282534836,2.915163453664151,in_sample
2023-07-15 00:00:00+00:00,3.4613097495271465,2.162269100532184,2.522087280840432,1.494891836602306,2.147995540804239,2.3491214013071486,2.4807261282534836,2.913537144798266,in_sample
2023-07-16 00:00:00+00:00,3.4613097495271465,2.162269100532184,2.522087280840432,1.494891836602306,2.147995540804239,2.3491214013071486,2.4807261282534836,2.907801759685439,in_sample
2023-07-17 00:00:00+00:00,3.4613097495271465,2.162269100532184,2.522087280840432,1.494891836602306,2.147995540804239,2.3491214013071486,2.4807261282534836,2.8990735813342083,in_sample
2023-07-18 00:00:00+00:00,3.4613097495271465,2.162269100532184,2.522087280840432,1.494891836602306,2.147995540804239,2.3491214013071486,2.4807261282534836,2.8720807034122657,in_sample
2023-07-19 00:00:00+00:00,3.4613097495271465,2.162269100532184,2.522087280840432,1.494891836602306,2.147995540804239,2.3491214013071486,2.4807261282534836,2.87688264497485,in_sample
2023-07-20 00:00:00+00:00,3.4613097495271465,2.162269100532184,2.522087280840432,1.494891836602306,2.147995540804239,2.3491214013071486,2.4807261282534836,2.866826474768636,in_sample
2023-07-21 00:00:00+00:00,3.4613097495271465,2.162269100532184,2.522087280840432,1.494891836602306,2.147995540804239,2.3491214013071486,2.4807261282534836,2.876488096670109,in_sample
2023-07-22 00:00:00+00:00,3.4613097495271465,2.162269100532184,2.522087280840432,1.494891836602306,2.147995540804239,2.3491214013071486,2.4807261282534836,2.866104740064841,in_sample
2023-07-23 00:00:00+00:00,3.4613097495271465,2.162269100532184,2.522087280840432,1.494891836602306,2.147995540804239,2.3491214013071486,2.4807261282534836,2.8937519907848914,in_sample
2023-07-24 00:00:00+00:00,3.4613097495271465,2.162269100532184,2.522087280840432,1.494891836602306,2.147995540804239,2.3491214013071486,2.4807261282534836,2.806470207272584,in_sample
2023-07-25 00:00:00+00:00,3.4613097495271465,2.162269100532184,2.522087280840432,1.494891836602306,2.147995540804239,2.3491214013071486,2.4807261282534836,2.8115223501991506,in_sample
2023-07-26 00:00:00+00:00,3.4613097495271465,2.162269100532184,2.522087280840432,1.494891836602306,2.147995540804239,2.3491214013071486,2.4807261282534836,2.8230412360717234,in_sample
2023-07-27 00:00:00+00:00,3.4613097495271465,2.162269100532184,2.522087280840432,1.494891836602306,2.147995540804239,2.3491214013071486,2.4807261282534836,2.8108872236598113,in_sample
2023-07-28 00:00:00+00:00,3.4613097495271465,2.162269100532184,2.522087280840432,1.494891836602306,2.147995540804239,2.3491214013071486,2.4807261282534836,2.8195672863641223,in_sample
2023-07-29 00:00:00+00:00,3.4613097495271465,2.162269100532184,2.522087280840432,1.494891836602306,2.147995540804239,2.3491214013071486,2.4807261282534836,2.8233395530826253,in_sample
2023-07-30 00:00:00+00:00,3.4613097495271465,2.162269100532184,2.522087280840432,1.494891836602306,2.147995540804239,2.3491214013071486,2.4807261282534836,2.8167958251015484,in_sample
2023-07-31 00:00:00+00:00,3.4613097495271465,2.162269100532184,2.522087280840432,1.494891836602306,2.147995540804239,2.3491214013071486,2.4807261282534836,2.811955391021428,in_sample
2023-08-01 00:00:00+00:00,3.4613097495271465,2.162269100532184,2.522087280840432,1.494891836602306,2.147995540804239,2.3491214013071486,2.4807261282534836,2.858184904581861,in_sample
2023-08-02 00:00:00+00:00,3.4613097495271465,2.162269100532184,2.522087280840432,1.494891836602306,2.147995540804239,2.3491214013071486,2.4807261282534836,2.807076464423772,in_sample
2023-08-03 00:00:00+00:00,3.4613097495271465,2.162269100532184,2.522087280840432,1.494891836602306,2.147995540804239,2.3491214013071486,2.4807261282534836,2.8080484004915496,in_sample
2023-08-04 00:00:00+00:00,3.4613097495271465,2.162269100532184,2.522087280840432,1.494891836602306,2.147995540804239,2.3491214013071486,2.4807261282534836,2.8004365051488556,in_sample
2023-08-05 00:00:00+00:00,3.4613097495271465,2.162269100532184,2.522087280840432,1.494891836602306,2.147995540804239,2.3491214013071486,2.4807261282534836,2.796260066996227,in_sample
2023-08-06 00:00:00+00:00,3.4613097495271465,2.162269100532184,2.522087280840432,1.494891836602306,2.147995540804239,2.3491214013071486,2.4807261282534836,2.7980114765441035,in_sample
2023-08-07 00:00:00+00:00,3.4613097495271465,2.162269100532184,2.522087280840432,1.494891836602306,2.147995540804239,2.3491214013071486,2.4807261282534836,2.8102136046029353,in_sample
2023-08-08 00:00:00+00:00,3.4613097495271465,2.162269100532184,2.522087280840432,1.494891836602306,2.147995540804239,2.3491214013071486,2.4807261282534836,2.863747073365776,in_sample
2023-08-09 00:00:00+00:00,3.4613097495271465,2.162269100532184,2.522087280840432,1.494891836602306,2.147995540804239,2.3491214013071486,2.4807261282534836,2.845828806452886,in_sample
2023-08-10 00:00:00+00:00,3.4613097495271465,2.162269100532184,2.522087280840432,1.494891836602306,2.147995540804239,2.3491214013071486,2.4807261282534836,2.8334053464182234,in_sample
2023-08-11 00:00:00+00:00,3.4613097495271465,2.162269100532184,2.522087280840432,1.494891836602306,2.147995540804239,2.3491214013071486,2.4807261282534836,2.830691623931953,in_sample
2023-08-12 00:00:00+00:00,3.4613097495271465,2.162269100532184,2.522087280840432,1.494891836602306,2.147995540804239,2.3491214013071486,2.4807261282534836,2.831192026659918,in_sample
2023-08-13 00:00:00+00:00,3.4613097495271465,2.162269100532184,2.522087280840432,1.494891836602306,2.147995540804239,2.3491214013071486,2.4807261282534836,2.818932159824782,in_sample
2023-08-14 00:00:00+00:00,3.4613097495271465,2.162269100532184,2.522087280840432,1.494891836602306,2.147995540804239,2.3491214013071486,2.4807261282534836,2.8310765491073107,in_sample
2023-08-15 00:00:00+00:00,3.4613097495271465,2.162269100532184,2.522087280840432,1.494891836602306,2.147995540804239,2.3491214013071486,2.4807261282534836,2.808875989618568,in_sample
2023-08-16 00:00:00+00:00,3.4613097495271465,2.162269100532184,2.522087280840432,1.494891836602306,2.147995540804239,2.3491214013071486,2.4807261282534836,2.763223863821172,in_sample
2023-08-17 00:00:00+00:00,3.4613097495271465,2.162269100532184,2.522087280840432,1.494891836602306,2.147995540804239,2.3491214013071486,2.4807261282534836,2.560685859677452,in_sample
2023-08-18 00:00:00+00:00,3.4613097495271465,2.162269100532184,2.522087280840432,1.494891836602306,2.147995540804239,2.3491214013071486,2.4807261282534836,2.5060649772942263,in_sample
2023-08-19 00:00:00+00:00,3.4613097495271465,2.162269100532184,2.522087280840432,1.494891836602306,2.147995540804239,2.3491214013071486,2.4807261282534836,2.510510863069605,in_sample
2023-08-20 00:00:00+00:00,3.4613097495271465,2.162269100532184,2.522087280840432,1.494891836602306,2.147995540804239,2.3491214013071486,2.4807261282534836,2.518940724409934,in_sample
2023-08-21 00:00:00+00:00,3.4613097495271465,2.162269100532184,2.522087280840432,1.494891836602306,2.147995540804239,2.3491214013071486,2.4807261282534836,2.513118731132652,in_sample
2023-08-22 00:00:00+00:00,3.4613097495271465,2.162269100532184,2.522087280840432,1.494891836602306,2.147995540804239,2.3491214013071486,2.4807261282534836,2.506286309270057,in_sample
2023-08-23 00:00:00+00:00,3.4613097495271465,2.162269100532184,2.522087280840432,1.494891836602306,2.147995540804239,2.3491214013071486,2.4807261282534836,2.5423537982010527,in_sample
2023-08-24 00:00:00+00:00,3.4613097495271465,2.162269100532184,2.522087280840432,1.494891836602306,2.147995540804239,2.3491214013071486,2.4807261282534836,2.517853310789549,in_sample
2023-08-25 00:00:00+00:00,3.4613097495271465,2.162269100532184,2.522087280840432,1.494891836602306,2.147995540804239,2.3491214013071486,2.4807261282534836,2.5069887977150844,in_sample
2023-08-26 00:00:00+00:00,3.4613097495271465,2.162269100532184,2.522087280840432,1.494891836602306,2.147995540804239,2.3491214013071486,2.4807261282534836,2.5024274343870982,in_sample
2023-08-27 00:00:00+00:00,3.4613097495271465,2.162269100532184,2.522087280840432,1.494891836602306,2.147995540804239,2.3491214013071486,2.4807261282534836,2.510453124293302,in_sample
2023-08-28 00:00:00+00:00,3.4613097495271465,2.162269100532184,2.522087280840432,1.494891836602306,2.147995540804239,2.3491214013071486,2.4807261282534836,2.5122622726174817,in_sample
2023-08-29 00:00:00+00:00,3.4613097495271465,2.162269100532184,2.522087280840432,1.494891836602306,2.147995540804239,2.3491214013071486,2.4807261282534836,2.6656164624798997,in_sample
2023-08-30 00:00:00+00:00,3.4580215052650956,2.162269100532184,2.5196912979236337,1.494891836602306,2.145954945040475,2.3477824021084035,2.4793828150550343,2.6261905013939106,in_sample
2023-08-31 00:00:00+00:00,3.285389059468289,2.162269100532184,2.393902470193327,1.494891836602306,2.0388239019951864,2.2774583597059657,2.4088301901788265,2.4950849866671545,in_sample
2023-09-01 00:00:00+00:00,3.2654912694100195,2.162269100532184,2.3816781302113155,1.494891836602306,2.0284127524802154,2.2700478081492843,2.4011094661459946,2.4823439633628217,in_sample
2023-09-02 00:00:00+00:00,3.2654912694100195,2.162269100532184,2.3872363270913537,1.494891836602306,2.033146522879016,2.2721668808291304,2.4025663876893635,2.488137087251952,in_sample
2023-09-03 00:00:00+00:00,3.2654912694100195,2.162269100532184,2.3970508840406572,1.494891836602306,2.041505323433709,2.2759034712952095,2.4051345592339666,2.4983664737870765,in_sample
2023-09-04 00:00:00+00:00,3.2654912694100195,2.162269100532184,2.383376981084948,1.494891836602306,2.0298596191801805,2.270710342787133,2.401567355065665,2.4841146191694663,in_sample
2023-09-05 00:00:00+00:00,3.2654912694100195,2.162269100532184,2.380210101467252,1.494891836602306,2.027162470929701,2.2695034726429077,2.4007376821101962,2.480813885790776,in_sample
2023-09-06 00:00:00+00:00,3.2654912694100195,2.162269100532184,2.3772278795532116,1.494891836602306,2.024622590798783,2.268366066665858,2.3999556173439514,2.4777056149997647,in_sample
2023-09-07 00:00:00+00:00,3.2654912694100195,2.162269100532184,2.4227737021599056,1.494891836602306,2.063412772488625,2.2857501129103137,2.4119107470878984,2.525176512250725,in_sample
2023-09-08 00:00:00+00:00,3.2654912694100195,2.162269100532184,2.3912987965717805,1.494891836602306,2.0366064215093687,2.2738721948137517,2.403763963764382,2.492371264180884,in_sample
2023-09-09 00:00:00+00:00,3.2654912694100195,2.162269100532184,2.39063402883862,1.494891836602306,2.0360402562789472,2.273619345296726,2.403590223189545,2.4916783988652407,in_sample
2023-09-10 00:00:00+00:00,3.2654912694100195,2.162269100532184,2.38470651655127,1.494891836602306,2.0309919496410234,2.2713643942764645,2.4020407176163125,2.4855003498007533,in_sample
2023-09-11 00:00:00+00:00,3.2654912694100195,2.162269100532184,2.322107555011966,1.494891836602306,1.9776780571096775,2.2475149098435234,2.385646680908603,2.4202555325776616,in_sample
2023-09-12 00:00:00+00:00,3.2654912694100195,2.162269100532184,2.384466461536517,1.494891836602306,2.030787501085593,2.271657214858288,2.402303636653016,2.485250148436771,in_sample
2023-09-13 00:00:00+00:00,3.2654912694100195,2.162269100532184,2.4199299735236073,1.494891836602306,2.060990843447378,2.2851715073290277,2.4115931244899076,2.5222125884004725,in_sample
2023-09-14 00:00:00+00:00,3.2654912694100195,2.162269100532184,2.447665560612703,1.494891836602306,2.084612515005514,2.2956479383081865,2.4187795338007088,2.5511204690698186,in_sample
2023-09-15 00:00:00+00:00,3.2654912694100195,2.162269100532184,2.4551257318403956,1.494891836602306,2.090966147035798,2.298446674699933,2.4206962876830147,2.5588959576120396,in_sample
2023-09-16 00:00:00+00:00,3.2654912694100195,2.162269100532184,2.4510447965896036,1.494891836602306,2.0874905215934896,2.2969184740159188,2.4196501240516475,2.5546425344243398,in_sample
2023-09-17 00:00:00+00:00,3.2654912694100195,2.162269100532184,2.448025643134832,1.494891836602306,2.084919187838659,2.295786752660878,2.4188751987174393,2.5514957711157926,in_sample
2023-09-18 00:00:00+00:00,3.2654912694100195,2.162269100532184,2.4697875535106637,1.494891836602306,2.103453235728981,2.303950181127167,2.424465920290325,2.5741774870737317,in_sample
2023-09-19 00:00:00+00:00,3.2654912694100195,2.162269100532184,2.510975454311082,1.494891836602306,2.138531889797172,2.3193190935462913,2.4349782625506995,2.617106267255474,in_sample
2023-09-20 00:00:00+00:00,3.2654912694100195,2.162269100532184,2.50282281669468,1.494891836602306,2.131588502318532,2.316306946525257,2.4329227311875714,2.608609044009458,in_sample
2023-09-21 00:00:00+00:00,3.2654912694100195,2.162269100532184,2.4515710710450227,1.494891836602306,2.0879387357342396,2.2973340054639912,2.419969437248898,2.555191052799224,in_sample
2023-09-22 00:00:00+00:00,3.2654912694100195,2.162269100532184,2.452872907855796,1.494891836602306,2.0890474759771482,2.297821978912573,2.4203035517219424,2.5565479140423593,in_sample
2023-09-23 00:00:00+00:00,3.2654912694100195,2.162269100532184,2.4525405239892155,1.494891836602306,2.0887643933619375,2.2976974296215573,2.42021827940267,2.5562014813845373,in_sample
2023-09-24 00:00:00+00:00,3.2654912694100195,2.162269100532184,2.4220073726897353,1.494891836602306,2.0627601097924453,2.2862552630073316,2.4123842838185854,2.5243777925118582,in_sample
2023-09-25 00:00:00+00:00,3.2654912694100195,2.162269100532184,2.4273716789809354,1.494891836602306,2.0673287486657066,2.288280719020212,2.41377346197199,2.5299688306839254,in_sample
2023-09-26 00:00:00+00:00,3.2654912694100195,2.162269100532184,2.419828411786597,1.494891836602306,2.0609043459816196,2.2854363070121644,2.4118231994863315,2.522106733977249,in_sample
2023-09-27 00:00:00+00:00,3.2654912694100195,2.162269100532184,2.4337516026422414,1.494891836602306,2.072762362196556,2.2906962776342064,2.4154312534226223,2.5366184130882257,in_sample
2023-09-28 00:00:00+00:00,3.2654912694100195,2.162269100532184,2.4939684798043866,1.494891836602306,2.124047495985559,2.313367215163957,2.430969786196465,2.599380462930262,in_sample
2023-09-29 00:00:00+00:00,3.2654912694100195,2.162269100532184,2.4828059216183958,1.494891836602306,2.1145406381580667,2.309225527511696,2.4281408335069257,2.587746099505083,in_sample
2023-09-30 00:00:00+00:00,3.2654912694100195,2.162269100532184,2.4883456527280687,1.494891836602306,2.1192586817449115,2.311286500281677,2.429549451180663,2.593519977135445,in_sample
2023-10-01 00:00:00+00:00,3.2654912694100195,2.162269100532184,2.5834905345367014,1.494891836602306,2.2002910803489706,2.3466364253460013,2.4537026031887526,2.6926863254369144,in_sample
2023-10-02 00:00:00+00:00,3.2654912694100195,2.162269100532184,2.536975258985814,1.494891836602306,2.1606752410314303,2.329736121128352,2.442216201629628,2.6442049996006403,in_sample
2023-10-03 00:00:00+00:00,3.2654912694100195,2.162269100532184,2.530918486305905,1.494891836602306,2.1555168467098134,2.327511317076382,2.4407002599340286,2.6378922267247775,in_sample
2023-10-04 00:00:00+00:00,3.2654912694100195,2.162269100532184,2.5630304609716426,1.494891836602306,2.182865772701557,2.339323785135322,2.4487517572018427,2.6713614707221103,in_sample
2023-10-05 00:00:00+00:00,3.2654912694100195,2.162269100532184,2.529662813921046,1.494891836602306,2.1544474234967956,2.3271416856108598,2.440462990347841,2.6365834811285627,in_sample
2023-10-06 00:00:00+00:00,3.2654912694100195,2.162269100532184,2.5774799262827064,1.494891836602306,2.195172003057244,2.344737263147911,2.4524570521727034,2.6864216682079713,in_sample
2023-10-07 00:00:00+00:00,3.2654912694100195,2.162269100532184,2.5799451066265107,1.494891836602306,2.19727153245339,2.3456342944153215,2.453066909383587,2.6889910437534827,in_sample
2023-10-08 00:00:00+00:00,3.2654912694100195,2.162269100532184,2.576085760620105,1.494891836602306,2.193984628754555,2.344230758452732,2.452112826744959,2.684968575670997,in_sample
2023-10-09 00:00:00+00:00,3.2654912694100195,2.162269100532184,2.5462727743648816,1.494891836602306,2.1685936908513517,2.333378865173527,2.4447344817183456,2.6538954908902648,in_sample
2023-10-10 00:00:00+00:00,3.2654912694100195,2.162269100532184,2.5280747576696063,1.494891836602306,2.1530949176685668,2.326708273087348,2.4401916758437943,2.6349283028745254,in_sample
2023-10-11 00:00:00+00:00,3.2654912694100195,2.162269100532184,2.4803684399301393,1.494891836602306,2.112464698979855,2.3091457095078955,2.4282192191904626,2.585205593347723,in_sample
2023-10-12 00:00:00+00:00,3.2654912694100195,2.162269100532184,2.46924281328488,1.494891836602306,2.1029892947762754,2.305002664850512,2.425387373887656,2.5736097224400796,in_sample
2023-10-13 00:00:00+00:00,3.2654912694100195,2.162269100532184,2.4790112058082694,1.494891836602306,2.111308778301078,2.308650126441017,2.4278820476791942,2.5837909933282845,in_sample
2023-10-14 00:00:00+00:00,3.2654912694100195,2.162269100532184,2.477764766308593,1.494891836602306,2.110247218494038,2.308185813459811,2.4275646573825305,2.5824918708614533,in_sample
2023-10-15 00:00:00+00:00,3.2654912694100195,2.162269100532184,2.505786572838355,1.494891836602306,2.1341126556374945,2.3186274077836937,2.4347027176633462,2.6116980685417013,in_sample
2023-10-16 00:00:00+00:00,3.2654912694100195,2.162269100532184,2.6301073718245984,1.494891836602306,2.2399934171322693,2.364641480173037,2.4661091788173253,2.7412735056964115,in_sample
2023-10-17 00:00:00+00:00,3.2654912694100195,2.1602149448866785,2.6204682396937677,1.494891836602306,2.2317840212911597,2.3607257099022267,2.4632204300588314,2.731226958619582,in_sample
2023-10-18 00:00:00+00:00,3.2654912694100195,2.1545217362615503,2.6135620415770418,1.493471689357534,2.2259021936195595,2.3565441812781622,2.459571448784567,2.7240288578403966,in_sample
2023-10-19 00:00:00+00:00,3.2654912694100195,2.1841903555406277,2.649551828019551,1.5140373871687394,2.256553750122095,2.3825046200899727,2.4829412484464184,2.761539816178983,in_sample
2023-10-20 00:00:00+00:00,3.26238905270408,2.25696143530647,2.737827443252189,1.5644808547862183,2.3317357746784664,2.445554626864791,2.53929000956694,2.853546556218803,in_sample
2023-10-21 00:00:00+00:00,3.2890576227096604,2.275411084647794,2.7602079569352678,1.5772697853902105,2.350796670769319,2.4655459411180547,2.5600475686105115,2.8768730218454666,in_sample
2023-10-22 00:00:00+00:00,3.298530245966593,2.281964363559873,2.7681574710776484,1.5818123882161332,2.3575670633164414,2.472646816354053,2.5674206124787107,2.885158536245036,in_sample
2023-10-23 00:00:00+00:00,3.638763549358741,2.517342006249829,3.053684445355374,1.7434687749161635,2.600742893188399,2.727222967783276,2.8317543840072448,3.182753812443284,in_sample
2023-10-24 00:00:00+00:00,3.7315094425712165,2.5815047719046817,3.128616667223191,1.7434687749161635,2.6670314055835678,2.7823146148991404,2.888957632544468,3.263876793149872,in_sample
2023-10-25 00:00:00+00:00,3.7907522680982346,2.624942127016454,3.128616667223191,1.7418124795799932,2.711907863500439,2.8104043684278652,2.9178221389407137,3.318795992543999,in_sample
2023-10-26 00:00:00+00:00,3.7907522680982346,2.5995434142062237,3.128616667223191,1.724958852796072,2.685667677751604,2.7940884307849774,2.903988167658065,3.2866836097898022,in_sample
2023-10-27 00:00:00+00:00,3.7907522680982346,2.5796856851915724,3.128616667223191,1.7117820136353734,2.6651520515548075,2.781282123970107,2.893118320748725,3.2615768652271107,in_sample
2023-10-28 00:00:00+00:00,3.7907522680982346,2.594413437450427,3.128616667223191,1.7215547939251212,2.680367742122382,2.7908093390844795,2.9012117383936675,3.2801976205850285,in_sample
2023-10-29 00:00:00+00:00,3.7907522680982346,2.628055124780729,3.128616667223191,1.7438781473518314,2.7151239965454717,2.812522347619364,2.91964550527864,3.3227318524620295,in_sample
2023-10-30 00:00:00+00:00,3.7907522680982346,2.6246452885988347,3.128616667223191,1.7399588245744795,2.7090218228705765,2.8092640824370467,2.917068150788018,3.3184206904980265,in_sample
2023-10-31 00:00:00+00:00,3.7907522680982346,2.637401729315031,3.128616667223191,1.7399588245744795,2.7090218228705765,2.8119948293977437,2.9203290194590052,3.3345490553455046,in_sample
2023-11-01 00:00:00+00:00,3.7907522680982346,2.697226087327741,3.128616667223191,1.7399588245744795,2.7090218228705765,2.8247517623696097,2.935564683245686,3.4101868523032484,in_sample
2023-11-02 00:00:00+00:00,3.7907522680982346,2.6593753834604117,3.128616667223191,1.7399588245744795,2.7090218228705765,2.81682370302312,2.926089751312052,3.36233102987693,in_sample
2023-11-03 00:00:00+00:00,3.7907522680982346,2.641131237638979,3.128616667223191,1.7399588245744795,2.7090218228705765,2.8129588449281826,2.9214727566818253,3.3392643887436333,in_sample
2023-11-04 00:00:00+00:00,3.7871510534435413,2.669239552415179,3.128616667223191,1.7399588245744795,2.7090218228705765,2.8184117817484187,2.9277635101604265,3.374802605558512,in_sample
2023-11-05 00:00:00+00:00,3.7823779280229592,2.665875383682149,3.128616667223191,1.7399588245744795,2.7090218228705765,2.8169909107315205,2.9257709108664347,3.3705491823708122,in_sample
2023-11-06 00:00:00+00:00,3.78582278550976,2.6683033697134535,3.128616667223191,1.7399588245744795,2.7090218228705765,2.8180171574380894,2.927209843350213,3.373618960644288,in_sample
2023-11-07 00:00:00+00:00,3.823521837191329,2.69487421371121,3.128616667223191,1.7399588245744795,2.7090218228705765,2.8292418322817645,2.942950315730062,3.4072133053236118,in_sample
2023-11-08 00:00:00+00:00,3.847301072883914,2.7116341674445414,3.128616667223191,1.7399588245744795,2.7090218228705765,2.8362800772533765,2.9528338211921326,3.4284034362270406,in_sample
2023-11-09 00:00:00+00:00,3.965311739390987,2.7922337618509774,3.128616667223191,1.7399588245744795,2.7090218228705765,2.8705407794929223,3.0010986487525,3.5335649941347027,in_sample
2023-11-10 00:00:00+00:00,4.031282380102161,2.7922337618509774,3.128616667223191,1.7399588245744795,2.7090218228705765,2.8800921805860322,3.016576666181989,3.5923526915411736,in_sample
2023-11-11 00:00:00+00:00,4.009278068893461,2.7922337618509774,3.128616667223191,1.7399588245744795,2.7090218228705765,2.876948047346239,3.011472314141727,3.5761569647880074,in_sample
2023-11-12 00:00:00+00:00,4.009278068893461,2.7922337618509774,3.128616667223191,1.7399588245744795,2.7090218228705765,2.876948047346239,3.011472314141727,3.568785647679912,in_sample
2023-11-13 00:00:00+00:00,4.009278068893461,2.7922337618509774,3.128616667223191,1.7399588245744795,2.7090218228705765,2.876948047346239,3.011472314141727,3.511114233281978,in_sample
2023-11-14 00:00:00+00:00,4.009278068893461,2.7922337618509774,3.128616667223191,1.7399588245744795,2.7090218228705765,2.876948047346239,3.011472314141727,3.4218885776341152,in_sample
2023-11-15 00:00:00+00:00,4.009278068893461,2.7922337618509774,3.128616667223191,1.7399588245744795,2.7090218228705765,2.876948047346239,3.011472314141727,3.6457803058807907,in_sample
2023-11-16 00:00:00+00:00,4.009278068893461,2.7922337618509774,3.128616667223191,1.7399588245744795,2.7090218228705765,2.876948047346239,3.011472314141727,3.481263285933006,in_sample
2023-11-17 00:00:00+00:00,4.009278068893461,2.7922337618509774,3.128616667223191,1.7399588245744795,2.7090218228705765,2.876948047346239,3.011472314141727,3.5241728198559805,in_sample
2023-11-18 00:00:00+00:00,4.009278068893461,2.7922337618509774,3.128616667223191,1.7399588245744795,2.7090218228705765,2.876948047346239,3.011472314141727,3.5202273368085666,in_sample
2023-11-19 00:00:00+00:00,4.009278068893461,2.7922337618509774,3.128616667223191,1.7399588245744795,2.7090218228705765,2.876948047346239,3.011472314141727,3.596731215410865,in_sample
2023-11-20 00:00:00+00:00,4.009278068893461,2.7922337618509774,3.128616667223191,1.7399588245744795,2.7090218228705765,2.876948047346239,3.011472314141727,3.605064845457354,in_sample
2023-11-21 00:00:00+00:00,4.009278068893461,2.7922337618509774,3.128616667223191,1.7399588245744795,2.7090218228705765,2.876948047346239,3.011472314141727,3.4390177479375232,in_sample
2023-11-22 00:00:00+00:00,4.005469254728012,2.7922337618509774,3.128616667223191,1.7399588245744795,2.7090218228705765,2.8764014272172433,3.010585435545212,3.6003398889298412,in_sample
2023-11-23 00:00:00+00:00,3.99271843849003,2.7922337618509774,3.128616667223191,1.7399588245744795,2.7090218228705765,2.8745701079039407,3.007614472605042,3.5888787418335726,in_sample
2023-11-24 00:00:00+00:00,4.036827055534937,2.7922337618509774,3.128616667223191,1.7399588245744795,2.7090218228705765,2.880921335219946,3.0179145055977807,3.6285260348953923,in_sample
2023-11-25 00:00:00+00:00,4.04328275846651,2.7922337618509774,3.128616667223191,1.7399588245744795,2.7090218228705765,2.881842770399286,3.019410644859738,3.634328781913906,in_sample
2023-11-26 00:00:00+00:00,4.008092218605682,2.7922337618509774,3.128616667223191,1.7399588245744795,2.7090218228705765,2.8768263711542903,3.011264058021652,3.6026975556289056,in_sample
2023-11-27 00:00:00+00:00,3.9862948534834906,2.7922337618509774,3.128616667223191,1.7399588245744795,2.7090218228705765,2.8736973396158385,3.006187412635931,3.5831048642032104,in_sample
2023-11-28 00:00:00+00:00,4.04815397709647,2.7922337618509774,3.128616667223191,1.7399588245744795,2.7090218228705765,2.8826161178543446,3.020648870941217,3.6387073057835972,in_sample
2023-11-29 00:00:00+00:00,4.050830470849195,2.7922337618509774,3.128616667223191,1.7399588245744795,2.7090218228705765,2.882997294265844,3.0212679856888713,3.6411130881295812,in_sample
2023-11-30 00:00:00+00:00,4.037951182911082,2.7922337618509774,3.128616667223191,1.7399588245744795,2.7090218228705765,2.8811640429093703,3.0182901637365998,3.6295364634807057,in_sample
2023-12-01 00:00:00+00:00,4.13892993921389,2.7922337618509774,3.128616667223191,1.7399588245744795,2.7090218228705765,2.8955741409307936,3.041688858683023,3.720301819829998,in_sample
2023-12-02 00:00:00+00:00,4.221901245548364,2.7922337618509774,3.128616667223191,1.7399588245744795,2.7090218228705765,2.907183400937112,3.060591231893023,3.794881072555509,in_sample
2023-12-03 00:00:00+00:00,4.280216691432734,2.7922337618509774,3.128616667223191,1.7399588245744795,2.7090218228705765,2.9152145549804254,3.073696398715484,3.847298258309813,in_sample
2023-12-04 00:00:00+00:00,4.495770792302193,2.7922337618509774,3.128616667223191,1.7399588245744795,2.7090218228705765,2.9445769213063238,3.1216822490856435,4.041050345325998,in_sample
2023-12-05 00:00:00+00:00,4.71510480412716,2.7922337618509774,3.128616667223191,1.7399588245744795,2.7090218228705765,2.9733081844918567,3.1688942285480306,4.242039025638904,in_sample
2023-12-06 00:00:00+00:00,4.710625454563239,2.7922337618509774,3.128616667223191,1.7399588245744795,2.7090218228705765,2.972743255936803,3.167960989197723,4.212505641559602,in_sample
2023-12-07 00:00:00+00:00,4.654626482085103,2.7922337618509774,3.128616667223191,1.7399588245744795,2.7090218228705765,2.965675380582268,3.156286362503947,4.166430098069312,in_sample
2023-12-08 00:00:00+00:00,4.654626482085103,2.7922337618509774,3.128616667223191,1.7399588245744795,2.7090218228705765,2.965675380582268,3.156286362503947,4.254337384991575,in_sample
2023-12-09 00:00:00+00:00,4.654626482085103,2.7922337618509774,3.128616667223191,1.7399588245744795,2.7090218228705765,2.965675380582268,3.156286362503947,4.208608274159108,in_sample
2023-12-10 00:00:00+00:00,4.654626482085103,2.7922337618509774,3.128616667223191,1.7399588245744795,2.7090218228705765,2.965675380582268,3.156286362503947,4.215892983102748,in_sample
2023-12-11 00:00:00+00:00,4.654626482085103,2.7922337618509774,3.128616667223191,1.7399588245744795,2.7090218228705765,2.965675380582268,3.156286362503947,3.97156172804459,in_sample
2023-12-12 00:00:00+00:00,4.654626482085103,2.7922337618509774,3.128616667223191,1.7399588245744795,2.7090218228705765,2.965675380582268,3.156286362503947,3.995042163741396,in_sample
2023-12-13 00:00:00+00:00,4.654626482085103,2.7922337618509774,3.128616667223191,1.7399588245744795,2.7090218228705765,2.965675380582268,3.156286362503947,4.125916723362938,in_sample
2023-12-14 00:00:00+00:00,4.654626482085103,2.7922337618509774,3.128616667223191,1.7399588245744795,2.7090218228705765,2.965675380582268,3.156286362503947,4.1410635290132545,in_sample
2023-12-15 00:00:00+00:00,4.650204586927122,2.7922337618509774,3.128616667223191,1.7399588245744795,2.7090218228705765,2.9651119022599572,3.15535683617019,4.03863493985063,in_sample
2023-12-16 00:00:00+00:00,4.685595249933806,2.7922337618509774,3.128616667223191,1.7399588245744795,2.7090218228705765,2.9696251349209457,3.1628011866700123,4.069371215102924,in_sample
2023-12-17 00:00:00+00:00,4.586880341753922,2.7922337618509774,3.128616667223191,1.7399588245744795,2.7090218228705765,2.957112476149297,3.1421449328229247,3.9836387554214308,in_sample
2023-12-18 00:00:00+00:00,4.723819528867339,2.7922337618509774,3.128616667223191,1.7399588245744795,2.7090218228705765,2.9747691206883164,3.171225189916774,4.106352901325393,in_sample
2023-12-19 00:00:00+00:00,4.723819528867339,2.7922337618509774,3.128616667223191,1.7399588245744795,2.7090218228705765,2.9747691206883164,3.171225189916774,4.070420136205774,in_sample
2023-12-20 00:00:00+00:00,4.723819528867339,2.7922337618509774,3.128616667223191,1.7399588245744795,2.7090218228705765,2.9747691206883164,3.171225189916774,4.206163999295588,in_sample
2023-12-21 00:00:00+00:00,4.723819528867339,2.7922337618509774,3.128616667223191,1.7399588245744795,2.7090218228705765,2.9747691206883164,3.171225189916774,4.224197743761085,in_sample
2023-12-22 00:00:00+00:00,4.723819528867339,2.7922337618509774,3.128616667223191,1.7399588245744795,2.7090218228705765,2.9747691206883164,3.171225189916774,4.234099943897156,in_sample
2023-12-23 00:00:00+00:00,4.7193319003149155,2.7922337618509774,3.128616667223191,1.7399588245744795,2.7090218228705765,2.974203914555386,3.170291264098344,4.207732569385168,in_sample
2023-12-24 00:00:00+00:00,4.641966511336804,2.7922337618509774,3.128616667223191,1.7399588245744795,2.7090218228705765,2.9644525155179737,3.1541800952251826,4.13875397796111,in_sample
2023-12-25 00:00:00+00:00,4.707103247174263,2.7922337618509774,3.128616667223191,1.7399588245744795,2.7090218228705765,2.972772039578925,3.167900665697816,4.196829563793169,in_sample
2023-12-26 00:00:00+00:00,4.586777692547727,2.7922337618509774,3.128616667223191,1.7399588245744795,2.7090218228705765,2.9575737137442273,3.1427969853191215,4.09353489298599,in_sample
2023-12-27 00:00:00+00:00,4.586777692547727,2.7922337618509774,3.128616667223191,1.7399588245744795,2.7090218228705765,2.9575737137442273,3.1427969853191215,4.181615396237165,in_sample
2023-12-28 00:00:00+00:00,4.582420253739807,2.7922337618509774,3.128616667223191,1.7399588245744795,2.7090218228705765,2.957011774738616,3.141871431606945,4.099462740686495,in_sample
2023-12-29 00:00:00+00:00,4.528098263224794,2.7922337618509774,3.128616667223191,1.7399588245744795,2.7090218228705765,2.950001035579586,3.1303254499632853,4.050865937297614,in_sample
2023-12-30 00:00:00+00:00,4.536606915600512,2.7922337618509774,3.128616667223191,1.7399588245744795,2.7090218228705765,2.9511096923206996,3.1321489094718395,4.058477832640308,in_sample
2023-12-31 00:00:00+00:00,4.5473351870980165,2.7922337618509774,3.128616667223191,1.7399588245744795,2.7090218228705765,2.9525054626215934,3.1344450723957906,4.071930967519052,in_sample
2024-01-01 00:00:00+00:00,4.5473351870980165,2.7922337618509774,3.128616667223191,1.7399588245744795,2.7090218228705765,2.9525054626215934,3.1344450723957906,4.25632937277405,in_sample
2024-01-02 00:00:00+00:00,4.5473351870980165,2.7922337618509774,3.128616667223191,1.7399588245744795,2.7090218228705765,2.9525054626215934,3.1344450723957906,4.328464350636041,in_sample
2024-01-03 00:00:00+00:00,4.5473351870980165,2.7922337618509774,3.128616667223191,1.7399588245744795,2.7090218228705765,2.9525054626215934,3.1344450723957906,4.123462825370034,in_sample
2024-01-04 00:00:00+00:00,4.5473351870980165,2.7922337618509774,3.128616667223191,1.7399588245744795,2.7090218228705765,2.9525054626215934,3.1344450723957906,4.248014988986329,in_sample
2024-01-05 00:00:00+00:00,4.5473351870980165,2.7922337618509774,3.128616667223191,1.7399588245744795,2.7090218228705765,2.9525054626215934,3.1344450723957906,4.248168959056472,in_sample
2024-01-06 00:00:00+00:00,4.5473351870980165,2.7922337618509774,3.128616667223191,1.7399588245744795,2.7090218228705765,2.9525054626215934,3.1344450723957906,4.230010113908983,in_sample
2024-01-07 00:00:00+00:00,4.5473351870980165,2.7922337618509774,3.128616667223191,1.7399588245744795,2.7090218228705765,2.9525054626215934,3.1344450723957906,4.226180108414176,in_sample
2024-01-08 00:00:00+00:00,4.5473351870980165,2.7922337618509774,3.128616667223191,1.7399588245744795,2.7090218228705765,2.9525054626215934,3.1344450723957906,4.520243696128519,in_sample
2024-01-09 00:00:00+00:00,4.5473351870980165,2.7922337618509774,3.128616667223191,1.7399588245744795,2.7090218228705765,2.9525054626215934,3.1344450723957906,4.437609884108653,in_sample
2024-01-10 00:00:00+00:00,4.5473351870980165,2.7922337618509774,3.128616667223191,1.7399588245744795,2.7090218228705765,2.9525054626215934,3.1344450723957906,4.490431241297083,in_sample
2024-01-11 00:00:00+00:00,4.5473351870980165,2.7922337618509774,3.128616667223191,1.7399588245744795,2.7090218228705765,2.9525054626215934,3.1344450723957906,4.459146447669904,in_sample
2024-01-12 00:00:00+00:00,4.5473351870980165,2.7922337618509774,3.128616667223191,1.7399588245744795,2.7090218228705765,2.9525054626215934,3.1344450723957906,4.117631208963368,in_sample
2024-01-13 00:00:00+00:00,4.5473351870980165,2.7922337618509774,3.128616667223191,1.7399588245744795,2.7090218228705765,2.9525054626215934,3.1344450723957906,4.123164508359132,in_sample
2024-01-14 00:00:00+00:00,4.5473351870980165,2.7922337618509774,3.128616667223191,1.7399588245744795,2.7090218228705765,2.9525054626215934,3.1344450723957906,4.016203425256673,in_sample
2024-01-15 00:00:00+00:00,4.5473351870980165,2.7922337618509774,3.128616667223191,1.7399588245744795,2.7090218228705765,2.9525054626215934,3.1344450723957906,4.0912734575807645,in_sample
2024-01-16 00:00:00+00:00,4.5473351870980165,2.7922337618509774,3.128616667223191,1.7399588245744795,2.7090218228705765,2.9525054626215934,3.1344450723957906,4.1507443971734945,in_sample
2024-01-17 00:00:00+00:00,4.5473351870980165,2.7922337618509774,3.128616667223191,1.7399588245744795,2.7090218228705765,2.9525054626215934,3.1344450723957906,4.117101936847251,in_sample
2024-01-18 00:00:00+00:00,4.5473351870980165,2.7922337618509774,3.128616667223191,1.7399588245744795,2.7090218228705765,2.9525054626215934,3.1344450723957906,3.976575378453621,in_sample
2024-01-19 00:00:00+00:00,4.5473351870980165,2.7922337618509774,3.128616667223191,1.7399588245744795,2.7090218228705765,2.9525054626215934,3.1344450723957906,4.009207410194551,in_sample
2024-01-20 00:00:00+00:00,4.5473351870980165,2.7922337618509774,3.128616667223191,1.7399588245744795,2.7090218228705765,2.9525054626215934,3.1344450723957906,4.012055856492196,in_sample
2024-01-21 00:00:00+00:00,4.5473351870980165,2.7922337618509774,3.128616667223191,1.7399588245744795,2.7090218228705765,2.9525054626215934,3.1344450723957906,4.001297197840955,in_sample
2024-01-22 00:00:00+00:00,4.5473351870980165,2.7922337618509774,3.128616667223191,1.7399588245744795,2.7090218228705765,2.9525054626215934,3.1344450723957906,3.8075836033423056,in_sample
2024-01-23 00:00:00+00:00,4.5473351870980165,2.7922337618509774,3.128616667223191,1.7399588245744795,2.7090218228705765,2.9525054626215934,3.1344450723957906,3.8386663112524215,in_sample
2024-01-24 00:00:00+00:00,4.5473351870980165,2.7922337618509774,3.128616667223191,1.7399588245744795,2.7090218228705765,2.9525054626215934,3.1344450723957906,3.8568251563999105,in_sample
2024-01-25 00:00:00+00:00,4.5473351870980165,2.7922337618509774,3.128616667223191,1.7399588245744795,2.7090218228705765,2.9525054626215934,3.1344450723957906,3.844757752152454,in_sample
2024-01-26 00:00:00+00:00,4.5473351870980165,2.7922337618509774,3.128616667223191,1.7399588245744795,2.7090218228705765,2.9525054626215934,3.1344450723957906,4.023083962766188,in_sample
2024-01-27 00:00:00+00:00,4.5473351870980165,2.7922337618509774,3.128616667223191,1.7399588245744795,2.7090218228705765,2.9525054626215934,3.1344450723957906,4.051549179483873,in_sample
2024-01-28 00:00:00+00:00,4.5473351870980165,2.7922337618509774,3.128616667223191,1.7399588245744795,2.7090218228705765,2.9525054626215934,3.1344450723957906,4.043754444682884,in_sample
2024-01-29 00:00:00+00:00,4.5473351870980165,2.7922337618509774,3.128616667223191,1.7399588245744795,2.7090218228705765,2.9525054626215934,3.1344450723957906,4.165631378330445,in_sample
2024-01-30 00:00:00+00:00,4.5473351870980165,2.7922337618509774,3.128616667223191,1.7399588245744795,2.7090218228705765,2.9525054626215934,3.1344450723957906,4.130083538386183,in_sample
2024-01-31 00:00:00+00:00,4.5473351870980165,2.7922337618509774,3.128616667223191,1.7399588245744795,2.7090218228705765,2.9525054626215934,3.1344450723957906,4.095651981450456,in_sample
2024-02-01 00:00:00+00:00,4.5473351870980165,2.7922337618509774,3.128616667223191,1.7399588245744795,2.7090218228705765,2.9525054626215934,3.1344450723957906,4.144932027025597,in_sample
2024-02-02 00:00:00+00:00,4.5473351870980165,2.7922337618509774,3.128616667223191,1.7399588245744795,2.7090218228705765,2.9525054626215934,3.1344450723957906,4.155459730571624,in_sample
2024-02-03 00:00:00+00:00,4.5473351870980165,2.7922337618509774,3.128616667223191,1.7399588245744795,2.7090218228705765,2.9525054626215934,3.1344450723957906,4.137214277259679,in_sample
2024-02-04 00:00:00+00:00,4.5473351870980165,2.7922337618509774,3.128616667223191,1.7399588245744795,2.7090218228705765,2.9525054626215934,3.1344450723957906,4.096595048130082,in_sample
2024-02-05 00:00:00+00:00,4.5473351870980165,2.7922337618509774,3.128616667223191,1.7399588245744795,2.7090218228705765,2.9525054626215934,3.1344450723957906,4.108393004754789,in_sample
2024-02-06 00:00:00+00:00,4.5473351870980165,2.7922337618509774,3.128616667223191,1.7399588245744795,2.7090218228705765,2.9525054626215934,3.1344450723957906,4.1455575304355525,in_sample
2024-02-07 00:00:00+00:00,4.5473351870980165,2.7922337618509774,3.128616667223191,1.7399588245744795,2.7090218228705765,2.9525054626215934,3.1344450723957906,4.26556757698263,in_sample
2024-02-08 00:00:00+00:00,4.5430152186702735,2.7922337618509774,3.128616667223191,1.7399588245744795,2.7090218228705765,2.9519444865836952,3.13352197832197,4.35630406394377,in_sample
2024-02-09 00:00:00+00:00,4.728372318963498,2.7922337618509774,3.128616667223191,1.7399588245744795,2.7090218228705765,2.9760326238195582,3.1731552089169632,4.534043263665085,in_sample
2024-02-10 00:00:00+00:00,4.790241648866461,2.7922337618509774,3.128616667223191,1.7399588245744795,2.7090218228705765,2.9838207222087916,3.1860263412422656,4.5933698563170555,in_sample
2024-02-11 00:00:00+00:00,4.84752472025107,2.7922337618509774,3.128616667223191,1.7399588245744795,2.7090218228705765,2.9909569974933428,3.1978371579384053,4.648298678840567,in_sample
2024-02-12 00:00:00+00:00,5.007523099596256,2.7922337618509774,3.128616667223191,1.7399588245744795,2.7090218228705765,3.0107010235646645,3.230557180132036,4.8061372469959,in_sample
2024-02-13 00:00:00+00:00,5.007523099596256,2.7922337618509774,3.128616667223191,1.7399588245744795,2.7090218228705765,3.0107010235646645,3.230557180132036,4.782348871158808,in_sample
2024-02-14 00:00:00+00:00,5.0027659526516395,2.7922337618509774,3.128616667223191,1.7399588245744795,2.7090218228705765,3.010128990370187,3.2296057810424874,4.987013586896377,in_sample
2024-02-15 00:00:00+00:00,5.010035057535836,2.7922337618509774,3.128616667223191,1.7399588245744795,2.7090218228705765,3.0110037441984914,3.2310605095761726,4.994259803322482,in_sample
2024-02-16 00:00:00+00:00,5.034178525418139,2.7922337618509774,3.128616667223191,1.7399588245744795,2.7090218228705765,3.013905762701624,3.235887380340606,5.018327249911708,in_sample
2024-02-17 00:00:00+00:00,4.988884182633746,2.7922337618509774,3.128616667223191,1.7399588245744795,2.7090218228705765,3.0084823205234654,3.2268618975616765,4.973175526842277,in_sample
2024-02-18 00:00:00+00:00,5.036813937945875,2.7922337618509774,3.128616667223191,1.7399588245744795,2.7090218228705765,3.014263004788917,3.2364723506428503,5.020954364233523,in_sample
2024-02-19 00:00:00+00:00,5.001858521231833,2.7922337618509774,3.128616667223191,1.7399588245744795,2.7090218228705765,3.0100792163577292,3.229509418372741,4.986109012734288,in_sample
2024-02-20 00:00:00+00:00,5.0485429717231645,2.7922337618509774,3.128616667223191,1.7399588245744795,2.7090218228705765,3.0156980835669693,3.2388535532164466,5.032646466435007,in_sample
2024-02-21 00:00:00+00:00,5.0080367777071135,2.7922337618509774,3.128616667223191,1.7399588245744795,2.7090218228705765,3.010858887293867,3.230797758572962,4.992267815540007,in_sample
2024-02-22 00:00:00+00:00,4.949132516877912,2.7922337618509774,3.128616667223191,1.7399588245744795,2.7090218228705765,3.00377617504197,3.2190176127165255,4.938291682825505,in_sample
2024-02-23 00:00:00+00:00,4.949132516877912,2.7922337618509774,3.128616667223191,1.7399588245744795,2.7090218228705765,3.00377617504197,3.2190176127165255,4.885845627683049,in_sample
2024-02-24 00:00:00+00:00,4.949132516877912,2.7922337618509774,3.128616667223191,1.7399588245744795,2.7090218228705765,3.00377617504197,3.2190176127165255,4.965736847828493,in_sample
2024-02-25 00:00:00+00:00,4.949132516877912,2.7922337618509774,3.128616667223191,1.7399588245744795,2.7090218228705765,3.00377617504197,3.2190176127165255,4.981403302465543,in_sample
2024-02-26 00:00:00+00:00,4.949132516877912,2.7922337618509774,3.128616667223191,1.7399588245744795,2.7090218228705765,3.00377617504197,3.2190176127165255,5.245721797254136,in_sample
2024-02-27 00:00:00+00:00,4.944430840986878,2.7922337618509774,3.128616667223191,1.7399588245744795,2.7090218228705765,3.003205457568712,3.2180696120295806,5.492352980235055,in_sample
2024-02-28 00:00:00+00:00,5.408702819584433,2.7922337618509774,3.128616667223191,1.7383058636911337,2.7090218228705765,3.060175040916801,3.3123538003551096,6.013291466305094,in_sample
2024-02-29 00:00:00+00:00,5.408702819584433,2.7922337618509774,3.128616667223191,1.7025705019251338,2.7090218228705765,3.0475930823054167,3.2987350047420834,5.889672746239041,in_sample
2024-03-01 00:00:00+00:00,5.408702819584433,2.7922337618509774,3.128616667223191,1.7367118762793385,2.7090218228705765,3.059815661773888,3.311964805982605,6.007777413168098,in_sample
2024-03-02 00:00:00+00:00,5.408702819584433,2.7922337618509774,3.128616667223191,1.7258432745029288,2.7090218228705765,3.0559859052793006,3.307819452102625,5.970179846665057,in_sample
2024-03-03 00:00:00+00:00,5.408702819584433,2.7922337618509774,3.128616667223191,1.757517167470987,2.7090218228705765,3.0672030270082233,3.3199609392041967,6.079748797830562,in_sample
2024-03-04 00:00:00+00:00,5.408702819584433,2.7922337618509774,3.128616667223191,1.8982186984974114,2.7090218228705765,3.1163132342774866,3.37311815390909,6.572250936571067,in_sample
2024-03-05 00:00:00+00:00,5.408702819584433,2.7922337618509774,3.128616667223191,1.8982186984974114,2.7090218228705765,3.1163132342774866,3.37311815390909,6.134494780895779,in_sample
2024-03-06 00:00:00+00:00,5.408702819584433,2.7922337618509774,3.128616667223191,1.8982186984974114,2.7090218228705765,3.1163132342774866,3.37311815390909,6.363592622139165,in_sample
2024-03-07 00:00:00+00:00,5.408702819584433,2.7922337618509774,3.128616667223191,1.8982186984974114,2.7090218228705765,3.1163132342774866,3.37311815390909,6.434986619038592,in_sample
2024-03-08 00:00:00+00:00,5.408702819584433,2.7922337618509774,3.128616667223191,1.8982186984974114,2.7090218228705765,3.1163132342774866,3.37311815390909,6.561068860226933,in_sample
2024-03-09 00:00:00+00:00,5.403564551905828,2.7922337618509774,3.128616667223191,1.8982186984974114,2.7090218228705765,3.115721134762974,3.372124770612764,6.578380869988636,in_sample
2024-03-10 00:00:00+00:00,5.45428810808784,2.7922337618509774,3.128616667223191,1.8982186984974114,2.7090218228705765,3.1215706237256216,3.3819376097432468,6.6401324912453585,in_sample
2024-03-11 00:00:00+00:00,5.698258239365213,2.7922337618509774,3.128616667223191,1.8982186984974114,2.7090218228705765,3.1494961744031755,3.4288325374301825,6.94345352942705,in_sample
2024-03-12 00:00:00+00:00,5.698258239365213,2.7922337618509774,3.128616667223191,1.8982186984974114,2.7090218228705765,3.1494961744031755,3.4288325374301825,6.880845449655156,in_sample
2024-03-13 00:00:00+00:00,5.698258239365213,2.7922337618509774,3.128616667223191,1.8982186984974114,2.7090218228705765,3.1494961744031755,3.4288325374301825,7.037163563367827,in_sample
2024-03-14 00:00:00+00:00,5.698258239365213,2.7922337618509774,3.128616667223191,1.8982186984974114,2.7090218228705765,3.1494961744031755,3.4288325374301825,6.876255216939017,in_sample
2024-03-15 00:00:00+00:00,5.698258239365213,2.7922337618509774,3.128616667223191,1.8982186984974114,2.7090218228705765,3.1494961744031755,3.4288325374301825,6.693098195374547,in_sample
2024-03-16 00:00:00+00:00,5.692844894037816,2.7922337618509774,3.128616667223191,1.8982186984974114,2.7090218228705765,3.1488977701300387,3.427822746247909,6.288811283696591,in_sample
2024-03-17 00:00:00+00:00,5.957213303105909,2.7922337618509774,3.128616667223191,1.8982186984974114,2.7090218228705765,3.1781439241813882,3.477169689557754,6.5868299775877315,in_sample
2024-03-18 00:00:00+00:00,5.957213303105909,2.7922337618509774,3.128616667223191,1.8982186984974114,2.7090218228705765,3.1781439241813882,3.477169689557754,6.511009341171693,in_sample
2024-03-19 00:00:00+00:00,5.957213303105909,2.7922337618509774,3.128616667223191,1.8982186984974114,2.7090218228705765,3.1781439241813882,3.477169689557754,5.963847827530426,in_sample
2024-03-20 00:00:00+00:00,5.957213303105909,2.7922337618509774,3.128616667223191,1.8982186984974114,2.7090218228705765,3.1781439241813882,3.477169689557754,6.531833793158532,in_sample
2024-03-21 00:00:00+00:00,5.957213303105909,2.7922337618509774,3.128616667223191,1.8982186984974114,2.7090218228705765,3.1781439241813882,3.477169689557754,6.306989375102847,in_sample
2024-03-22 00:00:00+00:00,5.957213303105909,2.7922337618509774,3.128616667223191,1.8982186984974114,2.7090218228705765,3.1781439241813882,3.477169689557754,6.142058560591553,in_sample
2024-03-23 00:00:00+00:00,5.957213303105909,2.7922337618509774,3.128616667223191,1.8982186984974114,2.7090218228705765,3.1781439241813882,3.477169689557754,6.160756300984543,in_sample
2024-03-24 00:00:00+00:00,5.957213303105909,2.7922337618509774,3.128616667223191,1.8982186984974114,2.7090218228705765,3.1781439241813882,3.477169689557754,6.472603431800401,in_sample
2024-03-25 00:00:00+00:00,5.957213303105909,2.7922337618509774,3.128616667223191,1.8982186984974114,2.7090218228705765,3.1781439241813882,3.477169689557754,6.728540180895586,in_sample
2024-03-26 00:00:00+00:00,5.957213303105909,2.7922337618509774,3.128616667223191,1.8982186984974114,2.7090218228705765,3.1781439241813882,3.477169689557754,6.7404343688141335,in_sample
2024-03-27 00:00:00+00:00,5.957213303105909,2.7922337618509774,3.128616667223191,1.8982186984974114,2.7090218228705765,3.1781439241813882,3.477169689557754,6.691212062015296,in_sample
2024-03-28 00:00:00+00:00,5.957213303105909,2.7922337618509774,3.128616667223191,1.8982186984974114,2.7090218228705765,3.1781439241813882,3.477169689557754,6.816899754898895,in_sample
2024-03-29 00:00:00+00:00,5.957213303105909,2.7922337618509774,3.128616667223191,1.8982186984974114,2.7090218228705765,3.1781439241813882,3.477169689557754,6.7269138720297015,in_sample
2024-03-30 00:00:00+00:00,5.957213303105909,2.7922337618509774,3.128616667223191,1.8982186984974114,2.7090218228705765,3.1781439241813882,3.477169689557754,6.701749388690707,in_sample
2024-03-31 00:00:00+00:00,5.957213303105909,2.7922337618509774,3.128616667223191,1.8982186984974114,2.7090218228705765,3.1781439241813882,3.477169689557754,6.867353822258877,in_sample
2024-04-01 00:00:00+00:00,5.957213303105909,2.7922337618509774,3.128616667223191,1.8982186984974114,2.7090218228705765,3.1781439241813882,3.477169689557754,6.707321180604006,in_sample
2024-04-02 00:00:00+00:00,5.957213303105909,2.7922337618509774,3.128616667223191,1.8982186984974114,2.7090218228705765,3.1781439241813882,3.477169689557754,6.3036597723360055,in_sample
2024-04-03 00:00:00+00:00,5.957213303105909,2.7922337618509774,3.128616667223191,1.8982186984974114,2.7090218228705765,3.1781439241813882,3.477169689557754,6.348561294041454,in_sample
2024-04-04 00:00:00+00:00,5.957213303105909,2.7922337618509774,3.128616667223191,1.8982186984974114,2.7090218228705765,3.1781439241813882,3.477169689557754,6.590871691928985,in_sample
2024-04-05 00:00:00+00:00,5.951553950467958,2.7922337618509774,3.128616667223191,1.8982186984974114,2.7090218228705765,3.1775400768357938,3.4761456630841794,6.526954866560876,in_sample
2024-04-06 00:00:00+00:00,6.045961776635746,2.7922337618509774,3.128616667223191,1.8982186984974114,2.7090218228705765,3.1876209617176823,3.493239410540716,6.6304901156026546,in_sample
2024-04-07 00:00:00+00:00,6.086422273564796,2.7922337618509774,3.128616667223191,1.8982186984974114,2.7090218228705765,3.1918873706993254,3.500486370474623,6.674862365191986,in_sample
2024-04-08 00:00:00+00:00,6.289619785468081,2.7922337618509774,3.128616667223191,1.8982186984974114,2.7090218228705765,3.213199844361188,3.5367145399275635,6.8977051723358125,in_sample
2024-04-09 00:00:00+00:00,6.06523167138214,2.7922337618509774,3.128616667223191,1.8982186984974114,2.7090218228705765,3.1902730577556353,3.4976000962647595,6.658175858840241,in_sample
2024-04-10 00:00:00+00:00,6.06523167138214,2.7922337618509774,3.128616667223191,1.8982186984974114,2.7090218228705765,3.1902730577556353,3.4976000962647595,6.801791441766114,in_sample
2024-04-11 00:00:00+00:00,6.06523167138214,2.7922337618509774,3.128616667223191,1.8982186984974114,2.7090218228705765,3.1902730577556353,3.4976000962647595,6.741550651822669,in_sample
2024-04-12 00:00:00+00:00,6.06523167138214,2.7922337618509774,3.128616667223191,1.8982186984974114,2.7090218228705765,3.1902730577556353,3.4976000962647595,6.4606226357173995,in_sample
2024-04-13 00:00:00+00:00,6.06523167138214,2.7922337618509774,3.128616667223191,1.8982186984974114,2.7090218228705765,3.1902730577556353,3.4976000962647595,6.15300005870109,in_sample
2024-04-14 00:00:00+00:00,6.06523167138214,2.7922337618509774,3.128616667223191,1.8982186984974114,2.7090218228705765,3.1902730577556353,3.4976000962647595,6.314302953434639,in_sample
2024-04-15 00:00:00+00:00,6.06523167138214,2.7922337618509774,3.128616667223191,1.8982186984974114,2.7090218228705765,3.1902730577556353,3.4976000962647595,6.100361540970955,in_sample
2024-04-16 00:00:00+00:00,6.06523167138214,2.7922337618509774,3.128616667223191,1.8982186984974114,2.7090218228705765,3.1902730577556353,3.4976000962647595,6.136188451667352,in_sample
2024-04-17 00:00:00+00:00,6.06523167138214,2.7922337618509774,3.128616667223191,1.8982186984974114,2.7090218228705765,3.1902730577556353,3.4976000962647595,5.8945997884836165,in_sample
2024-04-18 00:00:00+00:00,6.06523167138214,2.7922337618509774,3.128616667223191,1.8982186984974114,2.7090218228705765,3.1902730577556353,3.4976000962647595,6.105394437638754,in_sample
2024-04-19 00:00:00+00:00,6.06523167138214,2.7922337618509774,3.128616667223191,1.8982186984974114,2.7090218228705765,3.1902730577556353,3.4976000962647595,6.138344032649354,in_sample
2024-04-20 00:00:00+00:00,6.06523167138214,2.7922337618509774,3.128616667223191,1.8982186984974114,2.7090218228705765,3.1902730577556353,3.4976000962647595,6.245141522552285,in_sample
2024-04-21 00:00:00+00:00,6.06523167138214,2.7922337618509774,3.128616667223191,1.8982186984974114,2.7064482521388493,3.189666905874662,3.4974007330592727,6.246623484477412,in_sample
2024-04-22 00:00:00+00:00,6.06523167138214,2.7922337618509774,3.128616667223191,1.8982186984974114,2.784223731314538,3.2079992624470948,3.5034310427317696,6.426133340005371,in_sample
2024-04-23 00:00:00+00:00,6.059469701294327,2.7922337618509774,3.128616667223191,1.8982186984974114,2.767892298274377,3.203626307590373,3.501166276863253,6.38843954220849,in_sample
2024-04-24 00:00:00+00:00,5.864476982572616,2.7922337618509774,3.128616667223191,1.8982186984974114,2.6788219883338686,3.162389444677963,3.459479507734874,6.182860629179446,in_sample
2024-04-25 00:00:00+00:00,5.879789656810575,2.7922337618509774,3.128616667223191,1.8982186984974114,2.6883615131732586,3.166293211414633,3.4630189119880455,6.204878349209894,in_sample
2024-04-26 00:00:00+00:00,5.879789656810575,2.7922337618509774,3.128616667223191,1.8982186984974114,2.6579250921384925,3.15912374162198,3.460666507347372,6.134629504707155,in_sample
2024-04-27 00:00:00+00:00,5.879789656810575,2.7922337618509774,3.128616667223191,1.8982186984974114,2.644257888282059,3.155874862388163,3.459598810561448,6.103084886586609,in_sample
2024-04-28 00:00:00+00:00,5.879789656810575,2.7922337618509774,3.128616667223191,1.8982186984974114,2.6303863851611458,3.152563783828328,3.4585098887302492,6.071068735126252,in_sample
2024-04-29 00:00:00+00:00,5.879789656810575,2.7922337618509774,3.128616667223191,1.8982186984974114,2.6618276250273336,3.160100358278376,3.4609902811076867,6.14363675381052,in_sample
2024-04-30 00:00:00+00:00,5.879789656810575,2.7922337618509774,3.128616667223191,1.8982186984974114,2.528774602005216,3.1285084624118737,3.450610302737446,5.836543448910325,in_sample
2024-05-01 00:00:00+00:00,5.879789656810575,2.7922337618509774,3.128616667223191,1.8982186984974114,2.4310611823653834,3.1043309607878053,3.4426102793524223,5.6110157886683805,in_sample
2024-05-02 00:00:00+00:00,5.879789656810575,2.7922337618509774,3.128616667223191,1.8982186984974114,2.461460079045449,3.112094503459808,3.4451931404079374,5.681178025006664,in_sample
2024-05-03 00:00:00+00:00,5.879789656810575,2.7922337618509774,3.128616667223191,1.8982186984974114,2.6206050367025755,3.1523368094142605,3.458558015697651,6.048492873591535,in_sample
2024-05-04 00:00:00+00:00,5.879789656810575,2.7922337618509774,3.128616667223191,1.8982186984974114,2.662736548285632,3.162472843874963,3.4618942134472146,6.145734596016217,in_sample
2024-05-05 00:00:00+00:00,5.879789656810575,2.7922337618509774,3.128616667223191,1.8982186984974114,2.667898231743309,3.1636989271518905,3.4622968639183314,6.157648030193531,in_sample
2024-05-06 00:00:00+00:00,5.879789656810575,2.7922337618509774,3.128616667223191,1.8982186984974114,2.632658693306892,3.155341240294265,3.4595529119497903,6.076313340640497,in_sample
2024-05-07 00:00:00+00:00,5.879789656810575,2.7922337618509774,3.128616667223191,1.8982186984974114,2.5973524449065635,3.146878064881451,3.4567691747010407,5.994824681017319,in_sample
2024-05-08 00:00:00+00:00,5.879789656810575,2.7922337618509774,3.128616667223191,1.8982186984974114,2.54990081370154,3.1353798565674613,3.452980023874926,5.885303845498734,in_sample
2024-05-09 00:00:00+00:00,5.879789656810575,2.7922337618509774,3.128616667223191,1.8982186984974114,2.6287936847727513,3.1547813264171354,3.4593900498580057,6.067392699701587,in_sample
2024-05-10 00:00:00+00:00,5.879789656810575,2.7922337618509774,3.128616667223191,1.8982186984974114,2.5340655360179722,3.1320449210074064,3.451910536715336,5.848755200098541,in_sample
2024-05-11 00:00:00+00:00,5.879789656810575,2.7922337618509774,3.128616667223191,1.8982186984974114,2.535362210941508,3.1323654528997933,3.4520165167486296,5.851747993336946,in_sample
2024-05-12 00:00:00+00:00,5.879789656810575,2.7922337618509774,3.128616667223191,1.8982186984974114,2.562321375107371,3.1390269038047385,3.4542188879816633,5.9139711479334816,in_sample
2024-05-13 00:00:00+00:00,5.879789656810575,2.7922337618509774,3.128616667223191,1.8982186984974114,2.6230399503853565,3.1539038230865994,3.4591301044656086,6.054112781151754,in_sample
2024-05-14 00:00:00+00:00,5.879789656810575,2.7922337618509774,3.128616667223191,1.8982186984974114,2.566269771096401,3.14025190097459,3.4546381690030437,5.92308425146007,in_sample
2024-05-15 00:00:00+00:00,5.879789656810575,2.7922337618509774,3.128616667223191,1.8982186984974114,2.75909909115625,3.187443559910967,3.4702130443341836,6.368144362337766,in_sample
2024-05-16 00:00:00+00:00,5.874203856636606,2.7922337618509774,3.128616667223191,1.8982186984974114,2.7191690083822837,3.1776121164070257,3.4661777809615084,6.2759836522278025,in_sample
2024-05-17 00:00:00+00:00,6.032935450307506,2.7922337618509774,3.128616667223191,1.8982186984974114,2.7926458642584047,3.2119580429438037,3.5008328621473477,6.445572061360923,in_sample
2024-05-18 00:00:00+00:00,6.024369726788183,2.7922337618509774,3.128616667223191,1.8982186984974114,2.788680790778396,3.2101338732819107,3.4989937488908476,6.4364204653167985,in_sample
2024-05-19 00:00:00+00:00,5.966229090282159,2.7922337618509774,3.128616667223191,1.8982186984974114,2.7617674897127227,3.1977415909269786,3.486499416507659,6.374303165143486,in_sample
2024-05-20 00:00:00+00:00,6.437037643466727,2.7922337618509774,3.128616667223191,1.8982186984974114,2.9797047724398817,3.2986779826813386,3.5882965947280243,6.8773137611712505,in_sample
2024-05-21 00:00:00+00:00,6.320152896768249,2.7922337618509774,3.128616667223191,1.8982186984974114,2.9255988223346545,3.2747188162572067,3.5641885577923684,6.752434411155902,in_sample
2024-05-22 00:00:00+00:00,6.228608608232398,2.7922337618509774,3.128616667223191,1.8982186984974114,2.8860022893802473,3.256367939928156,3.5452902784749383,6.661043551396654,in_sample
2024-05-23 00:00:00+00:00,6.228608608232398,2.7922337618509774,3.128616667223191,1.8982186984974114,2.835169296879443,3.2448966443107317,3.541543551423431,6.543718357947695,in_sample
2024-05-24 00:00:00+00:00,6.228608608232398,2.7922337618509774,3.128616667223191,1.8982186984974114,2.859526772452745,3.250472148450021,3.543369115645797,6.599936679808655,in_sample
2024-05-25 00:00:00+00:00,6.228608608232398,2.7922337618509774,3.128616667223191,1.8982186984974114,2.8899757016057444,3.2573945103677624,3.5456329544642604,6.670214393699545,in_sample
2024-05-26 00:00:00+00:00,6.228608608232398,2.7922337618509774,3.128616667223191,1.8982186984974114,2.857033487551541,3.2499684418952905,3.5432079998251185,6.594182048437061,in_sample
2024-05-27 00:00:00+00:00,6.228608608232398,2.7922337618509774,3.128616667223191,1.8982186984974114,2.8961130182856314,3.258859289143897,3.546115916162741,6.6843796401527005,in_sample
2024-05-28 00:00:00+00:00,6.228608608232398,2.7922337618509774,3.128616667223191,1.8982186984974114,2.8535395531916588,3.2492781069651255,3.5429881975711797,6.586117866013321,in_sample
2024-05-29 00:00:00+00:00,6.228608608232398,2.7922337618509774,3.128616667223191,1.8982186984974114,2.822110821443704,3.2421206319699682,3.5406468606405648,6.513578716717205,in_sample
2024-05-30 00:00:00+00:00,6.228608608232398,2.7922337618509774,3.128616667223191,1.8982186984974114,2.851955191548753,3.248977843056826,3.5428934423378666,6.582461076847425,in_sample
2024-05-31 00:00:00+00:00,6.228608608232398,2.7922337618509774,3.128616667223191,1.8982186984974114,2.8175745438977007,3.2411444827867055,3.540330843076829,6.50310875194748,in_sample
2024-06-01 00:00:00+00:00,6.228608608232398,2.7922337618509774,3.128616667223191,1.8982186984974114,2.826801365781254,3.2432672633822572,3.541026462694106,6.524404737274133,in_sample
2024-06-02 00:00:00+00:00,6.228608608232398,2.7922337618509774,3.128616667223191,1.8982186984974114,2.8270807137551346,3.2433313641110706,3.5410474584084803,6.525049486942857,in_sample
2024-06-03 00:00:00+00:00,6.228608608232398,2.7922337618509774,3.128616667223191,1.8982186984974114,2.8706715057987617,3.2533331572918356,3.5443234256482925,6.625659304651917,in_sample
2024-06-04 00:00:00+00:00,6.228608608232398,2.7922337618509774,3.128616667223191,1.8982186984974114,2.9427432830599902,3.2696689520489346,3.549662504423954,6.792004719182651,in_sample
2024-06-05 00:00:00+00:00,6.222691430054577,2.7922337618509774,3.128616667223191,1.8982186984974114,2.965812422455245,3.27417411855011,3.5502867476294053,6.845249494063974,in_sample
2024-06-06 00:00:00+00:00,6.196158957770351,2.7922337618509774,3.128616667223191,1.8982186984974114,2.9531667149212115,3.268589915313897,3.5446857600595085,6.816062542642492,in_sample
2024-06-07 00:00:00+00:00,6.063165181013747,2.7922337618509774,3.128616667223191,1.8982186984974114,2.8925857289437933,3.2411482640180656,3.5167371697210505,6.67623847269389,in_sample
2024-06-08 00:00:00+00:00,6.063165181013747,2.7922337618509774,3.128616667223191,1.8982186984974114,2.8913140702567244,3.2408632847827206,3.5166444065715834,6.673303418231789,in_sample
2024-06-09 00:00:00+00:00,6.063165181013747,2.7922337618509774,3.128616667223191,1.8982186984974114,2.9046810792755546,3.243859891011157,3.5176198872635402,6.704155171036692,in_sample
2024-06-10 00:00:00+00:00,6.063165181013747,2.7922337618509774,3.128616667223191,1.8982186984974114,2.900161479220529,3.242850420508766,3.5172914883529103,6.693723698784503,in_sample
2024-06-11 00:00:00+00:00,6.063165181013747,2.7922337618509774,3.128616667223191,1.8982186984974114,2.8068509171988762,3.2219831551886875,3.510501512389357,6.478358063171996,in_sample
2024-06-12 00:00:00+00:00,6.063165181013747,2.7922337618509774,3.128616667223191,1.8982186984974114,2.846443280780539,3.231072767162916,3.5134725797456063,6.569739299801861,in_sample
2024-06-13 00:00:00+00:00,6.063165181013747,2.7922337618509774,3.128616667223191,1.8982186984974114,2.784594805488796,3.217031600380847,3.5088920650344115,6.42698979852054,in_sample
2024-06-14 00:00:00+00:00,6.063165181013747,2.7922337618509774,3.128616667223191,1.8982186984974114,2.753441252341978,3.2098332845081097,3.50653665328361,6.355085775763764,in_sample
2024-06-15 00:00:00+00:00,6.063165181013747,2.7922337618509774,3.128616667223191,1.8982186984974114,2.7606959609173884,3.2115247246312615,3.5070909901849023,6.371830020891814,in_sample
2024-06-16 00:00:00+00:00,6.063165181013747,2.7922337618509774,3.128616667223191,1.8982186984974114,2.7790370316203936,3.2157919675926587,3.5084889812289752,6.414162167051753,in_sample
2024-06-17 00:00:00+00:00,6.063165181013747,2.7922337618509774,3.128616667223191,1.8982186984974114,2.771469620089147,3.2140406256032747,3.507915757201982,6.3966961872199075,in_sample
2024-06-18 00:00:00+00:00,6.063165181013747,2.7922337618509774,3.128616667223191,1.8982186984974114,2.7163463430342643,3.201255462772222,3.503729505746773,6.269468793634878,in_sample
2024-06-19 00:00:00+00:00,6.063165181013747,2.7922337618509774,3.128616667223191,1.8982186984974114,2.707323820415191,3.1991288267564313,3.5030312336991507,6.248644341648038,in_sample
2024-06-20 00:00:00+00:00,6.057405174091784,2.7922337618509774,3.128616667223191,1.8982186984974114,2.704004999710578,3.1977366505684004,3.501741935839675,6.240984330658424,in_sample
2024-06-21 00:00:00+00:00,5.983468171216256,2.7922337618509774,3.128616667223191,1.8982186984974114,2.673568578675812,3.182731524525507,3.486126830719265,6.170735486155685,in_sample
2024-06-22 00:00:00+00:00,5.983468171216256,2.7922337618509774,3.128616667223191,1.8982186984974114,2.6784050510594186,3.1838830336542108,3.486505213894703,6.181898316241052,in_sample
2024-06-23 00:00:00+00:00,5.983468171216256,2.7922337618509774,3.128616667223191,1.8982186984974114,2.6348309365067695,3.173523518839541,3.4831019636465324,6.081326991049528,in_sample
2024-06-24 00:00:00+00:00,5.983468171216256,2.7922337618509774,3.128616667223191,1.8982186984974114,2.5130310505220264,3.1441831313855344,3.473441197572307,5.80020651235658,in_sample
2024-06-25 00:00:00+00:00,5.983468171216256,2.7922337618509774,3.128616667223191,1.8982186984974114,2.5757467553446225,3.159876503827964,3.4786422311087692,5.944957624549758,in_sample
2024-06-26 00:00:00+00:00,5.983468171216256,2.7922337618509774,3.128616667223191,1.8982186984974114,2.5374844216684513,3.150488605043731,3.4755417484349076,5.85664616619337,in_sample
2024-06-27 00:00:00+00:00,5.983468171216256,2.7922337618509774,3.128616667223191,1.8982186984974114,2.5717524962554026,3.1589979127329575,3.4783579262884157,5.9357386665999465,in_sample
2024-06-28 00:00:00+00:00,5.983468171216256,2.7922337618509774,3.128616667223191,1.8982186984974114,2.5195436107489173,3.146171813753274,3.4741210988879114,5.815237840454289,in_sample
2024-06-29 00:00:00+00:00,5.983468171216256,2.7922337618509774,3.128616667223191,1.8982186984974114,2.5425835645349606,3.151925844196135,3.476027243855373,5.868415253429925,in_sample
2024-06-30 00:00:00+00:00,5.983468171216256,2.7922337618509774,3.128616667223191,1.8982186984974114,2.6169484968056573,3.1703632127998906,3.4821272092802897,6.040053389121822,in_sample
2024-07-01 00:00:00+00:00,5.983468171216256,2.7922337618509774,3.128616667223191,1.8982186984974114,2.6218516791531754,3.1715512276927473,3.4825186614930908,6.051370189277332,in_sample
2024-07-02 00:00:00+00:00,5.983468171216256,2.7922337618509774,3.128616667223191,1.8982186984974114,2.590164446295063,3.1638850669352636,3.4799933154415914,5.9782344059594115,in_sample
2024-07-03 00:00:00+00:00,5.983468171216256,2.7922337618509774,3.128616667223191,1.8982186984974114,2.510295942001641,3.144373196296018,3.4735549166413997,5.793893739480717,in_sample
2024-07-04 00:00:00+00:00,5.983468171216256,2.7922337618509774,3.128616667223191,1.8982186984974114,2.3784562064481696,3.111344952594159,3.4626091340192446,5.489600765231249,in_sample
2024-07-05 00:00:00+00:00,5.983468171216256,2.7922337618509774,3.128616667223191,1.8982186984974114,2.3600692726449752,3.1065344294046078,3.461003047732831,5.447162764648088,in_sample
2024-07-06 00:00:00+00:00,5.983468171216256,2.7922337618509774,3.128616667223191,1.8982186984974114,2.4272420369314296,3.124218190418986,3.466913513445378,5.602201002152695,in_sample
2024-07-07 00:00:00+00:00,5.983468171216256,2.7922337618509774,3.128616667223191,1.8982186984974114,2.3277983276026344,3.098618448746702,3.458391180663065,5.372679743216416,in_sample
2024-07-08 00:00:00+00:00,5.983468171216256,2.7922337618509774,3.128616667223191,1.8982186984974114,2.3634673114317337,3.108114509469,3.4615707679400645,5.455005615095996,in_sample
2024-07-09 00:00:00+00:00,5.983468171216256,2.7922337618509774,3.128616667223191,1.8982186984974114,2.4192034862800558,3.1227738544838823,3.4664686917481546,5.583647608700464,in_sample
2024-07-10 00:00:00+00:00,5.983468171216256,2.7922337618509774,3.128616667223191,1.8964153907338388,2.406019929661983,3.1187769885471344,3.464676622210506,5.553219273588455,in_sample
2024-07-11 00:00:00+00:00,5.983468171216256,2.7922337618509774,3.128616667223191,1.8835495923822991,2.3896968353673107,3.11031353564876,3.4585652417302386,5.515544722050343,in_sample
2024-07-12 00:00:00+00:00,5.983468171216256,2.7922337618509774,3.128616667223191,1.9017720321931004,2.4128160072354996,3.1223498529138434,3.467264831734692,5.568904974484273,in_sample
2024-07-13 00:00:00+00:00,5.983468171216256,2.7922337618509774,3.128616667223191,1.9446251638671943,2.46718462782363,3.150492546594159,3.487578318317573,5.69439058165081,in_sample
2024-07-14 00:00:00+00:00,5.983468171216256,2.7895811397772188,3.128616667223191,1.9969427908803514,2.533561041915887,3.183797925256076,3.511211767254392,5.847590801443085,in_sample
2024-07-15 00:00:00+00:00,5.983468171216256,2.9692884486303917,3.128616667223191,2.123690533611996,2.696775307371634,3.3062548674379952,3.621380382274284,6.224297824306678,in_sample
2024-07-16 00:00:00+00:00,5.9777838764536,2.9844101947950663,3.128616667223191,2.123690533611996,2.7105092211919795,3.312361807341207,3.6256622588712664,6.255996412497366,in_sample
2024-07-17 00:00:00+00:00,5.8900343124895995,2.940601201580285,3.128616667223191,2.1216730276050644,2.6707208970913254,3.2825586065189407,3.5930401159111085,6.164162888786456,in_sample
2024-07-18 00:00:00+00:00,5.881225333942234,2.9362033166908623,3.128616667223191,2.1184999098958746,2.6667266380021055,3.27863116069283,3.588741191779713,6.154943930836645,in_sample
2024-07-19 00:00:00+00:00,6.126552627933591,3.0586830336530713,3.128616667223191,2.2068702444273884,2.7779655028250585,3.388042062670206,3.7085007473721174,6.41168902280008,in_sample
2024-07-20 00:00:00+00:00,6.1695584657895735,3.080153709673771,3.128616667223191,2.2223615508218377,2.797465659151032,3.4070681736262576,3.729326447111067,6.456696398928754,in_sample
2024-07-21 00:00:00+00:00,6.265408979753813,3.128007104336967,3.128616667223191,2.2568882512399973,2.84092720063958,3.449414054598339,3.7756776223114503,6.557007899626912,in_sample
2024-07-22 00:00:00+00:00,6.2066701958701245,3.0986817508154303,3.128616667223191,2.23358567303148,2.8142932475477873,3.4228878073987756,3.7466423843347916,6.495535349122322,in_sample
2024-07-23 00:00:00+00:00,6.061128951143917,3.026020245565136,3.128616667223191,2.23358567303148,2.748300415748023,3.374729487108602,3.6939289989975572,6.34322045723337,in_sample
2024-07-24 00:00:00+00:00,6.003362963542313,3.0000552800801943,3.128616667223191,2.23358567303148,2.7247184435051963,3.3567140356836105,3.6738235366576455,6.2887920374378234,in_sample
2024-07-25 00:00:00+00:00,6.003362963542313,3.01943719031312,3.128616667223191,2.23358567303148,2.742321535232427,3.365388479857917,3.6807066292315893,6.329420889696805,in_sample
2024-07-26 00:00:00+00:00,6.003362963542313,3.1162778810671607,3.128616667223191,2.23358567303148,2.8302744532774122,3.4085629556960892,3.7149408998892386,6.532420804050953,in_sample
2024-07-27 00:00:00+00:00,6.003362963542313,3.115878490685762,3.128616667223191,2.23358567303148,2.829911717848642,3.408388215533517,3.714802826072122,6.531583591794551,in_sample
2024-07-28 00:00:00+00:00,6.003362963542313,3.1315648922172414,3.128616667223191,2.23358567303148,2.844158464516559,3.4152518138777843,3.7202262877973236,6.564465824899463,in_sample
2024-07-29 00:00:00+00:00,6.003362963542313,3.0642882710747688,3.128616667223191,2.23358567303148,2.7830563069460803,3.3859033430273886,3.6970485998644866,6.423438863777868,in_sample
2024-07-30 00:00:00+00:00,6.003362963542313,3.037171041386022,3.128616667223191,2.23358567303148,2.758427822144387,3.373918006070227,3.687560726961077,6.366595038506953,in_sample
2024-07-31 00:00:00+00:00,6.003362963542313,2.9656709817276106,3.128616667223191,2.23358567303148,2.693489841648978,3.3421469486711652,3.6623854456121183,6.216714798352136,in_sample
2024-08-01 00:00:00+00:00,6.003362963542313,2.9990499180856403,3.128616667223191,2.23358567303148,2.723805350874154,3.3571934337312026,3.674339399413349,6.286684572102741,in_sample
2024-08-02 00:00:00+00:00,6.003362963542313,2.8225285508955773,3.128616667223191,2.23358567303148,2.563484630103082,3.278152885420221,3.6116215936795766,5.916656001031599,in_sample
2024-08-03 00:00:00+00:00,6.003362963542313,2.7858443148294225,3.128616667223191,2.23358567303148,2.530167172501874,3.261110502019487,3.5980089845409315,5.83975757412456,in_sample
2024-08-04 00:00:00+00:00,6.003362963542313,2.669236095543175,3.128616667223191,2.23358567303148,2.4242609354191216,3.2065098502153737,3.5543340198831204,5.59532046464318,in_sample
2024-08-05 00:00:00+00:00,6.003362963542313,2.4791170926094064,3.128616667223191,2.23358567303148,2.2515905325788745,3.1151551054420454,3.480917334145282,5.1967881843368176,in_sample
2024-08-06 00:00:00+00:00,6.003362963542313,2.570384680800024,3.128616667223191,2.23358567303148,2.3344818321120506,3.1610283228323754,3.518080374935239,5.388105619618867,in_sample
2024-08-07 00:00:00+00:00,6.003362963542313,2.529605545651025,3.128616667223191,2.2314637666421,2.2974452940227597,3.1403678504762844,3.5012257866409207,5.302623361301356,in_sample
2024-08-08 00:00:00+00:00,6.003362963542313,2.830612763098368,3.128616667223191,2.496993979598144,2.570826895506127,3.364578314449556,3.7053715177477895,5.933602331876713,in_sample
2024-08-09 00:00:00+00:00,6.003362963542313,2.791536775437861,3.128616667223191,2.462523525989246,2.5353371947050407,3.336709955538958,3.6803071160534215,5.8516902545606415,in_sample
2024-08-10 00:00:00+00:00,6.003362963542313,2.7952690096916197,3.128616667223191,2.465815875470453,2.53872689474631,3.339386628108812,3.68271816308595,5.859513858749783,in_sample
2024-08-11 00:00:00+00:00,6.003362963542313,2.6944206430414765,3.128616667223191,2.3768535957617742,2.447134114295386,3.267099126786299,3.617613840731554,5.648112952443457,in_sample
2024-08-12 00:00:00+00:00,6.003362963542313,2.723364968957771,3.128616667223191,2.400128504254177,2.4734220094493864,3.2875361104567675,3.6359686593312,5.708786783209179,in_sample
2024-08-13 00:00:00+00:00,6.003362963542313,2.779688194123039,3.128616667223191,2.400128504254177,2.5245760436515163,3.31473255877696,3.657775853853426,5.826852957620701,in_sample
2024-08-14 00:00:00+00:00,6.003362963542313,2.6923548307238985,3.128616667223191,2.400128504254177,2.4452578965603666,3.2730751176670285,3.624448626044118,5.643782544220685,in_sample
2024-08-15 00:00:00+00:00,6.003362963542313,2.6401540488057096,3.128616667223191,2.400128504254177,2.397847959082788,3.247691081585388,3.604069542075913,5.53435793999594,in_sample
2024-08-16 00:00:00+00:00,6.003362963542313,2.7018483859966818,3.128616667223191,2.400128504254177,2.453880159395969,3.2780475145776338,3.628493002400073,5.663683175786668,in_sample
2024-08-17 00:00:00+00:00,6.003362963542313,2.7300168846203743,3.128616667223191,2.400128504254177,2.4794634305561503,3.291717811901696,3.6394635173243883,5.7227306976865036,in_sample
2024-08-18 00:00:00+00:00,6.003362963542313,2.6805062494090763,3.128616667223191,2.400128504254177,2.434496745506842,3.2678388328782733,3.6203223449895225,5.618945247280744,in_sample
2024-08-19 00:00:00+00:00,6.003362963542313,2.72680339879303,3.128616667223191,2.400128504254177,2.4765448696350085,3.290415407380467,3.6384558879699536,5.715994507117748,in_sample
2024-08-20 00:00:00+00:00,6.003362963542313,2.707724474366683,3.128616667223191,2.400128504254177,2.4592169565089144,3.2812064432261043,3.6310731887866123,5.676000781398106,in_sample
2024-08-21 00:00:00+00:00,6.003362963542313,2.8058321966755053,3.128616667223191,2.400128504254177,2.5483206214313783,3.3287610143971964,3.6692264550452944,5.881656679462221,in_sample
2024-08-22 00:00:00+00:00,6.003362963542313,2.770479261880679,3.128616667223191,2.400128504254177,2.516212281926072,3.311984320305657,3.6558193104939396,5.807548960076524,in_sample
2024-08-23 00:00:00+00:00,6.003362963542313,2.938957733114303,3.128616667223191,2.400128504254177,2.6692282616488003,3.3925477177961034,3.7202914718754614,6.160717808467007,in_sample
2024-08-24 00:00:00+00:00,6.003362963542313,2.943392343556038,3.128616667223191,2.400128504254177,2.6732558757199762,3.3945953318007436,3.7219194070220816,6.17001375145189,in_sample
2024-08-25 00:00:00+00:00,6.003362963542313,2.9467756850628275,3.128616667223191,2.400128504254177,2.676328703432664,3.396156126142005,3.723160095198858,6.1771059978078515,in_sample
2024-08-26 00:00:00+00:00,6.003362963542313,2.883304749278738,3.128616667223191,2.400128504254177,2.618682955867366,3.366896049307822,3.6999039605737853,6.04405661094554,in_sample
2024-08-27 00:00:00+00:00,6.003362963542313,2.726160701627561,3.128616667223191,2.400128504254177,2.47596115745078,3.293495875657591,3.6414255127146467,5.714647269003997,in_sample
2024-08-28 00:00:00+00:00,6.003362963542313,2.7089685524512688,3.128616667223191,2.400128504254177,2.4603468565226705,3.285187888183191,3.6347659126875627,5.678608649461153,in_sample
2024-08-29 00:00:00+00:00,6.003362963542313,2.723346606181615,3.128616667223191,2.400128504254177,2.4734053319584084,3.2921624406087386,3.6403605325539847,5.708748290691643,in_sample
2024-08-30 00:00:00+00:00,6.003362963542313,2.7129303214069806,3.128616667223191,2.400128504254177,2.463945025201164,3.2871256815817538,3.6363226626581837,5.686913410119491,in_sample
2024-08-31 00:00:00+00:00,6.003362963542313,2.7058422898106667,3.128616667223191,2.400128504254177,2.457507513683674,3.283690392365771,3.6335674989077766,5.672055298350692,in_sample
2024-09-01 00:00:00+00:00,6.003362963542313,2.6290032529848246,3.128616667223191,2.400128504254177,2.387720552686425,3.2463910112549357,3.603644117898599,5.510983358722356,in_sample
2024-09-02 00:00:00+00:00,6.003362963542313,2.713655651065152,3.128616667223191,2.400128504254177,2.464603786094793,3.2882037832851174,3.6372943477558395,5.688433864562152,in_sample
2024-09-03 00:00:00+00:00,6.003362963542313,2.637440948628623,3.128616667223191,2.400128504254177,2.395383859790795,3.251263286019685,3.6076692039683267,5.528670670530033,in_sample
2024-09-04 00:00:00+00:00,6.003362963542313,2.6600684795471663,3.128616667223191,2.400128504254177,2.4159346980483787,3.262420777233581,3.6166451271960085,5.5761030752634575,in_sample
2024-09-05 00:00:00+00:00,6.003362963542313,2.5774773030903777,3.128616667223191,2.400128504254177,2.3409235130022856,3.221903448877484,3.5840806035110853,5.402973354517049,in_sample
2024-09-06 00:00:00+00:00,6.003362963542313,2.475655709303953,3.128616667223191,2.400128504254177,2.2484468255295305,3.170991754128926,3.543020427472842,5.189532344781329,in_sample
2024-09-07 00:00:00+00:00,6.003362963542313,2.485167627352893,3.128616667223191,2.400128504254177,2.257085765856111,3.175865164205421,3.546968176244735,5.209471468864846,in_sample
2024-09-08 00:00:00+00:00,6.003362963542313,2.517518248246172,3.128616667223191,2.400128504254177,2.2864673355865213,3.192401869223556,3.5603582269772915,5.277285661633449,in_sample
2024-09-09 00:00:00+00:00,6.003362963542313,2.6171546716700025,3.128616667223191,2.400128504254177,2.3769594016329,3.242940450956193,3.6012218808659258,5.486146061782415,in_sample
2024-09-10 00:00:00+00:00,6.003362963542313,2.644657519658031,3.128616667223191,2.400128504254177,2.4019381137451306,3.256572063825289,3.61219666929532,5.543798229921581,in_sample
2024-09-11 00:00:00+00:00,6.003362963542313,2.63074312602563,3.128616667223191,2.400128504254177,2.389300744956586,3.2497185146981864,3.6066852401107923,5.514630524758869,in_sample
2024-09-12 00:00:00+00:00,6.003362963542313,2.6670555158746208,3.128616667223191,2.400128504254177,2.42228048336549,3.267660980374564,3.6211224286639805,5.59074947818581,in_sample
2024-09-13 00:00:00+00:00,6.003362963542313,2.7753591696442026,3.128616667223191,2.400128504254177,2.5206443251534627,3.3207381842570345,3.6637658713507655,5.817778346611648,in_sample
2024-09-14 00:00:00+00:00,6.003362963542313,2.752763773583933,3.128616667223191,2.400128504254177,2.5001226725050905,3.309923959517198,3.655115664871614,5.770413303783911,in_sample
2024-09-15 00:00:00+00:00,6.003362963542313,2.7131231305566215,3.128616667223191,2.400128504254177,2.4641201388564324,3.2908583912492837,3.6398515765983364,5.687317581553616,in_sample
2024-09-16 00:00:00+00:00,6.003362963542313,2.6711871405097782,3.128616667223191,2.400128504254177,2.42603291883553,3.27051203789927,3.62353612612982,5.599410294631353,in_sample
2024-09-17 00:00:00+00:00,6.003362963542313,2.767316273687764,3.128616667223191,2.400128504254177,2.5133395841051196,3.3175909538589248,3.6613526237659513,5.800918623930991,in_sample
2024-09-18 00:00:00+00:00,6.003362963542313,2.834078737097862,3.128616667223191,2.400128504254177,2.573974771928216,3.3496061661095315,3.6869687297531684,5.940867794561585,in_sample
2024-09-19 00:00:00+00:00,6.003362963542313,2.8887814472673408,3.128616667223191,2.400128504254177,2.6236570175515417,3.375467485047229,3.7076065765301083,6.055537004300577,in_sample
2024-09-20 00:00:00+00:00,6.003362963542313,2.90020309403653,3.128616667223191,2.400128504254177,2.634030416939829,3.380805846290384,3.711857719200569,6.079479350207811,in_sample
2024-09-21 00:00:00+00:00,6.003362963542313,2.906855009699133,3.128616667223191,2.400128504254177,2.640071838046593,3.3839075373971066,3.7143266427458332,6.0934232646851365,in_sample
2024-09-22 00:00:00+00:00,6.003362963542313,2.917771680124025,3.128616667223191,2.400128504254177,2.6499866064329867,3.3889908323273064,3.718371888589003,6.116307066360139,in_sample
2024-09-23 00:00:00+00:00,6.003362963542313,2.906001140607867,3.128616667223191,2.400128504254177,2.6392963347161182,3.3835222412399997,3.7140218221910457,6.091633362619724,in_sample
2024-09-24 00:00:00+00:00,6.003362963542313,2.949204162209492,3.128616667223191,2.400128504254177,2.6785343016144996,3.403643139671209,3.7300343829583293,6.182196633251954,in_sample
2024-09-25 00:00:00+00:00,5.9976597687269475,2.897572626352147,3.128616667223191,2.400128504254177,2.6316413663572376,3.379161499041684,3.7099984579070178,6.073965297070816,in_sample
2024-09-26 00:00:00+00:00,6.189680967943711,2.9903413714935385,3.128616667223191,2.400128504254177,2.7158960507778613,3.444073881712316,3.781266090328674,6.268429495661413,in_sample
2024-09-27 00:00:00+00:00,6.247682620755427,3.0183629679079815,3.128616667223191,2.400128504254177,2.7413459020102193,3.463437914713003,3.8025259598530465,6.3271690774209635,in_sample
2024-09-28 00:00:00+00:00,6.254619253545819,3.021714174556498,3.128616667223191,2.400128504254177,2.744389544113696,3.465745131497051,3.805059064800325,6.334193961871238,in_sample
2024-09-29 00:00:00+00:00,6.230436061146439,3.010030858227082,3.128616667223191,2.400128504254177,2.7337784904789726,3.4577050467605077,3.7962318152052767,6.309703097589119,in_sample
2024-09-30 00:00:00+00:00,6.015780534112259,2.906327079884641,3.128616667223191,2.400128504254177,2.639592360180977,3.3862286211758224,3.71775748695222,6.092316604805983,in_sample
2024-10-01 00:00:00+00:00,5.76944040267185,2.7900769347334404,3.128616667223191,2.400128504254177,2.5340113341722947,3.30431780473935,3.627438682683359,5.8486300994165505,in_sample
2024-10-02 00:00:00+00:00,5.76944040267185,2.7829980845252043,3.128616667223191,2.400128504254177,2.5275821614002933,3.300964381686535,3.624769706972031,5.83379123390652,in_sample
2024-10-03 00:00:00+00:00,5.76944040267185,2.7877999504900646,3.128616667223191,2.400128504254177,2.5319433252910284,3.303242613727552,3.6265834491126068,5.843857027242117,in_sample
2024-10-04 00:00:00+00:00,5.76944040267185,2.848727641776513,3.128616667223191,2.400128504254177,2.58727924035588,3.332119713919487,3.6495686756760257,5.971575200425728,in_sample
2024-10-05 00:00:00+00:00,5.76944040267185,2.847290754542286,3.128616667223191,2.400128504254177,2.5859742266868553,3.3314474305871484,3.6490348354508506,5.968563160928555,in_sample
2024-10-06 00:00:00+00:00,5.76944040267185,2.8824646522695896,3.128616667223191,2.400128504254177,2.6179199606551267,3.3479093940898816,3.6621075171189315,6.04229557826828,in_sample
2024-10-07 00:00:00+00:00,5.76944040267185,2.8549847577517564,3.128616667223191,2.400128504254177,2.592962095406618,3.335142514616454,3.6519828638368157,5.984691525776033,in_sample
2024-10-08 00:00:00+00:00,5.76944040267185,2.852276248268709,3.128616667223191,2.400128504254177,2.59050216548737,3.333876901536927,3.650978124755245,5.979013879439511,in_sample
2024-10-09 00:00:00+00:00,5.76944040267185,2.782254392090876,3.128616667223191,2.400128504254177,2.5269067230156868,3.3011389436963126,3.624985552352271,5.832232286946322,in_sample
2024-10-10 00:00:00+00:00,5.76944040267185,2.7678763383605296,3.128616667223191,2.400128504254177,2.5138482475799484,3.294315131576367,3.6195529546769585,5.802092645715831,in_sample
2024-10-11 00:00:00+00:00,5.76944040267185,2.869596936878095,3.128616667223191,2.400128504254177,2.606233208852325,3.342742108207542,3.6581287737862818,6.015321946605105,in_sample
2024-10-12 00:00:00+00:00,5.76944040267185,2.900216866118648,3.128616667223191,2.400128504254177,2.6340429250580635,3.3570095512072666,3.6694486133088065,6.079508219595963,in_sample
2024-10-13 00:00:00+00:00,5.76944040267185,2.884782952759317,3.128616667223191,2.400128504254177,2.6200254938910934,3.3498636311672776,3.663785641596441,6.047155258607169,in_sample
2024-10-14 00:00:00+00:00,5.76944040267185,3.032837426213148,3.128616667223191,2.400128504254177,2.754491934273592,3.4186330747166047,3.7183157605829225,6.357510804368515,in_sample
2024-10-15 00:00:00+00:00,5.76944040267185,3.077789502243657,3.128616667223191,2.400128504254177,2.7953184321876243,3.438901177789568,3.7342982670258484,6.451740487296027,in_sample
2024-10-16 00:00:00+00:00,5.76944040267185,3.1029419148836848,3.128616667223191,2.400128504254177,2.818162425454677,3.450142578332261,3.7431483580248472,6.504465613190616,in_sample
2024-10-17 00:00:00+00:00,5.76944040267185,3.094196642739269,3.128616667223191,2.400128504254177,2.8102197703764262,3.446253051990846,3.7400889688805834,6.486133551714216,in_sample
2024-10-18 00:00:00+00:00,5.76944040267185,3.1403927968543637,3.128616667223191,2.400128504254177,2.8521761683042146,3.4668339853304206,3.7562823613647494,6.582971102704774,in_sample
2024-10-19 00:00:00+00:00,5.76944040267185,3.1380653149765587,3.128616667223191,2.400128504254177,2.850062296322759,3.4658062166662846,3.755475017471814,6.578092176107118,in_sample
2024-10-20 00:00:00+00:00,5.76944040267185,3.168501616455549,3.128616667223191,2.400128504254177,2.877705237618718,3.47925224946551,3.7660381510981566,6.64189352392262,in_sample
2024-10-21 00:00:00+00:00,5.76944040267185,3.092695485788496,3.128616667223191,2.400128504254177,2.808856385488979,3.4459559242527535,3.739908530137256,6.48298678840567,in_sample
2024-10-22 00:00:00+00:00,5.76944040267185,3.0944215867471834,3.128616667223191,2.400128504254177,2.810424069640906,3.4467252295855,3.7405138543023386,6.486605085054029,in_sample
2024-10-23 00:00:00+00:00,5.76944040267185,3.0595690376026146,3.128616667223191,2.400128504254177,2.7787701917647496,3.431197007966774,3.7282962984875487,6.41354628677118,in_sample
2024-10-24 00:00:00+00:00,5.76944040267185,3.129650572802956,3.128616667223191,2.400128504254177,2.8424198360821116,3.462634579851937,3.7530620646035837,6.560452979946361,in_sample
2024-10-25 00:00:00+00:00,5.76944040267185,3.060285185872709,3.128616667223191,2.400128504254177,2.7794206139128903,3.431936330083514,3.728939098506804,6.4150474949550755,in_sample
2024-10-26 00:00:00+00:00,5.76944040267185,3.0790611244924784,3.128616667223191,2.400128504254177,2.7964733484378486,3.440358790340234,3.7355738253180673,6.454406094135377,in_sample
2024-10-27 00:00:00+00:00,5.76944040267185,3.1213322352041732,3.128616667223191,2.400128504254177,2.834864932669099,3.4592512749560953,3.750446212069613,6.543015869502669,in_sample
2024-10-28 00:00:00+00:00,5.76944040267185,3.2107314109208924,3.128616667223191,2.400128504254177,2.916059297495268,3.4988823285286865,3.7815973887635694,6.730416691125455,in_sample
2024-10-29 00:00:00+00:00,5.76944040267185,3.3392478905444705,3.128616667223191,2.400128504254177,3.0327808874772244,3.5549024662393878,3.8254937105830527,6.999816198228768,in_sample
2024-10-30 00:00:00+00:00,5.76944040267185,3.321321230321928,3.128616667223191,2.400128504254177,3.016499486909997,3.547268707893144,3.819537963908206,6.962237877984494,in_sample
2024-10-31 00:00:00+00:00,5.76944040267185,3.228263271456075,3.128616667223191,2.3978483821751357,2.93198213200647,3.506839272594521,3.7877772716963753,6.767167422242709,in_sample
2024-11-01 00:00:00+00:00,5.76944040267185,3.190325775917256,3.128616667223191,2.369669651181953,2.897526435646017,3.4821125347657187,3.765966038250015,6.687641881013855,in_sample
2024-11-02 00:00:00+00:00,5.76944040267185,3.1844083713009037,3.128616667223191,2.365274396553418,2.8921521141783715,3.4782373689860817,3.7625433392127836,6.675237667237961,in_sample
2024-11-03 00:00:00+00:00,5.76944040267185,3.156675988610922,3.128616667223191,2.3446756896403222,2.8669649334289162,3.460062600195876,3.746487388779909,6.617104342629598,in_sample
2024-11-04 00:00:00+00:00,5.76944040267185,3.1140651665403363,3.128616667223191,2.3130257645339904,2.828264815614574,3.432038923579972,3.721706877582816,6.527782455687896,in_sample
2024-11-05 00:00:00+00:00,5.76944040267185,3.1837886276056304,3.128616667223191,2.3626166967281175,2.8915892488578656,3.4774925442153837,3.761830703382137,6.673938544771129,in_sample
2024-11-06 00:00:00+00:00,5.76944040267185,3.4696419640300253,3.128616667223191,2.3626166967281175,3.151207750911676,3.6023818459153527,3.859778863636081,7.27315156525011,in_sample
2024-11-07 00:00:00+00:00,5.763959434289312,3.482472953869207,3.128616667223191,2.3626166967281175,3.1628611477325212,3.6070261420183494,3.8627815447058396,7.300048211878214,in_sample
2024-11-08 00:00:00+00:00,5.811281110122174,3.511063796344494,3.128616667223191,2.3603722108662257,3.188828001185196,3.624108855951692,3.8810755047485803,7.359981061681372,in_sample
2024-11-09 00:00:00+00:00,5.8259380646311,3.5199192451458474,3.128616667223191,2.3663254365772555,3.1968707212093146,3.6314213087662095,3.888906445436647,7.378544078262988,in_sample
2024-11-10 00:00:00+00:00,6.109723753565195,3.691377076810823,3.128616667223191,2.4815908731149627,3.3525926238432158,3.772932651521402,4.040451619116877,7.737958337623645,in_sample
2024-11-11 00:00:00+00:00,6.73600732763385,4.073272323226463,3.128616667223191,2.738326432303572,3.6994385730844708,4.084481924746579,4.373668998484368,8.53849684794397,in_sample
2024-11-12 00:00:00+00:00,6.73600732763385,4.038525360044792,3.128616667223191,2.7149671967375886,3.6678805907814374,4.0635763728767325,4.3553873480657685,8.465659381636952,in_sample
2024-11-13 00:00:00+00:00,6.73600732763385,4.150597973620446,3.128616667223191,2.7877306939625655,3.769667487592636,4.130464974030898,4.413784071901639,8.700588839287004,in_sample
2024-11-14 00:00:00+00:00,6.73600732763385,4.011472400072592,3.128616667223191,2.7877306939625655,3.643310477198167,4.07508468307681,4.370879321578307,8.408950280177413,in_sample
2024-11-15 00:00:00+00:00,6.73600732763385,4.180956233300772,3.128616667223191,2.7877306939625655,3.797239549551939,4.143953258396415,4.4244332437680205,8.764226593902979,in_sample
2024-11-16 00:00:00+00:00,6.73600732763385,4.1611565699102915,3.128616667223191,2.7877306939625655,3.7792570449049596,4.136103486713218,4.418356963039576,8.722722036870058,in_sample
2024-11-17 00:00:00+00:00,6.73600732763385,4.127029350423895,3.128616667223191,2.7877306939625655,3.7482619279224316,4.122534786844512,4.407848344043646,8.651183693029871,in_sample
2024-11-18 00:00:00+00:00,6.73600732763385,4.154917816711205,3.128616667223191,2.7877306939625655,3.7735908673451997,4.133678024525569,4.41648631451983,8.709644204037287,in_sample
2024-11-19 00:00:00+00:00,6.73600732763385,4.238858657215478,3.128616667223191,2.7877306939625655,3.849827847978172,4.167082719690141,4.442361636488739,8.885603124822573,in_sample
2024-11-20 00:00:00+00:00,6.729608120672597,4.328473595552034,3.128616667223191,2.7877306939625655,3.931218173323333,4.201529974956147,4.468289364574466,9.073456233526406,in_sample
2024-11-21 00:00:00+00:00,7.02072391062041,4.515718824017349,3.128616667223191,2.7877306939625655,4.101278548825531,4.310582243294755,4.584265471779368,9.465964434838424,in_sample
2024-11-22 00:00:00+00:00,7.060307321698437,4.541178813157995,3.128616667223191,2.7877306939625655,4.124401890066464,4.325164290766857,4.599773348200978,9.519334310401737,in_sample
2024-11-23 00:00:00+00:00,6.974952468997008,4.486278703144837,3.128616667223191,2.7877306939625655,4.074540361415126,4.2937911158502375,4.566408258662535,9.404251306099237,in_sample
2024-11-24 00:00:00+00:00,6.985091758674051,4.497062243442596,3.128616667223191,2.7877306939625655,4.0843342179919295,4.299167813559294,4.571649138686765,9.426856037022104,in_sample
2024-11-25 00:00:00+00:00,6.985091758674051,4.2722835005138995,3.128616667223191,2.7877306939625655,3.880185050930794,4.213212895930082,4.505382150961387,8.955669129867019,in_sample
2024-11-26 00:00:00+00:00,6.985091758674051,4.224420924462625,3.128616667223191,2.7877306939625655,3.836715170696756,4.194332573720433,4.4907446937827595,8.855338382910093,in_sample
2024-11-27 00:00:00+00:00,6.985091758674051,4.402714299551767,3.128616667223191,2.7877306939625655,3.998645269347201,4.265141967404143,4.5457094599143,9.229081481923433,in_sample
2024-11-28 00:00:00+00:00,6.978455921503311,4.393037116517421,3.128616667223191,2.7877306939625655,3.9898562316018196,4.2605816710235525,4.5414732172631185,9.208795925182093,in_sample
2024-11-29 00:00:00+00:00,7.111316870977752,4.476674971215116,3.128616667223191,2.7877306939625655,4.065818033633656,4.309251313634433,4.593351551133428,9.38411971942804,in_sample
2024-11-30 00:00:00+00:00,7.0353879942047195,4.428876664880389,3.128616667223191,2.7877306939625655,4.022406524618042,4.2816448982899855,4.5639251005705574,9.283923696282491,in_sample
2024-12-01 00:00:00+00:00,7.092998263750143,4.4651431477889885,3.128616667223191,2.7877306939625655,4.051523283101114,4.301867898618996,4.586088364513622,9.359946418415591,in_sample
2024-12-02 00:00:00+00:00,6.9927563947411056,4.402039467528024,3.128616667223191,2.7877306939625655,4.051523283101114,4.277549422152343,4.551089377049829,9.227666881903994,in_sample
2024-12-03 00:00:00+00:00,6.994419070874821,4.40308614576893,3.128616667223191,2.7877306939625655,4.051523283101114,4.277956253389327,4.551673720779502,9.229860955403533,in_sample
2024-12-04 00:00:00+00:00,7.188790458835922,4.529628626955711,3.128616667223191,2.7877306939625655,4.051523283101114,4.326321966107987,4.62097217208137,9.495122516871753,in_sample
2024-12-05 00:00:00+00:00,7.181961107900028,4.453042078302017,3.128616667223191,2.7877306939625655,4.051523283101114,4.3108701533080565,4.601641171066019,9.334579849359534,in_sample
2024-12-06 00:00:00+00:00,7.3825234199554135,4.581627418336182,3.128616667223191,2.7877306939625655,4.051523283101114,4.359843090368235,4.67203917028867,9.604123703403605,in_sample
2024-12-07 00:00:00+00:00,7.3825234199554135,4.586066619471956,3.128616667223191,2.7877306939625655,4.051523283101114,4.360687952624869,4.673080334820484,9.613429269517873,in_sample
2024-12-08 00:00:00+00:00,7.3825234199554135,4.645782367532092,3.128616667223191,2.7877306939625655,4.051523283101114,4.372044165464961,4.687075550666987,9.738606936544123,in_sample
2024-12-09 00:00:00+00:00,7.3825234199554135,4.464585837532647,3.128616667223191,2.7877306939625655,4.051523283101114,4.3379401472774965,4.64502992639084,9.368029847098098,in_sample
2024-12-10 00:00:00+00:00,7.3825234199554135,4.464585837532647,3.128616667223191,2.7877306939625655,4.051523283101114,4.3379401472774965,4.64502992639084,9.296173939988241,in_sample
2024-12-11 00:00:00+00:00,7.3825234199554135,4.464585837532647,3.128616667223191,2.7877306939625655,4.051523283101114,4.3379401472774965,4.64502992639084,9.730456145955928,in_sample
2024-12-12 00:00:00+00:00,7.375510022706456,4.464585837532647,3.128616667223191,2.7877306939625655,4.051523283101114,4.3371159386495135,4.643661965077517,9.621435713165308,in_sample
2024-12-13 00:00:00+00:00,7.478010774604296,4.464585837532647,3.128616667223191,2.7877306939625655,4.051523283101114,4.349170905517189,4.663667827840837,9.75514909595511,in_sample
2024-12-14 00:00:00+00:00,7.4786820641633245,4.464585837532647,3.128616667223191,2.7877306939625655,4.051523283101114,4.349248989197657,4.663797609436549,9.75602480072905,in_sample
2024-12-15 00:00:00+00:00,7.705843500215291,4.464585837532647,3.128616667223191,2.7877306939625655,4.051523283101114,4.3756702660391475,4.707712410939145,10.052359446978,in_sample
2024-12-16 00:00:00+00:00,7.82112826096804,4.464585837532647,3.128616667223191,2.7877306939625655,4.051523283101114,4.388762878151998,4.729545909722444,10.202749712990167,in_sample
2024-12-17 00:00:00+00:00,7.8249199404553025,4.464585837532647,3.128616667223191,2.7877306939625655,4.051523283101114,4.3891884122085765,4.7302567030631995,10.207696001493511,in_sample
2024-12-18 00:00:00+00:00,7.390167740879972,4.464585837532647,3.128616667223191,2.7877306939625655,4.051523283101114,4.340415790096683,4.648784719735938,9.64055687125119,in_sample
2024-12-19 00:00:00+00:00,7.187548946178426,4.464585837532647,3.128616667223191,2.7877306939625655,4.051523283101114,4.316615252768468,4.609272942895729,9.376238376462595,in_sample
2024-12-20 00:00:00+00:00,7.205064242204771,4.464585837532647,3.128616667223191,2.7877306939625655,4.051523283101114,4.318719079665516,4.612754959088778,9.407994703429587,in_sample
2024-12-21 00:00:00+00:00,7.205064242204771,4.464585837532647,3.128616667223191,2.7877306939625655,4.051523283101114,4.318719079665516,4.612754959088778,9.359628855145921,in_sample
2024-12-22 00:00:00+00:00,7.205064242204771,4.464585837532647,3.128616667223191,2.7877306939625655,4.051523283101114,4.318719079665516,4.612754959088778,9.15674441834438,in_sample
2024-12-23 00:00:00+00:00,7.205064242204771,4.464585837532647,3.128616667223191,2.7877306939625655,4.051523283101114,4.318719079665516,4.612754959088778,9.12860638802575,in_sample
2024-12-24 00:00:00+00:00,7.205064242204771,4.464585837532647,3.128616667223191,2.7877306939625655,4.051523283101114,4.318719079665516,4.612754959088778,9.491023063754195,in_sample
2024-12-25 00:00:00+00:00,7.205064242204771,4.464585837532647,3.128616667223191,2.7877306939625655,4.051523283101114,4.318719079665516,4.612754959088778,9.56343711236832,in_sample
2024-12-26 00:00:00+00:00,7.205064242204771,4.464585837532647,3.128616667223191,2.7877306939625655,4.051523283101114,4.318719079665516,4.612754959088778,9.214242616413403,in_sample
2024-12-27 00:00:00+00:00,7.205064242204771,4.464585837532647,3.128616667223191,2.7877306939625655,4.051523283101114,4.318719079665516,4.612754959088778,9.07065590287568,in_sample
2024-12-28 00:00:00+00:00,7.205064242204771,4.464585837532647,3.128616667223191,2.7877306939625655,4.051523283101114,4.318719079665516,4.612754959088778,9.166906442973819,in_sample
2024-12-29 00:00:00+00:00,7.205064242204771,4.464585837532647,3.128616667223191,2.7877306939625655,4.051523283101114,4.318719079665516,4.612754959088778,9.016872232748858,in_sample
2024-12-30 00:00:00+00:00,7.205064242204771,4.464585837532647,3.128616667223191,2.7877306939625655,4.051523283101114,4.318719079665516,4.612754959088778,8.926347454634163,in_sample
2024-12-31 00:00:00+00:00,7.205064242204771,4.464585837532647,3.128616667223191,2.7877306939625655,4.051523283101114,4.318719079665516,4.612754959088778,9.002331684249729,in_sample
2025-01-01 00:00:00+00:00,7.205064242204771,4.464585837532647,3.128616667223191,2.7877306939625655,4.051523283101114,4.318719079665516,4.612754959088778,9.101642379491956,out_of_sample
2025-01-02 00:00:00+00:00,7.205064242204771,4.464585837532647,3.128616667223191,2.7877306939625655,4.051523283101114,4.318719079665516,4.612754959088778,9.331307985368994,out_of_sample
2025-01-03 00:00:00+00:00,7.205064242204771,4.464585837532647,3.128616667223191,2.7877306939625655,4.051523283101114,4.318719079665516,4.612754959088778,9.444687695770538,out_of_sample
2025-01-04 00:00:00+00:00,7.205064242204771,4.464585837532647,3.128616667223191,2.7877306939625655,4.051523283101114,4.318719079665516,4.612754959088778,9.44733405635112,out_of_sample
2025-01-05 00:00:00+00:00,7.205064242204771,4.464585837532647,3.128616667223191,2.7877306939625655,4.051523283101114,4.318719079665516,4.612754959088778,9.463404682422295,out_of_sample
2025-01-06 00:00:00+00:00,7.205064242204771,4.464585837532647,3.128616667223191,2.7877306939625655,4.051523283101114,4.318719079665516,4.612754959088778,9.83295209702424,out_of_sample
2025-01-07 00:00:00+00:00,7.198219431174676,4.464585837532647,3.128616667223191,2.7877306939625655,4.051523283101114,4.3178985230403795,4.611396502753326,9.326765868299777,out_of_sample
2025-01-08 00:00:00+00:00,7.056646965141192,4.464585837532647,3.128616667223191,2.7877306939625655,4.051523283101114,4.300913890998135,4.58328086914303,9.143329775983172,out_of_sample
2025-01-09 00:00:00+00:00,6.870364277435185,4.464585837532647,3.128616667223191,2.7877306939625655,4.051523283101114,4.278206624978878,4.545773874143811,8.901962444775267,out_of_sample
2025-01-10 00:00:00+00:00,7.031499322187178,4.464585837532647,3.128616667223191,2.7877306939625655,4.051523283101114,4.298274527877081,4.578824505608141,9.110745859889162,out_of_sample
2025-01-11 00:00:00+00:00,7.023106871939678,4.464585837532647,3.128616667223191,2.7877306939625655,4.051523283101114,4.297248486247198,4.577130337397448,9.099871723685313,out_of_sample
2025-01-12 00:00:00+00:00,7.018457603041505,4.464585837532647,3.128616667223191,2.7877306939625655,4.051523283101114,4.296679533955879,4.576191024336483,9.093847644690968,out_of_sample
2025-01-13 00:00:00+00:00,7.017373268761741,4.464585837532647,3.128616667223191,2.7877306939625655,4.051523283101114,4.2965467686911625,4.575971851188404,9.092442667800913,out_of_sample
2025-01-14 00:00:00+00:00,7.16811058754338,4.464585837532647,3.128616667223191,2.7877306939625655,4.051523283101114,4.31500524068995,4.606443169641574,9.287753701777296,out_of_sample
2025-01-15 00:00:00+00:00,7.461111078440821,4.464585837532647,3.128616667223191,2.7877306939625655,4.051523283101114,4.350280886574774,4.664813353665506,9.667395779102991,out_of_sample
2025-01-16 00:00:00+00:00,7.422297852782915,4.464585837532647,3.128616667223191,2.7877306939625655,4.051523283101114,4.345754793022467,4.657290680440601,9.617105304942536,out_of_sample
2025-01-17 00:00:00+00:00,7.727181459075045,4.464585837532647,3.128616667223191,2.7877306939625655,4.051523283101114,4.381456658391861,4.716595601635327,10.012144389282529,out_of_sample
2025-01-18 00:00:00+00:00,7.762964490307305,4.464585837532647,3.128616667223191,2.7877306939625655,4.051523283101114,4.385514588214795,4.723366500891584,10.058508626654337,out_of_sample
2025-01-19 00:00:00+00:00,7.524351533181934,4.464585837532647,3.128616667223191,2.7877306939625655,4.051523283101114,4.358554768787128,4.678359532299974,9.749336725807213,out_of_sample
2025-01-20 00:00:00+00:00,7.5867270512314695,4.464585837532647,3.128616667223191,2.7877306939625655,4.051523283101114,4.365781095479906,4.690382187067009,9.839418839970246,out_of_sample
2025-01-21 00:00:00+00:00,7.5867270512314695,4.464585837532647,3.128616667223191,2.7877306939625655,4.051523283101114,4.365781095479906,4.690382187067009,10.211535630117702,out_of_sample
2025-01-22 00:00:00+00:00,7.5867270512314695,4.464585837532647,3.128616667223191,2.7877306939625655,4.051523283101114,4.365781095479906,4.690382187067009,9.975807452728782,out_of_sample
2025-01-23 00:00:00+00:00,7.5867270512314695,4.464585837532647,3.128616667223191,2.7877306939625655,4.051523283101114,4.365781095479906,4.690382187067009,9.994976726461585,out_of_sample
2025-01-24 00:00:00+00:00,7.5867270512314695,4.464585837532647,3.128616667223191,2.7877306939625655,4.051523283101114,4.365781095479906,4.690382187067009,10.08581906784595,out_of_sample
2025-01-25 00:00:00+00:00,7.5867270512314695,4.464585837532647,3.128616667223191,2.7877306939625655,4.051523283101114,4.365781095479906,4.690382187067009,10.075608927569593,out_of_sample
2025-01-26 00:00:00+00:00,7.5867270512314695,4.464585837532647,3.128616667223191,2.7877306939625655,4.051523283101114,4.365781095479906,4.690382187067009,9.869491119295049,out_of_sample
2025-01-27 00:00:00+00:00,7.5867270512314695,4.464585837532647,3.128616667223191,2.7877306939625655,4.051523283101114,4.365781095479906,4.690382187067009,9.817641698174397,out_of_sample
2025-01-28 00:00:00+00:00,7.5867270512314695,4.464585837532647,3.128616667223191,2.7877306939625655,4.051523283101114,4.365781095479906,4.690382187067009,9.746266947533737,out_of_sample
2025-01-29 00:00:00+00:00,7.5867270512314695,4.464585837532647,3.128616667223191,2.7877306939625655,4.051523283101114,4.365781095479906,4.690382187067009,9.979011954813634,out_of_sample
2025-01-30 00:00:00+00:00,7.5867270512314695,4.464585837532647,3.128616667223191,2.7877306939625655,4.051523283101114,4.365781095479906,4.690382187067009,10.073193522094224,out_of_sample
2025-01-31 00:00:00+00:00,7.5867270512314695,4.464585837532647,3.128616667223191,2.7877306939625655,4.051523283101114,4.365781095479906,4.690382187067009,9.852130993886426,out_of_sample
2025-02-01 00:00:00+00:00,7.5867270512314695,4.464585837532647,3.128616667223191,2.7877306939625655,4.051523283101114,4.365781095479906,4.690382187067009,9.681214592898325,out_of_sample
2025-02-02 00:00:00+00:00,7.5867270512314695,4.464585837532647,3.128616667223191,2.7877306939625655,4.051523283101114,4.365781095479906,4.690382187067009,9.398381197175034,out_of_sample
2025-02-03 00:00:00+00:00,7.5867270512314695,4.464585837532647,3.128616667223191,2.7877306939625655,4.051523283101114,4.365781095479906,4.690382187067009,9.747623808776872,out_of_sample
2025-02-04 00:00:00+00:00,7.5867270512314695,4.464585837532647,3.128616667223191,2.7877306939625655,4.051523283101114,4.365781095479906,4.690382187067009,9.40275009791534,out_of_sample
2025-02-05 00:00:00+00:00,7.5867270512314695,4.464585837532647,3.128616667223191,2.7877306939625655,4.051523283101114,4.365781095479906,4.690382187067009,9.291439360331344,out_of_sample
2025-02-06 00:00:00+00:00,7.5867270512314695,4.464585837532647,3.128616667223191,2.7877306939625655,4.051523283101114,4.365781095479906,4.690382187067009,9.287772948036064,out_of_sample
2025-02-07 00:00:00+00:00,7.5867270512314695,4.464585837532647,3.128616667223191,2.7877306939625655,4.051523283101114,4.365781095479906,4.690382187067009,9.2819413316294,out_of_sample
2025-02-08 00:00:00+00:00,7.5867270512314695,4.464585837532647,3.128616667223191,2.7877306939625655,4.051523283101114,4.365781095479906,4.690382187067009,9.277841878511842,out_of_sample
2025-02-09 00:00:00+00:00,7.5867270512314695,4.464585837532647,3.128616667223191,2.7877306939625655,4.051523283101114,4.365781095479906,4.690382187067009,9.278967784649762,out_of_sample
2025-02-10 00:00:00+00:00,7.5867270512314695,4.464585837532647,3.128616667223191,2.7877306939625655,4.051523283101114,4.365781095479906,4.690382187067009,9.370926409042662,out_of_sample
2025-02-11 00:00:00+00:00,7.5867270512314695,4.464585837532647,3.128616667223191,2.7877306939625655,4.051523283101114,4.365781095479906,4.690382187067009,9.212356483054151,out_of_sample
2025-02-12 00:00:00+00:00,7.5867270512314695,4.464585837532647,3.128616667223191,2.7877306939625655,4.051523283101114,4.365781095479906,4.690382187067009,9.412989107579852,out_of_sample
2025-02-13 00:00:00+00:00,7.5867270512314695,4.464585837532647,3.128616667223191,2.7877306939625655,4.051523283101114,4.365781095479906,4.690382187067009,9.292151471905756,out_of_sample
2025-02-14 00:00:00+00:00,7.5867270512314695,4.464585837532647,3.128616667223191,2.7877306939625655,4.051523283101114,4.365781095479906,4.690382187067009,9.377268051306677,out_of_sample
2025-02-15 00:00:00+00:00,7.5867270512314695,4.464585837532647,3.128616667223191,2.7877306939625655,4.051523283101114,4.365781095479906,4.690382187067009,9.386207938504354,out_of_sample
2025-02-16 00:00:00+00:00,7.5867270512314695,4.464585837532647,3.128616667223191,2.7877306939625655,4.051523283101114,4.365781095479906,4.690382187067009,9.244651705266643,out_of_sample
2025-02-17 00:00:00+00:00,7.5867270512314695,4.464585837532647,3.128616667223191,2.7877306939625655,4.051523283101114,4.365781095479906,4.690382187067009,9.213492012321455,out_of_sample
2025-02-18 00:00:00+00:00,7.5867270512314695,4.464585837532647,3.128616667223191,2.7877306939625655,4.051523283101114,4.365781095479906,4.690382187067009,9.201828779508125,out_of_sample
2025-02-19 00:00:00+00:00,7.5867270512314695,4.464585837532647,3.128616667223191,2.7877306939625655,4.051523283101114,4.365781095479906,4.690382187067009,9.295750522295348,out_of_sample
2025-02-20 00:00:00+00:00,7.5867270512314695,4.464585837532647,3.128616667223191,2.7877306939625655,4.051523283101114,4.365781095479906,4.690382187067009,9.45500369047012,out_of_sample
2025-02-21 00:00:00+00:00,7.5795196605327995,4.464585837532647,3.128616667223191,2.7877306939625655,4.051523283101114,4.364951597071765,4.689000869512918,9.25051219106146,out_of_sample
2025-02-22 00:00:00+00:00,7.60191876150127,4.464585837532647,3.128616667223191,2.7877306939625655,4.051523283101114,4.367531470096025,4.6932965395121595,9.28663741876876,out_of_sample
2025-02-23 00:00:00+00:00,7.60191876150127,4.464585837532647,3.128616667223191,2.7877306939625655,4.051523283101114,4.367531470096025,4.6932965395121595,9.259221123153923,out_of_sample
2025-02-24 00:00:00+00:00,7.60191876150127,4.464585837532647,3.128616667223191,2.7877306939625655,4.051523283101114,4.367531470096025,4.6932965395121595,8.806558740062917,out_of_sample
2025-02-25 00:00:00+00:00,7.60191876150127,4.464585837532647,3.128616667223191,2.7877306939625655,4.051523283101114,4.367531470096025,4.6932965395121595,8.529855277757196,out_of_sample
2025-02-26 00:00:00+00:00,7.60191876150127,4.464585837532647,3.128616667223191,2.7877306939625655,4.051523283101114,4.367531470096025,4.6932965395121595,8.103492907272487,out_of_sample
2025-02-27 00:00:00+00:00,7.60191876150127,4.464585837532647,3.128616667223191,2.7877306939625655,4.051523283101114,4.367531470096025,4.6932965395121595,8.147720809921063,out_of_sample
2025-02-28 00:00:00+00:00,7.60191876150127,4.464585837532647,3.128616667223191,2.7877306939625655,4.051523283101114,4.367531470096025,4.6932965395121595,8.112259578141256,out_of_sample
2025-03-01 00:00:00+00:00,7.60191876150127,4.464585837532647,3.128616667223191,2.7877306939625655,4.051523283101114,4.367531470096025,4.6932965395121595,8.27663225114828,out_of_sample
2025-03-02 00:00:00+00:00,7.60191876150127,4.464585837532647,3.128616667223191,2.7877306939625655,4.051523283101114,4.367531470096025,4.6932965395121595,9.06718195316808,out_of_sample
2025-03-03 00:00:00+00:00,7.594696938677844,4.464585837532647,3.128616667223191,2.7877306939625655,4.051523283101114,4.366701639116706,4.691914363681273,8.294435040508564,out_of_sample
2025-03-04 00:00:00+00:00,7.6802825828534,4.464585837532647,3.128616667223191,2.785082349803301,4.051523283101114,4.377373100078755,4.70919670648127,8.395785839180187,out_of_sample
2025-03-05 00:00:00+00:00,7.6802825828534,4.464585837532647,3.128616667223191,2.891070486985873,4.051523283101114,4.410689861478159,4.745039020916353,8.71529298098566,out_of_sample
2025-03-06 00:00:00+00:00,7.6802825828534,4.464585837532647,3.128616667223191,2.869417648768013,4.051523283101114,4.404083038543218,4.7379313725404435,8.650019294374415,out_of_sample
2025-03-07 00:00:00+00:00,7.6802825828534,4.464585837532647,3.128616667223191,2.7693734279589717,4.051523283101114,4.3733727614137425,4.7048931250329025,8.348430419481835,out_of_sample
2025-03-08 00:00:00+00:00,7.6802825828534,4.464585837532647,3.128616667223191,2.751206495584235,4.051523283101114,4.367634946036155,4.698720358704612,8.29366519015785,out_of_sample
2025-03-09 00:00:00+00:00,7.6802825828534,4.464585837532647,3.128616667223191,2.5731515497502486,4.047674335982167,4.311931126448873,4.638169021496507,7.764787622346062,out_of_sample
2025-03-10 00:00:00+00:00,7.6802825828534,4.464585837532647,3.128616667223191,2.5731515497502486,3.9412764558969737,4.289262290329862,4.630853837856701,7.560681048112761,out_of_sample
2025-03-11 00:00:00+00:00,7.6802825828534,4.464585837532647,3.128616667223191,2.5731515497502486,4.158396354333907,4.336520289268374,4.646160308126463,7.977189334108316,out_of_sample
2025-03-12 00:00:00+00:00,7.6802825828534,4.464585837532647,3.128616667223191,2.5731515497502486,4.195753497803706,4.344311754862415,4.648664647719299,8.048852778630494,out_of_sample
2025-03-13 00:00:00+00:00,7.6802825828534,4.464585837532647,3.128616667223191,2.5731515497502486,4.067569385129639,4.317767214161058,4.640143389929024,7.802952953482755,out_of_sample
2025-03-14 00:00:00+00:00,7.6802825828534,4.464585837532647,3.128616667223191,2.5731515497502486,4.210757555292382,4.348166360582241,4.6499440385973765,8.07763555861785,out_of_sample
2025-03-15 00:00:00+00:00,7.6802825828534,4.464585837532647,3.128616667223191,2.5731515497502486,4.228972109869908,4.351928149877731,4.651150899714807,8.112577141410924,out_of_sample
2025-03-16 00:00:00+00:00,7.6802825828534,4.464585837532647,3.128616667223191,2.5731515497502486,4.140618226704396,4.333743600946722,4.645320444003556,7.9430849635716445,out_of_sample
2025-03-17 00:00:00+00:00,7.6802825828534,4.464585837532647,3.128616667223191,2.5731515497502486,4.211916344085387,4.348668317162606,4.650119765034693,8.079858501505539,out_of_sample
2025-03-18 00:00:00+00:00,7.6802825828534,4.464585837532647,3.128616667223191,2.5731515497502486,4.14686364682255,4.335235353142315,4.645810522277739,7.955065759654646,out_of_sample
2025-03-19 00:00:00+00:00,7.6802825828534,4.464585837532647,3.128616667223191,2.5731515497502486,4.35472828412053,4.378696735094084,4.659783005601251,8.353819371936838,out_of_sample
2025-03-20 00:00:00+00:00,7.672986314399689,4.464585837532647,3.128616667223191,2.5731515497502486,4.2229875426402215,4.351371614049809,4.649952537780598,8.10109674805589,out_of_sample
2025-03-21 00:00:00+00:00,7.660836571745425,4.464585837532647,3.128616667223191,2.5731515497502486,4.21630067917235,4.348615553077587,4.647228250518994,8.0882691165871,out_of_sample
2025-03-22 00:00:00+00:00,7.638469378591963,4.464585837532647,3.128616667223191,2.5731515497502486,4.203990429397288,4.34353692631849,4.64220793493784,8.064653957078919,out_of_sample
2025-03-23 00:00:00+00:00,7.842572294763703,4.464585837532647,3.128616667223191,2.5731515497502486,4.316322712695154,4.389961334624473,4.688103337290463,8.280144693373417,out_of_sample
2025-03-24 00:00:00+00:00,7.971926494125526,4.464585837532647,3.128616667223191,2.5731515497502486,4.387515485640419,4.418924277512425,4.716713537801649,8.416716145590248,out_of_sample
2025-03-25 00:00:00+00:00,7.963395241969194,4.464585837532647,3.128616667223191,2.5731515497502486,4.382820133647975,4.417032691718252,4.714845908333309,8.407708896486884,out_of_sample
2025-03-26 00:00:00+00:00,7.918186897209143,4.460344480986992,3.128616667223191,2.5731515497502486,4.357938781209382,4.406163224396798,4.703912194967015,8.359978174742558,out_of_sample
2025-03-27 00:00:00+00:00,7.947116592021319,4.476640686957782,3.128616667223191,2.5731515497502486,4.3738608402094,4.415822174787527,4.714223854390333,8.390521987407173,out_of_sample
2025-03-28 00:00:00+00:00,7.690960277276062,4.332346870762729,3.128616667223191,2.5731515497502486,4.232879886795243,4.330422088723639,4.623052809236382,8.120073559201012,out_of_sample
2025-03-29 00:00:00+00:00,7.5217697095119895,4.241156916683582,3.128616667223191,2.5731515497502486,4.143783576177934,4.274909644491014,4.563305971186531,7.949157158212908,out_of_sample
2025-03-30 00:00:00+00:00,7.5217697095119895,4.228223664370909,3.128616667223191,2.5731515497502486,4.131147260292286,4.269695172484229,4.559270437318589,7.924916495294772,out_of_sample
2025-03-31 00:00:00+00:00,7.5217697095119895,4.236679824179949,3.128616667223191,2.5731515497502486,4.139409273894374,4.273110812486308,4.561914724263267,7.940765789390116,out_of_sample
2025-04-01 00:00:00+00:00,7.5217697095119895,4.370345679959269,3.128616667223191,2.5731515497502486,4.2700062757867805,4.327036909080252,4.603653528153504,8.191294339771527,out_of_sample
2025-04-02 00:00:00+00:00,7.5217697095119895,4.235016317332269,3.128616667223191,2.5731515497502486,4.137783959743144,4.273441592842037,4.562312918606882,7.937647895469721,out_of_sample
2025-04-03 00:00:00+00:00,7.5217697095119895,4.2707714459965995,3.128616667223191,2.5731515497502486,4.172718181191201,4.287873410104816,4.573483256859368,8.004663368499456,out_of_sample
2025-04-04 00:00:00+00:00,7.5217697095119895,4.305674284115514,3.128616667223191,2.5731515497502486,4.206819679956838,4.301890451606541,4.584322513619871,8.070081402051459,out_of_sample
2025-04-05 00:00:00+00:00,7.5217697095119895,4.287437320155764,3.128616667223191,2.5731515497502486,4.1890014211137165,4.294602076690289,4.5786915265795685,8.035900046479716,out_of_sample
2025-04-06 00:00:00+00:00,7.5217697095119895,4.024762400914548,3.128616667223191,2.5731515497502486,3.93235729367201,4.1893565260799495,4.497341030285899,7.543571124068121,out_of_sample
2025-04-07 00:00:00+00:00,7.5217697095119895,4.063269503870102,3.128616667223191,2.5731515497502486,3.9699803064319794,4.2053892720657124,4.509819301418533,7.615744594447647,out_of_sample
2025-04-08 00:00:00+00:00,7.5217697095119895,3.917348120790127,3.128616667223191,2.5731515497502486,3.8274091536785004,4.144979179317985,4.4628514765941345,7.342245634226777,out_of_sample
2025-04-09 00:00:00+00:00,7.5217697095119895,4.240299491857771,3.128616667223191,2.5731515497502486,4.142945837093812,4.281666210210464,4.56954925990335,7.947550095605791,out_of_sample
2025-04-10 00:00:00+00:00,7.5217697095119895,4.084843750086001,3.128616667223191,2.5731515497502486,3.9910592263809646,4.218877287116187,4.520966565537955,7.65618098411895,out_of_sample
2025-04-11 00:00:00+00:00,7.5217697095119895,4.280875709812137,3.128616667223191,2.5731515497502486,4.1825904597394175,4.299862982828055,4.583885408234748,8.023601687127044,out_of_sample
2025-04-12 00:00:00+00:00,7.5217697095119895,4.376347653739941,3.128616667223191,2.5731515497502486,4.275870449375635,4.3382211418050005,4.61353200843909,8.20254377802135,out_of_sample
2025-04-13 00:00:00+00:00,7.5217697095119895,4.29809608625386,3.128616667223191,2.5731515497502486,4.1994154710456755,4.30719320423634,4.589609166708332,8.055877663080768,out_of_sample
2025-04-14 00:00:00+00:00,7.5217697095119895,4.34123431012487,3.128616667223191,2.5731515497502486,4.241563278140244,4.3244850153984284,4.602967732753577,8.136731196164606,out_of_sample
2025-04-15 00:00:00+00:00,7.5217697095119895,4.292705091840084,3.128616667223191,2.5731515497502486,4.194148249259281,4.305148222008391,4.5880457684291684,8.045773377227635,out_of_sample
2025-04-16 00:00:00+00:00,7.5217697095119895,4.312282102982688,3.128616667223191,2.5731515497502486,4.21327578894645,4.31300172537372,4.594113705580872,8.082466369568586,out_of_sample
2025-04-17 00:00:00+00:00,7.5217697095119895,4.359774196627871,3.128616667223191,2.5731515497502486,4.259677504683745,4.3320017329744855,4.608786535697815,8.171480316370003,out_of_sample
2025-04-18 00:00:00+00:00,7.5217697095119895,4.334410851481146,3.128616667223191,2.5731515497502486,4.234896480279179,4.321921022352854,4.6010110571710054,8.123942057213354,out_of_sample
2025-04-19 00:00:00+00:00,7.5217697095119895,4.366546312467654,3.128616667223191,2.5731515497502486,4.266294138527798,4.334738166750057,4.610903549773535,8.184173224027415,out_of_sample
2025-04-20 00:00:00+00:00,7.5217697095119895,4.371264716149808,3.128616667223191,2.5731515497502486,4.27090421169132,4.336611779721367,4.6123484606463006,8.193016879931253,out_of_sample
2025-04-21 00:00:00+00:00,7.5217697095119895,4.490749689480696,3.128616667223191,2.5731515497502486,4.387645912084655,4.3840268850964375,4.648910153175543,8.416966346954233,out_of_sample
2025-04-22 00:00:00+00:00,7.5217697095119895,4.795669467804352,3.128616667223191,2.5731515497502486,4.685564992724899,4.503096225264728,4.74045120487016,8.988474377936859,out_of_sample
2025-04-23 00:00:00+00:00,7.514624028287953,4.807334552859688,3.128616667223191,2.5731515497502486,4.696962257390319,4.5066220065348315,4.742399065585197,9.010338127897164,out_of_sample
2025-04-24 00:00:00+00:00,7.538660976049162,4.822711722639939,3.128616667223191,2.5731515497502486,4.7119863804858,4.515271176793475,4.751500742382851,9.039159400402056,out_of_sample
2025-04-25 00:00:00+00:00,7.59164659512078,4.856608241801615,3.128616667223191,2.5731515497502486,4.745104664517975,4.534312577329093,4.7715383492592665,9.102691300594806,out_of_sample
2025-04-26 00:00:00+00:00,7.590354458696889,4.855781622658169,3.128616667223191,2.5731515497502486,4.744297023844061,4.533849519648649,4.771051065367281,9.101141976763993,out_of_sample
2025-04-27 00:00:00+00:00,7.5198407281359625,4.810671835115836,3.128616667223191,2.5731515497502486,4.700222918496183,4.508578079809684,4.744457476531894,9.016593161996724,out_of_sample
2025-04-28 00:00:00+00:00,7.621919505623378,4.875974747448062,3.128616667223191,2.5731515497502486,4.76402653173539,4.545299347339052,4.783099924149168,9.138989744631017,out_of_sample
2025-04-29 00:00:00+00:00,7.560209959267475,4.836497265498028,3.128616667223191,2.5731515497502486,4.72545541905387,4.523219211706357,4.75986460189657,9.064997502797926,out_of_sample
2025-04-30 00:00:00+00:00,7.55419069021208,4.832646555202472,3.128616667223191,2.5731515497502486,4.721693117777873,4.521058440491393,4.757590783640694,9.057780155759973,out_of_sample
2025-05-01 00:00:00+00:00,7.738637145453512,4.950642587219078,3.128616667223191,2.5731515497502486,4.836980061677822,4.587291335912086,4.827288845936275,9.27893891526161,out_of_sample
2025-05-02 00:00:00+00:00,7.771373943422784,4.971585316946506,3.128616667223191,2.5731515497502486,4.857441964217544,4.5989347217073355,4.83954138937914,9.31819166001869,out_of_sample
2025-05-03 00:00:00+00:00,7.688877854595586,4.91881004877582,3.128616667223191,2.5731515497502486,4.80587837112958,4.569643057447616,4.808717246370629,9.219275513081202,out_of_sample
2025-05-04 00:00:00+00:00,7.5626256925817055,4.838042683896643,3.128616667223191,2.5731515497502486,4.7269653559659695,4.524622653179677,4.761341468499101,9.06789406474249,out_of_sample
2025-05-05 00:00:00+00:00,7.600065546106259,4.8619941019349975,3.128616667223191,2.5731515497502486,4.75036686990267,4.538062525753704,4.775484487160134,9.112785963318556,out_of_sample
2025-05-06 00:00:00+00:00,7.768781644882927,4.969926944379219,3.128616667223191,2.5731515497502486,4.855821666468014,4.598507599605101,4.839091921139827,9.315083389227677,out_of_sample
2025-05-07 00:00:00+00:00,7.783990331362891,4.97965640572599,3.128616667223191,2.5731515497502486,4.865327747692033,4.603909007204518,4.844775919113292,9.333319219410237,out_of_sample
2025-05-08 00:00:00+00:00,8.284769439695486,5.300020099475021,3.128616667223191,2.5731515497502486,5.178336164649876,4.781623111358751,5.031787654346524,9.933773623579748,out_of_sample
2025-05-09 00:00:00+00:00,8.2617999089801,5.285325788987181,3.128616667223191,2.5731515497502486,5.163979222980671,4.773668878735245,5.023417272870895,9.906232227282919,out_of_sample
2025-05-10 00:00:00+00:00,8.402177705978676,5.380150813585333,3.128616667223191,2.5731515497502486,5.256627146002521,4.82414905665945,5.076013521258021,10.08396180387485,out_of_sample
2025-05-11 00:00:00+00:00,8.402177705978676,5.343384231683369,3.128616667223191,2.5731515497502486,5.220704693419302,4.810962253720686,5.065953947601808,10.015050574356477,out_of_sample
2025-05-12 00:00:00+00:00,8.402177705978676,5.274923736908788,3.128616667223191,2.5731515497502486,5.153815993133778,4.78630665405195,5.0471312066891345,9.886735767151064,out_of_sample
2025-05-13 00:00:00+00:00,8.402177705978676,5.343861719760018,3.128616667223191,2.5731515497502486,5.221171218777526,4.811327552362122,5.066259885691758,10.015945525389185,out_of_sample
2025-05-14 00:00:00+00:00,8.402177705978676,5.311828944381391,3.128616667223191,2.5731515497502486,5.189873888562933,4.799791312628378,5.0574529501277015,9.955906821162802,out_of_sample
2025-05-15 00:00:00+00:00,8.402177705978676,5.324993239311797,3.128616667223191,2.5731515497502486,5.202735942525141,4.804549437869642,5.061087773999005,9.980580524903216,out_of_sample
2025-05-16 00:00:00+00:00,8.402177705978676,5.309472309680511,3.128616667223191,2.5731515497502486,5.187571360182022,4.798947847754207,5.056809776400953,9.951489804775575,out_of_sample
2025-05-17 00:00:00+00:00,8.402177705978676,5.292395693089822,3.128616667223191,2.5731515497502486,5.170886808123401,4.792773991848761,5.052093219455322,9.919483276444602,out_of_sample
2025-05-18 00:00:00+00:00,8.402177705978676,5.463264544604602,3.128616667223191,2.5731515497502486,5.337832656743639,4.854669272175315,5.099395267658465,10.23974102234202,out_of_sample
2025-05-19 00:00:00+00:00,8.402177705978676,5.418288248352514,3.128616667223191,2.5731515497502486,5.293888977839994,4.838682856609413,5.0872208517915904,10.155442408938734,out_of_sample
2025-05-20 00:00:00+00:00,8.402177705978676,5.483416595151342,3.128616667223191,2.5731515497502486,5.357522033421355,4.861947430267385,5.104954028381771,10.277511805173972,out_of_sample
2025-05-21 00:00:00+00:00,8.402177705978676,5.627659068542454,3.128616667223191,2.5731515497502486,5.498452822818499,4.913105266676126,5.14389723888183,10.547864002086294,out_of_sample
2025-05-22 00:00:00+00:00,8.402177705978676,5.7330761135935795,3.128616667223191,2.5731515497502486,5.601449582550192,4.949918089409701,5.171840258831313,10.745446094597288,out_of_sample
2025-05-23 00:00:00+00:00,8.402177705978676,5.5076195929290055,3.128616667223191,2.5731515497502486,5.381169351041422,4.872054737317316,5.112858435591071,10.322875237089852,out_of_sample
2025-05-24 00:00:00+00:00,8.402177705978676,5.529563507333277,3.128616667223191,2.5731515497502486,5.402609451912903,4.8798193950119675,5.118766047134283,10.364004492076797,out_of_sample
2025-05-25 00:00:00+00:00,8.402177705978676,5.594101411886786,3.128616667223191,2.5731515497502486,5.465665621298611,4.902601180079522,5.136091607443272,10.484967228432883,out_of_sample
2025-05-26 00:00:00+00:00,8.402177705978676,5.616225026104852,3.128616667223191,2.5731515497502486,5.48728129622964,4.910356724656719,5.141982166314869,10.526433292948267,out_of_sample
2025-05-27 00:00:00+00:00,8.402177705978676,5.590681981144334,3.128616667223191,2.5731515497502486,5.462324697765527,4.901423645087642,5.13520018277531,10.478558224263182,out_of_sample
2025-05-28 00:00:00+00:00,8.402177705978676,5.530806003188644,3.128616667223191,2.5731515497502486,5.403823421124625,4.880426025468814,5.119250824744592,10.366333289387711,out_of_sample
2025-05-29 00:00:00+00:00,8.402177705978676,5.418714393625222,3.128616667223191,2.5731515497502486,5.2943053391812045,4.840861823923171,5.089163118058014,10.1562411286776,out_of_sample
2025-05-30 00:00:00+00:00,8.402177705978676,5.337084469639841,3.128616667223191,2.5731515497502486,5.214549568531771,4.811691865589477,5.066930147134164,10.003242994602388,out_of_sample
2025-05-31 00:00:00+00:00,8.402177705978676,5.367618035143399,3.128616667223191,2.5731515497502486,5.244382109449576,4.8227029792112805,5.075336669250231,10.06047174504866,out_of_sample
2025-06-01 00:00:00+00:00,8.402177705978676,5.420942671316251,3.128616667223191,2.5731515497502486,5.296482457519582,4.841867448817904,5.089958749114233,10.16041756683023,out_of_sample
2025-06-02 00:00:00+00:00,8.402177705978676,5.432802859026562,3.128616667223191,2.5731515497502486,5.308070345449653,4.846104752939587,5.0931882024141695,10.182646995707122,out_of_sample
2025-06-03 00:00:00+00:00,8.402177705978676,5.4079426733584555,3.128616667223191,2.5731515497502486,5.283780928411817,4.837234557053498,5.086429424999334,10.136051803230101,out_of_sample
2025-06-04 00:00:00+00:00,8.402177705978676,5.372603421406045,3.128616667223191,2.5731515497502486,5.249253035501567,4.824590617493506,5.07679032925903,10.069815803680463,out_of_sample
2025-06-05 00:00:00+00:00,8.402177705978676,5.209169007901884,3.128616667223191,2.5731515497502486,5.089570936544854,4.76588506444069,5.032003950363901,9.763492349130985,out_of_sample
2025-06-06 00:00:00+00:00,8.402177705978676,5.351973882782656,3.128616667223191,2.5731515497502486,5.229097133465626,4.818146115621113,5.072008884183087,10.031150069815805,out_of_sample
2025-06-07 00:00:00+00:00,8.394195637157997,5.417050886777543,3.128616667223191,2.5731515497502486,5.292680025029975,4.840665050827487,5.0884002856404065,10.153123234757205,out_of_sample
2025-06-08 00:00:00+00:00,8.407641307491193,5.4257278206435275,3.128616667223191,2.5731515497502486,5.301157743905222,4.845317264519915,5.09329059001653,10.169386323416058,out_of_sample
2025-06-09 00:00:00+00:00,8.769751508405449,5.6594094584994075,3.128616667223191,2.5731515497502486,5.529474250939522,4.970527563864061,5.2249088937533195,10.60737343419656,out_of_sample
2025-06-10 00:00:00+00:00,8.770348209751596,5.659794529528963,3.128616667223191,2.5731515497502486,5.529850481067122,4.970730483216034,5.225122198098425,10.608095168900356,out_of_sample
2025-06-11 00:00:00+00:00,8.64023549221959,5.575828507964278,3.128616667223191,2.5731515497502486,5.447812247643583,4.926484446286419,5.178611740426369,10.450718510955452,out_of_sample
2025-06-12 00:00:00+00:00,8.402310775465606,5.4222878527794975,3.128616667223191,2.5731515497502486,5.297796754765331,4.845088580338245,5.093050202250982,10.16293882672882,out_of_sample
2025-06-13 00:00:00+00:00,8.435551018455012,5.443738876265939,3.128616667223191,2.5731515497502486,5.318755281073485,4.856589125320649,5.105139321361481,10.20314426129491,out_of_sample
2025-06-14 00:00:00+00:00,8.382452554665809,5.409472688915889,3.128616667223191,2.5731515497502486,5.285275816118813,4.838246938456101,5.085858419274509,10.138919495786514,out_of_sample
2025-06-15 00:00:00+00:00,8.396351718022078,5.4184422767643365,3.128616667223191,2.5731515497502486,5.294039469891035,4.843060392569942,5.090918216023636,10.155731102820251,out_of_sample
2025-06-16 00:00:00+00:00,8.493057116187758,5.4808494549543045,3.128616667223191,2.5731515497502486,5.355013832570692,4.8765285058171735,5.126099158150161,10.272700240482004,out_of_sample
2025-06-17 00:00:00+00:00,8.314675237761373,5.365733754238773,3.128616667223191,2.5731515497502486,5.242541090025188,4.815074711041003,5.061500285142144,10.056940056564756,out_of_sample
2025-06-18 00:00:00+00:00,8.340516384058544,5.382409896958725,3.128616667223191,2.5731515497502486,5.258834362751106,4.8240535620350675,5.070938655176673,10.088195980803782,out_of_sample
2025-06-19 00:00:00+00:00,8.32255965154847,5.3708218261093,3.128616667223191,2.5731515497502486,5.247512344111206,4.817821988201584,5.064388162270979,10.066476577784238,out_of_sample
2025-06-20 00:00:00+00:00,8.214278247267522,5.300944269945954,3.128616667223191,2.5731515497502486,5.179239116956114,4.780212366717331,5.024853758073649,9.935505786868857,out_of_sample
2025-06-21 00:00:00+00:00,8.121487209932571,5.24106315770987,3.128616667223191,2.5731515497502486,5.120732823913511,4.747813108924722,4.990796373215289,9.823271228864,out_of_sample
2025-06-22 00:00:00+00:00,8.02799604301814,5.180730228799106,3.128616667223191,2.5731515497502486,5.061785087521191,4.715020204642205,4.9563251958530765,9.710189835473358,out_of_sample
2025-06-23 00:00:00+00:00,8.369336306040381,5.405930035443976,3.128616667223191,2.5731515497502486,5.281814498944894,4.837097938485176,5.084132679876336,10.132279536511597,out_of_sample
2025-06-24 00:00:00+00:00,8.369336306040381,5.444129081575887,3.128616667223191,2.5731515497502486,5.319136527602784,4.850769778563409,5.094550982569258,10.203875619128087,out_of_sample
2025-06-25 00:00:00+00:00,8.369336306040381,5.5080560067625015,3.128616667223191,2.5731515497502486,5.381595745186035,4.873553573149113,5.111899377996001,10.323693203087485,out_of_sample
2025-06-26 00:00:00+00:00,8.369336306040381,5.489249137679009,3.128616667223191,2.5731515497502486,5.363220665754065,4.866897411054242,5.106837654140423,10.288443680154124,out_of_sample
2025-06-27 00:00:00+00:00,8.369336306040381,5.49422938966126,3.128616667223191,2.5731515497502486,5.368086575404354,4.868663654478133,5.108181311157353,10.297778115656543,out_of_sample
2025-06-28 00:00:00+00:00,8.369336306040381,5.506053637408813,3.128616667223191,2.5731515497502486,5.379639348522516,4.872854836255755,5.111369404546409,10.31994018262775,out_of_sample
2025-06-29 00:00:00+00:00,8.369336306040381,5.5609288262606755,3.128616667223191,2.5731515497502486,5.433254649906323,4.892280642613361,5.126142477994791,10.422792189483268,out_of_sample
2025-06-30 00:00:00+00:00,8.369336306040381,5.498167382723516,3.128616667223191,2.5731515497502486,5.3719341555092734,4.870194649074344,5.109364707157072,10.305159055894023,out_of_sample
2025-07-01 00:00:00+00:00,8.369336306040381,5.423745988411414,3.128616667223191,2.5731515497502486,5.299221412848506,4.8438261047121385,5.089308687480835,10.165671795473857,out_of_sample
2025-07-02 00:00:00+00:00,8.369336306040381,5.5860970687524265,3.128616667223191,2.5731515497502486,5.457845051046239,4.901822950638497,5.133487356975383,10.469964769723326,out_of_sample
2025-07-03 00:00:00+00:00,8.369336306040381,5.624357726249066,3.128616667223191,2.5731515497502486,5.495227276524545,4.915252503810614,5.143683934969328,10.541676329892423,out_of_sample
2025-07-04 00:00:00+00:00,8.369336306040381,5.541706080465263,3.128616667223191,2.5731515497502486,5.414473241936546,4.886360052181025,5.121763415443425,10.386763193069807,out_of_sample
2025-07-05 00:00:00+00:00,8.369336306040381,5.5528988117243445,3.128616667223191,2.5731515497502486,5.425408997645444,4.8903076967587085,5.1247633383892275,10.40774161512679,out_of_sample
2025-07-06 00:00:00+00:00,8.369336306040381,5.6038514103551345,3.128616667223191,2.5731515497502486,5.475191768129435,4.908256800007477,5.138400324279038,10.50324155113298,out_of_sample
2025-07-07 00:00:00+00:00,8.369336306040381,5.555491623323352,3.128616667223191,2.5731515497502486,5.427942280504615,4.891314005763715,5.125540835531169,10.412601295465677,out_of_sample
2025-07-08 00:00:00+00:00,8.369336306040381,5.589850227720496,3.128616667223191,2.5731515497502486,5.461512040689911,4.903414373061594,5.134733696961024,10.476999277302985,out_of_sample
2025-07-09 00:00:00+00:00,8.369336306040381,5.709314663929807,3.128616667223191,2.5731515497502486,5.578233675476439,4.945332035232468,5.166557669330377,10.700910251808427,out_of_sample
2025-07-10 00:00:00+00:00,8.369336306040381,5.954697326803783,3.128616667223191,2.5731515497502486,5.817982561988069,5.03035090807673,5.230953711323391,11.160828474454922,out_of_sample
2025-07-11 00:00:00+00:00,8.369336306040381,6.032779463036859,3.128616667223191,2.5731515497502486,5.8942719990618855,5.05673549310923,5.250845364112964,11.307177026125835,out_of_sample
2025-07-12 00:00:00+00:00,8.369336306040381,6.027095814640619,3.128616667223191,2.5731515497502486,5.888718842378514,5.054829856959145,5.249410743783397,11.296524221897817,out_of_sample
2025-07-13 00:00:00+00:00,8.369336306040381,6.111760098338899,3.128616667223191,2.5731515497502486,5.971439306433434,5.083232494794538,5.270795322376034,11.455209625438936,out_of_sample
2025-07-14 00:00:00+00:00,8.369336306040381,6.151715068365582,3.128616667223191,2.5731515497502486,6.0104769444731785,5.096524927658412,5.280787925989855,11.530096818304733,out_of_sample
2025-07-15 00:00:00+00:00,8.369336306040381,6.045024721776726,3.128616667223191,2.5731515497502486,5.9062361171195565,5.061168933117846,5.254228074717618,11.330128189706524,out_of_sample
2025-07-16 00:00:00+00:00,8.369336306040381,6.088779059295025,3.128616667223191,2.570707055777986,5.948985892418285,5.074860557545023,5.264258614267691,11.412136498316434,out_of_sample
2025-07-17 00:00:00+00:00,8.361385436549643,6.118860808123904,3.128616667223191,2.5834076913588566,5.978376989986374,5.088939811144793,5.275452301818586,11.468518413376922,out_of_sample
2025-07-18 00:00:00+00:00,8.263623769837322,6.05313175051897,3.128616667223191,2.5556566183589755,5.914157015405956,5.0442404298870755,5.228563378468784,11.34532311100376,out_of_sample
2025-07-19 00:00:00+00:00,8.263623769837322,6.04892164059583,3.128616667223191,2.553879092983261,5.9100435660108666,5.042135389960917,5.226781443850366,11.337432144908933,out_of_sample
2025-07-20 00:00:00+00:00,8.263623769837322,6.018198106717692,3.128616667223191,2.540907493168288,5.880025418230113,5.02676945599689,5.213773051431104,11.279847338675454,out_of_sample
2025-07-21 00:00:00+00:00,8.263623769837322,6.0240614549277245,3.128616667223191,2.5409691602925415,5.88575414897303,5.028752827375367,5.21527144895561,11.29083695243191,out_of_sample
2025-07-22 00:00:00+00:00,8.263623769837322,6.160813013223884,3.128616667223191,2.5409691602925415,6.019366008287935,5.074415693903215,5.249604927431272,11.547149003573068,out_of_sample
2025-07-23 00:00:00+00:00,8.263623769837322,6.09508395561895,3.128616667223191,2.5409691602925415,5.955146033707519,5.052760333759025,5.2333627594995535,11.42395370119991,out_of_sample
2025-07-24 00:00:00+00:00,8.263623769837322,6.073561052206992,3.128616667223191,2.5409691602925415,5.934117277775546,5.045623429761041,5.2280035590383855,11.383613542822445,out_of_sample
2025-07-25 00:00:00+00:00,8.263623769837322,6.037066587165914,3.128616667223191,2.5409691602925415,5.898460694482497,5.033496288778342,5.2188935780026835,11.315212339161421,out_of_sample
2025-07-26 00:00:00+00:00,8.263623769837322,6.052762082330598,3.128616667223191,2.5409691602925415,5.9137958344834605,5.038730832113009,5.222828403657394,11.344630245688117,out_of_sample
2025-07-27 00:00:00+00:00,8.263623769837322,6.13153221213648,3.128616667223191,2.5409691602925415,5.990757469385254,5.064960277533379,5.242539542317242,11.492268296696476,out_of_sample
2025-07-28 00:00:00+00:00,8.263623769837322,6.060576457090378,3.128616667223191,2.5409691602925415,5.921430797872883,5.0415150394860575,5.224945796051686,11.359276648610468,out_of_sample
2025-07-29 00:00:00+00:00,8.263623769837322,6.053162556201336,3.128616667223191,2.5409691602925415,5.914187113816165,5.039048126109219,5.223092210528679,11.345380849780064,out_of_sample
2025-07-30 00:00:00+00:00,8.263623769837322,6.046693362904803,3.128616667223191,2.5409691602925415,5.90786644767249,5.036893974387327,5.221473409461877,11.333255706756304,out_of_sample
2025-07-31 00:00:00+00:00,8.263623769837322,5.940223790372893,3.128616667223191,2.5409691602925415,5.803841325592025,5.001418324067004,5.1948110466674,11.133700872721604,out_of_sample
2025-08-01 00:00:00+00:00,8.263623769837322,5.8143055637082295,3.128616667223191,2.5409691602925415,5.680814073866924,4.959011185992824,5.162877030172063,10.897693624580553,out_of_sample
2025-08-02 00:00:00+00:00,8.263623769837322,5.776517260007846,3.128616667223191,2.5409691602925415,5.64389335734514,4.946119354375335,5.1531462127453915,10.826867392314778,out_of_sample
2025-08-03 00:00:00+00:00,8.263623769837322,5.860822144078539,3.128616667223191,2.5409691602925415,5.726262673280967,4.97499363969305,5.174956285944866,10.984879176799021,out_of_sample
2025-08-04 00:00:00+00:00,8.263623769837322,5.90453027307329,3.128616667223191,2.5409691602925415,5.768967300964383,4.989834401511524,5.186148302847114,11.066800877244477,out_of_sample
2025-08-05 00:00:00+00:00,8.263623769837322,5.85665310839855,3.128616667223191,2.5409691602925415,5.722189355099488,4.973650277641057,5.17395318506407,10.977065195739264,out_of_sample
2025-08-06 00:00:00+00:00,8.263623769837322,5.901393227752511,3.128616667223191,2.5409691602925415,5.765902279524871,4.988848152804769,5.1854153889605055,11.06092114519089,out_of_sample
2025-08-07 00:00:00+00:00,8.263623769837322,6.028666904441209,3.128616667223191,2.5409691602925415,5.890253861299122,5.031885382987168,5.217846780720028,11.2994688994893,out_of_sample
2025-08-08 00:00:00+00:00,8.263623769837322,5.988018806561326,3.128616667223191,2.5409691602925415,5.850539009029698,5.01831445111715,5.207644241832448,11.223282584156673,out_of_sample
2025-08-09 00:00:00+00:00,8.263623769837322,5.9774370546691395,3.128616667223191,2.5409691602925415,5.840200205123259,5.014767197165274,5.204975455992573,11.20344931449638,out_of_sample
2025-08-10 00:00:00+00:00,8.263623769837322,6.122901486794042,3.128616667223191,2.5409691602925415,5.98232489812532,5.063582116061286,5.241708632717235,11.476091816202079,out_of_sample
2025-08-11 00:00:00+00:00,8.263623769837322,6.091407810856793,3.128616667223191,2.5409691602925415,5.951554290089366,5.05316412618581,5.233889889383903,11.41706354056101,out_of_sample
2025-08-12 00:00:00+00:00,8.263623769837322,6.165295240007911,3.128616667223191,2.5409691602925415,6.023745326973195,5.077681631363978,5.252300808060572,11.555549995525245,out_of_sample
2025-08-13 00:00:00+00:00,8.263623769837322,6.331794818907334,3.128616667223191,2.5409691602925415,6.186422217745602,5.132532652799011,5.293435367434939,11.867618458316935,out_of_sample
2025-08-14 00:00:00+00:00,8.263623769837322,6.07088609212168,3.128616667223191,2.5409691602925415,5.931503732489153,5.0479359406232565,5.230179999684314,11.378599892413414,out_of_sample
2025-08-15 00:00:00+00:00,8.263623769837322,6.021442971926748,3.128616667223191,2.5409691602925415,5.883195784105352,5.031491177887718,5.217827114094297,11.285929156446102,out_of_sample
2025-08-16 00:00:00+00:00,8.263623769837322,6.024035783525756,3.128616667223191,2.5409691602925415,5.885729066964523,5.032357794660285,5.218478679572967,11.29078883678499,out_of_sample
2025-08-17 00:00:00+00:00,8.263623769837322,6.025273145100727,3.128616667223191,2.5409691602925415,5.886938019774544,5.032771261405197,5.218789529660298,11.29310801096652,out_of_sample
2025-08-18 00:00:00+00:00,8.263623769837322,5.965191795929274,3.128616667223191,2.5409691602925415,5.828236087065589,5.012697437020827,5.203698088418459,11.18049815091569,out_of_sample
2025-08-19 00:00:00+00:00,8.263623769837322,5.792710780370754,3.128616667223191,2.5409691602925415,5.659715088311133,4.954721420543707,5.1600638924227455,10.857218742391714,out_of_sample
2025-08-20 00:00:00+00:00,8.263623769837322,5.864400737513209,3.128616667223191,2.5409691602925415,5.729759105266793,4.979249057414184,5.17858340500752,10.991586497979625,out_of_sample
2025-08-21 00:00:00+00:00,8.263623769837322,5.774124685344207,3.128616667223191,2.5409691602925415,5.641555714152321,4.948589014365339,5.155464998694317,10.822383014021863,out_of_sample
2025-08-22 00:00:00+00:00,8.263623769837322,6.001845423662568,3.128616667223191,2.5409691602925415,5.864048178811378,5.0266542731115305,5.214428364460997,11.249197671587615,out_of_sample
2025-08-23 00:00:00+00:00,8.263623769837322,5.923783824551068,3.128616667223191,2.5409691602925415,5.787778807344368,5.000503071736518,5.194760493918474,11.10288761243424,out_of_sample
2025-08-24 00:00:00+00:00,8.263623769837322,5.824651138702288,3.128616667223191,2.5409691602925415,5.690922123295102,4.967030324264416,5.16955000905726,10.917084230289186,out_of_sample
2025-08-25 00:00:00+00:00,8.263623769837322,5.650994372933526,3.128616667223191,2.5409691602925415,5.521252368551042,4.907795297063847,5.124853610772486,10.591601125136288,out_of_sample
2025-08-26 00:00:00+00:00,8.263623769837322,5.735499493939589,3.128616667223191,2.5409691602925415,5.60381732415322,4.937151817922394,5.147078398185368,10.749988211666505,out_of_sample
2025-08-27 00:00:00+00:00,8.263623769837322,5.709057949910108,3.128616667223191,2.5409691602925415,5.577982855391374,4.928047403054133,5.140197037099475,10.70042909533923,out_of_sample
2025-08-28 00:00:00+00:00,8.255773327255977,5.776440245801934,3.128616667223191,2.5409691602925415,5.64381811131962,4.9503767792616165,5.156277027487533,10.826723045374019,out_of_sample
2025-08-29 00:00:00+00:00,7.94941962341666,5.562089173629741,3.128616667223191,2.5409691602925415,5.434388356690824,4.840158181806664,5.041474125122668,10.424967016724036,out_of_sample
2025-08-30 00:00:00+00:00,7.973090818079315,5.583935536706526,3.128616667223191,2.5409691602925415,5.4557331459299805,4.850645041258632,5.051870328835901,10.465913432252687,out_of_sample
2025-08-31 00:00:00+00:00,7.973090818079315,5.555722665941089,3.128616667223191,2.5409691602925415,5.428168018581176,4.840841874959277,5.044468192565785,10.413034336287955,out_of_sample
2025-09-01 00:00:00+00:00,7.973090818079315,5.606012942401043,3.128616667223191,2.5409691602925415,5.477303673245697,4.858369551614778,5.057710292185031,10.507292888603617,out_of_sample
2025-09-02 00:00:00+00:00,7.973090818079315,5.708703684562916,3.128616667223191,2.5409691602925415,5.577636723673984,4.893967726651333,5.08457790886294,10.699765099411739,out_of_sample
2025-09-03 00:00:00+00:00,7.973090818079315,5.732927219462157,3.128616667223191,2.5409691602925415,5.601304106900855,4.9022742848174445,5.090834718218683,10.745167023845154,out_of_sample
2025-09-04 00:00:00+00:00,7.973090818079315,5.682590734478656,3.128616667223191,2.5409691602925415,5.5521233046210225,4.885057024142304,5.077872078452669,10.650821863365035,out_of_sample
2025-09-05 00:00:00+00:00,7.973090818079315,5.679279123624478,3.128616667223191,2.5409691602925415,5.548887725523665,4.88391828946157,5.077013909748941,10.644614944912396,out_of_sample
2025-09-06 00:00:00+00:00,7.973090818079315,5.6546551148545,3.128616667223191,2.5409691602925415,5.52482906296409,4.875448084410982,5.070630218197229,10.598462416387036,out_of_sample
2025-09-07 00:00:00+00:00,7.973090818079315,5.7029532905215525,3.128616667223191,2.5409691602925415,5.572018353768494,4.892105174419382,5.083190070809559,10.68898719450173,out_of_sample
2025-09-08 00:00:00+00:00,7.973090818079315,5.75104096069245,3.128616667223191,2.5409691602925415,5.619001972103145,4.908605393031364,5.095619988954729,10.779117424311684,out_of_sample
2025-09-09 00:00:00+00:00,7.973090818079315,5.724717505112032,3.128616667223191,2.5409691602925415,5.593282880580429,4.8996183969791085,5.088856177858319,10.729779639960238,out_of_sample
2025-09-10 00:00:00+00:00,7.973090818079315,5.847781071877591,3.128616667223191,2.5409691602925415,5.713521012959592,4.9417490009912,5.120580592123135,10.960436428163822,out_of_sample
2025-09-11 00:00:00+00:00,7.973090818079315,5.926345830467711,3.128616667223191,2.5409691602925415,5.790281991793332,4.968305899240551,5.14053109646039,11.107689553996824,out_of_sample
2025-09-12 00:00:00+00:00,7.973090818079315,5.954656252560635,3.128616667223191,2.5409691602925415,5.817942430774462,4.977799428043488,5.147652495834112,11.16075148941985,out_of_sample
2025-09-13 00:00:00+00:00,7.973090818079315,5.948715890144691,3.128616667223191,2.5409691602925415,5.812138454006024,4.975813087849712,5.146163260043718,11.149617528722636,out_of_sample
2025-09-14 00:00:00+00:00,7.973090818079315,5.915204442012571,3.128616667223191,2.5409691602925415,5.779396400101448,4.964600805717708,5.1377560572049195,11.08680736323368,out_of_sample
2025-09-15 00:00:00+00:00,7.973090818079315,5.919856100049602,3.128616667223191,2.5409691602925415,5.783941260042853,4.966162450828368,5.138927738505562,11.095525918455527,out_of_sample
2025-09-16 00:00:00+00:00,7.973090818079315,5.99413373451067,3.128616667223191,2.5409691602925415,5.856513543455983,4.991087029599384,5.157626697229071,11.234743731252943,out_of_sample
2025-09-17 00:00:00+00:00,7.973090818079315,5.976430735711903,3.128616667223191,2.5409691602925415,5.839216990389799,4.985190784263326,5.153209281077183,11.201563181137127,out_of_sample
2025-09-18 00:00:00+00:00,7.973090818079315,6.007986023013882,3.128616667223191,2.5409691602925415,5.87004779524617,4.995719418119156,5.161099808368294,11.260706934330804,out_of_sample
2025-09-19 00:00:00+00:00,7.973090818079315,5.933662180029268,3.128616667223191,2.5409691602925415,5.797430364217727,4.970998916826032,5.14258413549696,11.121402513368933,out_of_sample
2025-09-20 00:00:00+00:00,7.973090818079315,5.936506571367585,3.128616667223191,2.5409691602925415,5.800209450760264,4.971952086442556,5.143299036545428,11.126733727047634,out_of_sample
2025-09-21 00:00:00+00:00,7.973090818079315,5.9138643948297185,3.128616667223191,2.5409691602925415,5.778087119257402,4.964366762277533,5.137610153668264,11.084295726464472,out_of_sample
2025-09-22 00:00:00+00:00,7.973090818079315,5.781441034905764,3.128616667223191,2.5409691602925415,5.648704086576719,4.919901885664512,5.104248130057162,10.836095973393972,out_of_sample
2025-09-23 00:00:00+00:00,7.973090818079315,5.74767287275394,3.128616667223191,2.5409691602925415,5.615711212587076,4.908407447261136,5.095602411374103,10.77280465143582,out_of_sample
2025-09-24 00:00:00+00:00,7.973090818079315,5.814777917504486,3.128616667223191,2.5409691602925415,5.681275582823449,4.931330039321916,5.112855095072488,10.898578952483875,out_of_sample
2025-09-25 00:00:00+00:00,7.973090818079315,5.593002675882462,3.128616667223191,2.5409691602925415,5.4645921113345315,4.85609779991368,5.056303948983891,10.48290787874472,out_of_sample
2025-09-26 00:00:00+00:00,7.973090818079315,5.626580869659706,3.128616667223191,2.5409691602925415,5.497399378461226,4.86775944231767,5.065107207886849,10.545843144915668,out_of_sample
2025-09-27 00:00:00+00:00,7.973090818079315,5.626005830255569,3.128616667223191,2.5409691602925415,5.4968375414706765,4.86756044732913,5.064957087498202,10.544765354424667,out_of_sample
2025-09-28 00:00:00+00:00,7.973090818079315,5.756534640714111,3.128616667223191,2.5409691602925415,5.624369521923571,4.912733303113111,5.099035548247176,10.789414172752496,out_of_sample
2025-09-29 00:00:00+00:00,7.973090818079315,5.866279884137441,3.128616667223191,2.5409691602925415,5.731595108289484,4.950196752627395,5.127226557316685,10.995108563334146,out_of_sample
2025-09-30 00:00:00+00:00,7.973090818079315,5.85250460984014,3.128616667223191,2.5409691602925415,5.7181361025248165,4.9455471062116185,5.123735009598905,10.969289707197044,out_of_sample
2025-10-01 00:00:00+00:00,7.973090818079315,6.086812629904097,3.128616667223191,2.5409691602925415,5.947064610566678,5.024746110934564,5.183223102780371,11.408450839762386,out_of_sample
2025-10-02 00:00:00+00:00,7.973090818079315,6.1858477644253895,3.128616667223191,2.5409691602925415,6.043825982983619,5.057448047878504,5.2076797693890295,11.594071382449146,out_of_sample
2025-10-03 00:00:00+00:00,7.973090818079315,6.273202411050162,3.128616667223191,2.5409691602925415,6.129175041530035,5.086015940517977,5.229006734190166,11.757799305787447,out_of_sample
2025-10-04 00:00:00+00:00,7.973090818079315,6.28144293108265,3.128616667223191,2.5409691602925415,6.137226366260668,5.0886883501421,5.23099870292586,11.773244428448665,out_of_sample
2025-10-05 00:00:00+00:00,7.973090818079315,6.337072859152442,3.128616667223191,2.5409691602925415,6.191579078694571,5.106714995929945,5.244433517917129,11.877511035323622,out_of_sample
2025-10-06 00:00:00+00:00,7.973090818079315,6.398776640928422,3.128616667223191,2.5409691602925415,6.2518661943411455,5.126604533873059,5.259242310978366,11.993161804259776,out_of_sample
2025-10-07 00:00:00+00:00,7.96551638180214,6.227188990158472,3.128616667223191,2.5409691602925415,6.084218049482722,5.070641091023471,5.216794693267183,11.671556820248604,out_of_sample
2025-10-08 00:00:00+00:00,8.093648716900407,6.327358800646854,3.128616667223191,2.5409691602925415,6.182088046675656,5.119580523368802,5.267144731135689,11.859304074529213,out_of_sample
2025-10-09 00:00:00+00:00,7.98474608334841,6.24222216315232,3.128616667223191,2.5409691602925415,6.098906073664214,5.078249166806796,5.224622060390977,11.699733343084771,out_of_sample
2025-10-10 00:00:00+00:00,7.402574750060312,5.787099011900031,3.128616667223191,2.5409691602925415,5.654232161251582,4.856094744561025,4.996064371086318,10.84670066197507,out_of_sample
2025-10-11 00:00:00+00:00,7.262305636117269,5.677441051243401,3.128616667223191,2.5409691602925415,5.547091853714592,4.800884756411632,4.939263038074802,10.641169864592948,out_of_sample
2025-10-12 00:00:00+00:00,7.538814680334741,5.899000653088872,3.128616667223191,2.5409691602925415,5.763564636332053,4.912384018619843,5.0534599458126666,11.056436766897974,out_of_sample
2025-10-13 00:00:00+00:00,7.538814680334741,5.910167712945983,3.128616667223191,2.5409691602925415,5.774475310032445,4.916103759613485,5.056234206229902,11.077367073308038,out_of_sample
2025-10-14 00:00:00+00:00,7.538814680334741,5.800905091879696,3.128616667223191,2.5409691602925415,5.667721265426457,4.879749706172152,5.029126236644303,10.872577256888478,out_of_sample
2025-10-15 00:00:00+00:00,7.531652806388423,5.683597053435895,3.128616667223191,2.5409691602925415,5.553106519354486,4.839350515688324,4.9981519147025875,10.652707996724288,out_of_sample
2025-10-16 00:00:00+00:00,7.35682435219014,5.55166658442977,3.128616667223191,2.5409691602925415,5.424205061237129,4.7719504754795805,4.92854016847171,10.405432064074645,out_of_sample
2025-10-17 00:00:00+00:00,7.237704778088975,5.461775603290325,3.128616667223191,2.5409691602925415,5.336377900250257,4.7255908495547,4.880659269510131,10.23695031482068,out_of_sample
2025-10-18 00:00:00+00:00,7.2811016643433435,5.499712801122137,3.128616667223191,2.5409691602925415,5.373444092421379,4.74438720631141,4.899562392486419,10.308055617838589,out_of_sample
2025-10-19 00:00:00+00:00,7.2811016643433435,5.5751199772699005,3.128616667223191,2.5409691602925415,5.447119984208802,4.7704075353516115,4.919044142087512,10.449390519100469,out_of_sample
2025-10-20 00:00:00+00:00,7.2811016643433435,5.671834417053072,3.128616667223191,2.5409691602925415,5.541613943056742,4.803509408975854,4.94379075814582,10.630661407305688,out_of_sample
2025-10-21 00:00:00+00:00,7.2811016643433435,5.558048494959606,3.128616667223191,2.5409691602925415,5.430440448551883,4.764963026469227,4.915028494102141,10.417393613898879,out_of_sample
2025-10-22 00:00:00+00:00,7.2811016643433435,5.520994393355575,3.128616667223191,2.5409691602925415,5.39423707747339,4.752256305807659,4.905525991567668,10.347943489135007,out_of_sample
2025-10-23 00:00:00+00:00,7.2811016643433435,5.649038212103384,3.128616667223191,2.5409691602925415,5.5193411195028395,4.796342352755744,4.938519225845905,10.587934712841008,out_of_sample
2025-10-24 00:00:00+00:00,7.2811016643433435,5.697274776405709,3.128616667223191,2.5409691602925415,5.566470213486828,4.812724545095599,4.950748385122747,10.678344013403095,out_of_sample
2025-10-25 00:00:00+00:00,7.2811016643433435,5.72931268606473,3.128616667223191,2.5409691602925415,5.597772560103123,4.823550046075687,4.958821959658339,10.73839234075886,out_of_sample
2025-10-26 00:00:00+00:00,7.2811016643433435,5.878638097045976,3.128616667223191,2.5409691602925415,5.743669587184583,4.873837306170308,4.996302660857255,11.018271435761282,out_of_sample
2025-10-27 00:00:00+00:00,7.2811016643433435,5.8563707229768776,3.128616667223191,2.5409691602925415,5.721913453005919,4.866452768686842,4.99081434602008,10.976535923623148,out_of_sample
2025-10-28 00:00:00+00:00,7.2811016643433435,5.793188268447404,3.128616667223191,2.5409691602925415,5.66018161366936,4.84545174635941,4.975199512966371,10.85811369342442,out_of_sample
2025-10-29 00:00:00+00:00,7.2811016643433435,5.646969097104573,3.128616667223191,2.5409691602925415,5.517319509617204,4.796532366818911,4.938783266896158,10.584056591699282,out_of_sample
2025-10-30 00:00:00+00:00,7.2811016643433435,5.558551654438226,3.128616667223191,2.5409691602925415,5.430932055918613,4.76649167644163,4.916357851091386,10.418336680578506,out_of_sample
2025-10-31 00:00:00+00:00,7.2811016643433435,5.624978974176755,3.128616667223191,2.5409691602925415,5.495834261130412,4.789276407882902,4.933396163158197,10.54284072854788,out_of_sample
2025-11-01 00:00:00+00:00,7.2811016643433435,5.650131813827322,3.128616667223191,2.5409691602925415,5.520409613065223,4.797842761789841,4.939793660415761,10.589984439399787,out_of_sample
2025-11-02 00:00:00+00:00,7.2811016643433435,5.67311798715159,3.128616667223191,2.5409691602925415,5.542868043482074,4.805650299662511,4.945621598158045,10.633067189651673,out_of_sample
2025-11-03 00:00:00+00:00,7.2811016643433435,5.470267703062124,3.128616667223191,2.5409691602925415,5.344675028664256,4.736917195170135,4.894338685119279,10.25286697082171,out_of_sample
2025-11-04 00:00:00+00:00,7.2811016643433435,5.2087428626291805,3.128616667223191,2.5409691602925415,5.089154575203647,4.646331389805073,4.826481415272889,9.762693629392118,out_of_sample
2025-11-05 00:00:00+00:00,7.2811016643433435,5.331282732794543,3.128616667223191,2.5409691602925415,5.2088810346092735,4.6900548647599924,4.859410005195356,9.992368858398539,out_of_sample
2025-11-06 00:00:00+00:00,7.2811016643433435,5.201313558898956,3.128616667223191,2.5409691602925415,5.081895841941825,4.64432008858328,4.825054986837025,9.74876896117356,out_of_sample
2025-11-07 00:00:00+00:00,7.2811016643433435,5.303978629658858,3.128616667223191,2.5409691602925415,5.182203810361605,4.680988475914805,4.852674113380741,9.941193056334763,out_of_sample
2025-11-08 00:00:00+00:00,7.2811016643433435,5.2507926190566465,3.128616667223191,2.5409691602925415,5.130238905137535,4.662212902324317,4.838562561560747,9.841507059046561,out_of_sample
2025-11-09 00:00:00+00:00,7.2811016643433435,5.374082094159544,3.128616667223191,2.5409691602925415,5.250697759191555,4.706000712908144,4.871509532752805,10.072587264943037,out_of_sample
2025-11-10 00:00:00+00:00,7.2811016643433435,5.44060696522556,3.128616667223191,2.5409691602925415,5.315695276035678,4.729302633881999,4.888997579266921,10.197274152370706,out_of_sample
2025-11-11 00:00:00+00:00,7.2811016643433435,5.288606594159002,3.128616667223191,2.5409691602925415,5.167184703667825,4.67645148989525,4.849386642330445,9.912381406959256,out_of_sample
2025-11-12 00:00:00+00:00,7.2811016643433435,5.216726668641967,3.128616667223191,2.5409691602925415,5.096955079849216,4.6510275542106445,4.830272660624694,9.77765759558414,out_of_sample
2025-11-13 00:00:00+00:00,7.2811016643433435,5.116531186751614,3.128616667223191,2.5409691602925415,4.999060000647775,4.615295419737841,4.8033684843061115,9.589862225656612,out_of_sample
2025-11-14 00:00:00+00:00,7.2811016643433435,4.854200264296801,3.128616667223191,2.5409691602925415,4.7427519721200575,4.5206426434196745,4.7319488268424905,9.09817805291374,out_of_sample
2025-11-15 00:00:00+00:00,7.2811016643433435,4.906333747418228,3.128616667223191,2.5409691602925415,4.793688514995355,4.540063090382454,4.746686777205175,9.195891308678235,out_of_sample
2025-11-16 00:00:00+00:00,7.2811016643433435,4.837606270063154,3.128616667223191,2.5409691602925415,4.726538961821362,4.514624373874507,4.727404341645739,9.067076098744856,out_of_sample
2025-11-17 00:00:00+00:00,7.2811016643433435,4.732250836376757,3.128616667223191,2.5409691602925415,4.623602398910085,4.4752958148899395,4.697547272885289,8.869609483786471,out_of_sample
2025-11-18 00:00:00+00:00,7.2811016643433435,4.770614179481277,3.128616667223191,2.5409691602925415,4.661084952422418,4.489807920420871,4.708591055424094,8.941513506543247,out_of_sample
2025-11-19 00:00:00+00:00,7.2811016643433435,4.698323511532716,3.128616667223191,2.5409691602925415,4.590454016467702,4.4625937126633906,4.687899320123511,8.806019844817415,out_of_sample
2025-11-20 00:00:00+00:00,7.2811016643433435,4.446353566913144,3.128616667223191,2.5409691602925415,4.344269086573267,4.366862587475494,4.614990159768649,8.33375514717133,out_of_sample
2025-11-21 00:00:00+00:00,7.2811016643433435,4.368938887131297,3.128616667223191,2.5409691602925415,4.268631781720624,4.33645031694655,4.591688433036593,8.18865760232033,out_of_sample
2025-11-22 00:00:00+00:00,7.2811016643433435,4.348191260058845,3.128616667223191,2.5409691602925415,4.248360502445553,4.328212980026207,4.585364855139584,8.14977053647984,out_of_sample
2025-11-23 00:00:00+00:00,7.2811016643433435,4.456950721646512,3.128616667223191,2.5409691602925415,4.35462293968481,4.371516881367293,4.618625472502162,8.353617286219775,out_of_sample
2025-11-24 00:00:00+00:00,7.2811016643433435,4.530853553638813,3.128616667223191,2.5409691602925415,4.426829025773744,4.40051136641431,4.640834727631426,8.492132610572163,out_of_sample
2025-11-25 00:00:00+00:00,7.2811016643433435,4.48346414560151,3.128616667223191,2.5409691602925415,4.3805276380704745,4.382100916705706,4.626758205779206,8.403311126358426,out_of_sample
2025-11-26 00:00:00+00:00,7.2811016643433435,4.643345637072972,3.128616667223191,2.5409691602925415,4.536738387049868,4.444607657706744,4.674605710251751,8.702975375374221,out_of_sample
2025-11-27 00:00:00+00:00,7.2811016643433435,4.687197525918758,3.128616667223191,2.5409691602925415,4.579583473980922,4.461397658383216,4.687408372114025,8.785166523442424,out_of_sample
2025-11-28 00:00:00+00:00,7.2811016643433435,4.664380783847494,3.128616667223191,2.5409691602925415,4.5572905848202145,4.45271062873825,4.680791219264553,8.74240133646021,out_of_sample
2025-11-29 00:00:00+00:00,7.2811016643433435,4.660129599681201,3.128616667223191,2.5409691602925415,4.553137004211514,4.451087322769103,4.6795540384108945,8.734433385330309,out_of_sample
2025-11-30 00:00:00+00:00,7.2811016643433435,4.6373128576099365,3.128616667223191,2.5409691602925415,4.530844115050807,4.442370027749046,4.672909602711514,8.691668198348095,out_of_sample
2025-12-01 00:00:00+00:00,7.2811016643433435,4.427885560335661,3.128616667223191,2.5409691602925415,4.326225089653586,4.362120661189531,4.611709483379452,8.29914075077731,out_of_sample
2025-12-02 00:00:00+00:00,7.2811016643433435,4.6849846510689135,3.128616667223191,2.5409691602925415,4.57742140484765,4.463432878082105,4.68936352990719,8.781018954677949,out_of_sample
2025-12-03 00:00:00+00:00,7.2811016643433435,4.79422160073323,3.128616667223191,2.5409691602925415,4.684150367445131,4.505061342544363,4.721071854212929,8.985760655450589,out_of_sample
2025-12-04 00:00:00+00:00,7.2811016643433435,4.725319557844758,3.128616667223191,2.5409691602925415,4.616830256613293,4.4791628375781585,4.701395138884346,8.856618259118155,out_of_sample
2025-12-05 00:00:00+00:00,7.2811016643433435,4.5843219496627,3.128616667223191,2.5409691602925415,4.479069833091388,4.425701797407192,4.66071285616036,8.592347879976481,out_of_sample
2025-12-06 00:00:00+00:00,7.2811016643433435,4.579629217382516,3.128616667223191,2.5409691602925415,4.474484841936373,4.42388965297971,4.659329286552119,8.583552339719564,out_of_sample
2025-12-07 00:00:00+00:00,7.2811016643433435,4.638586159147667,3.128616667223191,2.5409691602925415,4.532088182672737,4.446670449613308,4.67672435060383,8.69405473443531,out_of_sample
2025-12-08 00:00:00+00:00,7.2811016643433435,4.652212539313539,3.128616667223191,2.5409691602925415,4.545401712788065,4.451895491894718,4.680708491095416,8.71959451982028,out_of_sample
2025-12-09 00:00:00+00:00,7.2811016643433435,4.756315208583782,3.128616667223191,2.5409691602925415,4.647114273684217,4.491743559892642,4.711083185012677,8.914713091208982,out_of_sample
2025-12-10 00:00:00+00:00,7.2811016643433435,4.722382749459348,3.128616667223191,2.5409691602925415,4.613960874840132,4.478925578067684,4.70133635309068,8.851113829110545,out_of_sample
2025-12-11 00:00:00+00:00,7.2811016643433435,4.748054151429718,3.128616667223191,2.5409691602925415,4.639042883346779,4.488664754666456,4.708747880596844,8.899229476030229,out_of_sample
2025-12-12 00:00:00+00:00,7.2811016643433435,4.6326406624513305,3.128616667223191,2.5409691602925415,4.526279189502598,4.445021405735031,4.675555045965392,8.682911150608712,out_of_sample
2025-12-13 00:00:00+00:00,7.2811016643433435,4.6306742330604,3.128616667223191,2.5409691602925415,4.524357907650989,4.44426668967804,4.6749794988068585,8.679225492054664,out_of_sample
2025-12-14 00:00:00+00:00,7.2811016643433435,4.524266271893218,3.128616667223191,2.5409691602925415,4.420392982390941,4.40341688392357,4.643825944602956,8.479786135572573,out_of_sample
2025-12-15 00:00:00+00:00,7.2811016643433435,4.435499698160074,3.128616667223191,2.5409691602925415,4.333664413376659,4.368858685443266,4.61740336399665,8.313411851653687,out_of_sample
2025-12-16 00:00:00+00:00,7.2811016643433435,4.509248501740553,3.128616667223191,2.5409691602925415,4.405720007414553,4.397914992329931,4.639667622615922,8.451638482124556,out_of_sample
2025-12-17 00:00:00+00:00,7.2811016643433435,4.425831848178033,3.128616667223191,2.5409691602925415,4.324218528973057,4.3653721549883215,4.614777131771214,8.295291499023735,out_of_sample
2025-12-18 00:00:00+00:00,7.2811016643433435,4.388254049973805,3.128616667223191,2.5409691602925415,4.287503484921027,4.350546370407821,4.603414337333574,8.2248598150627,out_of_sample
2025-12-19 00:00:00+00:00,7.2811016643433435,4.523301027179133,3.128616667223191,2.5409691602925415,4.4194498988710915,4.404100985051765,4.644498190583693,8.477976987248391,out_of_sample
2025-12-20 00:00:00+00:00,7.2811016643433435,4.534637518289248,3.128616667223191,2.5409691602925415,4.430526113827627,4.40851608379183,4.647873860369612,8.499224856928125,out_of_sample
2025-12-21 00:00:00+00:00,7.2811016643433435,4.55006603087344,3.128616667223191,2.5409691602925415,4.445600400940122,4.414515844134487,4.652459857864674,8.528142360726855,out_of_sample
2025-12-22 00:00:00+00:00,7.2811016643433435,4.5480225872765985,3.128616667223191,2.5409691602925415,4.443603873062993,4.413722817037857,4.651853923493597,8.524312355232048,out_of_sample
2025-12-23 00:00:00+00:00,7.2811016643433435,4.490595661068882,3.128616667223191,2.5409691602925415,4.387495420033625,4.391430356554091,4.634819908514239,8.416677653072714,out_of_sample
2025-12-24 00:00:00+00:00,7.2811016643433435,4.499031283756346,3.128616667223191,2.5409691602925415,4.395737368028909,4.394730092477084,4.637344807776567,8.432488454650523,out_of_sample
2025-12-25 00:00:00+00:00,7.2811016643433435,4.476209407404688,3.128616667223191,2.5409691602925415,4.373439462466501,4.385812974062589,4.630522996167098,8.389713644538924,out_of_sample
2025-12-26 00:00:00+00:00,7.2811016643433435,4.483161223058263,3.128616667223191,2.5409691602925415,4.3802316703701,4.388537543939621,4.632608523541391,8.402743361724774,out_of_sample
2025-12-27 00:00:00+00:00,7.2811016643433435,4.509407664432769,3.128616667223191,2.5409691602925415,4.405875515867295,4.398814532665737,4.640473721729145,8.451936799135458,out_of_sample
2025-12-28 00:00:00+00:00,7.2811016643433435,4.51408499387177,3.128616667223191,2.5409691602925415,4.410445457817206,4.400639579877381,4.6418695718118546,8.460703470004225,out_of_sample
2025-12-29 00:00:00+00:00,7.2811016643433435,4.477261934885472,3.128616667223191,2.5409691602925415,4.374467824815272,4.386280522744229,4.630888592762577,8.39168638606263,out_of_sample
2025-12-30 00:00:00+00:00,7.2811016643433435,4.5415431254192775,3.128616667223191,2.5409691602925415,4.437273174115915,4.411470501630238,4.6501697785693095,8.51216796594952,out_of_sample
2025-12-31 00:00:00+00:00,7.2811016643433435,4.498050636201077,3.128616667223191,2.5409691602925415,4.394779235303955,4.394571766735072,4.637255277599514,8.43065043693819,out_of_sample
2026-01-01 00:00:00+00:00,7.2811016643433435,4.55924098993765,3.128616667223191,2.5409691602925415,4.454564710780398,4.41848482798548,4.655549654650457,8.54533889293595,out_of_sample
2026-01-02 00:00:00+00:00,7.2811016643433435,4.618357094395017,3.128616667223191,2.5409691602925415,4.512323559969502,4.441401239836571,4.67305546504444,8.656139604662599,out_of_sample
2026-01-03 00:00:00+00:00,7.2811016643433435,4.65144239725443,3.128616667223191,2.5409691602925415,4.544649252532868,4.454128285592171,4.682763839934499,8.718151050412688,out_of_sample
2026-01-04 00:00:00+00:00,7.2811016643433435,4.697717666446218,3.128616667223191,2.5409691602925415,4.589862081066949,4.471853194799019,4.696274033168518,8.804884315550112,out_of_sample
2026-01-05 00:00:00+00:00,7.2811016643433435,4.817105088449619,3.128616667223191,2.5409691602925415,4.706508469827958,4.517312122934953,4.730885745919029,9.028650943114796,out_of_sample
2026-01-06 00:00:00+00:00,7.2811016643433435,4.8112314716787985,3.128616667223191,2.5409691602925415,4.700769706281638,4.515108894252405,4.729212884582008,9.017642083099572,out_of_sample
2026-01-07 00:00:00+00:00,7.2811016643433435,4.689035598299839,3.128616667223191,2.5409691602925415,4.581379345790001,4.469238918718531,4.694380183714009,8.788611603761874,out_of_sample
2026-01-08 00:00:00+00:00,7.2811016643433435,4.675265458282932,3.128616667223191,2.5409691602925415,4.567925356427036,4.463989050647402,4.690382291480205,8.762802370754155,out_of_sample
2026-01-09 00:00:00+00:00,7.2811016643433435,4.651842871125167,3.128616667223191,2.5409691602925415,4.545040531865572,4.455043404797508,4.683567778419576,8.718901654504636,out_of_sample
2026-01-10 00:00:00+00:00,7.2811016643433435,4.644962935397108,3.128616667223191,2.5409691602925415,4.538318553585791,4.4524078547035035,4.6815589902050965,8.70600666113016,out_of_sample
2026-01-11 00:00:00+00:00,7.2811016643433435,4.670367354786984,3.128616667223191,2.5409691602925415,4.563139709203967,4.462148370441418,4.6889843160894,8.753621905321879,out_of_sample
2026-01-12 00:00:00+00:00,7.2811016643433435,4.685164350882706,3.128616667223191,2.5409691602925415,4.577596978907199,4.467803291093283,4.693292550202637,8.781355764206387,out_of_sample
2026-01-13 00:00:00+00:00,7.2811016643433435,4.896830194408798,3.128616667223191,2.5409691602925415,4.784403155446198,4.548541662812494,4.754782137146624,9.178078896188568,out_of_sample
2026-01-14 00:00:00+00:00,7.2811016643433435,4.975523310008769,3.128616667223191,2.5409691602925415,4.861289544322472,4.577780080374262,4.77694114523956,9.325572600256168,out_of_sample
2026-01-15 00:00:00+00:00,7.2811016643433435,4.906693147045814,3.128616667223191,2.5409691602925415,4.794039663114452,4.552448927905785,4.757777067627731,9.19656492773511,out_of_sample
2026-01-16 00:00:00+00:00,7.2811016643433435,4.903427744715183,3.128616667223191,2.5409691602925415,4.790849231632406,4.551237066728103,4.756858840993356,9.190444617446927,out_of_sample
2026-01-17 00:00:00+00:00,7.2811016643433435,4.883106262915438,3.128616667223191,2.5409691602925415,4.770994313698544,4.543692313463,4.751141766456067,9.152356271345305,out_of_sample
2026-01-18 00:00:00+00:00,7.2811016643433435,4.8064052481083674,3.128616667223191,2.5409691602925415,4.696054288682387,4.515144434907875,4.729499590583994,9.008596341478672,out_of_sample
2026-01-19 00:00:00+00:00,7.2811016643433435,4.753809679751474,3.128616667223191,2.5409691602925415,4.644666269653969,4.495381091992843,4.714490929268674,8.910017004069623,out_of_sample
2026-01-20 00:00:00+00:00,7.2811016643433435,4.538221246004309,3.128616667223191,2.5409691602925415,4.434027562215153,4.413833681893748,4.652487391619956,8.505941801238112,out_of_sample
2026-01-21 00:00:00+00:00,7.2811016643433435,4.590631980267015,3.128616667223191,2.5409691602925415,4.485234990782322,4.434223367776533,4.6680691972363455,8.60417470598934,out_of_sample
2026-01-22 00:00:00+00:00,7.2811016643433435,4.596130794569069,3.128616667223191,2.5409691602925415,4.490607557004446,4.436347952886212,4.669690752890289,8.614481077559537,out_of_sample
2026-01-23 00:00:00+00:00,7.2811016643433435,4.598194775287487,3.128616667223191,2.5409691602925415,4.49262415048838,4.437144843753267,4.670298887016724,8.618349575571878,out_of_sample
2026-01-24 00:00:00+00:00,7.2811016643433435,4.578787195397887,3.128616667223191,2.5409691602925415,4.473662152057355,4.429653708884455,4.664582433294251,8.581974146500597,out_of_sample
2026-01-25 00:00:00+00:00,7.2811016643433435,4.4477706283019085,3.128616667223191,2.5409691602925415,4.345653613442835,4.378953993209062,4.6258756994218855,8.336411130881295,out_of_sample
2026-01-26 00:00:00+00:00,7.2811016643433435,4.533600393649643,3.128616667223191,2.5409691602925415,4.429512800683957,4.412754710477538,4.651763043690944,8.49728098479257,out_of_sample
2026-01-27 00:00:00+00:00,7.2811016643433435,4.579665157345274,3.128616667223191,2.5409691602925415,4.474519956748283,4.430689463021644,4.665470005170389,8.583619701625251,out_of_sample
2026-01-28 00:00:00+00:00,7.2811016643433435,4.582945962517087,3.128616667223191,2.5409691602925415,4.477725437435432,4.431959095486512,4.666439264778426,8.589768881301586,out_of_sample
2026-01-29 00:00:00+00:00,7.2811016643433435,4.343842524565065,3.128616667223191,2.5409691602925415,4.244111610204528,4.339468661144882,4.5958360136610805,8.141619745891646,out_of_sample
2026-01-30 00:00:00+00:00,7.2811016643433435,4.323649399775172,3.128616667223191,2.5409691602925415,4.2243821023132,4.3313995443018305,4.5896402908677825,8.103771978024621,out_of_sample
2026-01-31 00:00:00+00:00,7.2811016643433435,4.041027801202978,3.128616667223191,2.5409691602925415,3.948249254261829,4.218148265108924,4.502637832244815,7.574057197956433,out_of_sample
2026-02-01 00:00:00+00:00,7.2811016643433435,3.9498789213669836,3.128616667223191,2.5409691602925415,3.8591930748581302,4.180090671025323,4.473185173089069,7.403217782003401,out_of_sample
2026-02-02 00:00:00+00:00,7.2811016643433435,4.040293599106626,3.128616667223191,2.5409691602925415,3.947531908818539,4.218364406344019,4.502879263754725,7.572681090454529,out_of_sample
2026-02-03 00:00:00+00:00,7.2811016643433435,3.888313765161643,3.128616667223191,2.5409691602925415,3.799041402057491,4.154893145528979,4.453758926448048,7.287826837560614,out_of_sample
2026-02-04 00:00:00+00:00,7.2811016643433435,3.7550791889354245,3.128616667223191,2.5409691602925415,3.6688657779079965,4.097945536776859,4.409502092119563,7.0381066300474515,out_of_sample
2026-02-05 00:00:00+00:00,7.2811016643433435,3.2278245324267907,3.128616667223191,2.5409691602925415,3.1537164379933897,3.8677867829747132,4.229950659445787,6.049878604222822,out_of_sample
2026-02-06 00:00:00+00:00,7.2811016643433435,3.621952432597482,3.128616667223191,2.5409691602925415,3.5387954981942307,4.0566945340333715,4.379732982121822,6.788588508251353,out_of_sample
2026-02-07 00:00:00+00:00,7.2811016643433435,3.555704812672746,3.128616667223191,2.5409691602925415,3.474068867041979,4.027014811547489,4.356501700514025,6.664421269810415,out_of_sample
2026-02-08 00:00:00+00:00,7.2811016643433435,3.6087881376670765,3.128616667223191,2.5409691602925415,3.5259334442320225,4.051062627354525,4.375362856391457,6.763914804510939,out_of_sample
2026-02-09 00:00:00+00:00,7.2811016643433435,3.599669655687201,3.128616667223191,2.5409691602925415,3.5170243148104614,4.046968228885263,4.372156784687205,6.746824126725067,out_of_sample
2026-02-10 00:00:00+00:00,7.2811016643433435,3.532657027983748,3.128616667223191,2.5409691602925415,3.4515502398047118,4.0168323551867955,4.3485526694654,6.621223042005923,out_of_sample
2026-02-11 00:00:00+00:00,7.2811016643433435,3.4427609125639074,3.128616667223191,2.5409691602925415,3.363718062416137,3.975945552741655,4.316461748388093,6.452731669622572,out_of_sample
2026-02-12 00:00:00+00:00,7.2811016643433435,3.4011064957267862,3.128616667223191,2.5409691602925415,3.3230199954132535,3.9567033575870387,4.301316371339376,6.374659220930693,out_of_sample
2026-02-13 00:00:00+00:00,7.2811016643433435,3.533488781407588,3.128616667223191,2.5409691602925415,3.4523628968803273,4.018306537010722,4.349868584298006,6.62278198896612,out_of_sample
2026-02-14 00:00:00+00:00,7.2811016643433435,3.583491538165474,3.128616667223191,2.5409691602925415,3.501217633049573,4.041051921731455,4.36771965894956,6.716501646036281,out_of_sample
2026-02-15 00:00:00+00:00,7.2811016643433435,3.532225748430646,3.128616667223191,2.5409691602925415,3.4511288620618004,4.017927243922609,4.34959899851859,6.6204146991376716,out_of_sample
2026-02-16 00:00:00+00:00,7.2811016643433435,3.5355938363691584,3.128616667223191,2.5409691602925415,3.4544196215778724,4.019459731736457,4.350801767412942,6.626727472013535,out_of_sample
2026-02-17 00:00:00+00:00,7.2811016643433435,3.464401904424929,3.128616667223191,2.5409691602925415,3.38486219558724,3.9870857524936127,4.325395801874347,6.493293159975865,out_of_sample
2026-02-18 00:00:00+00:00,7.2811016643433435,3.4103327975949367,3.128616667223191,2.5409691602925415,3.332034469270542,3.962195087791395,4.305818863256313,6.391951984433627,out_of_sample
2026-02-19 00:00:00+00:00,7.2811016643433435,3.438632951127072,3.128616667223191,2.5409691602925415,3.359684875448269,3.975346968967079,4.316180915648771,6.444994673597886,out_of_sample
2026-02-20 00:00:00+00:00,7.2811016643433435,3.4902478719286973,3.128616667223191,2.5409691602925415,3.410114761751733,3.9992154331944065,4.334969198200291,6.541735993294604,out_of_sample
2026-02-21 00:00:00+00:00,7.2811016643433435,3.487875834386635,3.128616667223191,2.5409691602925415,3.407797184165719,3.9981282566391108,4.334114821686889,6.537290107519226,out_of_sample
2026-02-22 00:00:00+00:00,7.2811016643433435,3.4714666742471745,3.128616667223191,2.5409691602925415,3.3917647643282707,3.99060437334321,4.328201605623832,6.506534586008163,out_of_sample
2026-02-23 00:00:00+00:00,7.2811016643433435,3.318069778913428,3.128616667223191,2.5409691602925415,3.2418897306976557,3.920069768944754,4.27273787867928,6.219024349404281,out_of_sample
2026-02-24 00:00:00+00:00,7.2811016643433435,3.2875464819706584,3.128616667223191,2.5409691602925415,3.212067222583253,3.9056453039314762,4.261339313803121,6.161814845216776,out_of_sample
2026-02-25 00:00:00+00:00,7.2811016643433435,3.488871884783085,3.128616667223191,2.5409691602925415,3.4087703660957764,4.001316117210457,4.337017513027759,6.539156994619709,out_of_sample
2026-02-26 00:00:00+00:00,7.2811016643433435,3.46297970875577,3.128616667223191,2.5409691602925415,3.3834726523159726,3.989438033443654,4.327683407583106,6.490627553136515,out_of_sample
2026-02-27 00:00:00+00:00,7.2811016643433435,3.3802048402425102,3.128616667223191,2.5409691602925415,3.3025982240871423,3.95129455742788,4.297684735342564,6.3354834612086846,out_of_sample
2026-02-28 00:00:00+00:00,7.2811016643433435,3.4367384016616587,3.128616667223191,2.5409691602925415,3.3578338232204796,3.977728547568131,4.318529446321433,6.441443738855214,out_of_sample
2026-03-01 00:00:00+00:00,7.2811016643433435,3.375789359103607,3.128616667223191,2.5409691602925415,3.2982841186239997,3.9495112417164098,4.29631915294659,6.327207569938499,out_of_sample
2026-03-02 00:00:00+00:00,7.2811016643433435,3.532477328169955,3.128616667223191,2.5409691602925415,3.4513746657451665,4.022838197807483,4.354149373013192,6.620886232477485,out_of_sample
2026-03-03 00:00:00+00:00,7.2811016643433435,3.50647219797397,3.128616667223191,2.5409691602925415,3.4259665911279336,4.010992184783467,4.344853697163795,6.572145082147845,out_of_sample
2026-03-04 00:00:00+00:00,7.2811016643433435,3.729613158180817,3.128616667223191,2.5409691602925415,3.643984425469405,4.11309100056896,4.425036651326682,6.9903759083031245,out_of_sample
2026-03-05 00:00:00+00:00,7.2811016643433435,3.6378841046602926,3.128616667223191,2.5409691602925415,3.554361392673457,4.072626756313665,4.393475125260754,6.818449078729709,out_of_sample
2026-03-06 00:00:00+00:00,7.2811016643433435,3.4955721206973513,3.128616667223191,2.5409691602925415,3.4153167703160117,4.008899207336601,4.343632743909916,6.551715178465747,out_of_sample
2026-03-07 00:00:00+00:00,7.2811016643433435,3.4518845288241766,3.128616667223191,2.5409691602925415,3.372632208239401,3.9888579498390015,4.327889619201547,6.469831970537828,out_of_sample
2026-03-08 00:00:00+00:00,7.2811016643433435,3.3852518378698853,3.128616667223191,2.5409691602925415,3.3075293469595497,3.9580587343017744,4.303662305271714,6.344942997393095,out_of_sample
2026-03-09 00:00:00+00:00,7.2811016643433435,3.511544867003316,3.128616667223191,2.5409691602925415,3.4309227960088475,4.017123790726946,4.35022354996783,6.581652733979174,out_of_sample
2026-03-10 00:00:00+00:00,7.2811016643433435,3.588959546785162,3.128616667223191,2.5409691602925415,3.5065601008614897,4.052548011539315,4.378035707009242,6.726750278830174,out_of_sample
2026-03-11 00:00:00+00:00,7.2811016643433435,3.6016976964428595,3.128616667223191,2.5409691602925415,3.5190057934824877,4.058301429753486,4.3825419549235844,6.750625262831722,out_of_sample
2026-03-12 00:00:00+00:00,7.2811016643433435,3.618645956023698,3.128616667223191,2.5409691602925415,3.535564935498576,4.065940177020552,4.388522515989912,6.782391212928098,out_of_sample
2026-03-13 00:00:00+00:00,7.2811016643433435,3.6399737567806807,3.128616667223191,2.5409691602925415,3.556403068165898,4.075525813530911,4.396023466661253,6.8223656923889715,out_of_sample
2026-03-14 00:00:00+00:00,7.2811016643433435,3.654293264799753,3.128616667223191,2.5409691602925415,3.5703938125109054,4.0819389943358635,4.401038661899414,6.84920460024077,out_of_sample
2026-03-15 00:00:00+00:00,7.2811016643433435,3.7366727937226694,3.128616667223191,2.5409691602925415,3.650881977808734,4.118747010231534,4.429810598081175,7.003607711206038,out_of_sample
2026-03-16 00:00:00+00:00,7.2811016643433435,3.842824040870148,3.128616667223191,2.5409691602925415,3.754596082983717,4.165549088546285,4.466304742528872,7.202565911218933,out_of_sample
2026-03-17 00:00:00+00:00,7.2811016643433435,3.792816149831868,3.128616667223191,2.5409691602925415,3.70573633041277,4.1438660426696945,4.449449523873403,7.108836631019388,out_of_sample
2026-03-18 00:00:00+00:00,7.2811016643433435,3.655756534712064,3.128616667223191,2.5409691602925415,3.571823486995785,4.083967891799238,4.402820964409324,6.851947192115193,out_of_sample
2026-03-19 00:00:00+00:00,7.2811016643433435,3.5882150761280216,3.128616667223191,2.5409691602925415,3.505832722614798,4.053786762875209,4.379231276576141,6.725354925069503,out_of_sample
2026-03-20 00:00:00+00:00,7.2811016643433435,3.6182660192745364,3.128616667223191,2.5409691602925415,3.5351937217726785,4.067366786698163,4.389867207791099,6.781679101353686,out_of_sample
2026-03-21 00:00:00+00:00,7.2811016643433435,3.536569349644032,3.128616667223191,2.5409691602925415,3.455372737901127,4.030632028239957,4.361122808281774,6.628555866596482,out_of_sample
2026-03-22 00:00:00+00:00,7.2811016643433435,3.4826131969827094,3.128616667223191,2.5409691602925415,3.402655372421858,4.006034473317504,4.341827349440506,6.5274263999006905,out_of_sample
2026-03-23 00:00:00+00:00,7.2811016643433435,3.6384540097840348,3.128616667223191,2.5409691602925415,3.5549182132623054,4.077739670894176,4.398171198390529,6.819517246091325,out_of_sample
2026-03-24 00:00:00+00:00,7.2811016643433435,3.620894770836302,3.128616667223191,2.5409691602925415,3.537762119443759,4.0698679753822535,4.392015760874653,6.786606143598261,out_of_sample
2026-03-25 00:00:00+00:00,7.2811016643433435,3.6606135639648585,3.128616667223191,2.5409691602925415,3.576569003005243,4.0877254669036,4.405987228474397,6.861050672512397,out_of_sample
2026-03-26 00:00:00+00:00,7.2811016643433435,3.531768797475573,3.128616667223191,2.5409691602925415,3.4506824023103846,4.0301742368649895,4.361013993291419,6.619558240622501,out_of_sample
2026-03-27 00:00:00+00:00,7.2811016643433435,3.407324109284009,3.128616667223191,2.5409691602925415,3.329094857873565,3.9733716764456526,4.316451490268907,6.3863128306146395,out_of_sample
2026-03-28 00:00:00+00:00,7.2811016643433435,3.4058146308481514,3.128616667223191,2.5409691602925415,3.3276200357733745,3.972667579192691,4.315896943308256,6.383483630575762,out_of_sample
2026-03-29 00:00:00+00:00,7.2811016643433435,3.3874903841217012,3.128616667223191,2.5409691602925415,3.30971649810133,3.964117948778405,4.309162926630293,6.349138681804491,out_of_sample
2026-03-30 00:00:00+00:00,7.2811016643433435,3.4278714994210926,3.128616667223191,2.5409691602925415,3.3491704974822847,3.98301990695964,4.32405966366073,6.424824594409154,out_of_sample
2026-03-31 00:00:00+00:00,7.2811016643433435,3.503709955121959,3.128616667223191,2.5409691602925415,3.42326776701262,4.018268145269698,4.351802740412203,6.566967838539286,out_of_sample
2026-04-01 00:00:00+00:00,7.2811016643433435,3.4957518205111446,3.128616667223191,2.5409691602925415,3.41549234437556,4.0146173957257005,4.348936251059221,6.552051987994184,out_of_sample
2026-04-02 00:00:00+00:00,7.2811016643433435,3.433216285311324,3.128616667223191,2.5409691602925415,3.3543925716533693,3.985890385302231,4.3263747849448055,6.434842272097833,out_of_sample
2026-04-03 00:00:00+00:00,7.2811016643433435,3.4363738677536797,3.128616667223191,2.5409691602925415,3.357477658699687,3.987356739467173,4.327528704866585,6.440760496668954,out_of_sample
2026-04-04 00:00:00+00:00,7.2811016643433435,3.453881763897472,3.128616667223191,2.5409691602925415,3.37458358850122,3.9954827735216076,4.333922688336244,6.473575367868179,out_of_sample
2026-04-05 00:00:00+00:00,7.2811016643433435,3.5425456520227345,3.128616667223191,2.5409691602925415,3.4612118294814755,4.0365096600052,4.366186707248428,6.6397571891993845,out_of_sample
2026-04-06 00:00:00+00:00,7.2811016643433435,3.5333039473134016,3.128616667223191,2.5409691602925415,3.452182306419083,4.032297521729682,4.362883491554641,6.622435556308298,out_of_sample
2026-04-07 00:00:00+00:00,7.2811016643433435,3.691044443860535,3.128616667223191,2.5409691602925415,3.606301215889023,4.104304529650645,4.419368580693076,6.918086960370991,out_of_sample
2026-04-08 00:00:00+00:00,7.2811016643433435,3.6472952406226318,3.128616667223191,2.5409691602925415,3.563556456991997,4.0848455330713325,4.404177834936263,6.836088274890466,out_of_sample
2026-04-09 00:00:00+00:00,7.2811016643433435,3.6838667198696196,3.128616667223191,2.5409691602925415,3.5992882863105646,4.1012290538761205,4.416984452833268,6.9046338254922475,out_of_sample
2026-04-10 00:00:00+00:00,7.2811016643433435,3.7437837720684626,3.128616667223191,2.5409691602925415,3.657829694165078,4.1279111869701435,4.437818344328958,7.01693574540279,out_of_sample
2026-04-11 00:00:00+00:00,7.2811016643433435,3.7487126812467735,3.128616667223191,2.5409691602925415,3.662645439798354,4.13008504107876,4.4395127116912905,7.02617394961137,out_of_sample
2026-04-12 00:00:00+00:00,7.2811016643433435,3.63050614373401,3.128616667223191,2.5409691602925415,3.5471528234286507,4.077992166126625,4.398915833122743,6.804620641804992,out_of_sample
2026-04-13 00:00:00+00:00,7.2811016643433435,3.8191344711318918,3.128616667223191,2.5409691602925415,3.7314504055337867,4.162743416887157,4.465195968702585,7.158164792241449,out_of_sample
2026-04-14 00:00:00+00:00,7.2811016643433435,3.8048560373559717,3.128616667223191,2.5409691602925415,3.7174997924023896,4.15651818898241,4.460354756231255,7.131402869424719,out_of_sample
2026-04-15 00:00:00+00:00,7.2811016643433435,3.839219776033509,3.128616667223191,2.5409691602925415,3.7510745689893867,4.171534105847835,4.472037089146547,7.1958104743914095,out_of_sample
2026-04-16 00:00:00+00:00,7.2811016643433435,3.8561937070163173,3.128616667223191,2.5409691602925415,3.7676587930139815,4.1789113685351245,4.477770893269849,7.2276245401347055,out_of_sample
2026-04-17 00:00:00+00:00,7.2811016643433435,3.9549669932375116,3.128616667223191,2.5409691602925415,3.8641643289441543,4.221727143888557,4.511032293527842,7.412754303222884,out_of_sample
2026-04-18 00:00:00+00:00,7.2811016643433435,3.8842782207719013,3.128616667223191,2.5409691602925415,3.7950985103202526,4.191544468786944,4.487650301359776,7.28026305786484,out_of_sample
2026-04-19 00:00:00+00:00,7.2811016643433435,3.786963070182624,3.128616667223191,2.5409691602925415,3.700017632473257,4.149539158353687,4.455045081390029,7.097866263521699,out_of_sample
2026-04-20 00:00:00+00:00,7.2811016643433435,3.891276244949024,3.128616667223191,2.5409691602925415,3.8019358658391647,4.195259340505292,4.490632639914067,7.293379383215147,out_of_sample
2026-04-21 00:00:00+00:00,7.2811016643433435,3.916850095591906,3.128616667223191,2.5409691602925415,3.8269225627134853,4.206288003496926,4.499191375081364,7.341312190676535,out_of_sample
2026-04-22 00:00:00+00:00,7.2811016643433435,4.011916431368579,3.128616667223191,2.5409691602925415,3.9198062566152987,4.247124530599545,4.530859494102774,7.519494054349511,out_of_sample
2026-04-23 00:00:00+00:00,7.2811016643433435,4.015869827272017,3.128616667223191,2.5409691602925415,3.923668885925322,4.248798599838812,4.532154277203106,7.526903863975142,out_of_sample
2026-04-24 00:00:00+00:00,7.2811016643433435,3.9736968481150927,3.128616667223191,2.5409691602925415,3.882464162350603,4.230950960099484,4.518351790502608,7.447859479215484,out_of_sample
2026-04-25 00:00:00+00:00,7.2811016643433435,3.983431443742257,3.128616667223191,2.5409691602925415,3.891975259976323,4.23509688247748,4.521561762346529,7.466104932527429,out_of_sample
2026-04-26 00:00:00+00:00,7.2811016643433435,4.036237517595308,3.128616667223191,2.5409691602925415,3.9435689514744947,4.257553785969795,4.538944292720265,7.565078818241219,out_of_sample
2026-04-27 00:00:00+00:00,7.2811016643433435,3.9704006401020977,3.128616667223191,2.5409691602925415,3.879243632458349,4.2297750394707885,4.5174736344071125,7.441681430150997,out_of_sample
2026-04-28 00:00:00+00:00,7.2811016643433435,3.9173583893509205,3.128616667223191,2.5409691602925415,3.8274191864819165,4.2071721025279905,4.499971894056585,7.342264880485546,out_of_sample
2026-04-29 00:00:00+00:00,7.2811016643433435,3.8892122642306064,3.128616667223191,2.5409691602925415,3.7999192723552286,4.19508073067676,4.490595559236015,7.2895108852028025,out_of_sample
2026-04-30 00:00:00+00:00,7.2811016643433435,3.9177331918196874,3.128616667223191,2.5409691602925415,3.827785383806113,4.207386317065077,4.500145571732601,7.342967368930572,out_of_sample
2026-05-01 00:00:00+00:00,7.2811016643433435,4.014596525734286,3.128616667223191,2.5409691602925415,3.9224248183033916,4.248996242578999,4.532411868014816,7.524517327887926,out_of_sample
2026-05-02 00:00:00+00:00,7.2811016643433435,4.038260424070573,3.128616667223191,2.5409691602925415,3.9455454137448176,4.2590144662755645,4.540159549397703,7.56887033121849,out_of_sample
2026-05-03 00:00:00+00:00,7.2811016643433435,4.031899050662315,3.128616667223191,2.5409691602925415,3.9393300920368706,4.2563308175232795,4.538085468559369,7.556947273911793,out_of_sample
2026-05-04 00:00:00+00:00,7.2811016643433435,4.098495801653848,3.128616667223191,2.5409691602925415,4.004397838504813,4.284452335451227,4.559823192098034,7.681768885150839,out_of_sample
2026-05-05 00:00:00+00:00,7.2811016643433435,4.151676677975665,3.128616667223191,2.5409691602925415,4.056357727327181,4.3066898529000825,4.576981600314003,7.781445259309656,out_of_sample
2026-05-06 00:00:00+00:00,7.2811016643433435,4.178795947017164,3.128616667223191,2.5409691602925415,4.082854361113603,4.317942586661233,4.585651850302847,7.832274628715612,out_of_sample
2026-05-07 00:00:00+00:00,7.2811016643433435,4.105853225458556,3.128616667223191,2.5409691602925415,4.0115863421428175,4.287793951714871,4.562438924906757,7.69555882955802,out_of_sample
2026-05-08 00:00:00+00:00,7.2811016643433435,4.115392718430746,3.128616667223191,2.5409691602925415,4.020906816503888,4.2917788365144505,4.565513017424043,7.713438603953374,out_of_sample
