time,Baseline (equal weight),Spread-weighted legs,Conviction sizing 50–100%,Conviction sizing 70–100%,Vol target 15%,Vol target 20%,sample
2020-01-01 00:00:00+00:00,1.0,1.0,1.0,1.0,1.0,1.0,in_sample
2020-01-02 00:00:00+00:00,1.0,1.0,1.0,1.0,1.0,1.0,in_sample
2020-01-03 00:00:00+00:00,1.0,1.0,1.0,1.0,1.0,1.0,in_sample
2020-01-04 00:00:00+00:00,1.0,1.0,1.0,1.0,1.0,1.0,in_sample
2020-01-05 00:00:00+00:00,1.0,1.0,1.0,1.0,1.0,1.0,in_sample
2020-01-06 00:00:00+00:00,1.0,1.0,1.0,1.0,1.0,1.0,in_sample
2020-01-07 00:00:00+00:00,1.0,1.0,1.0,1.0,1.0,1.0,in_sample
2020-01-08 00:00:00+00:00,1.0,1.0,1.0,1.0,1.0,1.0,in_sample
2020-01-09 00:00:00+00:00,1.0,1.0,1.0,1.0,1.0,1.0,in_sample
2020-01-10 00:00:00+00:00,1.0,1.0,1.0,1.0,1.0,1.0,in_sample
2020-01-11 00:00:00+00:00,1.0,1.0,1.0,1.0,1.0,1.0,in_sample
2020-01-12 00:00:00+00:00,1.0,1.0,1.0,1.0,1.0,1.0,in_sample
2020-01-13 00:00:00+00:00,1.0,1.0,1.0,1.0,1.0,1.0,in_sample
2020-01-14 00:00:00+00:00,1.0,1.0,1.0,1.0,1.0,1.0,in_sample
2020-01-15 00:00:00+00:00,1.0,1.0,1.0,1.0,1.0,1.0,in_sample
2020-01-16 00:00:00+00:00,1.0,1.0,1.0,1.0,1.0,1.0,in_sample
2020-01-17 00:00:00+00:00,1.0,1.0,1.0,1.0,1.0,1.0,in_sample
2020-01-18 00:00:00+00:00,1.0,1.0,1.0,1.0,1.0,1.0,in_sample
2020-01-19 00:00:00+00:00,1.0,1.0,1.0,1.0,1.0,1.0,in_sample
2020-01-20 00:00:00+00:00,1.0,1.0,1.0,1.0,1.0,1.0,in_sample
2020-01-21 00:00:00+00:00,1.0,1.0,1.0,1.0,0.998575,0.998575,in_sample
2020-01-22 00:00:00+00:00,1.0,1.0,1.0,1.0,0.998575,0.998575,in_sample
2020-01-23 00:00:00+00:00,1.0,1.0,1.0,1.0,0.998575,0.998575,in_sample
2020-01-24 00:00:00+00:00,1.0,1.0,1.0,1.0,0.998575,0.998575,in_sample
2020-01-25 00:00:00+00:00,1.0,1.0,1.0,1.0,0.998575,0.998575,in_sample
2020-01-26 00:00:00+00:00,1.0,1.0,1.0,1.0,0.998575,0.998575,in_sample
2020-01-27 00:00:00+00:00,1.0,1.0,1.0,1.0,0.998575,0.998575,in_sample
2020-01-28 00:00:00+00:00,1.0,1.0,1.0,1.0,0.998575,0.998575,in_sample
2020-01-29 00:00:00+00:00,1.0,1.0,1.0,1.0,0.998575,0.998575,in_sample
2020-01-30 00:00:00+00:00,1.0,1.0,1.0,1.0,0.998575,0.998575,in_sample
2020-01-31 00:00:00+00:00,1.0,1.0,1.0,1.0,0.998575,0.998575,in_sample
2020-02-01 00:00:00+00:00,1.0,1.0,1.0,1.0,0.998575,0.998575,in_sample
2020-02-02 00:00:00+00:00,1.0,1.0,1.0,1.0,0.998575,0.998575,in_sample
2020-02-03 00:00:00+00:00,1.0,1.0,1.0,1.0,0.998575,0.998575,in_sample
2020-02-04 00:00:00+00:00,1.0,1.0,1.0,1.0,0.998575,0.998575,in_sample
2020-02-05 00:00:00+00:00,1.0,1.0,1.0,1.0,0.998575,0.998575,in_sample
2020-02-06 00:00:00+00:00,0.999262847514743,0.9994712090827286,0.9996314237573716,0.9994839932603201,0.9974708469355519,0.9974708469355519,in_sample
2020-02-07 00:00:00+00:00,0.9981378401760846,0.9986640250619695,0.9990687126096102,0.9986963138413762,0.9957863621790767,0.9957863621790767,in_sample
2020-02-08 00:00:00+00:00,0.9992583623177023,0.9994682471200786,0.9996294961849924,0.9994811182052202,0.9974631856931704,0.9974631856931704,in_sample
2020-02-09 00:00:00+00:00,1.0001845250661787,1.0001327627063825,1.0000927495519683,1.000129576652081,0.9988499340263385,0.9988499340263385,in_sample
2020-02-10 00:00:00+00:00,0.9991133488633569,0.9993644020972495,0.9995572105953623,0.9993797945041079,0.9972453136997317,0.9972453136997317,in_sample
2020-02-11 00:00:00+00:00,1.0021735163838554,1.0016483811514567,1.0010879741039391,1.0015224830327758,1.0018269826201174,1.0018269826201174,in_sample
2020-02-12 00:00:00+00:00,1.0042200998677449,1.0032410083767613,1.0021101574285964,1.0029541608184156,1.0048957963377407,1.0048957963377407,in_sample
2020-02-13 00:00:00+00:00,1.001314964415026,1.0009964017723445,1.0006606416569748,1.0009231295900023,1.0005351610478077,1.0005351610478077,in_sample
2020-02-14 00:00:00+00:00,1.0037232427709335,1.0028806978836118,1.0018639939739546,1.002608264753471,1.00414476530567,1.00414476530567,in_sample
2020-02-15 00:00:00+00:00,0.9938444964644528,0.9954487752431653,0.9969337702786543,0.9957008239479198,0.98932042284442,0.98932042284442,in_sample
2020-02-16 00:00:00+00:00,0.9886597309652501,0.9915730585205587,0.9943333293467385,0.992064709134658,0.9815786769058935,0.9815786769058935,in_sample
2020-02-17 00:00:00+00:00,0.9922085815714451,0.9941378140608922,0.9961179375026543,0.9945574602136081,0.9868638260428438,0.9868638260428438,in_sample
2020-02-18 00:00:00+00:00,0.9948801374486983,0.9961752614376523,0.9974589784792188,0.9964319764334982,0.9908495734504169,0.9908495734504169,in_sample
2020-02-19 00:00:00+00:00,0.988416457832038,0.9912247896807546,0.994218761379205,0.9919003431551571,0.9811933335426951,0.9811933335426951,in_sample
2020-02-20 00:00:00+00:00,0.9870163903685678,0.9901839898774659,0.9935146182377441,0.990916841544559,0.9791085794128214,0.9791085794128214,in_sample
2020-02-21 00:00:00+00:00,0.9881213073633767,0.990982599491976,0.9940707139606693,0.9916933398971135,0.9807526762885873,0.9807526762885873,in_sample
2020-02-22 00:00:00+00:00,0.9865456499962385,0.9898103831460056,0.993278141817838,0.9905863925681624,0.9784068152568208,0.9784068152568208,in_sample
2020-02-23 00:00:00+00:00,0.992780591346129,0.9944644853861895,0.9964168870742719,0.9949687276803592,0.9876820714644011,0.9876820714644011,in_sample
2020-02-24 00:00:00+00:00,0.9862884449424153,0.9896574147051519,0.9931589243550131,0.9904142088949734,0.9779938634189926,0.9779938634189926,in_sample
2020-02-25 00:00:00+00:00,0.9798587848338918,0.9846879099095613,0.9899216998138078,0.985894619586439,0.968430482398586,0.968430482398586,in_sample
2020-02-26 00:00:00+00:00,0.9652444801480938,0.9738166239205859,0.9825395047668887,0.9756015904201829,0.9467647000085453,0.9467647000085453,in_sample
2020-02-27 00:00:00+00:00,0.968371147575322,0.9761746808472123,0.9841308499279863,0.9778137421021854,0.9513649102293464,0.9513649102293464,in_sample
2020-02-28 00:00:00+00:00,0.9649566388971138,0.973671961033777,0.9823958109731469,0.9754002795971248,0.9463129178447761,0.9463330940446306,in_sample
2020-02-29 00:00:00+00:00,0.9627727926923555,0.97214778829435,0.9812841540981726,0.9738550423512242,0.9431434604014138,0.943120546683598,in_sample
2020-03-01 00:00:00+00:00,0.9619786464954642,0.9714948862408758,0.9808794464220928,0.9732927411532118,0.9419805575608995,0.9419536427145977,in_sample
2020-03-02 00:00:00+00:00,0.971392589916011,0.9785362646357219,0.9856788999466769,0.9799600055266543,0.9557452361669428,0.9557806101783732,in_sample
2020-03-03 00:00:00+00:00,0.9686744044024407,0.9765264868684963,0.9842998189578572,0.9780404941128481,0.9516311828871427,0.9517688609087559,in_sample
2020-03-04 00:00:00+00:00,0.9689056558257447,0.9767544425310197,0.9844173097953652,0.978203935284308,0.9519274875846194,0.9521096842588019,in_sample
2020-03-05 00:00:00+00:00,0.9733665262781779,0.9801458361637083,0.9866834530796602,0.9813565112896068,0.9579360164442667,0.9586849962086004,in_sample
2020-03-06 00:00:00+00:00,0.9788419636387384,0.9842281800629733,0.9894586273311812,0.9852207794482246,0.9652908137039284,0.966774271168549,in_sample
2020-03-07 00:00:00+00:00,0.9716835893537237,0.978844660541687,0.9858406197992791,0.9801772631828277,0.9557657082907371,0.9561690881984292,in_sample
2020-03-08 00:00:00+00:00,0.9491190025907494,0.9618369443988634,0.974393948041284,0.9642439834625992,0.9251669573809989,0.9228626282760009,in_sample
2020-03-09 00:00:00+00:00,0.9487896395702134,0.9615219440979769,0.9742248810786361,0.9640097552814734,0.9244569322797302,0.9222817245322409,in_sample
2020-03-10 00:00:00+00:00,0.9489613962498856,0.9617120102016457,0.9743130616530488,0.9641319136351097,0.924621891029822,0.9225011520111551,in_sample
2020-03-11 00:00:00+00:00,0.9465919249635921,0.9599257342478965,0.9730966755953172,0.9624467681421426,0.9221939590351745,0.9192713343832922,in_sample
2020-03-12 00:00:00+00:00,0.8860659144361164,0.9140722892837846,0.9419863005339627,0.9193689188819529,0.8599439608307184,0.836534381049906,in_sample
2020-03-13 00:00:00+00:00,0.9070111385042184,0.930285992461049,0.9531198481698192,0.934581637693781,0.880952672368469,0.8637834582043613,in_sample
2020-03-14 00:00:00+00:00,0.8964896195768189,0.9222436312768447,0.9475916533677483,0.9269926979543109,0.8757965677434132,0.8570426376910109,in_sample
2020-03-15 00:00:00+00:00,0.9002667878816019,0.9251321835660763,0.9495878912944445,0.9297266785300055,0.8775046888481105,0.8592713632055634,in_sample
2020-03-16 00:00:00+00:00,0.8881558180132879,0.915831968233957,0.9432006567026608,0.9209715801983677,0.8719960494687016,0.8520791265081679,in_sample
2020-03-17 00:00:00+00:00,0.8950214454510086,0.9212535714261221,0.9468462243928096,0.9259550902261018,0.8751155648262611,0.8561434781339465,in_sample
2020-03-18 00:00:00+00:00,0.9047348550874659,0.9284841823004538,0.9519841489012139,0.932989476719777,0.8794837017180946,0.8618413951662448,in_sample
2020-03-19 00:00:00+00:00,0.9221974576817995,0.942061737825919,0.9611714377377646,0.9455950451418693,0.8872683057022238,0.8720126565481853,in_sample
2020-03-20 00:00:00+00:00,0.9215204121744964,0.941447764051569,0.9608186083093989,0.9451090888966033,0.8869584508541817,0.8716066202568719,in_sample
2020-03-21 00:00:00+00:00,0.9221256964783591,0.9419560784746351,0.9611341566221578,0.9455436335714392,0.8872115406278481,0.8719382325167768,in_sample
2020-03-22 00:00:00+00:00,0.91038171461192,0.9330347353211114,0.9550137642777662,0.9371140744231595,0.8823023357995416,0.8655053084093692,in_sample
2020-03-23 00:00:00+00:00,0.9220082576136612,0.9419471591662864,0.9611120351565718,0.9454916349961151,0.8871941284644171,0.8719035271714992,in_sample
2020-03-24 00:00:00+00:00,0.9252976998171697,0.9444352288368055,0.9628265113907254,0.9478528915717224,0.888566952640631,0.8737024122978753,in_sample
2020-03-25 00:00:00+00:00,0.9237906372892353,0.9432989714653008,0.962042417927343,0.9467722323388993,0.8879472093436758,0.8728899112072955,in_sample
2020-03-26 00:00:00+00:00,0.9282238755479156,0.9468430198975986,0.9643508215209017,0.9499527006173873,0.889764483666107,0.8752718552466923,in_sample
2020-03-27 00:00:00+00:00,0.920356836568866,0.9408128814701134,0.960264207449536,0.944316861479206,0.8865338995723329,0.8710345701595384,in_sample
2020-03-28 00:00:00+00:00,0.9190404577764739,0.9398008485252826,0.9595774784616293,0.9433714074463239,0.8859898561493463,0.8703218609906161,in_sample
2020-03-29 00:00:00+00:00,0.9097627039848575,0.9326930822961838,0.9547339900635852,0.9367050443882066,0.882145166118331,0.8652862611516321,in_sample
2020-03-30 00:00:00+00:00,0.9191984463900545,0.939937767946859,0.959685074536639,0.9435056696818656,0.886208103857313,0.8705999809950076,in_sample
2020-03-31 00:00:00+00:00,0.9219129531256376,0.9420669516607983,0.9611021089153953,0.9454560719631458,0.8873598937309157,0.8721086533376234,in_sample
2020-04-01 00:00:00+00:00,0.9235318898631831,0.9433087360911334,0.9619459865870238,0.946618267910619,0.8880397672530306,0.8729995711955679,in_sample
2020-04-02 00:00:00+00:00,0.9276649861161799,0.9464337107885378,0.9640984923079344,0.9495837584598293,0.8894968314536071,0.8749094202349378,in_sample
2020-04-03 00:00:00+00:00,0.9296156134127355,0.9479713629614721,0.9651121108360723,0.9509814600214251,0.8908308029933368,0.8766588801170715,in_sample
2020-04-04 00:00:00+00:00,0.9324847763316686,0.9501992471579886,0.9666014704386172,0.9530360345053547,0.8931865638746145,0.8797499252988129,in_sample
2020-04-05 00:00:00+00:00,0.9302883085592772,0.9485693256062819,0.9654630556181004,0.9514646211244654,0.8912362675647809,0.8771886492231203,in_sample
2020-04-06 00:00:00+00:00,0.9484270608676032,0.9622814141756235,0.9748753502086974,0.9644507746144599,0.9072864602904115,0.8982515964858573,in_sample
2020-04-07 00:00:00+00:00,0.9440998178469352,0.959005250912984,0.9726513929170566,0.961370528237277,0.9030041503917694,0.892598708272549,in_sample
2020-04-08 00:00:00+00:00,0.9515487735034434,0.9645377728106298,0.9764885068313476,0.9666801834339609,0.9095217602313265,0.9011887169619356,in_sample
2020-04-09 00:00:00+00:00,0.954100165788348,0.9663695731669963,0.9777976384870243,0.968494558378749,0.9116786063581167,0.9040381637498711,in_sample
2020-04-10 00:00:00+00:00,0.9406638392259628,0.9562451137036063,0.970912612756112,0.9589472312334252,0.8984984428937903,0.8866118899246962,in_sample
2020-04-11 00:00:00+00:00,0.9407986253129643,0.9563722675055011,0.9709821729467117,0.9590434153511559,0.8985490796049314,0.8866785123516565,in_sample
2020-04-12 00:00:00+00:00,0.9430234970193836,0.9581389158523952,0.9721302989674679,0.9606310282067051,0.9004657545531716,0.8892003178272343,in_sample
2020-04-13 00:00:00+00:00,0.9439219061461772,0.9589998110007932,0.9725933684115409,0.9612716567596148,0.9012793025968536,0.8902714778357846,in_sample
2020-04-14 00:00:00+00:00,0.9451096943978166,0.9600288826228897,0.9732053019672193,0.9621183910298643,0.9024913134352733,0.8918677550048619,in_sample
2020-04-15 00:00:00+00:00,0.9400650443518473,0.9560746428290348,0.9706079949030724,0.958523585654346,0.8973126502242378,0.8850441506654888,in_sample
2020-04-16 00:00:00+00:00,0.9528017448493975,0.9657048422619351,0.9771832544587193,0.9676143390363254,0.9104109973961466,0.9022698308413437,in_sample
2020-04-17 00:00:00+00:00,0.9536033222954038,0.9662540438265678,0.9775942990761456,0.9681841663738148,0.9112021629154149,0.9033152850831155,in_sample
2020-04-18 00:00:00+00:00,0.9605826469489162,0.9715858250025075,0.9811717551488928,0.9731443946201609,0.9181120019023606,0.9124486599124008,in_sample
2020-04-19 00:00:00+00:00,0.9624033330585159,0.9727691869063654,0.9821016104775339,0.9744355415519562,0.9198645427745364,0.9147709670919824,in_sample
2020-04-20 00:00:00+00:00,0.9516518175817994,0.9646841384615303,0.9766158228134364,0.9668153880130709,0.9084297755639398,0.899634470844435,in_sample
2020-04-21 00:00:00+00:00,0.952650159615931,0.9654616281293836,0.9771280882287382,0.9675253627078978,0.9094392882701431,0.9009648473149919,in_sample
2020-04-22 00:00:00+00:00,0.9601850304223476,0.9711002041441562,0.9809923262345833,0.9728821298017196,0.916993079400103,0.9109427173569439,in_sample
2020-04-23 00:00:00+00:00,0.9609693652353,0.9717630982580374,0.9813929919439657,0.9734384243797314,0.9177665047151901,0.911967146983187,in_sample
2020-04-24 00:00:00+00:00,0.9614966474620861,0.9721145319865387,0.9816622362616646,0.9738123111642953,0.9182874254555465,0.9126573190461194,in_sample
2020-04-25 00:00:00+00:00,0.9651077129483984,0.9748132057926763,0.9835056366676552,0.9763724345151061,0.921855382668023,0.9173854280219406,in_sample
2020-04-26 00:00:00+00:00,0.9668567420318779,0.9761099831715547,0.9843968221484151,0.9776110451209009,0.9235795512124452,0.9196731723946407,in_sample
2020-04-27 00:00:00+00:00,0.9660635386261058,0.9755527827471779,0.9839930255578683,0.9770496268013509,0.9226107439795533,0.9185280891433583,in_sample
2020-04-28 00:00:00+00:00,0.9666678380829388,0.975970292853869,0.9843007829812142,0.9774774468924913,0.923308947463309,0.9193899362214674,in_sample
2020-04-29 00:00:00+00:00,0.9756830076769126,0.9827564984458417,0.9888905904313382,0.9838586330948245,0.9342077974239275,0.932251318184583,in_sample
2020-04-30 00:00:00+00:00,0.9692519193120929,0.9780107844270222,0.9856315182121012,0.9793191492351104,0.926063628665532,0.9230340971840763,in_sample
2020-05-01 00:00:00+00:00,0.9733552518946534,0.9811083778757806,0.9877178560580703,0.9822213158087333,0.9308206561568163,0.9288956010052054,in_sample
2020-05-02 00:00:00+00:00,0.9762478724253127,0.9832193040939171,0.9891855077419601,0.9842645939199475,0.9347786628753332,0.9330363437829476,in_sample
2020-05-03 00:00:00+00:00,0.9714380390400449,0.9796386619590741,0.9867487201116115,0.9808700624835731,0.9282060122810766,0.9261409392200985,in_sample
2020-05-04 00:00:00+00:00,0.9694343560892221,0.9781694274553062,0.9857310887713835,0.979453866308901,0.9254333660422045,0.9232755591308939,in_sample
2020-05-05 00:00:00+00:00,0.9684304309986509,0.9774048419906601,0.9852206879555068,0.9787438555550136,0.9241033291927728,0.9218413730612018,in_sample
2020-05-06 00:00:00+00:00,0.9640524617434832,0.9741204766842826,0.9829937515936576,0.9756466404533364,0.9183696917021348,0.9155903408854961,in_sample
2020-05-07 00:00:00+00:00,0.9708262321976483,0.9791855673213049,0.986447180891028,0.9804453051052573,0.9273735231254318,0.9252402287992612,in_sample
2020-05-08 00:00:00+00:00,0.9761304594567669,0.9830600278953704,0.9891419679976343,0.9841950526694009,0.934973750268468,0.9328229726725711,in_sample
2020-05-09 00:00:00+00:00,0.9713808795517033,0.979535099491771,0.986735522850399,0.9808428786852019,0.928149766097579,0.9260146861319796,in_sample
2020-05-10 00:00:00+00:00,0.9580798557508972,0.9695467136464505,0.9799798861321887,0.9714414684616604,0.9090861695370713,0.9069949427345877,in_sample
2020-05-11 00:00:00+00:00,0.9545062741937757,0.9668881284429323,0.9781522524404818,0.968905074750556,0.9039336126819002,0.9019203859839631,in_sample
2020-05-12 00:00:00+00:00,0.9620164759324736,0.972534241682321,0.9820003784013063,0.9742415203472282,0.9140404667508332,0.912565057843305,in_sample
2020-05-13 00:00:00+00:00,0.9647746527533553,0.9746464363216583,0.9834081145209908,0.9761967792358354,0.9177220256830428,0.9164896514231345,in_sample
2020-05-14 00:00:00+00:00,0.9671833086110614,0.9764397293839547,0.98463570259495,0.9779027998684348,0.92093602559594,0.9199218127487778,in_sample
2020-05-15 00:00:00+00:00,0.9628614411120838,0.9731423375865753,0.9824357757540447,0.9748439625175441,0.9151790163449347,0.9137557941429113,in_sample
2020-05-16 00:00:00+00:00,0.9657648794459468,0.9753405162271627,0.9839170074090315,0.9769016620437891,0.9190130887076083,0.9178888399071696,in_sample
2020-05-17 00:00:00+00:00,0.9707707484432994,0.9790283001112338,0.9864669860571382,0.9804461782022198,0.9255971434836147,0.9250254081099966,in_sample
2020-05-18 00:00:00+00:00,0.974821277480188,0.9820479862513133,0.9885249967550109,0.9833098079564103,0.9308903466784383,0.9308148938584353,in_sample
2020-05-19 00:00:00+00:00,0.9775476349591343,0.9841650099384001,0.9899073386161747,0.9852348765589147,0.934391228358044,0.9347198160313673,in_sample
2020-05-20 00:00:00+00:00,0.9759021106577758,0.9828957922194189,0.9890741738047975,0.9840739514932079,0.9322171895607211,0.9323596688877882,in_sample
2020-05-21 00:00:00+00:00,0.9686134960251543,0.9774317004559842,0.9853806781061959,0.9789291987491848,0.9222898107783799,0.9219145480329806,in_sample
2020-05-22 00:00:00+00:00,0.9806330312345867,0.9862655369611711,0.9914944777816054,0.9874324787614231,0.9391169835474413,0.9390746192311046,in_sample
2020-05-23 00:00:00+00:00,0.9769754357785686,0.9835970225769198,0.9896454243737085,0.9848544093892065,0.9339974861447271,0.9338207348256853,in_sample
2020-05-24 00:00:00+00:00,0.970212190164123,0.9785742588618277,0.9862199467050107,0.9800819571709963,0.9257609812317458,0.9241239828529166,in_sample
2020-05-25 00:00:00+00:00,0.9754077803830434,0.9824478886570555,0.988860603440079,0.983755867886022,0.9320838562514023,0.9315471572498001,in_sample
2020-05-26 00:00:00+00:00,0.9739449460607567,0.9813480603314486,0.9881190985742364,0.9827231200301348,0.9303283097763073,0.9294515734613686,in_sample
2020-05-27 00:00:00+00:00,0.9753977423294925,0.9824664623789566,0.9888560682280558,0.9837492432637203,0.9320113466149036,0.9315312142819663,in_sample
2020-05-28 00:00:00+00:00,0.9805328633784604,0.9863337891985521,0.9914590553942092,0.9873746053685654,0.938064059688302,0.9388874834303943,in_sample
2020-05-29 00:00:00+00:00,0.9790389942344893,0.9852369298989617,0.9907037976432038,0.9863216004585689,0.9362380738353588,0.9367418515598958,in_sample
2020-05-30 00:00:00+00:00,0.9928625468592487,0.9953958645927433,0.9976979246202289,0.9960700660870249,0.9531175922567906,0.9565813579898378,in_sample
2020-05-31 00:00:00+00:00,0.9867076040110536,0.990812653295455,0.9946054654851625,0.9917476872801397,0.9453927571390346,0.9476863146527198,in_sample
2020-06-01 00:00:00+00:00,0.9964236239407351,0.9980280312658394,0.9993606289325601,0.9984988472723642,0.9579212524437934,0.9616839859225397,in_sample
2020-06-02 00:00:00+00:00,0.988995467835795,0.9925275324437135,0.9945180958211266,0.9926183823248765,0.948501967466372,0.9509302182487034,in_sample
2020-06-03 00:00:00+00:00,0.9922525126830651,0.9949463425650489,0.9966469969072859,0.9952008734759028,0.9524686100058798,0.9556277458939586,in_sample
2020-06-04 00:00:00+00:00,0.9916624276021747,0.9945104305818236,0.9962617429164149,0.9947333211013485,0.9517742943434044,0.9547752889812336,in_sample
2020-06-05 00:00:00+00:00,0.9913097035474898,0.9942958129203434,0.9960314089271358,0.994453806192988,0.9513390788639736,0.954265883458948,in_sample
2020-06-06 00:00:00+00:00,0.9927017136973534,0.9952685334317344,0.9969405252071452,0.9955569820537724,0.9530017451753239,0.9562758725532083,in_sample
2020-06-07 00:00:00+00:00,0.9905813270933459,0.9937064388634321,0.9955563888159635,0.9938770585976877,0.950456702694282,0.9532119997071367,in_sample
2020-06-08 00:00:00+00:00,0.9914474432678204,0.9943390468044478,0.9959803250128982,0.9944785903727131,0.9515013490707152,0.9544621630830282,in_sample
2020-06-09 00:00:00+00:00,0.9901967473114467,0.9934220632488522,0.9949751937183814,0.9933746130344184,0.9499882888831513,0.9526561037059242,in_sample
2020-06-10 00:00:00+00:00,0.9949905149264563,0.9968809057987738,0.9986869306817875,0.9975217336043241,0.9557882759170971,0.9595741409403219,in_sample
2020-06-11 00:00:00+00:00,0.9818371535542161,0.9871344678370497,0.9901054834871122,0.9871041434091176,0.9397814021161243,0.9405463835146476,in_sample
2020-06-12 00:00:00+00:00,0.9867262492964571,0.9907685472569406,0.9931690677909716,0.9909028511117506,0.9458943067540312,0.9475716136697335,in_sample
2020-06-13 00:00:00+00:00,0.9892902956615295,0.9926574626243996,0.9952336984136899,0.9931687626071661,0.9489955778043783,0.9512650659622128,in_sample
2020-06-14 00:00:00+00:00,0.985321971374726,0.989739774255728,0.9918981456413595,0.989578030589225,0.9441591782067899,0.9455413745225005,in_sample
2020-06-15 00:00:00+00:00,0.9845355808199194,0.9891247209535897,0.9913835802696127,0.988954098592482,0.9431716350172186,0.9444094123400285,in_sample
2020-06-16 00:00:00+00:00,0.9871690223150791,0.9910358819704832,0.9929659511759582,0.9909592985530782,0.9464674204819572,0.9481985800196834,in_sample
2020-06-17 00:00:00+00:00,0.9861913033170189,0.99032163508341,0.9924742209590726,0.9902722674597003,0.9452368749779386,0.9467898975985443,in_sample
2020-06-18 00:00:00+00:00,0.9839257826320744,0.9886321186109341,0.9913342439235349,0.9886798405049324,0.9423824454199381,0.9435273884533742,in_sample
2020-06-19 00:00:00+00:00,0.9826114923399546,0.9876313136774282,0.9906721508083666,0.9877553920988342,0.9407096215728113,0.9416368969515516,in_sample
2020-06-20 00:00:00+00:00,0.9831495827112992,0.9880472760484135,0.9909434030528522,0.9881340271635702,0.9412331670402369,0.9424103752054223,in_sample
2020-06-21 00:00:00+00:00,0.983326687294506,0.9881513693819909,0.9910326573339227,0.9882586289003532,0.9414874976792573,0.9426650239378923,in_sample
2020-06-22 00:00:00+00:00,0.9911267708400835,0.9939159308016722,0.9949632623014685,0.9937460726754112,0.95268979885836,0.9538813359284269,in_sample
2020-06-23 00:00:00+00:00,0.9939537953127633,0.995918972023208,0.9963822460151055,0.9957302195926527,0.9567658829509562,0.9579625180133632,in_sample
2020-06-24 00:00:00+00:00,0.9885416416103951,0.991934938318144,0.9935275731448558,0.9918498061318884,0.9489513888968087,0.9501382503063851,in_sample
2020-06-25 00:00:00+00:00,0.9883139687654837,0.9917411992850967,0.9932372617090959,0.9915845395175111,0.9486235567853954,0.9498100081726183,in_sample
2020-06-26 00:00:00+00:00,0.9865913963483693,0.9904617817864888,0.9922301486874768,0.9902899680603068,0.9461434651979246,0.9473268147139327,in_sample
2020-06-27 00:00:00+00:00,0.9785640843306046,0.9845079632349798,0.9869825743956494,0.983924618020794,0.9345961485932635,0.9357650557841719,in_sample
2020-06-28 00:00:00+00:00,0.9802504918707983,0.9857942767278564,0.9880881694950399,0.985264178053593,0.9370121017494154,0.938184030593068,in_sample
2020-06-29 00:00:00+00:00,0.9826727769578545,0.9875676709750705,0.989534441170975,0.9871033306997886,0.9404852605888366,0.9416615333411911,in_sample
2020-06-30 00:00:00+00:00,0.9806911173130762,0.9861200878131231,0.9877970350020203,0.9852672103746588,0.937640384250875,0.9388130988926876,in_sample
2020-07-01 00:00:00+00:00,0.9829065270945887,0.9878306201746968,0.9892474854686948,0.9870255507487267,0.9408176196343797,0.9419943080709618,in_sample
2020-07-02 00:00:00+00:00,0.9805492517994628,0.9860116705248947,0.9877053717619623,0.9851554992260052,0.9374331175415833,0.9386055729531954,in_sample
2020-07-03 00:00:00+00:00,0.9797981199672269,0.9854458017629828,0.9870728248758476,0.9844750867433516,0.9363559622831114,0.9375270704876658,in_sample
2020-07-04 00:00:00+00:00,0.9828585433024837,0.9877332876911317,0.9895393417186836,0.9871811148638415,0.9407430583266931,0.9419196535088263,in_sample
2020-07-05 00:00:00+00:00,0.9847498490919058,0.9890770489954366,0.9910626709901086,0.9888527836975878,0.9434584533416157,0.9446384446909211,in_sample
2020-07-06 00:00:00+00:00,0.9928600591501072,0.9951464666154457,0.9975924319847278,0.9960195046103573,0.9551136664571732,0.9563082350786436,in_sample
2020-07-07 00:00:00+00:00,0.9936639783068281,0.99585927539178,0.9982386327533305,0.9967292046879294,0.9562737002900903,0.9574697197755418,in_sample
2020-07-08 00:00:00+00:00,1.0034774782517426,1.0030299558179419,1.006125576413483,1.0053917243563295,0.9704400464241888,0.9716537838767965,in_sample
2020-07-09 00:00:00+00:00,1.0039179626281571,1.0032342736856268,1.006478893837522,1.005780090048227,0.9710790199257788,0.9722935565478693,in_sample
2020-07-10 00:00:00+00:00,1.0024486082471242,1.0023044416229199,1.0053004117486424,1.0044846597996604,0.9689470839528608,0.9701589541448649,in_sample
2020-07-11 00:00:00+00:00,1.0080455245037,1.0096559620698997,1.0097906826081906,1.0094199497472767,0.9770618875068608,0.9782839069512894,in_sample
2020-07-12 00:00:00+00:00,1.0096441690373346,1.0091691842155526,1.0110718123315026,1.0108286750559154,0.9793861495677253,0.9806110759860811,in_sample
2020-07-13 00:00:00+00:00,1.0093389293855526,1.003359266902851,1.0108272753214256,1.0105597490303138,0.9789420116777311,0.9801663826091269,in_sample
2020-07-14 00:00:00+00:00,1.01437160263544,1.0086378681241426,1.0148593507645978,1.0149938581725415,0.9862636780653944,0.9874972062659517,in_sample
2020-07-15 00:00:00+00:00,1.008152148130408,1.001488371198914,1.0098813947219107,1.0095173807805256,0.9771930050599255,0.9784151884941701,in_sample
2020-07-16 00:00:00+00:00,1.003624709033162,0.9967585206181104,1.0062532308432546,1.0055278390715061,0.9706103947492671,0.9718243452579443,in_sample
2020-07-17 00:00:00+00:00,1.0067649174620532,0.9999694099272256,1.0087719770228993,1.008296462573139,0.9751657612851764,0.9763854092287392,in_sample
2020-07-18 00:00:00+00:00,1.0123061410210774,1.0090857512176175,1.0132137933379564,1.0131801573603376,0.9832167144868568,0.9844464318246764,in_sample
2020-07-19 00:00:00+00:00,1.013166840151956,1.0093032021371164,1.0139029700176043,1.0139382265412533,0.984470663866395,0.9857019495291527,in_sample
2020-07-20 00:00:00+00:00,1.0052364504533546,1.0014122527101172,1.0075540487144927,1.0069541702591647,0.9729120009168699,0.9741288300635599,in_sample
2020-07-21 00:00:00+00:00,1.0150807715837515,1.0096191816587434,1.0154476626854576,1.0156319759493728,0.9872036506540883,0.988438354486195,in_sample
2020-07-22 00:00:00+00:00,1.0179449739584296,1.0116255889512016,1.0177398527757395,1.018153842708056,0.9913819650104171,0.9926218946951065,in_sample
2020-07-23 00:00:00+00:00,1.0191040865783647,1.0128034606917216,1.0186669560179322,1.019174071107933,0.9930752638274709,0.9943173113351008,in_sample
2020-07-24 00:00:00+00:00,1.0169981769252412,1.0102082875743887,1.0169829509360186,1.0173207433490838,0.9899970795498559,0.9912352771467597,in_sample
2020-07-25 00:00:00+00:00,1.0241693674882961,1.0160889417701275,1.0227198174956733,1.023633392624423,1.00046827489032,1.001719568898491,in_sample
2020-07-26 00:00:00+00:00,1.0225037326297295,1.0145608728225728,1.0213891955632908,1.0221684010190892,0.9980276412122682,0.9992758826995606,in_sample
2020-07-27 00:00:00+00:00,1.0246368884033856,1.0151258236757676,1.023093860057033,1.0240449624769081,1.0011507815351572,1.0024029291600762,in_sample
2020-07-28 00:00:00+00:00,1.0271074880638282,1.0173281864125248,1.0250673633512166,1.0262178341989616,1.0047717366397018,1.0060284130233428,in_sample
2020-07-29 00:00:00+00:00,1.026738434450032,1.0167925684769306,1.024772706895704,1.0258933483237285,1.0042301945254297,1.0054861935978359,in_sample
2020-07-30 00:00:00+00:00,1.027204723442738,1.0178725377527889,1.0251450239082696,1.02630334490004,1.004914294979068,1.006171149661612,in_sample
2020-07-31 00:00:00+00:00,1.0332246825333,1.0223333414958284,1.0299513344440214,1.0315962602543294,1.0137482831908133,1.015016186616026,in_sample
2020-08-01 00:00:00+00:00,1.0586849394002706,1.0469825389004397,1.0502550116431606,1.053965974671258,1.0512187755118145,1.0525335435940097,in_sample
2020-08-02 00:00:00+00:00,1.0434273472648479,1.0316274655349276,1.0381461305137756,1.040599141458134,1.0281454376277106,1.029780134738341,in_sample
2020-08-03 00:00:00+00:00,1.050352185088533,1.0373374543585487,1.043657961201318,1.0466764813662726,1.0358621297040975,1.0398810001162788,in_sample
2020-08-04 00:00:00+00:00,1.0597511357407159,1.0461868475941494,1.0511291997548988,1.0549186133372486,1.0452145768315424,1.0523993096397033,in_sample
2020-08-05 00:00:00+00:00,1.0675991294542853,1.0513663951794932,1.0573565148847361,1.0617933550030927,1.0529740600084718,1.0628164047441568,in_sample
2020-08-06 00:00:00+00:00,1.0668539721496044,1.0514443877788835,1.0567661083105973,1.0611411825851993,1.052214387437044,1.0617940402474901,in_sample
2020-08-07 00:00:00+00:00,1.0612683809308527,1.046601778032246,1.0523398879288437,1.0562521828692983,1.0465431461235601,1.0541635417491375,in_sample
2020-08-08 00:00:00+00:00,1.0668170028134591,1.0509912015757992,1.0567414408140658,1.06111189111185,1.052111036153866,1.061641451852392,in_sample
2020-08-09 00:00:00+00:00,1.0613490088757547,1.0463732056590993,1.0524083596750486,1.0563257891207671,1.0467269235089467,1.0543976065814789,in_sample
2020-08-10 00:00:00+00:00,1.0648075361515603,1.049292991913829,1.0551518741923533,1.0593548886351287,1.0501029590290845,1.0589319745459957,in_sample
2020-08-11 00:00:00+00:00,1.0513705254964056,1.0381770239750467,1.0444997429893217,1.0475908703034105,1.0365940455757778,1.0407686503067455,in_sample
2020-08-12 00:00:00+00:00,1.0561831702394389,1.0425342411396683,1.0483246979982697,1.0518107724823713,1.041447800934836,1.0472663870508152,in_sample
2020-08-13 00:00:00+00:00,1.0608642024916017,1.0461955854927316,1.052041660631527,1.0559130277098245,1.045836937517341,1.0531512653992152,in_sample
2020-08-14 00:00:00+00:00,1.0685044667545815,1.0529752351316706,1.058103040615137,1.0626050812311905,1.0529786979785147,1.0627402096498906,in_sample
2020-08-15 00:00:00+00:00,1.0678197750522989,1.0520203672186792,1.0575606193939924,1.0620058791913185,1.0523354507313987,1.0618745957926565,in_sample
2020-08-16 00:00:00+00:00,1.073091400124525,1.055756936030659,1.0617374014366912,1.0666196513992772,1.0572785936463454,1.0685251974059302,in_sample
2020-08-17 00:00:00+00:00,1.0758542077795838,1.0583692464434045,1.063924261732104,1.0690362592903389,1.0598738426800294,1.0720223380872977,in_sample
2020-08-18 00:00:00+00:00,1.0689560759133154,1.0520232915532612,1.0584669499141417,1.0630043725633898,1.0534060082475092,1.063299711284622,in_sample
2020-08-19 00:00:00+00:00,1.0621644829432026,1.0463736594079118,1.0530869895149333,1.0570610471039181,1.0470122434141031,1.0546946235999692,in_sample
2020-08-20 00:00:00+00:00,1.0788164373764313,1.0586601975051309,1.0662947040226054,1.0716443595301177,1.0622197123861357,1.075120027236849,in_sample
2020-08-21 00:00:00+00:00,1.0677549499935153,1.049809323166178,1.0575482259331912,1.0619749639470712,1.052299751563189,1.0617327798519087,in_sample
2020-08-22 00:00:00+00:00,1.0767066169053483,1.0568512979199833,1.0646411039099677,1.0698097884154532,1.05971277682536,1.0717054160163673,in_sample
2020-08-23 00:00:00+00:00,1.078278129732398,1.057423387635233,1.0658842259450547,1.0711838613571154,1.06115955997699,1.0736562909745777,in_sample
2020-08-24 00:00:00+00:00,1.0754702616359064,1.0557589791544015,1.0636637507410718,1.0687291942744543,1.0581630975270069,1.0696139573093641,in_sample
2020-08-25 00:00:00+00:00,1.0610115751817866,1.0437802231876292,1.0522237835280799,1.056085302229714,1.042575872427163,1.0486060886591466,in_sample
2020-08-26 00:00:00+00:00,1.0689351306814596,1.0494898189235977,1.0585101266684418,1.0630256567143406,1.0512395591536752,1.0602244848410394,in_sample
2020-08-27 00:00:00+00:00,1.0618966401777319,1.0435256069032042,1.0529342496964458,1.0568660271145491,1.0439571532262681,1.050431620147091,in_sample
2020-08-28 00:00:00+00:00,1.0652903666943028,1.0467249775235958,1.0556263165121407,1.0598383583471551,1.0473579143454481,1.0549940896585566,in_sample
2020-08-29 00:00:00+00:00,1.0684430986094058,1.0491595432717422,1.0579751946520783,1.0625079472374923,1.0504938393492735,1.0592058079251703,in_sample
2020-08-30 00:00:00+00:00,1.0724841971543726,1.0524747443560434,1.0605761738866624,1.0656826810786268,1.054544685551401,1.0646517288988246,in_sample
2020-08-31 00:00:00+00:00,1.066547044362882,1.047037922046094,1.0566087414342826,1.0609309599267605,1.0485235222167697,1.0565465664945775,in_sample
2020-09-01 00:00:00+00:00,1.0767131766777487,1.0549402372301588,1.0646658632103838,1.0698300486484935,1.0587437334187568,1.070277784822714,in_sample
2020-09-02 00:00:00+00:00,1.065653098258287,1.0454780366151608,1.055916801200043,1.0601593991653588,1.0467491509642741,1.0541107814405657,in_sample
2020-09-03 00:00:00+00:00,1.0226773685398391,1.0094732714281431,1.0218503342586276,1.022535721247196,1.0016760281928154,0.9935906276892167,in_sample
2020-09-04 00:00:00+00:00,1.0328575311133603,1.0185682889312955,1.0299878781985408,1.0314930234969415,1.0114797715592132,1.0065567727646823,in_sample
2020-09-05 00:00:00+00:00,1.0082783797561716,0.9988988287604295,1.0102324156794553,1.0098037525741421,0.9953679136791047,0.9851788534995305,in_sample
2020-09-06 00:00:00+00:00,1.0335943970559325,1.0182476447568605,1.0267197173876386,1.0298336626946119,1.0116147342022987,1.0066195339368318,in_sample
2020-09-07 00:00:00+00:00,1.0311774045405682,1.0168768881100532,1.0251591216437073,1.0279311860491351,1.0101181126693164,1.0046338920133138,in_sample
2020-09-08 00:00:00+00:00,1.026050139879074,1.0122967607214235,1.0218458504511039,1.023893398346494,1.0073648011199055,1.0009827413038186,in_sample
2020-09-09 00:00:00+00:00,1.0347364007687276,1.0192370299618583,1.0274687849897595,1.0307411203242922,1.0120492524851663,1.0071891059546256,in_sample
2020-09-10 00:00:00+00:00,1.0409764031234097,1.0240249938865849,1.0314962986264768,1.0356516882142002,1.0153927955682878,1.0116257545470275,in_sample
2020-09-11 00:00:00+00:00,1.0488071739907376,1.0296421398342634,1.036539945381123,1.0418063535121862,1.019707018099777,1.0173567106102048,in_sample
2020-09-12 00:00:00+00:00,1.0621819741905143,1.0399737330729693,1.0451318817809054,1.05230191667651,1.0270699317335774,1.0271513012289224,in_sample
2020-09-13 00:00:00+00:00,1.054368922932735,1.0343535315090244,1.0401349180258805,1.0461870189277171,1.0227690032002204,1.0214162755303655,in_sample
2020-09-14 00:00:00+00:00,1.0493743548701828,1.0307033778014145,1.036932276195245,1.042271928862704,1.0200827900711982,1.017839395119192,in_sample
2020-09-15 00:00:00+00:00,1.0231745190408692,1.0089091659354588,1.0201043006213943,1.0217141468793856,1.0060394447987329,0.9991561141192536,in_sample
2020-09-16 00:00:00+00:00,1.015176283227484,0.9990440175073321,1.014921047433196,1.0154045591037477,1.0015895796965886,0.9932635553376539,in_sample
2020-09-17 00:00:00+00:00,1.0153903094104286,1.0025850251033013,1.0150601294752852,1.0155736778083124,1.0017003833094529,0.9934100653688934,in_sample
2020-09-18 00:00:00+00:00,1.0207061576252592,1.0081493956453125,1.0185143072359806,1.0197739562854817,1.004465266948386,0.9970660664143896,in_sample
2020-09-19 00:00:00+00:00,1.0159542573044105,1.0041790358057596,1.0154322047350095,1.0160233835260708,1.001989928105575,0.9937899267684103,in_sample
2020-09-20 00:00:00+00:00,0.9993097418721711,0.9899286603935339,1.0046188290614664,1.002873321656284,0.9933342836079477,0.9823435145572035,in_sample
2020-09-21 00:00:00+00:00,0.961292837981006,0.957689185570852,0.9797765581254441,0.9727328674020663,0.9733248194406944,0.9559594225432888,in_sample
2020-09-22 00:00:00+00:00,0.9701581946833289,0.9665283754038505,0.9856498408719271,0.9798198471119399,0.9779338879837739,0.9619952047952154,in_sample
2020-09-23 00:00:00+00:00,0.9535586973141189,0.9519563245727615,0.974687876297885,0.9665756478872999,0.9700622295203029,0.951670719962187,in_sample
2020-09-24 00:00:00+00:00,0.9958004737913783,0.998339616247097,1.0027534331315293,1.0004021961001406,0.9898803523449841,0.9775939052904654,in_sample
2020-09-25 00:00:00+00:00,1.013474072680422,1.0135558544730348,1.0143214837383914,1.0144288600850224,0.9989339717188845,0.9895155657884945,in_sample
2020-09-26 00:00:00+00:00,1.0232638587062752,1.0194242829729587,1.020690165346225,1.022170077132055,1.0030667912178672,0.9949740369729324,in_sample
2020-09-27 00:00:00+00:00,1.0317653944120684,1.026896855198418,1.0262022646717488,1.0288791112819597,1.0066797104624903,0.9997523972011882,in_sample
2020-09-28 00:00:00+00:00,1.020015472115144,1.0121341041913605,1.018605995201498,1.0196226395646364,1.0014478746637707,0.9928246189122627,in_sample
2020-09-29 00:00:00+00:00,1.0273646514000383,1.0175670478417613,1.0233763608328377,1.0254262552262614,1.0047161818220056,0.9971448381880482,in_sample
2020-09-30 00:00:00+00:00,1.0274309812697997,1.0182431764390294,1.0234193078754628,1.0254785569557345,1.004744582526708,0.9971824204314814,in_sample
2020-10-01 00:00:00+00:00,1.0178258485401712,1.0087977313656553,1.0172003491277533,1.0179049216594427,1.0005146481774012,0.9915849564974458,in_sample
2020-10-02 00:00:00+00:00,0.9984460163229891,0.9889591520621487,1.0046111995383036,1.0025936647953664,0.991908547948164,0.9802125699135794,in_sample
2020-10-03 00:00:00+00:00,0.9960723084291694,0.9875153397898917,1.0030587622786762,1.0007106456621995,0.9908408406140836,0.9788057464693288,in_sample
2020-10-04 00:00:00+00:00,0.9994097271361987,0.9900930565885852,1.0052433000697052,1.003359483920934,0.9923317752397625,0.980769513429547,in_sample
2020-10-05 00:00:00+00:00,0.996028402265596,0.9885862365466137,1.00303260994782,1.000677680267073,0.9908195316184508,0.9787766820295819,in_sample
2020-10-06 00:00:00+00:00,0.9575400645537644,0.9501790139242781,0.9778392645262481,0.9701299648356132,0.9736085363384059,0.956107608174309,in_sample
2020-10-07 00:00:00+00:00,0.9731997342438804,0.9628375733516936,0.9882338331699823,0.9826637617396441,0.9810662715614923,0.9658725148699147,in_sample
2020-10-08 00:00:00+00:00,0.9866166135133287,0.978263869094178,0.9970895272438742,0.993366171189574,0.9867610885206272,0.9733480101040116,in_sample
2020-10-09 00:00:00+00:00,1.0045681506614783,0.9974100037885786,1.008881887252892,1.0076449042748155,0.9941384923487294,0.9830508401261975,in_sample
2020-10-10 00:00:00+00:00,1.0076539110169527,0.9967619193217649,1.0108962443911749,1.0100901212068953,0.9953679421778764,0.9846718237842262,in_sample
2020-10-11 00:00:00+00:00,1.0175525524240756,1.0050636500305843,1.0173510643981838,1.0179289541966914,0.9992324050664813,0.9897690714909628,in_sample
2020-10-12 00:00:00+00:00,1.0341177589245931,1.0222580645932842,1.028116316547898,1.0310203081501295,1.0057410960913937,0.99836513788444,in_sample
2020-10-13 00:00:00+00:00,1.026269106436535,1.014531839263043,1.0230442994100422,1.0248384445961947,1.0022717160081547,0.9937732230087496,in_sample
2020-10-14 00:00:00+00:00,1.0138619062364582,1.0012976164203788,1.015004960622713,1.0150504203993025,0.9968251511589826,0.9865727134489332,in_sample
2020-10-15 00:00:00+00:00,1.0084110934923576,0.9959087946887637,1.0114579378364477,1.0107392303946547,0.9942783044088421,0.9832118438506179,in_sample
2020-10-16 00:00:00+00:00,0.9745052762315102,0.9645485985732696,0.9893525679643694,0.9838917943702231,0.9761105446108334,0.9592577771599967,in_sample
2020-10-17 00:00:00+00:00,0.9812628655131579,0.9715957683435629,0.9938119228871927,0.9892817107481233,0.9798599746818139,0.9641707042532965,in_sample
2020-10-18 00:00:00+00:00,0.993948118237259,0.9816220500656582,1.0021627851274004,0.9993849545130759,0.9862247584358105,0.9725212008454293,in_sample
2020-10-19 00:00:00+00:00,0.9807013133825759,0.9680484627433125,0.9934811995472709,0.9888627358910522,0.9795931368590253,0.9638019002678252,in_sample
2020-10-20 00:00:00+00:00,0.9456396179297064,0.9355093034751024,0.9703941111464744,0.9609334868345532,0.9621698359310136,0.9409453218081874,in_sample
2020-10-21 00:00:00+00:00,0.9648739401559645,0.952461775110485,0.9832236999593105,0.9763743526135815,0.9718041827887732,0.9535077520790893,in_sample
2020-10-22 00:00:00+00:00,0.9863785493187716,0.9740309781775413,0.9974675263595557,0.9935654828750728,0.9814811616514716,0.9661674689585531,in_sample
2020-10-23 00:00:00+00:00,0.9854115472867032,0.9725925906169456,0.9968319087950561,0.9927959851250849,0.9810606290098443,0.9656155073263442,in_sample
2020-10-24 00:00:00+00:00,0.9845361796390332,0.9707513608424012,0.9962563255642806,0.9920992624451839,0.9806939997242812,0.9651343642136608,in_sample
2020-10-25 00:00:00+00:00,0.9831889734155449,0.9698335011839269,0.9953702171740199,0.9910267937646243,0.9801290412999711,0.9643930377791061,in_sample
2020-10-26 00:00:00+00:00,0.9670573592819462,0.9551767020842834,0.984612916763922,0.9780964929399242,0.9733563052319465,0.9555077050178126,in_sample
2020-10-27 00:00:00+00:00,0.9682511523125414,0.9562458437374761,0.9855852884865174,0.9791590228855125,0.9738203752160255,0.9561151186895537,in_sample
2020-10-28 00:00:00+00:00,0.939274265532473,0.928637560100157,0.9619887716130884,0.9533720951150654,0.96019780168986,0.938281920924942,in_sample
2020-10-29 00:00:00+00:00,0.926569022484493,0.9150122053938053,0.951578776065436,0.9420236682788162,0.9539565450307635,0.9301501821286559,in_sample
2020-10-30 00:00:00+00:00,0.917883161934198,0.9068506117672789,0.9444425301077524,0.9342526207940749,0.9498933424590095,0.9248677771360598,in_sample
2020-10-31 00:00:00+00:00,0.9213161985123555,0.9105305497511527,0.9471338454938031,0.937247691956606,0.9515523347463126,0.927021490527463,in_sample
2020-11-01 00:00:00+00:00,0.9256917803032854,0.9152648981123842,0.9500576734363652,0.9407641753458041,0.9536634907530086,0.9297637982515184,in_sample
2020-11-02 00:00:00+00:00,0.9055177385633392,0.8957515372613902,0.9365993849232727,0.9245671832645126,0.943783056916582,0.9169200369301111,in_sample
2020-11-03 00:00:00+00:00,0.8903765460771751,0.8801918820409188,0.9264197935937537,0.9123540053413246,0.9360077286516518,0.9068480128174008,in_sample
2020-11-04 00:00:00+00:00,0.8859205004035949,0.8746775739294999,0.9234061138136902,0.9087468371184112,0.9337580558060883,0.9039418952900345,in_sample
2020-11-05 00:00:00+00:00,0.9176700916403531,0.9049309241100524,0.9449165634756392,0.9344752733340979,0.9496885145501318,0.9245042654249108,in_sample
2020-11-06 00:00:00+00:00,0.9734421390021978,0.9604810699450577,0.9822447445695869,0.9793420547028397,0.9771333195399928,0.9601269478632689,in_sample
2020-11-07 00:00:00+00:00,0.9534837847892322,0.9435263006331162,0.9691545032107888,0.9634793923793,0.9681623205307004,0.9483737950766647,in_sample
2020-11-08 00:00:00+00:00,0.9863814222589277,0.9732674095890489,0.9908894095666103,0.9897409765298352,0.9797263300086335,0.9634773279207279,in_sample
2020-11-09 00:00:00+00:00,0.9846419796436641,0.9711306520996345,0.9897536045954024,0.988362136560731,0.9791177694419976,0.962679371334062,in_sample
2020-11-10 00:00:00+00:00,1.0086398796101046,0.995247037182314,1.0054332176076521,1.007392105602864,0.9868737561541356,0.9728470667092862,in_sample
2020-11-11 00:00:00+00:00,0.9881329219912562,0.9744771569211064,0.9921460722951734,0.9912116504871241,0.9798835377978993,0.9636592472526575,in_sample
2020-11-12 00:00:00+00:00,0.9764186323205255,0.9628177455231237,0.9845008597451962,0.9819285280337459,0.9758708157676856,0.958397538023062,in_sample
2020-11-13 00:00:00+00:00,1.012134167853701,0.9960308239900881,1.0079081189663963,1.0103030188902327,0.9881748369515745,0.9745091563778558,in_sample
2020-11-14 00:00:00+00:00,1.0063092294893385,0.9872823055445087,1.0041377179102398,1.0057096429614196,0.9862092213889024,0.9719245795167383,in_sample
2020-11-15 00:00:00+00:00,1.0093647113838187,0.9915053854872653,1.0061194954219372,1.0081220354317924,0.9871736186038278,0.9731918175257055,in_sample
2020-11-16 00:00:00+00:00,1.030302234647779,1.0137912287319897,1.0196851298925007,1.0246423148531452,0.993754982618973,0.981842682968883,in_sample
2020-11-17 00:00:00+00:00,1.048640698466509,1.0295500708501768,1.0314784987809256,1.0390478250759527,0.9995255463235001,0.9894445376835651,in_sample
2020-11-18 00:00:00+00:00,1.022540632788074,1.0059087421024542,1.0146654523091023,1.0185414475911319,0.9915027504159267,0.9788553648279746,in_sample
2020-11-19 00:00:00+00:00,1.0226279781763161,1.0041502934661874,1.014699191492961,1.0185965699423107,0.9915229966365466,0.9788820154471658,in_sample
2020-11-20 00:00:00+00:00,1.037232542050534,1.0173398691153321,1.0241617934903409,1.030114734080176,0.9961730075636064,0.9850029856900109,in_sample
2020-11-21 00:00:00+00:00,1.1000416519207634,1.083370147355709,1.0649857428550937,1.0797027150207112,1.016169457504013,1.01136596045437,in_sample
2020-11-22 00:00:00+00:00,1.076122069371548,1.061085635190095,1.0493665648782704,1.06081077292703,1.0088317563994769,1.001628606682235,in_sample
2020-11-23 00:00:00+00:00,1.1214038172825556,1.1035781854189792,1.08420131521858,1.099794551926355,1.0213269828661111,1.0181699525793573,in_sample
2020-11-24 00:00:00+00:00,1.1568362552213258,1.1412338164337046,1.1095003545191897,1.1290921538215066,1.0308241393245785,1.030793685563572,in_sample
2020-11-25 00:00:00+00:00,1.1315407576942234,1.1143669580023596,1.0891468057321303,1.1067888432166118,1.0242512316434,1.0220300675675993,in_sample
2020-11-26 00:00:00+00:00,1.0780466044179657,1.062933346753822,1.0454911740721253,1.0592415852919488,1.010142030241082,1.0032585948181525,in_sample
2020-11-27 00:00:00+00:00,1.0759744367287356,1.061709283461239,1.043711301424795,1.0573452076129932,1.0095858458651026,1.0025220690111538,in_sample
2020-11-28 00:00:00+00:00,1.0891752877097043,1.0735838383592682,1.0529295258854083,1.0681373099104867,1.0130721282486004,1.0071379221917112,in_sample
2020-11-29 00:00:00+00:00,1.0962578250910722,1.0800243847740736,1.057698293291689,1.0738181902358965,1.0149630641042537,1.0096444014515875,in_sample
2020-11-30 00:00:00+00:00,1.1110451063019027,1.0903757551695943,1.0687609867867078,1.086350805552004,1.0190228184759742,1.0150290417636545,in_sample
2020-12-01 00:00:00+00:00,1.0965436043692514,1.074763100230842,1.0579301258930576,1.0740736600035696,1.0150673151905605,1.0097757073774285,in_sample
2020-12-02 00:00:00+00:00,1.130806809636524,1.1036961352619206,1.084427832852574,1.1036393287816628,1.0245946690631356,1.0224126236385713,in_sample
2020-12-03 00:00:00+00:00,1.1433411752182898,1.1153293733412912,1.0933823054236764,1.1140004853152656,1.0280473971948958,1.027006456932839,in_sample
2020-12-04 00:00:00+00:00,1.1061052204182775,1.0816164476976895,1.0648733417846274,1.0820603880039468,1.0179547654141616,1.0135632401647643,in_sample
2020-12-05 00:00:00+00:00,1.1330022370149737,1.1053642688658125,1.0862211552138112,1.1056007367875258,1.0256534092498406,1.0237838153233476,in_sample
2020-12-06 00:00:00+00:00,1.1154909132084765,1.0850259849693962,1.0735904143925854,1.0910519571458517,1.0209624034180276,1.0175405421020876,in_sample
2020-12-07 00:00:00+00:00,1.1049598188441576,1.0732665778809702,1.0654180343582118,1.0819486280099904,1.018146262034913,1.0137982717109129,in_sample
2020-12-08 00:00:00+00:00,1.0558874944484067,1.0240817349363858,1.0278579979350528,1.0398427962468144,1.0050329795033894,0.9963885619764846,in_sample
2020-12-09 00:00:00+00:00,1.0721720535934334,1.0376407261336498,1.040024297679687,1.053642534441091,1.0095193714339952,1.0023189671742763,in_sample
2020-12-10 00:00:00+00:00,1.061987829834361,1.0285358601985717,1.0331541057252787,1.045463156580527,1.0068689140928218,0.9988102299277314,in_sample
2020-12-11 00:00:00+00:00,1.0539384675802257,1.0235112507087205,1.0276542616826465,1.03895428966244,1.004771801946458,0.9960364599618817,in_sample
2020-12-12 00:00:00+00:00,1.081133433951471,1.048484143329715,1.046181218229094,1.0609160271673426,1.0118609721877752,1.0054065106441028,in_sample
2020-12-13 00:00:00+00:00,1.0950280333933142,1.0607835117453157,1.05503509511729,1.0717570811806663,1.0159421922734968,1.010813426361235,in_sample
2020-12-14 00:00:00+00:00,1.109883783122766,1.0724684915991154,1.0652312616284296,1.083787762075401,1.0202031311649153,1.0164659976369192,in_sample
2020-12-15 00:00:00+00:00,1.133764600364802,1.0953736815709207,1.0819130017462175,1.103298894164214,1.0275164295519021,1.0261813427662196,in_sample
2020-12-16 00:00:00+00:00,1.152328878946673,1.112236968791819,1.0926770513487585,1.1171111590846456,1.033377792284559,1.033986338587793,in_sample
2020-12-17 00:00:00+00:00,1.1469872196094988,1.1069738504214377,1.0895688249794109,1.1131331575783492,1.0316657578370958,1.0317022817235488,in_sample
2020-12-18 00:00:00+00:00,1.1609641434070168,1.1197758686046557,1.097621797126833,1.1234951932311066,1.0366383613664645,1.0383326544883504,in_sample
2020-12-19 00:00:00+00:00,1.1777921523665449,1.135760951074903,1.109648559820313,1.1373953101919785,1.0425683569853164,1.0462522380467674,in_sample
2020-12-20 00:00:00+00:00,1.1803269431397327,1.1446811365391805,1.1109924514382106,1.139200947769776,1.0434511128942934,1.0474334048441012,in_sample
2020-12-21 00:00:00+00:00,1.1734896447931868,1.1414652676834225,1.1059729475034588,1.1334731503471596,1.041080254389434,1.0442601957811355,in_sample
2020-12-22 00:00:00+00:00,1.1696439212211895,1.1351955310150508,1.1032352302703565,1.130303842621337,1.0397298597130122,1.0424541699046657,in_sample
2020-12-23 00:00:00+00:00,1.0964080229224857,1.0687239863138247,1.0550850517993242,1.0723958315368716,1.0137102655013213,1.0076704752339602,in_sample
2020-12-24 00:00:00+00:00,1.156106590594661,1.1284149478859353,1.0950012359499206,1.120094933890727,1.0369374357599181,1.0384555157455053,in_sample
2020-12-25 00:00:00+00:00,1.1545298721873978,1.1280019222334823,1.0940305377442503,1.1188881258779821,1.03643606162413,1.037786038213167,in_sample
2020-12-26 00:00:00+00:00,1.149028066360439,1.1210774607189185,1.0904898774882532,1.1145826777394536,1.0349000346071682,1.0357353345868405,in_sample
2020-12-27 00:00:00+00:00,1.1556423934057432,1.1277007249843987,1.093651742010489,1.1190881280552354,1.036780158698398,1.038244190050591,in_sample
2020-12-28 00:00:00+00:00,1.1917926389777052,1.1588073986546612,1.1108446212815606,1.143646490114969,1.047142583025531,1.0520802661138668,in_sample
2020-12-29 00:00:00+00:00,1.1985384784696225,1.1664141409270512,1.1140426570875477,1.1482113002041794,1.0490204051821743,1.0545958352016571,in_sample
2020-12-30 00:00:00+00:00,1.1903828995464965,1.1578990677750676,1.1099692187443841,1.1425670267158317,1.0465363992741463,1.0512662243605566,in_sample
2020-12-31 00:00:00+00:00,1.2036814102331357,1.1743673685959353,1.116213759201608,1.1515295174569773,1.0506194100923918,1.0567348430279973,in_sample
2021-01-01 00:00:00+00:00,1.2418686403075299,1.2242878559468768,1.1338769208372246,1.1770757970084338,1.0623065276437553,1.0724083707424767,in_sample
2021-01-02 00:00:00+00:00,1.2972980667645466,1.3073893461343966,1.1667613234821521,1.2185731320821538,1.0790855757891005,1.0949931786937444,in_sample
2021-01-03 00:00:00+00:00,1.3340706459785525,1.3376482122103794,1.1886160818079616,1.2460847155408714,1.089744542894857,1.109414643848553,in_sample
2021-01-04 00:00:00+00:00,1.3606540229991038,1.3646681908021026,1.2040386773714111,1.2657177246190539,1.0968496627965925,1.1190591354457557,in_sample
2021-01-05 00:00:00+00:00,1.3780080468883344,1.3819122970966542,1.2171409111404383,1.2804390519459798,1.1013584644102767,1.1251925990756955,in_sample
2021-01-06 00:00:00+00:00,1.4093509425836173,1.4066623247335506,1.2409430736483125,1.3071125295205122,1.1094454727973864,1.1362086212941727,in_sample
2021-01-07 00:00:00+00:00,1.417902284208644,1.4190464249160157,1.2476202851808678,1.314504882427718,1.1116217005194529,1.139180254433236,in_sample
2021-01-08 00:00:00+00:00,1.4849856472995113,1.5006066261337538,1.3013487979040337,1.3733467955955676,1.1286669267748446,1.1624706540040197,in_sample
2021-01-09 00:00:00+00:00,1.5363370294184926,1.5535120218395286,1.3425640894877575,1.418440475642297,1.141288657391061,1.1798036582128248,in_sample
2021-01-10 00:00:00+00:00,1.5367294603841772,1.5480225300628674,1.342859409536395,1.4187726083852725,1.141373295599622,1.1799203175317312,in_sample
2021-01-11 00:00:00+00:00,1.4673898953024127,1.4852368387871107,1.2865864326529082,1.3574932521474445,1.125807680331595,1.1584652443254044,in_sample
2021-01-12 00:00:00+00:00,1.493598857139593,1.5184978568581915,1.3077436639389846,1.3805856477614327,1.1318981478260208,1.166821431665096,in_sample
2021-01-13 00:00:00+00:00,1.5714484361640753,1.5848202179213504,1.3696095434899807,1.44855638713972,1.1479222979287826,1.1888461716119212,in_sample
2021-01-14 00:00:00+00:00,1.5991195547423933,1.614936532662869,1.3914851369579058,1.4726411743433006,1.1548708827909036,1.1984412444100927,in_sample
2021-01-15 00:00:00+00:00,1.5891192731149038,1.6076963495230647,1.3835284807589594,1.4639050117466499,1.152358671931669,1.1949652574367429,in_sample
2021-01-16 00:00:00+00:00,1.6411412997848196,1.6672887591239431,1.424904095238408,1.509341803754587,1.1656583586096998,1.21335381868611,in_sample
2021-01-17 00:00:00+00:00,1.6748621088575797,1.6975720800369707,1.4518469360430974,1.538870544943087,1.1740716242249287,1.2250305023804464,in_sample
2021-01-18 00:00:00+00:00,1.6824989362463931,1.6980623286017047,1.4579397265198055,1.5455520401084941,1.1759383903157565,1.2276275562056571,in_sample
2021-01-19 00:00:00+00:00,1.691714957971092,1.7063779632348537,1.4652831411897025,1.553609216317586,1.1782094166122778,1.230788690593237,in_sample
2021-01-20 00:00:00+00:00,1.7212407026605452,1.7349003067760347,1.4887629609582247,1.5793924609535102,1.1854412326505381,1.2408614187708071,in_sample
2021-01-21 00:00:00+00:00,1.5981336172192997,1.6112325502113483,1.3911613349666079,1.4720818350239242,1.1548450372730057,1.198159300932635,in_sample
2021-01-22 00:00:00+00:00,1.6635739885733325,1.6712051003940156,1.4433127147517768,1.5293042962111827,1.1718518987248596,1.2216856080076557,in_sample
2021-01-23 00:00:00+00:00,1.7194796443497815,1.7183904225040452,1.486810722991871,1.5775154187395377,1.1824078972424021,1.2363588063086406,in_sample
2021-01-24 00:00:00+00:00,1.7427169677255252,1.7396045303495822,1.5049428122165285,1.5975858927979116,1.186719320166017,1.2423696656877816,in_sample
2021-01-25 00:00:00+00:00,1.7543898633565016,1.7504934455923735,1.5141756658683039,1.6077469424257727,1.1888519679949445,1.2453465414327933,in_sample
2021-01-26 00:00:00+00:00,1.7559121076632542,1.7526348423427605,1.515369945388187,1.6090657939880597,1.1891288533371538,1.2457332654461848,in_sample
2021-01-27 00:00:00+00:00,1.708336813773438,1.702653178134226,1.47802117109435,1.5678323213215746,1.1804797378180083,1.2336521626695327,in_sample
2021-01-28 00:00:00+00:00,2.0964547929959,2.2584285308806975,1.783018632890273,1.904429275593926,1.2524435904746831,1.33392592947786,in_sample
2021-01-29 00:00:00+00:00,2.1417632006113716,2.318830893948841,1.8174635801423606,1.942966861867698,1.2592707367551639,1.3436210114409741,in_sample
2021-01-30 00:00:00+00:00,2.1163031586072742,2.2669169339638495,1.7978908769084543,1.9211735484279606,1.2572111997365016,1.3406910222746566,in_sample
2021-01-31 00:00:00+00:00,2.149102779454345,2.328959838415059,1.8232836657683693,1.9493641011097718,1.2598962079751104,1.344508748833239,in_sample
2021-02-01 00:00:00+00:00,2.171549963367884,2.3266935134834204,1.8407534722976355,1.9687151820289273,1.2616959901422835,1.347069618905383,in_sample
2021-02-02 00:00:00+00:00,2.1803804363768777,2.3344678418878457,1.847577612668755,1.9762965613642194,1.2624242227548694,1.3481062976146498,in_sample
2021-02-03 00:00:00+00:00,2.24986958090676,2.427241125699147,1.9012592262680366,2.035943478089814,1.2681301759129828,1.3562305939726111,in_sample
2021-02-04 00:00:00+00:00,2.3179954839187045,2.5324110448779753,1.9537339488412993,2.0943179753533085,1.2736182092355657,1.3640563296730432,in_sample
2021-02-05 00:00:00+00:00,2.4236147057190753,2.630889145083006,2.035390649648862,2.185008390132716,1.2818983417407441,1.3758804562151195,in_sample
2021-02-06 00:00:00+00:00,2.4618067369698453,2.68551652893245,2.0647426688600663,2.2176869698964854,1.284793821928221,1.3800241385146044,in_sample
2021-02-07 00:00:00+00:00,2.621787591559905,2.895651458482575,2.1872701529471734,2.354295819511911,1.2967148049361041,1.3970969108405809,in_sample
2021-02-08 00:00:00+00:00,2.77907313717946,3.0660533973693784,2.3067334181276626,2.487942596660716,1.307817153834852,1.4130459921039604,in_sample
2021-02-09 00:00:00+00:00,2.8401036193450486,3.0928888688736698,2.35266611863117,2.5395220244381336,1.311862823380265,1.418874245306645,in_sample
2021-02-10 00:00:00+00:00,3.069678356443147,3.381370156468482,2.5255726048400153,2.733616674760163,1.3267007060716747,1.440271898811783,in_sample
2021-02-11 00:00:00+00:00,3.1060163019817835,3.386844279944928,2.552709865779519,2.7641841892693773,1.32888645577963,1.4434357109841365,in_sample
2021-02-12 00:00:00+00:00,3.1762139040137862,3.4564921821533936,2.605076981905642,2.8231962171616454,1.33339851342937,1.4499703702479914,in_sample
2021-02-13 00:00:00+00:00,3.186392095481919,3.4441873955223707,2.6126537435945805,2.8317416866852514,1.3340377910234735,1.450897258506806,in_sample
2021-02-14 00:00:00+00:00,3.1010883092032837,3.362081873533384,2.5491831301262224,2.760142128574739,1.3286972156582593,1.44315272412317,in_sample
2021-02-15 00:00:00+00:00,3.0466760464722293,3.307590736307975,2.5086101692988287,2.714411786504857,1.3252229878770059,1.4381213884382058,in_sample
2021-02-16 00:00:00+00:00,2.9976169545660922,3.232989666311488,2.4719816176037837,2.67314817030714,1.3221243508810419,1.4336379003211952,in_sample
2021-02-17 00:00:00+00:00,3.062183943163044,3.2789938761069584,2.5202180294479164,2.727476511320723,1.3262036859960362,1.4395357716019306,in_sample
2021-02-18 00:00:00+00:00,3.1780318499879225,3.4180169852648015,2.6065175646833665,2.8247886393496464,1.3332946956895535,1.4497984104593775,in_sample
2021-02-19 00:00:00+00:00,3.3493493107479244,3.570753634419967,2.7335827396087025,2.968322147617568,1.3534530145062014,1.479024755965132,in_sample
2021-02-20 00:00:00+00:00,3.241058687455571,3.4622016793583663,2.653786695081162,2.877944626748433,1.3413054837021494,1.4613253371792774,in_sample
2021-02-21 00:00:00+00:00,3.3045326478556265,3.5341034475537008,2.7006254459931665,2.9309667262160506,1.3485959865678667,1.4719158120938562,in_sample
2021-02-22 00:00:00+00:00,3.2494062737076335,3.5059172180349996,2.660083771078998,2.885009185417722,1.3428604762770817,1.463569167760027,in_sample
2021-02-23 00:00:00+00:00,3.129077692871863,3.3936700090286793,2.571572653276228,2.7846781945401613,1.3301339537954875,1.4450751680770966,in_sample
2021-02-24 00:00:00+00:00,3.2324064413278695,3.518876145729176,2.647760676558695,2.870961597340416,1.3410036967192223,1.4608205452376946,in_sample
2021-02-25 00:00:00+00:00,3.1648390539081634,3.4348345628135637,2.5981538445621055,2.814683619561296,1.3345365791126176,1.451427284263287,in_sample
2021-02-26 00:00:00+00:00,3.189808404460892,3.459731726554625,2.61652650644592,2.8355086258081466,1.336958319279867,1.4549390948389898,in_sample
2021-02-27 00:00:00+00:00,3.1868016192152195,3.4437551852548554,2.6143149277284863,2.8330014981023446,1.3366707641968,1.4545218540756435,in_sample
2021-02-28 00:00:00+00:00,3.1266043126027525,3.384179137163429,2.5700696569952375,2.782828004358187,1.330898863369807,1.4461474599044022,in_sample
2021-03-01 00:00:00+00:00,3.315563007697032,3.575185054305488,2.7090722444566118,2.940406721961534,1.3503909410262092,1.4743874405339277,in_sample
2021-03-02 00:00:00+00:00,3.2981941092098315,3.556589267903862,2.6964471836626296,2.926023391755607,1.3485640768248985,1.4717279582046336,in_sample
2021-03-03 00:00:00+00:00,3.413275249751981,3.6574036537308605,2.7804942537839215,3.0215832264003812,1.3597360660168771,1.4879843889026907,in_sample
2021-03-04 00:00:00+00:00,3.423473798863627,3.6609578274026946,2.7879079323671263,3.030028409203983,1.3608563219464185,1.4896189446829324,in_sample
2021-03-05 00:00:00+00:00,3.3767286870726014,3.5894500486051006,2.7539537209396343,2.991337439166288,1.3558260455131472,1.4822772976614693,in_sample
2021-03-06 00:00:00+00:00,3.3535069069675947,3.5618019240378063,2.7370826056553885,2.972113644958473,1.3532747379448609,1.4785582902953567,in_sample
2021-03-07 00:00:00+00:00,3.4631562100309012,3.681815885429055,2.816652759601499,3.0628268808916483,1.365242424129923,1.4959924654641026,in_sample
2021-03-08 00:00:00+00:00,3.5510445579082357,3.7892556606802064,2.8801065658592964,3.135318163246562,1.3748686740614984,1.510056680594236,in_sample
2021-03-09 00:00:00+00:00,3.6942476886997473,3.9392660688021577,2.983186304816411,3.2532217046493845,1.3901714478604477,1.532466632655051,in_sample
2021-03-10 00:00:00+00:00,3.645279058450491,3.881272214107898,2.9480916735142944,3.2130098182073894,1.3850303477159498,1.524910188746681,in_sample
2021-03-11 00:00:00+00:00,3.7445343930450865,3.990615255428348,3.019333069835594,3.2945898687839223,1.3952569625816824,1.5399227784042397,in_sample
2021-03-12 00:00:00+00:00,3.7166638573885273,3.9633970597827304,2.999388398811172,3.2717234743336734,1.3923818424123808,1.535691812918461,in_sample
2021-03-13 00:00:00+00:00,3.78378211446045,4.040419977896387,3.0474599852619213,3.326818554118531,1.3997088822246786,1.546466706902215,in_sample
2021-03-14 00:00:00+00:00,3.6588245938626316,3.8928927170780883,2.958141231903642,3.22436801814425,1.385503267270414,1.5255399643423135,in_sample
2021-03-15 00:00:00+00:00,3.6587797898354637,3.892276215193236,2.958109083254509,3.2243311994054857,1.3854821480498087,1.525508959276443,in_sample
2021-03-16 00:00:00+00:00,3.6747517845850695,3.9060072684449336,2.969569632562235,3.2374565639203507,1.3872393817145114,1.5280887357610595,in_sample
2021-03-17 00:00:00+00:00,3.7005862589602816,3.9294164082519223,2.9880978438889,3.258680425824529,1.3903403995022507,1.5326432300209543,in_sample
2021-03-18 00:00:00+00:00,3.6861723389754277,3.9130549653875035,2.977768452087008,3.246844501291952,1.388543887665874,1.530002714355715,in_sample
2021-03-19 00:00:00+00:00,3.742204068862646,3.9824337191181334,3.0179399181037323,3.2928668443299864,1.395747778145692,1.5405864364701294,in_sample
2021-03-20 00:00:00+00:00,3.733924215123603,3.9722676387492784,3.0120137475017086,3.2860729590647098,1.3946998579278231,1.5390442173582146,in_sample
2021-03-21 00:00:00+00:00,3.722493990119983,3.9556127667098107,3.003830709050154,3.276692689424855,1.3932351118221398,1.5368890974963691,in_sample
2021-03-22 00:00:00+00:00,3.6254880692094575,3.8525345168265224,2.934358988906172,3.1970678095154867,1.3804126811348074,1.5180297259903968,in_sample
2021-03-23 00:00:00+00:00,3.6105191169973723,3.835175329902079,2.923606561290196,3.184758729075139,1.3780208382405092,1.514522669815033,in_sample
2021-03-24 00:00:00+00:00,3.550241004262703,3.7736103832608303,2.8798570516592226,3.1348962654203656,1.3690216648572924,1.50133520392651,in_sample
2021-03-25 00:00:00+00:00,3.5561987245510545,3.774514917791363,2.8833649735465783,3.1392917040777433,1.3699598479234327,1.502707013008456,in_sample
2021-03-26 00:00:00+00:00,3.7413544574353867,3.9537305741833215,2.9915700395068003,3.2753569780915144,1.3987458444859326,1.5448074380454613,in_sample
2021-03-27 00:00:00+00:00,3.7525394330666186,3.95667288342516,2.9979875101159887,3.283489466392896,1.4003955727923614,1.547236769119506,in_sample
2021-03-28 00:00:00+00:00,3.8046787373003164,4.017883502273589,3.027595906408554,3.3211951436158555,1.4073571831385387,1.557492213804001,in_sample
2021-03-29 00:00:00+00:00,3.8445677718713025,4.045169161603141,3.055069101292694,3.3532056154231817,1.4128791333325053,1.5656402466655537,in_sample
2021-03-30 00:00:00+00:00,3.8903282195424764,4.075253165289279,3.08651417771695,3.3898786281716147,1.4192768725996885,1.5750928675331757,in_sample
2021-03-31 00:00:00+00:00,3.88297128141379,4.047660085670841,3.0814046945505056,3.3839474022480815,1.4181407718360555,1.5734117633557412,in_sample
2021-04-01 00:00:00+00:00,3.9785211128414364,4.144130494792431,3.1477320356208245,3.460959212434932,1.432982535280003,1.595367463528267,in_sample
2021-04-02 00:00:00+00:00,4.043501389901078,4.201971428904842,3.1926694562408215,3.5132154899589407,1.4434188006382642,1.6108593277889052,in_sample
2021-04-03 00:00:00+00:00,3.943740713354316,4.102106345637187,3.1234481477551275,3.4328417708962804,1.4279914415344626,1.5879033612050153,in_sample
2021-04-04 00:00:00+00:00,4.071163908557316,4.220100950009505,3.212134847861451,3.535691087375885,1.4480245075329992,1.6176052878964295,in_sample
2021-04-05 00:00:00+00:00,4.177093808905126,4.332846158920752,3.2855799104502355,3.6209958216651184,1.4651383885246678,1.643096112804928,in_sample
2021-04-06 00:00:00+00:00,4.329812350070131,4.474560388264317,3.39103312082085,3.7436818335824062,1.4880507422379268,1.6773565390930563,in_sample
2021-04-07 00:00:00+00:00,4.283964368273254,4.416923621337278,3.359603685567534,3.7070064798126228,1.4814716372820491,1.6674684311982728,in_sample
2021-04-08 00:00:00+00:00,4.4196092081105105,4.546983353698736,3.452364088595587,3.8153684631967058,1.4998287480675059,1.6950175267079393,in_sample
2021-04-09 00:00:00+00:00,4.503628635001047,4.624173924672203,3.509180621525568,3.882055801286194,1.5108291614630285,1.7115935467195293,in_sample
2021-04-10 00:00:00+00:00,4.561820523919709,4.679853928677603,3.548655281640581,3.9283214646554834,1.5181404523987898,1.7226373353031172,in_sample
2021-04-11 00:00:00+00:00,4.659208887642502,4.792495717453109,3.61459421325193,4.005663282667626,1.5302964042879912,1.7410285160289842,in_sample
2021-04-12 00:00:00+00:00,4.6924522225320455,4.826962371658149,3.6369103766790554,4.031933756394239,1.5343830841885784,1.7472277736567814,in_sample
2021-04-13 00:00:00+00:00,4.780988856413135,4.958911901186507,3.695978320494603,4.101653544828369,1.5463580460645947,1.7654092271185342,in_sample
2021-04-14 00:00:00+00:00,4.947656901488793,5.165620851455813,3.8081319653686214,4.233526215547518,1.5690666984873474,1.7999765250993887,in_sample
2021-04-15 00:00:00+00:00,5.121247369805699,5.405278507465484,3.9238108692033604,4.370100796301906,1.5941544376196815,1.8383495201624644,in_sample
2021-04-16 00:00:00+00:00,5.333923858816875,5.765426680132687,4.065672382417867,4.537491879318205,1.623871001872379,1.8840409791960857,in_sample
2021-04-17 00:00:00+00:00,5.230672487284569,5.609472645416066,3.997153687691407,4.45647594444543,1.6084170007632599,1.8601343418268608,in_sample
2021-04-18 00:00:00+00:00,5.331214016699104,5.756539518925199,4.06399279831967,4.535451908577007,1.622905851182727,1.8824761501398821,in_sample
2021-04-19 00:00:00+00:00,5.224565016376306,5.699832875296162,3.99328349455216,4.451812556188439,1.609219852449899,1.861309536203432,in_sample
2021-04-20 00:00:00+00:00,5.287212443974074,5.717616823381842,4.034369855500478,4.500647580102902,1.6173157220067653,1.8737950224155764,in_sample
2021-04-21 00:00:00+00:00,5.115215392171003,5.54918725777599,3.9236635801748014,4.367983000026843,1.5969617757661119,1.8423526988722776,in_sample
2021-04-22 00:00:00+00:00,5.055483996673432,5.487759515111129,3.8848620937423948,4.3216634324593315,1.5895468279635137,1.8309469162973748,in_sample
2021-04-23 00:00:00+00:00,5.053342558787257,5.488944878272001,3.883462970122851,4.319997330144865,1.5892976144200464,1.8305641684089966,in_sample
2021-04-24 00:00:00+00:00,4.968537181897317,5.452004597336889,3.8288930485978288,4.254575562128657,1.5802212478816164,1.8166252046690017,in_sample
2021-04-25 00:00:00+00:00,5.017026541264402,5.500581335374353,3.859094132807574,4.291319443606022,1.5857761666172547,1.8251397975030337,in_sample
2021-04-26 00:00:00+00:00,5.235799496972189,5.705712459503484,3.9937181652451015,4.455991819791637,1.6102337886995246,1.8626722734849053,in_sample
2021-04-27 00:00:00+00:00,5.320158481696208,5.776705319836262,4.045052217860141,4.519075309592421,1.6195315452750834,1.8770127777441388,in_sample
2021-04-28 00:00:00+00:00,5.377295098455969,5.882760811018722,4.081417398550531,4.562864616851559,1.6256189107745564,1.8864196648641787,in_sample
2021-04-29 00:00:00+00:00,5.348328628871589,5.8363077536568975,4.062251469563832,4.5401768478188504,1.622465672631483,1.8815408416650732,in_sample
2021-04-30 00:00:00+00:00,5.499195709599278,6.013179871879402,4.1419237493059216,4.644832507338035,1.6392831765950935,1.9075447369265988,in_sample
2021-05-01 00:00:00+00:00,5.5750120984561,6.1263065118209905,4.181610755085482,4.697150944609447,1.64751790809496,1.9203211495739863,in_sample
2021-05-02 00:00:00+00:00,5.484023371352066,6.01699014517471,4.13387065708203,4.6343109044840025,1.6378915529759965,1.9053607106110855,in_sample
2021-05-03 00:00:00+00:00,5.686286382165361,6.257850496957562,4.240499672719817,4.774402812210208,1.6596384525650758,1.9390916276382018,in_sample
2021-05-04 00:00:00+00:00,5.5618903069022965,6.169454907782231,4.175633710511268,4.688804137973874,1.6469666210390337,1.9193509085026474,in_sample
2021-05-05 00:00:00+00:00,5.909372411204466,6.548925336550136,4.357920519043523,4.9287918901486965,1.6815919385088092,1.973153362617457,in_sample
2021-05-06 00:00:00+00:00,5.985923052334255,6.581236160720964,4.396582500754829,4.980567063162848,1.6888303753879566,1.9844779856258583,in_sample
2021-05-07 00:00:00+00:00,6.073977362409392,6.7040753850837875,4.441728765606858,5.040558922516693,1.6963331535919486,1.9962329440821887,in_sample
2021-05-08 00:00:00+00:00,6.073037145112339,6.700237872693749,4.441227064048535,5.039905218200992,1.6962351699287015,1.9960792020996527,in_sample
2021-05-09 00:00:00+00:00,6.045658667942338,6.652898212600963,4.427235283655116,5.021290129386069,1.6937333576369245,1.9921537908345914,in_sample
2021-05-10 00:00:00+00:00,5.822416564291723,6.396946192668673,4.312422677502298,4.868992600626168,1.6731918918379831,1.95993954351233,in_sample
2021-05-11 00:00:00+00:00,5.972445483391443,6.5470976448835625,4.389337938049034,4.97128249959086,1.687708391172572,1.982611946853529,in_sample
2021-05-12 00:00:00+00:00,5.769506114905909,6.33250763605569,4.288017415986321,4.834862026067096,1.6698499921030332,1.9546400724609028,in_sample
2021-05-13 00:00:00+00:00,5.890219096094922,6.512031736680782,4.349484346192819,4.916908581370491,1.6812470179096024,1.9724277647316595,in_sample
2021-05-14 00:00:00+00:00,6.024898751963334,6.673508317212522,4.4141126478200094,5.005714300503126,1.6931059267771658,1.9909781548969212,in_sample
2021-05-15 00:00:00+00:00,5.911811822915096,6.565502487576949,4.359877524999573,4.93122914468499,1.6833376524230115,1.9756623808569738,in_sample
2021-05-16 00:00:00+00:00,5.943075583765217,6.6200887588720425,4.375327261101916,4.952145013667079,1.686108984426079,1.9799991747857455,in_sample
2021-05-17 00:00:00+00:00,5.7887340687039535,6.4702845259740185,4.301287480450334,4.8504217305048165,1.672803032690388,1.9591655879498193,in_sample
2021-05-18 00:00:00+00:00,5.636119076311402,6.291646707735378,4.228998384695453,4.750360017883574,1.6586778549935326,1.9371079505380016,in_sample
2021-05-19 00:00:00+00:00,6.464174663829704,7.161359299107767,4.640777543196153,5.307054756576689,1.734149021775289,2.05462789512856,in_sample
2021-05-20 00:00:00+00:00,6.971804395260137,7.698439883975064,4.821725515854496,5.59791535715701,1.7750973229002456,2.1193155474529495,in_sample
2021-05-21 00:00:00+00:00,7.4463468498077106,8.17136996735779,5.091119438714945,5.937982504040162,1.797790681727449,2.1554408066643465,in_sample
2021-05-22 00:00:00+00:00,7.814431405726866,8.58297851707076,5.283514417736759,6.190030921934105,1.8134671787723509,2.180501018459909,in_sample
2021-05-23 00:00:00+00:00,8.297601737768169,9.099005851794288,5.594358943734096,6.561630563924409,1.832544236435477,2.2110851901509014,in_sample
2021-05-24 00:00:00+00:00,7.261012960993116,8.04084077359577,4.917912199732254,5.757699306759757,1.7935310620447544,2.148322574547224,in_sample
2021-05-25 00:00:00+00:00,7.260720402576493,8.091800093904462,4.917572339953308,5.7573677750825345,1.7934706808101442,2.148226140295531,in_sample
2021-05-26 00:00:00+00:00,6.833821905039053,7.6495854665399365,4.641993465497618,5.428380177203898,1.778807878829075,2.124808592154381,in_sample
2021-05-27 00:00:00+00:00,6.974559544213143,7.886763808362625,4.7329626109773,5.536925588375689,1.7839860511922765,2.1330557823165393,in_sample
2021-05-28 00:00:00+00:00,7.277526068039196,8.202785988540764,4.922119839098388,5.765905569396868,1.7945374496330189,2.149877080846693,in_sample
2021-05-29 00:00:00+00:00,7.460009362557925,8.374478198778004,5.0388733499516345,5.905798339623895,1.800657343191728,2.1596526872956088,in_sample
2021-05-30 00:00:00+00:00,7.257145646034583,8.166521809652158,4.906946995903226,5.748784260922261,1.7940489730877711,2.149084854529709,in_sample
2021-05-31 00:00:00+00:00,7.040882264704341,7.9639369642122375,4.764645013708564,5.5802294015868075,1.7868276538297423,2.1375509978141976,in_sample
2021-06-01 00:00:00+00:00,7.068914169797621,7.9454711348975975,4.782983796149684,5.6020027868821485,1.7877922184895185,2.139089520492675,in_sample
2021-06-02 00:00:00+00:00,6.881889108052503,7.707824841380204,4.663208086450635,5.45854565081226,1.7814324309876857,2.128943557848892,in_sample
2021-06-03 00:00:00+00:00,6.6858332399015845,7.4897612411685035,4.536730950344814,5.307513835099989,1.7745036400459862,2.1179030007612942,in_sample
2021-06-04 00:00:00+00:00,6.937486936132376,7.745890560243978,4.697333383174302,5.500156532685355,1.7835252626378226,2.1322596325748653,in_sample
2021-06-05 00:00:00+00:00,6.959126394571839,7.756415285610492,4.710738171293554,5.5164364671159225,1.7842700248633123,2.1334468142855627,in_sample
2021-06-06 00:00:00+00:00,6.9843275066551795,7.78238339399597,4.727039937098881,5.5358811016039935,1.7851345108270114,2.134825032305293,in_sample
2021-06-07 00:00:00+00:00,7.373104741018321,8.196781846402807,4.98017640082115,5.837011633642366,1.7984253840005013,2.1560176005813325,in_sample
2021-06-08 00:00:00+00:00,7.366325887104754,8.179054302206767,4.975745467009119,5.831749044075804,1.798201814566001,2.1556602363818698,in_sample
2021-06-09 00:00:00+00:00,7.166861379919562,7.98611781061083,4.84541449227811,5.676932980479366,1.7915990593726117,2.1451065104647458,in_sample
2021-06-10 00:00:00+00:00,7.387951883478351,8.216459777819395,4.989981185775623,5.848609476582311,1.8004182119532235,2.159185569443546,in_sample
2021-06-11 00:00:00+00:00,7.530840949880534,8.369618445289914,5.08280609333255,5.959134642317219,1.8062751910648243,2.168551026642575,in_sample
2021-06-12 00:00:00+00:00,7.606076234731188,8.455727016821394,5.132191952578455,6.017688332063406,1.8094495455354525,2.1736323857328257,in_sample
2021-06-13 00:00:00+00:00,7.315202846439891,8.149644001869394,4.9401635764562695,5.7905400794874895,1.7968726720580335,2.153488138314795,in_sample
2021-06-14 00:00:00+00:00,7.207143768977537,8.04345016974451,4.8687427474617495,5.706096359660629,1.7916526975796556,2.1451468660615842,in_sample
2021-06-15 00:00:00+00:00,7.194654071523427,8.04678597599698,4.86050906834279,5.696351131205365,1.7908511429523104,2.1438672636035485,in_sample
2021-06-16 00:00:00+00:00,7.262982598627462,8.109652111961099,4.905180017282177,5.749402412769838,1.7951460844447729,2.150722688746704,in_sample
2021-06-17 00:00:00+00:00,7.2695178065999695,8.112991624668194,4.909454472595679,5.754477804995684,1.7956035274224387,2.151453424441438,in_sample
2021-06-18 00:00:00+00:00,7.427606207181041,8.274834565486026,5.013994896904322,5.8780547414399145,1.8068516468632017,2.1694230966396906,in_sample
2021-06-19 00:00:00+00:00,7.519616741759192,8.36301990105306,5.0747876759936315,5.949942344511651,1.8137678256172607,2.180495112766447,in_sample
2021-06-20 00:00:00+00:00,7.4221408097501005,8.273179751926312,5.009981437680728,5.873501673409243,1.8064373919120527,2.1687450055087556,in_sample
2021-06-21 00:00:00+00:00,8.101773402477248,9.024594635009556,5.466347419352184,6.409647352301576,1.8593689393583226,2.253475336912743,in_sample
2021-06-22 00:00:00+00:00,8.194611845542171,9.090914020553425,5.528633152025843,6.482847122010638,1.8663056971384817,2.264684740450928,in_sample
2021-06-23 00:00:00+00:00,7.800753779413212,8.626859238303219,5.26291016201285,6.1712616950725945,1.843473466103117,2.2277434502892848,in_sample
2021-06-24 00:00:00+00:00,7.699055753162783,8.515149759855214,5.194297872618134,6.090807273408877,1.8371251080508866,2.2175145620295273,in_sample
2021-06-25 00:00:00+00:00,8.062945920062962,8.895001259962942,5.439802513758027,6.378684767264805,1.8588214969023982,2.252432930234893,in_sample
2021-06-26 00:00:00+00:00,7.983225040742884,8.809482577036386,5.386017477367633,6.315616707080177,1.8541409109156484,2.244870643393888,in_sample
2021-06-27 00:00:00+00:00,7.78705849802957,8.591151492806913,5.253670409342306,6.160427208073511,1.8430653112618776,2.226991176323283,in_sample
2021-06-28 00:00:00+00:00,7.708967073883922,8.536768365533572,5.200984712379685,6.098648227711955,1.8385871254780204,2.2197764707161634,in_sample
2021-06-29 00:00:00+00:00,7.465072534452291,8.304304217201539,5.036437146037867,5.905700588112821,1.8239321965862954,2.196185409309587,in_sample
2021-06-30 00:00:00+00:00,7.457556226211897,8.307420849296985,5.031341624648128,5.899737105143369,1.8234681298609507,2.1954403695008664,in_sample
2021-07-01 00:00:00+00:00,7.609965278495905,8.459650173425272,5.133639349717155,6.01993836753016,1.8327345212426929,2.2103159130769954,in_sample
2021-07-02 00:00:00+00:00,7.671107968454085,8.521129561113952,5.174647392412295,6.068138114210212,1.8364839029831566,2.2163450227882606,in_sample
2021-07-03 00:00:00+00:00,7.5673036006707965,8.417050705307629,5.104624782473844,5.9860249118986815,1.8301622645021456,2.20617273507368,in_sample
2021-07-04 00:00:00+00:00,7.479015757288496,8.322505814154848,5.04501828613436,5.916150153395063,1.8247085987742895,2.197407225502302,in_sample
2021-07-05 00:00:00+00:00,7.600369973476792,8.464648295009772,5.125996645883059,6.011524859799326,1.832544084240925,2.209988414185448,in_sample
2021-07-06 00:00:00+00:00,7.424345071839021,8.281529012326052,5.0078761626764265,5.872718340150234,1.8212757100250963,2.1918693583309174,in_sample
2021-07-07 00:00:00+00:00,7.331158425695153,8.192287391375162,4.94565648271741,5.799454900341559,1.8152292197653621,2.182166916134087,in_sample
2021-07-08 00:00:00+00:00,7.576298172478859,8.455558525983712,5.11010885116521,5.992729580485931,1.8309818456918048,2.2074161491342488,in_sample
2021-07-09 00:00:00+00:00,7.483600783065801,8.343464446735698,5.048549527749595,5.920085595317871,1.825190559185859,2.1981069147562984,in_sample
2021-07-10 00:00:00+00:00,7.56762027378825,8.458343545562473,5.104619234073205,5.986121310183906,1.8303897123972765,2.2064554820277196,in_sample
2021-07-11 00:00:00+00:00,7.495795772173798,8.377468937561376,5.056700176801061,5.9296790931724885,1.8259850856516704,2.1993760331261702,in_sample
2021-07-12 00:00:00+00:00,7.70166773000723,8.600347472000953,5.194055755729018,6.09146355246575,1.8385616432104943,2.2195737733242056,in_sample
2021-07-13 00:00:00+00:00,7.84486476135391,8.760514596937671,5.289560658025563,6.203970471093782,1.8504633392544987,2.2387312797694574,in_sample
2021-07-14 00:00:00+00:00,7.775571043852403,8.694417398517178,5.2433566012294754,6.149535764662431,1.8449063361200837,2.2297673001542737,in_sample
2021-07-15 00:00:00+00:00,7.961022661833825,8.903784938745792,5.366997665415256,6.295209222805377,1.8611926004888655,2.256012231234839,in_sample
2021-07-16 00:00:00+00:00,8.177092626454904,9.156630652611533,5.510237551119922,6.464360247507495,1.8799245521008028,2.286286376919944,in_sample
2021-07-17 00:00:00+00:00,8.263799123513923,9.25238823078262,5.567661690460287,6.5321988391208805,1.888173076142947,2.299661727986509,in_sample
2021-07-18 00:00:00+00:00,8.236063287786168,9.217498439387848,5.549184635582807,6.510422413926558,1.885617210265739,2.2955112419857313,in_sample
2021-07-19 00:00:00+00:00,8.442304570210306,9.422194444515533,5.686549847267282,6.672329935461548,1.9052881419906131,2.327440553809254,in_sample
2021-07-20 00:00:00+00:00,8.570439653704971,9.545570031315627,5.77140202827542,6.7725752178508,1.9174010116433295,2.347169492042736,in_sample
2021-07-21 00:00:00+00:00,8.147235548634459,9.10023825138017,5.491222664137418,6.441535158910568,1.8744110222014365,2.27700173817973,in_sample
2021-07-22 00:00:00+00:00,8.185283362660629,9.132877555536394,5.516430478721325,6.471310188951665,1.878236071650359,2.2831972091059094,in_sample
2021-07-23 00:00:00+00:00,8.053455312918894,8.994790069722395,5.429106944768148,6.368157318613962,1.8669828853010593,2.2649579373025563,in_sample
2021-07-24 00:00:00+00:00,8.02024749908695,8.968784005941686,5.406400179861747,6.341673316030529,1.8641123921264326,2.2603147622268547,in_sample
2021-07-25 00:00:00+00:00,8.014820084523075,8.972342358461779,5.4033032757759605,6.337777126754272,1.8636384923431828,2.259548597639769,in_sample
2021-07-26 00:00:00+00:00,7.969666089974686,8.930540839043887,5.3775356122581055,6.305360357238578,1.8597041553891276,2.2531884045131143,in_sample
2021-07-27 00:00:00+00:00,7.916848288818843,8.885017018596075,5.347373483133552,6.26742548389497,1.8550238118486977,2.2456275633518112,in_sample
2021-07-28 00:00:00+00:00,7.79264003561791,8.754510673044791,5.277373291596522,6.1788668482012765,1.8435874573893694,2.2271682906574193,in_sample
2021-07-29 00:00:00+00:00,7.924202035134202,8.891224221047596,5.335286419435207,6.26127720183332,1.8559077976954597,2.247013273618838,in_sample
2021-07-30 00:00:00+00:00,8.08726415426101,9.066227524958018,5.406648686424209,6.363063088703842,1.8717839978797148,2.2726424437697466,in_sample
2021-07-31 00:00:00+00:00,8.157560773621752,9.14994080617878,5.437196091128712,6.40675752407191,1.8785376059580428,2.2835757112726776,in_sample
2021-08-01 00:00:00+00:00,8.095651454727157,9.073686653720126,5.410374529460268,6.36834603999479,1.8727002896479032,2.2741144837713327,in_sample
2021-08-02 00:00:00+00:00,8.278154632515617,9.217384239168032,5.489653739739162,6.481761530135834,1.890138495237711,2.3023492747285266,in_sample
2021-08-03 00:00:00+00:00,8.164084371149194,9.09100626031242,5.440484079101475,6.411201453754431,1.8789907008940467,2.284243993881559,in_sample
2021-08-04 00:00:00+00:00,8.379774404709806,9.328366497327387,5.5339113137023626,6.545011619493604,1.8999860130626165,2.318275324778446,in_sample
2021-08-05 00:00:00+00:00,8.450754926300503,9.40281499863451,5.564379907501333,6.588808620432328,1.9067171815544341,2.329226073337802,in_sample
2021-08-06 00:00:00+00:00,8.553422095099357,9.508736605797052,5.6083205303846455,6.652045446354528,1.916298514276924,2.344832016516261,in_sample
2021-08-07 00:00:00+00:00,8.890776470413615,9.933086894199484,5.752098592689455,6.859311768865158,1.9490909320038028,2.398332874489477,in_sample
2021-08-08 00:00:00+00:00,8.646949485440668,9.662585608306538,5.649450592380277,6.710621969044741,1.925880352711872,2.36025242413679,in_sample
2021-08-09 00:00:00+00:00,8.869283637831002,9.917686988093132,5.746705070108537,6.848953983551064,1.9453860543014556,2.3921259026018293,in_sample
2021-08-10 00:00:00+00:00,8.998413812318391,10.05559567676309,5.800817856061363,6.927535399823905,1.9562382741542212,2.4099183444691765,in_sample
2021-08-11 00:00:00+00:00,8.953727337768921,10.019330364135556,5.7804553929152585,6.899183904623098,1.9524497892450394,2.403695558352232,in_sample
2021-08-12 00:00:00+00:00,8.970961396017936,10.057434368130487,5.7884559079035816,6.910225044331909,1.954152402041707,2.4064903807608027,in_sample
2021-08-13 00:00:00+00:00,9.336859657998458,10.425772610514105,5.9710902032192665,7.153780535598856,1.9900703396226707,2.465466450518752,in_sample
2021-08-14 00:00:00+00:00,9.31901419611648,10.40544485057649,5.9622109431164585,7.141928569239094,1.9882087551127472,2.462391400648979,in_sample
2021-08-15 00:00:00+00:00,9.542847835903725,10.714519434728986,6.075821442296185,7.292199513819372,2.008711832461304,2.4962487450015103,in_sample
2021-08-16 00:00:00+00:00,9.63248167611511,10.83745280936614,6.1204792635978995,7.351756099107916,2.0167961833763743,2.509644096523,in_sample
2021-08-17 00:00:00+00:00,9.707331220534973,10.98743304175418,6.158428099256357,7.401956809152324,2.0234760213804823,2.520727031692433,in_sample
2021-08-18 00:00:00+00:00,10.04579882591038,11.47236909823511,6.329678099039293,7.628688652454161,2.0542313213046426,2.5718112155868704,in_sample
2021-08-19 00:00:00+00:00,10.153187900834046,11.565214302518319,6.3828926805133985,7.69979010714846,2.0642737411987993,2.588574798699488,in_sample
2021-08-20 00:00:00+00:00,10.45759703518051,11.950501003632079,6.533994696477373,7.901497146013632,2.0914551311326806,2.6340216530077463,in_sample
2021-08-21 00:00:00+00:00,10.82835729580439,12.36214509984314,6.7176340587383,8.146795987148858,2.124208917524913,2.6890227102722206,in_sample
2021-08-22 00:00:00+00:00,10.659709538057925,12.146107071916017,6.63476577461246,8.035743625963006,2.1099450696082696,2.664947356435923,in_sample
2021-08-23 00:00:00+00:00,10.938538177433905,12.452689594229106,6.771145877391027,8.218927430757478,2.1336556455993114,2.704877265965831,in_sample
2021-08-24 00:00:00+00:00,10.673199744520765,12.21986668509981,6.616630041465611,8.02664781988506,2.1126108510892463,2.6693053989030875,in_sample
2021-08-25 00:00:00+00:00,10.753585766309907,12.241719407679026,6.663481648501547,8.084930614970096,2.1192951538173133,2.6805663119739025,in_sample
2021-08-26 00:00:00+00:00,10.450374271741362,11.918884277316918,6.48757080628235,7.865682906321505,2.0960882103265805,2.6414289281362677,in_sample
2021-08-27 00:00:00+00:00,10.85933843380316,12.44828188993685,6.725224365669275,8.161690971446301,2.127859854608838,2.6948125213700247,in_sample
2021-08-28 00:00:00+00:00,10.962773939368475,12.59057717271899,6.775111700074233,8.229112883857171,2.1350388011172767,2.706934820307638,in_sample
2021-08-29 00:00:00+00:00,10.956294910789433,12.55812082610612,6.771976111933624,8.22488240432067,2.134525936431588,2.706067831364192,in_sample
2021-08-30 00:00:00+00:00,10.967478682767858,12.580292598227244,6.777376062605972,8.232175759947275,2.1353659302418326,2.7074877127468464,in_sample
2021-08-31 00:00:00+00:00,10.590086420269582,12.156266498468598,6.595168168458246,7.986075825479417,2.106832918763216,2.659250685770541,in_sample
2021-09-01 00:00:00+00:00,10.872790896316404,12.460496138611827,6.731899404692037,8.170692329154734,2.128495830119143,2.695708006055089,in_sample
2021-09-02 00:00:00+00:00,10.96314764655715,12.637188345719878,6.775291899481057,8.229452872100158,2.1346797514517277,2.7061504640633376,in_sample
2021-09-03 00:00:00+00:00,11.126774494694754,12.823104547664864,6.85413825927465,8.336044620338145,2.145653030891644,2.7246983486525407,in_sample
2021-09-04 00:00:00+00:00,11.166102229160048,12.845762157580547,6.873008267180016,8.36160005617808,2.148416636042767,2.7293775708027392,in_sample
2021-09-05 00:00:00+00:00,11.368583088364492,13.052976021579932,6.970045778148141,8.493082828320793,2.162680298709218,2.7535385709279394,in_sample
2021-09-06 00:00:00+00:00,11.542192105620323,13.263058750178764,7.053423145191524,8.60591957359483,2.1749251110374135,2.7743254701348063,in_sample
2021-09-07 00:00:00+00:00,11.39129129028837,13.1710362806184,6.981157602854651,8.508011648214604,2.1644356516358294,2.756485055469139,in_sample
2021-09-08 00:00:00+00:00,11.489474951958478,13.318940972097522,7.028021211602364,8.571612412717434,2.171286036265584,2.7681173303560445,in_sample
2021-09-09 00:00:00+00:00,11.565050699641306,13.381828985087688,7.064024569631854,8.620511984951488,2.176635694967967,2.7772108554026262,in_sample
2021-09-10 00:00:00+00:00,11.71405576664452,13.619538927929051,7.133874532624061,8.716083363632746,2.18712087476807,2.7950485090066204,in_sample
2021-09-11 00:00:00+00:00,11.725100156025256,13.679095111679727,7.137265043384587,8.7218559768971,2.1878723422104756,2.7963289673959695,in_sample
2021-09-12 00:00:00+00:00,11.90268901513045,13.843642818061975,7.21726506761532,8.833353427560708,2.2015292229514003,2.8196021907209565,in_sample
2021-09-13 00:00:00+00:00,11.64544388825804,13.515791879520945,7.12257585997602,8.68745440739866,2.1812740107348723,2.7850131180322455,in_sample
2021-09-14 00:00:00+00:00,11.721070085626353,13.537138071910762,7.150953225118597,8.730788382908338,2.187456537237369,2.7955381092849394,in_sample
2021-09-15 00:00:00+00:00,11.861043776449051,13.724404077162852,7.201278378868602,8.809359801716264,2.1990151195158614,2.8152337126481894,in_sample
2021-09-16 00:00:00+00:00,11.877021223629807,13.782175835914364,7.207737177966708,8.81884711804497,2.2002283126468507,2.817304592574998,in_sample
2021-09-17 00:00:00+00:00,11.79570329551668,13.742496283225261,7.176934047704493,8.77208221711041,2.192711123036251,2.804470643969775,in_sample
2021-09-18 00:00:00+00:00,11.909118709656411,13.893183969103005,7.219911575106548,8.83733740176943,2.2044430498361183,2.824477440707548,in_sample
2021-09-19 00:00:00+00:00,11.746580218616906,13.728882283864888,7.158792259697628,8.744204900240934,2.1878817453199924,2.796184863739433,in_sample
2021-09-20 00:00:00+00:00,11.132140441302356,13.033807334090632,6.875169805538557,8.353387533925707,2.1249314940117694,2.6889148736355866,in_sample
2021-09-21 00:00:00+00:00,10.950244635924543,12.864543399717064,6.80709938682556,8.24916713513199,2.106379022310177,2.6576128341789746,in_sample
2021-09-22 00:00:00+00:00,11.60439974289304,13.663992400103403,7.071420809234837,8.638475834744423,2.1627109980008057,2.7523780402407527,in_sample
2021-09-23 00:00:00+00:00,11.856922871467786,13.913703916993054,7.171529363981684,8.787044325610648,2.184570632028358,2.7894709769735546,in_sample
2021-09-24 00:00:00+00:00,12.160840771806257,14.237569682721977,7.289370584205956,8.963768739933334,2.2049584397954627,2.824181808912583,in_sample
2021-09-25 00:00:00+00:00,11.92137266388798,13.961174675667275,7.211630123046426,8.835805203232688,2.1894240884235034,2.7976526119498732,in_sample
2021-09-26 00:00:00+00:00,11.91077230474001,13.959503591079693,7.207091086169977,8.829325740636277,2.1887370905742007,2.7964821480897393,in_sample
2021-09-27 00:00:00+00:00,12.083486756019578,14.134559360923351,7.280144979447684,8.93423677585929,2.19962921899398,2.815037531960366,in_sample
2021-09-28 00:00:00+00:00,12.301819392029557,14.384050709050559,7.389480801299494,9.079315254771998,2.213376851843549,2.838496093135415,in_sample
2021-09-29 00:00:00+00:00,12.20620182188563,14.275325757070053,7.34694279849706,9.019727784451028,2.2073822756766974,2.8282459446557664,in_sample
2021-09-30 00:00:00+00:00,11.950480449774695,14.024337561088435,7.229946101949025,8.857961020388338,2.191431704611242,2.8009966920438005,in_sample
2021-10-01 00:00:00+00:00,11.435275536120905,13.46463742872266,6.994504593020563,8.53213403821223,2.159036328224429,2.745788131718577,in_sample
2021-10-02 00:00:00+00:00,11.323417875977265,13.361642697404083,6.947179882436475,8.464113189606016,2.1520059992022835,2.7338668909077386,in_sample
2021-10-03 00:00:00+00:00,11.401273514905093,13.421840926225512,6.9719269153978525,8.505482000011026,2.156565746108013,2.7415903768714482,in_sample
2021-10-04 00:00:00+00:00,11.378596829102339,13.421130808027215,6.9644589763295786,8.493248813363651,2.155220354416156,2.7393098912291403,in_sample
2021-10-05 00:00:00+00:00,11.453654045327692,13.50124098632351,6.989667947144525,8.534104194562182,2.159713164916877,2.7469237764134404,in_sample
2021-10-06 00:00:00+00:00,11.312608365375702,13.314198732516797,6.942703644506053,8.457662088469002,2.151285243129977,2.7326312249035096,in_sample
2021-10-07 00:00:00+00:00,11.352528136211198,13.344046719594978,6.957215611675016,8.480207362273976,2.153698247108803,2.736717991199402,in_sample
2021-10-08 00:00:00+00:00,11.323196907873033,13.326353468956286,6.946803703516612,8.463828630469347,2.1519356126056883,2.7337316034433283,in_sample
2021-10-09 00:00:00+00:00,11.470240648882344,13.462756981293955,6.9994918124071805,8.546309753637887,2.1607850347248116,2.74872086537573,in_sample
2021-10-10 00:00:00+00:00,11.097649343811035,13.04704110920239,6.865937636743751,8.337423814584284,2.1384294602269516,2.7108030203381093,in_sample
2021-10-11 00:00:00+00:00,11.129054869275377,13.071700762991505,6.877004859933073,8.354925000678838,2.1403004290443106,2.713965358565229,in_sample
2021-10-12 00:00:00+00:00,11.082462453683359,13.000051116437152,6.86190650616005,8.329927792644614,2.137209722109777,2.7087398793505835,in_sample
2021-10-13 00:00:00+00:00,10.991397619180887,12.856536931185552,6.832661553227995,8.281247981100691,2.1308959731698813,2.6980703268246726,in_sample
2021-10-14 00:00:00+00:00,11.000504785647456,12.93624541653064,6.837080823076165,8.287206342995399,2.131619192645889,2.6992912824117856,in_sample
2021-10-15 00:00:00+00:00,11.142702143811283,13.136323051347881,6.882204649705497,8.36287264877328,2.1443876954200007,2.7208497973951484,in_sample
2021-10-16 00:00:00+00:00,11.179811289546825,13.164597435882987,6.8941911957504445,8.38275241104844,2.148050445029768,2.7270463084426795,in_sample
2021-10-17 00:00:00+00:00,11.238150211789794,13.247530571987085,6.913976473440658,8.414684024625364,2.153758512705941,2.736708505418029,in_sample
2021-10-18 00:00:00+00:00,11.258354010457033,13.280240806361578,6.920705597952908,8.42564897344199,2.1556957560955183,2.739990625445287,in_sample
2021-10-19 00:00:00+00:00,11.292059593943435,13.330498311917745,6.9315827241812125,8.443684401658272,2.159002239024394,2.7455942190585922,in_sample
2021-10-20 00:00:00+00:00,11.624439273249521,13.730888285265108,7.036858962385176,8.620044854525753,2.193982608288447,2.804906740306257,in_sample
2021-10-21 00:00:00+00:00,11.870637200077109,14.009185723142545,7.113331628114114,8.749278300650195,2.2193800510418873,2.84819937054957,in_sample
2021-10-22 00:00:00+00:00,12.069318289238437,14.21668650386387,7.179410833746736,8.856619414880962,2.237996233508084,2.880053670977515,in_sample
2021-10-23 00:00:00+00:00,12.078461706422502,14.21555128867124,7.18107435529023,8.860534523013955,2.2390292356524126,2.8818261503489326,in_sample
2021-10-24 00:00:00+00:00,12.273890334099242,14.472292598340529,7.262596618884368,8.97823252060381,2.2611715528399636,2.919824944757594,in_sample
2021-10-25 00:00:00+00:00,12.557575713582862,14.78432183403805,7.3801960867346885,9.14846569250359,2.2931220855603156,2.974834754351214,in_sample
2021-10-26 00:00:00+00:00,12.34460555760652,14.53504274639365,7.295340275959809,9.023292162559132,2.2697306938212924,2.934374326746964,in_sample
2021-10-27 00:00:00+00:00,12.18546081411027,14.357200113498791,7.227479987062821,8.926401327300967,2.253006088929002,2.905544914603036,in_sample
2021-10-28 00:00:00+00:00,12.65790789895585,14.957261187845758,7.469267151075428,9.244010465652218,2.301597109374473,2.9890975175273207,in_sample
2021-10-29 00:00:00+00:00,12.75273987428268,15.01269984426419,7.514034445249766,9.304955168826696,2.3107138543234647,3.004884143596072,in_sample
2021-10-30 00:00:00+00:00,12.695556918764835,14.893703260213618,7.486225858938674,9.26760394952091,2.305774932598531,2.9963206210869577,in_sample
2021-10-31 00:00:00+00:00,12.799572458618233,14.959315922942766,7.52786168488624,9.328901931758917,2.3146339504807947,3.011670172388446,in_sample
2021-11-01 00:00:00+00:00,12.898749890067279,15.033267269827308,7.56816813091845,9.387785769976949,2.3246859968309534,3.0291090410890162,in_sample
2021-11-02 00:00:00+00:00,13.15155934651456,15.320212539179838,7.672368678214498,9.538936367136246,2.350267340674202,3.073552996114583,in_sample
2021-11-03 00:00:00+00:00,13.208647804795758,15.449964654757931,7.7011769858516494,9.576989214158566,2.3560930862364744,3.083711124322748,in_sample
2021-11-04 00:00:00+00:00,13.197701447454355,15.470807938366855,7.695492385395898,9.569572996662838,2.354955405706069,3.0817257595802827,in_sample
2021-11-05 00:00:00+00:00,13.163383154902801,15.397256583346493,7.677766465966407,9.546393778746017,2.351374069797815,3.0754769815946874,in_sample
2021-11-06 00:00:00+00:00,13.479322605098089,15.789946537831563,7.83766912307398,9.757336470257503,2.3838565417798367,3.132124196894119,in_sample
2021-11-07 00:00:00+00:00,13.519072237787357,15.864612997951937,7.857521939419742,9.783675167062036,2.387813685200782,3.139056529407757,in_sample
2021-11-08 00:00:00+00:00,13.566325857064053,15.945181327721508,7.881044095445329,9.814926991642842,2.3924160621287243,3.1471236698975384,in_sample
2021-11-09 00:00:00+00:00,13.578089380846325,15.91522776002139,7.886809893562209,9.822639627956747,2.3935620186470348,3.1491336139818396,in_sample
2021-11-10 00:00:00+00:00,13.412864854578922,15.750448836818771,7.80162242203199,9.711170922095734,2.3773794575900364,3.120745771044329,in_sample
2021-11-11 00:00:00+00:00,13.63074445967872,15.969755473860065,7.913735365064922,9.858002950021296,2.399846081460931,3.160067846848367,in_sample
2021-11-12 00:00:00+00:00,13.596970561986103,15.923826727479275,7.8972141918310435,9.83588450710014,2.3964622871337116,3.1541268993648877,in_sample
2021-11-13 00:00:00+00:00,13.775260247775028,16.175050984136476,7.985907030940071,9.953753063740296,2.4143516338263997,3.1855205470865933,in_sample
2021-11-14 00:00:00+00:00,13.825983554778663,16.21756499549351,8.010617985430686,9.986893820476519,2.4193741331505403,3.1943561972438284,in_sample
2021-11-15 00:00:00+00:00,13.656085145528921,16.0388762173595,7.925948287065214,9.874469889943104,2.4023613539234803,3.164406370682399,in_sample
2021-11-16 00:00:00+00:00,13.35178243700864,15.760474034278408,7.7759168467052895,9.674306385433772,2.3703867714027114,3.108250193364953,in_sample
2021-11-17 00:00:00+00:00,13.326913094844718,15.773422402994477,7.763574497578128,9.657885205288958,2.3675908979151985,3.1033619478892756,in_sample
2021-11-18 00:00:00+00:00,13.104585700859376,15.515954346540997,7.659961288801353,9.516100911974982,2.344539767408143,3.063075707934325,in_sample
2021-11-19 00:00:00+00:00,13.664318022538481,16.147623580497093,7.921703430920148,9.873784325474269,2.4154848703440406,3.1866594346402173,in_sample
2021-11-20 00:00:00+00:00,13.97431037038784,16.48046267381702,8.065474525326282,10.070903703883332,2.4516169167051864,3.250216322862113,in_sample
2021-11-21 00:00:00+00:00,14.15189543592157,16.645422432680622,8.147471148225158,10.18352672435556,2.468012878228617,3.2791987855023703,in_sample
2021-11-22 00:00:00+00:00,14.138577225029229,16.636516907911027,8.141337143661167,10.175093140720206,2.466825029977464,3.277094425579507,in_sample
2021-11-23 00:00:00+00:00,14.22232793963761,16.67275654481419,8.179917704791029,10.228133185075274,2.4741797937704098,3.290121835379241,in_sample
2021-11-24 00:00:00+00:00,14.309691755071992,16.645424610980108,8.220115277152619,10.283422339873157,2.482038730774856,3.304056074815573,in_sample
2021-11-25 00:00:00+00:00,14.558025047650458,16.851572236830776,8.334238115133463,10.440467664934255,2.5043002175370725,3.343568324515327,in_sample
2021-11-26 00:00:00+00:00,13.966182719189264,16.218791782934215,8.063141068942985,10.066923615011769,2.451549866191892,3.249663500256271,in_sample
2021-11-27 00:00:00+00:00,14.053048055339488,16.33163787748564,8.103480113343261,10.122187129597874,2.4591882449335554,3.2631636189309794,in_sample
2021-11-28 00:00:00+00:00,14.123508280320179,16.417856185591187,8.135983981808765,10.166848344025007,2.4646306038076804,3.272792437175265,in_sample
2021-11-29 00:00:00+00:00,14.163545303256958,16.51821788508432,8.154434954234468,10.19221061892113,2.467710399298095,3.278245333509779,in_sample
2021-11-30 00:00:00+00:00,14.164577011258194,16.547764506778005,8.154910145755107,10.19286395386081,2.4677894858324683,3.2783854175122493,in_sample
2021-12-01 00:00:00+00:00,14.202478979245656,16.60375186431313,8.172367053535092,10.216865380138207,2.4706810637717402,3.283507251987533,in_sample
2021-12-02 00:00:00+00:00,13.904976835869558,16.258871815271036,8.035416499005235,10.028532439728032,2.447445709930336,3.24233455459681,in_sample
2021-12-03 00:00:00+00:00,13.624430578182992,15.913210031833934,7.905718704935787,9.850477401898642,2.4248825619915224,3.202479520468418,in_sample
2021-12-04 00:00:00+00:00,13.359144547188158,15.63842026899911,7.78257070397625,9.681691576042999,2.4042201942322996,3.1660951827246815,in_sample
2021-12-05 00:00:00+00:00,13.126504333681899,15.410200191045524,7.674148257984726,9.533323640288662,2.386275904975867,3.1345876261880528,in_sample
2021-12-06 00:00:00+00:00,13.210263588419703,15.544709668807698,7.713322796612614,9.586855302293118,2.392626407352451,3.14571023282836,in_sample
2021-12-07 00:00:00+00:00,13.14387621410855,15.458380265832107,7.681213381331511,9.543638848121619,2.3876257559721012,3.136944077962096,in_sample
2021-12-08 00:00:00+00:00,13.44762773198158,15.793615596226545,7.796595413290095,9.717874122689974,2.4111276537578714,3.1781142034981933,in_sample
2021-12-09 00:00:00+00:00,13.105617813974737,15.445289089335994,7.667707742002268,9.522623969686542,2.3850293607344697,3.1322472246924002,in_sample
2021-12-10 00:00:00+00:00,12.819385955329016,15.077356490244963,7.558854998445731,9.35832145961748,2.363139197676155,3.0939162346613975,in_sample
2021-12-11 00:00:00+00:00,13.12790060503729,15.450087606337004,7.677098678884778,9.536245084731457,2.3893958478700066,3.13975124169073,in_sample
2021-12-12 00:00:00+00:00,13.146607679961411,15.469825341866827,7.684209521808506,9.54698040736704,2.390966885285923,3.1425037738460935,in_sample
2021-12-13 00:00:00+00:00,12.64862069195035,14.926929206878135,7.495011388624032,9.261288844540497,2.3498310362741304,3.070416027500769,in_sample
2021-12-14 00:00:00+00:00,12.918805989039209,15.350974549368246,7.599076270734502,9.417573760475204,2.372513759014679,3.109933986806397,in_sample
2021-12-15 00:00:00+00:00,13.325176889933187,15.814469734267593,7.754448853716884,9.65160096622906,2.403691629903236,3.1644253436041767,in_sample
2021-12-16 00:00:00+00:00,13.079211957019394,15.541395893730941,7.6602116264531785,9.509963101221306,2.3859352676986965,3.1332573507988637,in_sample
2021-12-17 00:00:00+00:00,13.16081174439495,15.573233107150388,7.699045214134497,9.562622315952165,2.3915263968321385,3.143047192512113,in_sample
2021-12-18 00:00:00+00:00,13.010978941726531,15.390316151136627,7.627718019152462,9.465919722669971,2.380297758380822,3.123370977574299,in_sample
2021-12-19 00:00:00+00:00,13.105482930928362,15.517966094787587,7.6730554090381675,9.527179581351382,2.3874272060865485,3.1358444366737173,in_sample
2021-12-20 00:00:00+00:00,13.110735037953573,15.507468832863335,7.67557153203754,9.530581285645805,2.3878167586634853,3.136526664123733,in_sample
2021-12-21 00:00:00+00:00,12.902977918113674,15.259770505681528,7.5760072073910045,9.395995321976386,2.3722910419716587,3.1093348375555996,in_sample
2021-12-22 00:00:00+00:00,12.784763676185108,15.170068309646457,7.520104836788279,9.319962610535475,2.363380879673499,3.0937635732928945,in_sample
2021-12-23 00:00:00+00:00,13.180945319434837,15.642633086663764,7.671579116534193,9.548124395494188,2.3932071962225803,3.145822086845055,in_sample
2021-12-24 00:00:00+00:00,13.099169897003154,15.564837926777013,7.6398746751029325,9.500753727593294,2.3870887665995215,3.135098685447184,in_sample
2021-12-25 00:00:00+00:00,12.927426326011085,15.385663592367507,7.5639905143093795,9.394307305140964,2.3747786559365314,3.113541932693367,in_sample
2021-12-26 00:00:00+00:00,12.924849403319781,15.374865318994969,7.562661558244302,9.392567929258067,2.37458046153747,3.113195465836615,in_sample
2021-12-27 00:00:00+00:00,12.979236580626552,15.474229736407512,7.586982609083856,9.426500878176709,2.378626096426558,3.120267509311043,in_sample
2021-12-28 00:00:00+00:00,13.482415123569444,16.026968981597847,7.8096750788615985,9.738690879459128,2.4161129263657504,3.185834175526219,in_sample
2021-12-29 00:00:00+00:00,13.521806766626918,16.093566867056204,7.826400315586067,9.762586168768163,2.418925130305607,3.1907783238025003,in_sample
2021-12-30 00:00:00+00:00,13.42700395107792,15.981053856315214,7.782021941444066,9.701993232418223,2.412414117695796,3.1793268474746568,in_sample
2021-12-31 00:00:00+00:00,13.48101585912306,16.007335572006408,7.806075780027015,9.735597279336382,2.416258951730714,3.186083003189732,in_sample
2022-01-01 00:00:00+00:00,13.333667850691693,15.850844067239423,7.727955041112867,9.634574634030562,2.4052928592418423,3.166803126549482,in_sample
2022-01-02 00:00:00+00:00,13.328933405578942,15.865558671397615,7.725381425068715,9.631281094552584,2.4049148575739596,3.1661395583639598,in_sample
2022-01-03 00:00:00+00:00,13.335908299603219,15.88357451403745,7.729006475927825,9.636008698841673,2.405302767322481,3.1668204841472574,in_sample
2022-01-04 00:00:00+00:00,13.463812568835213,16.060472545341547,7.7954475983373746,9.722676769582142,2.416509477450001,3.186493483141468,in_sample
2022-01-05 00:00:00+00:00,13.821056644767031,16.442624307954873,7.979754480071038,9.963791291616861,2.4488294943801727,3.2433178817401123,in_sample
2022-01-06 00:00:00+00:00,13.73957014854851,16.354922307394762,7.936613174615301,9.90797277808487,2.4407074970468994,3.228975127785265,in_sample
2022-01-07 00:00:00+00:00,14.069488231178044,16.747548572270755,8.089656698825419,10.117772512556408,2.4724107070965307,3.2848981893538585,in_sample
2022-01-08 00:00:00+00:00,14.178359480275635,16.84886320026799,8.139784389050536,10.186706453505387,2.4826515784935963,3.3030398461657406,in_sample
2022-01-09 00:00:00+00:00,14.08914277953294,16.748814746178844,8.097695378486433,10.129462780391835,2.474473069558222,3.288531733882472,in_sample
2022-01-10 00:00:00+00:00,14.183987646991,16.851981688192012,8.143121676499142,10.190832906460896,2.4831768067979207,3.3039545547209754,in_sample
2022-01-11 00:00:00+00:00,13.84215206980632,16.447500307421652,7.982360636136212,9.97188075067215,2.4521367329591057,3.2488880001591607,in_sample
2022-01-12 00:00:00+00:00,13.528980902695126,16.086984312627223,7.831357239832549,9.768453747324084,2.421880760949553,3.1954389608927047,in_sample
2022-01-13 00:00:00+00:00,13.577992029203982,16.09385936122865,7.854267329452104,9.799755086235546,2.426267477766371,3.2031560960233203,in_sample
2022-01-14 00:00:00+00:00,13.489236824437697,15.970370862546641,7.813077740752544,9.743296573675591,2.418175639366112,3.188912312523304,in_sample
2022-01-15 00:00:00+00:00,13.415810122654902,15.894271330397128,7.776956201804521,9.695054872198682,2.4114177998622717,3.1770299897512486,in_sample
2022-01-16 00:00:00+00:00,13.507978466404937,16.008194491777974,7.821253339204293,9.754830899053268,2.4200417606942692,3.1921793524734667,in_sample
2022-01-17 00:00:00+00:00,13.751621943154055,16.287753965242715,7.938174375137973,9.912705891221947,2.442645476263537,3.23193355027359,in_sample
2022-01-18 00:00:00+00:00,13.868738705611573,16.428689975463744,7.99381378988428,9.98816228053513,2.4532075473187134,3.250566851550322,in_sample
2022-01-19 00:00:00+00:00,14.081176407556926,16.66189836177657,8.09391459591489,10.124405463028708,2.4756736747368344,3.290257826275972,in_sample
2022-01-20 00:00:00+00:00,14.34256663903519,16.950467584374042,8.216498603378302,10.291583314326633,2.5029320297755997,3.3385609161448966,in_sample
2022-01-21 00:00:00+00:00,15.064971453064496,17.755398414020647,8.564061605950958,10.760133673558931,2.5766130694340497,3.469601171513812,in_sample
2022-01-22 00:00:00+00:00,15.570190598517494,18.343144659547118,8.806809568495694,11.08747180501865,2.625170623463132,3.556782983091057,in_sample
2022-01-23 00:00:00+00:00,15.232480592573701,17.913324543462483,8.642975960700719,10.867522472772235,2.5988537690412454,3.509241519619618,in_sample
2022-01-24 00:00:00+00:00,15.514454531224246,18.227819935201698,8.781037486649126,11.052149170282382,2.6197821257104907,3.5469210325577225,in_sample
2022-01-25 00:00:00+00:00,15.154172701888825,17.794573460105884,8.579525273284055,10.797307913881586,2.594798681732795,3.501820944760061,in_sample
2022-01-26 00:00:00+00:00,15.297001516466626,17.971920825089157,8.659338306106234,10.898280658260159,2.604719751473882,3.5196729705881635,in_sample
2022-01-27 00:00:00+00:00,15.33661760434249,18.0485627870946,8.681186912509865,10.926069025246443,2.6073765479076085,3.5244596939152317,in_sample
2022-01-28 00:00:00+00:00,15.274582653884709,17.98615307095866,8.646645324947238,10.882306869406715,2.6031582176127124,3.5168569893950297,in_sample
2022-01-29 00:00:00+00:00,15.021952841181966,17.690299896198333,8.505325689356837,10.703597488900947,2.5856087507808154,3.4852446375626394,in_sample
2022-01-30 00:00:00+00:00,15.226178104856011,17.933625013055988,8.619575695341046,10.848071488502981,2.59985680796824,3.510851999796987,in_sample
2022-01-31 00:00:00+00:00,15.058959050475181,17.721254654654704,8.52606465259558,10.729804235653384,2.5885044367302386,3.4904116457276304,in_sample
2022-02-01 00:00:00+00:00,14.872976742897851,17.483061776358856,8.422050997321293,10.598258921290572,2.5758384010760134,3.467639330962711,in_sample
2022-02-02 00:00:00+00:00,15.191482100346613,17.862383606074914,8.600197131284864,10.82355058870724,2.5984640459931487,3.508251390151042,in_sample
2022-02-03 00:00:00+00:00,15.184932082248062,17.850300248502663,8.596534776906351,10.818918403625219,2.5979678992800106,3.5073582433457107,in_sample
2022-02-04 00:00:00+00:00,14.576783620948259,17.14975118822925,8.256535221206393,10.388863708832416,2.554587566143219,3.42927138216544,in_sample
2022-02-05 00:00:00+00:00,14.37728019151913,16.97631357372206,8.144842569425345,10.247666323067184,2.5397644914500876,3.4027401087734432,in_sample
2022-02-06 00:00:00+00:00,14.140307231614669,16.718472318641357,8.013935570754871,10.081280991186999,2.524266675291806,3.3750551057911014,in_sample
2022-02-07 00:00:00+00:00,13.982707341546714,16.524630577623565,7.926874657288368,9.970624933912985,2.514032373141284,3.35681015881809,in_sample
2022-02-08 00:00:00+00:00,14.051805367491074,16.5962733811074,7.965031960457803,10.019130714784042,2.5185148858364017,3.3647904029935463,in_sample
2022-02-09 00:00:00+00:00,14.042914983859559,16.577452497280905,7.960026212342332,10.012817121366009,2.517932678201182,3.3637532803227987,in_sample
2022-02-10 00:00:00+00:00,14.276033370868657,16.841217738567746,8.086975736091206,10.17511686587373,2.5331015927331926,3.3907725285379335,in_sample
2022-02-11 00:00:00+00:00,14.502603929847831,17.137037063134187,8.209190102504397,10.331974163983032,2.5478539408237624,3.417102230055068,in_sample
2022-02-12 00:00:00+00:00,14.445834568898954,17.08503854211221,8.177478517166614,10.291849607173969,2.5434016955559606,3.409140613423078,in_sample
2022-02-13 00:00:00+00:00,14.549319555937126,17.171911924860055,8.235284364026205,10.364991800046957,2.5520405349571433,3.4245797886069114,in_sample
2022-02-14 00:00:00+00:00,14.454891778644859,17.065904214009468,8.182543245363256,10.298255288960632,2.543821607906538,3.4098744989502636,in_sample
2022-02-15 00:00:00+00:00,14.05547300273157,16.608622666542736,7.959473671446156,10.015981972760338,2.507724119392078,3.3453584940128978,in_sample
2022-02-16 00:00:00+00:00,14.023476231494467,16.5857248908237,7.9414957392060455,9.993287805592345,2.5045893218853927,3.339782643312307,in_sample
2022-02-17 00:00:00+00:00,14.426989297866864,17.028264555747246,8.16377631504495,10.27613284445339,2.5414024010497753,3.4052345888086566,in_sample
2022-02-18 00:00:00+00:00,14.533008471749111,17.15640440823431,8.2220272799158,10.35033315844948,2.5508655572427523,3.4221408800093016,in_sample
2022-02-19 00:00:00+00:00,14.554952935311615,17.152872677696507,8.234273030469174,10.365834019981534,2.5526326638145065,3.4253017875537304,in_sample
2022-02-20 00:00:00+00:00,14.819322829274915,17.440143010761314,8.381743207218756,10.55253321953722,2.574262226258011,3.464000542216967,in_sample
2022-02-21 00:00:00+00:00,15.203724786468808,17.89135295273202,8.59463671994715,10.82284160997757,2.6060963277906,3.5211163733575384,in_sample
2022-02-22 00:00:00+00:00,14.985678450827038,17.652950792787284,8.473072462117878,10.668906434493206,2.5886942234804495,3.489766887787144,in_sample
2022-02-23 00:00:00+00:00,15.163598365368642,17.839548831683622,8.572280112265974,10.79452441728958,2.6023300664058575,3.5142764971474834,in_sample
2022-02-24 00:00:00+00:00,15.194661226494242,17.875964715849,8.589596108266822,10.816452472223249,2.604731606426601,3.5186006607170515,in_sample
2022-02-25 00:00:00+00:00,14.961024747673557,17.62813758617268,8.459364236575558,10.651529280819615,2.586605006174044,3.485952246337703,in_sample
2022-02-26 00:00:00+00:00,14.977012218548921,17.654959699860132,8.468275631531057,10.662814624337834,2.588063666704173,3.488573350546765,in_sample
2022-02-27 00:00:00+00:00,15.23138515581692,17.93957638789159,8.610059727154637,10.842370798483648,2.611183841203379,3.5301263853017075,in_sample
2022-02-28 00:00:00+00:00,14.487767267079146,17.080733574879844,8.19567401554179,10.317541267486018,2.5408845767245793,3.4034072144857888,in_sample
2022-03-01 00:00:00+00:00,14.040637995233798,16.640684885369073,7.946176721262397,10.001715643890572,2.497091050342863,3.3251944508413827,in_sample
2022-03-02 00:00:00+00:00,14.116030415302825,16.7559945865002,7.987584108677615,10.054468933559933,2.5027145899995653,3.335179062259796,in_sample
2022-03-03 00:00:00+00:00,14.235472484036942,16.91054282782223,8.052711879932884,10.137687309148202,2.5110647758251146,3.3500159464668515,in_sample
2022-03-04 00:00:00+00:00,14.495168157345256,17.19126587518392,8.195380766449313,10.319428337512726,2.5294575778017805,3.3827331058781307,in_sample
2022-03-05 00:00:00+00:00,14.492101934995691,17.18154732626128,8.193683480764134,10.317272864084151,2.5292179172508162,3.3823057638334517,in_sample
2022-03-06 00:00:00+00:00,14.715199828425643,17.437288177202067,8.317107111884471,10.474051441019052,2.5447125382053404,3.4099335641931074,in_sample
2022-03-07 00:00:00+00:00,14.865977998007335,17.620589101912813,8.40042626538543,10.579936267955496,2.5551142343681095,3.428518030264066,in_sample
2022-03-08 00:00:00+00:00,14.745620500255331,17.540221593694255,8.333408115520504,10.495029781094498,2.5468913513054066,3.4138064621407977,in_sample
2022-03-09 00:00:00+00:00,14.239233506621817,17.02634343545154,8.051387664896934,10.137759053269257,2.510323780223629,3.3484537932098246,in_sample
2022-03-10 00:00:00+00:00,14.229290232242045,17.055339083447947,8.045876534653699,10.130763825453313,2.509562129694279,3.3470991994987433,in_sample
2022-03-11 00:00:00+00:00,14.30048681099956,17.159276217750648,8.084511971067952,10.180227733733766,2.5145917454020066,3.356043454493098,in_sample
2022-03-12 00:00:00+00:00,14.179040380912314,17.03235810185847,8.017278754489245,10.094848540504476,2.505990754921623,3.3407379625344773,in_sample
2022-03-13 00:00:00+00:00,14.277233227881121,17.16261973897175,8.070633618671266,10.163120758209581,2.5129427476349853,3.3530949040899247,in_sample
2022-03-14 00:00:00+00:00,14.113645661616923,16.993002127034703,7.982293910610777,10.049795201739848,2.5010425917706027,3.331923257409002,in_sample
2022-03-15 00:00:00+00:00,14.155986500068755,17.0309323796771,8.005390734093716,10.079302419709508,2.504298648244003,3.337706941555689,in_sample
2022-03-16 00:00:00+00:00,13.820948919493429,16.65514916517771,7.824571097445595,9.847283304817829,2.4784027145393708,3.2916884483834936,in_sample
2022-03-17 00:00:00+00:00,13.763308179386218,16.54892138110234,7.793688245516251,9.807536147157832,2.4737897838680554,3.2835195684755405,in_sample
2022-03-18 00:00:00+00:00,13.50784473750252,16.271906167955073,7.65697845472426,9.631499384801952,2.4539993918072915,3.2484952291545093,in_sample
2022-03-19 00:00:00+00:00,13.448446467874385,16.18565969376453,7.624761218159295,9.590243186682082,2.4492913649479,3.2401855271268594,in_sample
2022-03-20 00:00:00+00:00,13.57885093320429,16.38598982302835,7.692952801933494,9.678902212126674,2.4594449585357694,3.258095211787803,in_sample
2022-03-21 00:00:00+00:00,13.462921946227345,16.264046624799732,7.633420130715462,9.600908208663062,2.4498458551794906,3.241140279158793,in_sample
2022-03-22 00:00:00+00:00,13.398262709575967,16.22482190203627,7.600205049827685,9.557398157182678,2.4434201959079473,3.2298054364428084,in_sample
2022-03-23 00:00:00+00:00,13.226198898437785,15.996304196129927,7.51136278095803,9.44127029068951,2.4248085320024715,3.197003299305243,in_sample
2022-03-24 00:00:00+00:00,12.984086766580186,15.676861474896297,7.394967668198043,9.28435900926553,2.3982814803741412,3.150370299650585,in_sample
2022-03-25 00:00:00+00:00,12.939350124835597,15.703079300430925,7.376554325967499,9.25769257754093,2.3932419711651134,3.141543801584167,in_sample
2022-03-26 00:00:00+00:00,13.014868756152705,15.781608174310948,7.396788145165866,9.294541305220207,2.40208886590868,3.157027906509497,in_sample
2022-03-27 00:00:00+00:00,12.828085686625812,15.536169613534268,7.315653342570242,9.180014342833026,2.3801301209375874,3.118547858775743,in_sample
2022-03-28 00:00:00+00:00,12.703342763233561,15.425320662348975,7.273074950425024,9.11224942849605,2.3646438250082826,3.0914934527521054,in_sample
2022-03-29 00:00:00+00:00,12.95167489384165,15.69410976273029,7.371107362428649,9.25719537087826,2.3969382561755,3.147788342470338,in_sample
2022-03-30 00:00:00+00:00,12.94912537266045,15.697704027781537,7.36984332182697,9.255513977092658,2.3965463288425024,3.147102075709411,in_sample
2022-03-31 00:00:00+00:00,12.744493774788445,15.470223177373278,7.288318744673899,9.135578780004252,2.3690756528640975,3.099003403965375,in_sample
2022-04-01 00:00:00+00:00,13.030814406648227,15.814435143517594,7.402937437697947,9.303877174796009,2.407638169599436,3.1662619121427786,in_sample
2022-04-02 00:00:00+00:00,12.868360609786981,15.630458877508328,7.337278367752687,9.207969515130078,2.3857771829886714,3.1279296798101304,in_sample
2022-04-03 00:00:00+00:00,13.009397754569129,15.822009827400933,7.4056324106190115,9.299806062909695,2.4021800878405397,3.156603568993689,in_sample
2022-04-04 00:00:00+00:00,12.993152622234506,15.828490271676447,7.397771965525283,9.289238341747202,2.400234300592568,3.153194399685337,in_sample
2022-04-05 00:00:00+00:00,12.946033480630602,15.856400733977576,7.374968403241993,9.258583129414665,2.394866355377673,3.1437918871693737,in_sample
2022-04-06 00:00:00+00:00,12.570743565411188,15.3904921101415,7.193245670924127,9.014343523250462,2.351741895589342,3.0683113624674774,in_sample
2022-04-07 00:00:00+00:00,12.844747433342505,15.699503393387838,7.325622539821834,9.192471855086856,2.3857293148979566,3.127435755917372,in_sample
2022-04-08 00:00:00+00:00,12.699571179856717,15.562901913605396,7.265673570215266,9.105777362021986,2.3695625268465244,3.0991785177947535,in_sample
2022-04-09 00:00:00+00:00,12.808356081216012,15.659260879182915,7.3133288406044175,9.172812168781459,2.3810126576520174,3.119146197632291,in_sample
2022-04-10 00:00:00+00:00,12.654668364250007,15.513642540742351,7.255169131542321,9.085017846672281,2.365038874643041,3.091245147842053,in_sample
2022-04-11 00:00:00+00:00,12.316241572109764,15.118146726118386,7.113028738063656,8.881038695531133,2.329551826554383,3.029400264365253,in_sample
2022-04-12 00:00:00+00:00,12.048596687125949,14.816005390186701,7.01199030114824,8.728149477938459,2.3012742864022813,2.980369953535562,in_sample
2022-04-13 00:00:00+00:00,12.238901583524186,15.017931070555466,7.083979635640641,8.837058225070692,2.3201609556991234,3.0129833405488773,in_sample
2022-04-14 00:00:00+00:00,12.141678276182834,14.921163707602844,7.04640549611246,8.780854731981474,2.310802706846885,2.9967797245487335,in_sample
2022-04-15 00:00:00+00:00,12.191860529100483,14.977400609481705,7.05992963432094,8.805483278398818,2.3155701786508907,3.0050233608674146,in_sample
2022-04-16 00:00:00+00:00,12.189805273478152,14.969903082277606,7.060243188475906,8.80512416886256,2.315372107152058,3.004680632044595,in_sample
2022-04-17 00:00:00+00:00,11.822196573850041,14.567667703681416,6.95348021921866,8.619020367742488,2.280502969767709,2.9443472791859775,in_sample
2022-04-18 00:00:00+00:00,11.919858647456799,14.643134257190562,6.982647712652107,8.66919306211772,2.290062195526789,2.9608031112125057,in_sample
2022-04-19 00:00:00+00:00,11.699329005910121,14.386541645331372,6.895881880490601,8.540403840484197,2.270153492532798,2.9264833738825455,in_sample
2022-04-20 00:00:00+00:00,11.671023847581687,14.33576955359603,6.886773766034613,8.525370712903257,2.267475123530984,2.921879748398651,in_sample
2022-04-21 00:00:00+00:00,11.588264178206682,14.229836547623846,6.857438932263039,8.479400471940542,2.259769953812272,2.9086411882483816,in_sample
2022-04-22 00:00:00+00:00,11.53517482973425,14.158656294124754,6.839220840507161,8.450345506312583,2.2546674816286,2.899884390840585,in_sample
2022-04-23 00:00:00+00:00,11.693408071008836,14.338664914826255,6.89996425121448,8.54174409163033,2.2708796226579393,2.927686471100703,in_sample
2022-04-24 00:00:00+00:00,11.712955712820948,14.380932503732774,6.907038677174392,8.552710348682897,2.272869071912249,2.9311062817084044,in_sample
2022-04-25 00:00:00+00:00,11.493376860786555,14.053906529454972,6.821105818971315,8.424732094458005,2.2506427149248416,2.8928886149479975,in_sample
2022-04-26 00:00:00+00:00,11.852657064796635,14.475877464251445,6.970453295301549,8.640749370832333,2.287192174184063,2.9555276195738607,in_sample
2022-04-27 00:00:00+00:00,11.802035723397665,14.420621674967522,6.949912917915919,8.610710488974016,2.2821541961367937,2.9468474667159446,in_sample
2022-04-28 00:00:00+00:00,11.890394464626729,14.542502893747686,6.989598182554747,8.665998172170188,2.2902564807615877,2.9607969751593872,in_sample
2022-04-29 00:00:00+00:00,12.175278592262515,14.834142226768078,7.112382441012866,8.840390120488152,2.318216255247124,3.0089914118484966,in_sample
2022-04-30 00:00:00+00:00,12.447308589948372,15.148748228949659,7.228388347797518,9.005912058173152,2.344411927338466,3.0543265854887407,in_sample
2022-05-01 00:00:00+00:00,12.174453925483574,14.839969646504112,7.102878684087964,8.833121274994317,2.3198108018181434,3.0115924164442127,in_sample
2022-05-02 00:00:00+00:00,12.187346607456316,14.846113691991306,7.108903702081603,8.841358584310205,2.320916639165124,3.0135065560889216,in_sample
2022-05-03 00:00:00+00:00,12.222347212016233,14.88479653220001,7.12432391839146,8.863022008269773,2.3239909828790943,3.0188289100711847,in_sample
2022-05-04 00:00:00+00:00,11.75777177920841,14.364203606601928,6.871904493507273,8.539853880313345,2.2804433369272648,2.9434052711480745,in_sample
2022-05-05 00:00:00+00:00,12.115750533202139,14.793054205784172,7.066378449884511,8.788862129051896,2.315323041572042,3.0034316732340596,in_sample
2022-05-06 00:00:00+00:00,12.230810217389502,14.937069434263051,7.124903197630226,8.865922575327557,2.3249926607543765,3.020156216634055,in_sample
2022-05-07 00:00:00+00:00,12.39827394457313,15.102455014534963,7.216359234284637,8.98276167855681,2.3381198076508354,3.0428923654258226,in_sample
2022-05-08 00:00:00+00:00,12.473991921945567,15.223010142447334,7.258497569349498,9.036176977864507,2.343913185247223,3.0529452431842063,in_sample
2022-05-09 00:00:00+00:00,13.131848165862808,16.022019128688207,7.624283324910643,9.500019996784909,2.398122419455325,3.1470885614344675,in_sample
2022-05-10 00:00:00+00:00,12.905797657902104,15.71581517440741,7.497602806252224,9.33989900456014,2.3798241560824738,3.1150711493192595,in_sample
2022-05-11 00:00:00+00:00,13.654525932289737,16.632122736896843,7.92471306643508,9.875875615812918,2.432801213392561,3.2075302510450183,in_sample
2022-05-12 00:00:00+00:00,13.660421339861784,16.611819655691402,7.928038883370792,9.880068003190868,2.4330912099147533,3.20804004615282,in_sample
2022-05-13 00:00:00+00:00,13.347149646775868,16.2877318234901,7.74941814633176,9.655876688399122,2.4147266557233142,3.1757550664333,in_sample
2022-05-14 00:00:00+00:00,13.169215732581522,16.099608707906512,7.647922282485532,9.528507698570271,2.4040726147577884,3.1570726898343793,in_sample
2022-05-15 00:00:00+00:00,12.928234166413688,15.801318235217702,7.510430409623831,9.355983129650877,2.3901224248093302,3.132646492703216,in_sample
2022-05-16 00:00:00+00:00,13.28235858557075,16.232446237647014,7.7125354362159015,9.609554308503819,2.410543339355547,3.1683330922218436,in_sample
2022-05-17 00:00:00+00:00,13.148267352850747,16.108081903455403,7.636051486438632,9.513571418130164,2.402940061486438,3.1550084520940307,in_sample
2022-05-18 00:00:00+00:00,13.657504379868158,16.712799085921493,7.926554710363522,9.87811556150893,2.4322119225423364,3.206252881377466,in_sample
2022-05-19 00:00:00+00:00,13.552654043602569,16.623254091514124,7.866780533886124,9.803086817446172,2.4263460174165368,3.19594260918604,in_sample
2022-05-20 00:00:00+00:00,13.739227585016708,16.864141465965385,7.973158920178989,9.936605994398699,2.436359247233384,3.213528288830807,in_sample
2022-05-21 00:00:00+00:00,13.867372958166637,17.028495922052144,8.046205804018404,10.028298486606715,2.443194914723899,3.2255498388156894,in_sample
2022-05-22 00:00:00+00:00,13.677558163154156,16.79667485151433,7.938023142506104,9.892492720033038,2.4330188266031687,3.2076369662351816,in_sample
2022-05-23 00:00:00+00:00,13.902031211935135,17.08031397429536,8.065989505943483,10.053118328013715,2.4455168577268966,3.2296064614698166,in_sample
2022-05-24 00:00:00+00:00,14.010756299988072,17.243280847638804,8.127959433401667,10.130909787730888,2.451413664351372,3.2399897415066565,in_sample
2022-05-25 00:00:00+00:00,14.11516894794767,17.408939611369185,8.187454981493804,10.205603424818905,2.4569588369024813,3.2497616824574336,in_sample
2022-05-26 00:00:00+00:00,14.580607671986852,17.94848180324562,8.452541499495565,10.538469795788902,2.4842741458439264,3.2979341049439284,in_sample
2022-05-27 00:00:00+00:00,14.721022879303828,18.070597386546567,8.531675729331404,10.638262966803184,2.4925179200007634,3.312525851452405,in_sample
2022-05-28 00:00:00+00:00,14.663354468107151,18.020105685260102,8.498860474161777,10.597042480576674,2.489241267335733,3.306719676327485,in_sample
2022-05-29 00:00:00+00:00,15.390453585519156,19.372117533806275,8.91261403402926,11.116769181062429,2.5306893257879297,3.3801327344765353,in_sample
2022-05-30 00:00:00+00:00,15.100332713875847,19.061577483649703,8.747595303676912,10.909448167554366,2.514772591536449,3.3517870059452286,in_sample
2022-05-31 00:00:00+00:00,15.085169339055545,19.004659230020742,8.738975000126281,10.898615751262604,2.513916234017774,3.350265157004454,in_sample
2022-06-01 00:00:00+00:00,15.521303534204302,19.534430014777605,8.98219131881174,11.206646737780808,2.5382412855291476,3.3934887518180576,in_sample
2022-06-02 00:00:00+00:00,15.315868465440522,19.268808704730215,8.866547506493166,11.060745760792132,2.5251711572630873,3.370190029978092,in_sample
2022-06-03 00:00:00+00:00,15.93136585857652,20.22653453443116,9.216230659421562,11.500276026214477,2.5633282990048305,3.438091338133306,in_sample
2022-06-04 00:00:00+00:00,15.62410462076692,19.743554647862812,9.041710728179435,11.280893147524708,2.5441259947587103,3.4037509451234738,in_sample
2022-06-05 00:00:00+00:00,15.716949254063223,19.832069626967133,9.09393071116457,11.346798732633259,2.549794214316893,3.4138621884178075,in_sample
2022-06-06 00:00:00+00:00,15.82891064593256,20.03021223441422,9.156872418142731,11.426251465238293,2.556567136770178,3.4259530066956274,in_sample
2022-06-07 00:00:00+00:00,16.788326366604856,21.495299039865824,9.696052215818678,12.10696079720183,2.6156210769815567,3.5314674267237227,in_sample
2022-06-08 00:00:00+00:00,16.60493750814767,21.14932440138427,9.593162859168158,11.976976605388945,2.604380159304122,3.5112316033349336,in_sample
2022-06-09 00:00:00+00:00,16.82249436582481,21.411737786739742,9.715256231693527,12.131204725475598,2.616400974218314,3.532840258826984,in_sample
2022-06-10 00:00:00+00:00,17.16815488844552,21.865984331494726,9.909079663725686,12.376124759302094,2.6352210732262615,3.566723140493087,in_sample
2022-06-11 00:00:00+00:00,17.796925204020237,22.676901391181868,10.258054225277304,12.81894600010186,2.6690106675562095,3.6277012644812205,in_sample
2022-06-12 00:00:00+00:00,18.421508089115303,23.508090288894792,10.607757708457731,13.261101836112545,2.701642817846685,3.686839128714582,in_sample
2022-06-13 00:00:00+00:00,18.9616960893347,24.11635964815693,10.908658421465198,13.642347459453209,2.729335051361964,3.7372266481952936,in_sample
2022-06-14 00:00:00+00:00,18.80144957275408,23.89217169621931,10.82921189714259,13.536617112892964,2.7214394271679274,3.7228115438631404,in_sample
2022-06-15 00:00:00+00:00,17.94127177920146,22.733731419676555,10.343213931447583,12.924392487525871,2.679162288405657,3.6457004784691076,in_sample
2022-06-16 00:00:00+00:00,18.75345841271229,23.734545261045632,10.802549047250032,13.502801242329703,2.719257194721214,3.718446609985109,in_sample
2022-06-17 00:00:00+00:00,18.60248318630676,23.591106956011938,10.717237408938876,13.395337470916441,2.7128211319879436,3.7067119565174194,in_sample
2022-06-18 00:00:00+00:00,18.95725247617404,23.96405648772864,10.917696970861169,13.647853947242114,2.7273712971631228,3.7332197964376124,in_sample
2022-06-19 00:00:00+00:00,18.119887491980524,22.91942477438739,10.44470772853627,13.05195602103095,2.6936185761584173,3.671618930006521,in_sample
2022-06-20 00:00:00+00:00,17.918216761209766,22.642925829294565,10.329501522893002,12.907471100724015,2.6847567016385105,3.655512998983411,in_sample
2022-06-21 00:00:00+00:00,17.757658482879396,22.38855005950025,10.238766051563593,12.79317915569501,2.6781740168457824,3.6435625232657705,in_sample
2022-06-22 00:00:00+00:00,18.090285493269743,22.825762101677263,10.42676356150436,13.029973146974742,2.6917494928646613,3.6681878066848737,in_sample
2022-06-23 00:00:00+00:00,17.58716744488913,22.30983669671013,10.142412652491027,12.671813668529603,2.671388208268198,3.631191290189723,in_sample
2022-06-24 00:00:00+00:00,16.969649712666886,21.44423770169865,9.78965218504047,12.22940049166686,2.645611601950855,3.5844741124264985,in_sample
2022-06-25 00:00:00+00:00,16.74005317198281,21.135678495199883,9.661216279899456,12.066949195033112,2.635791206692066,3.5667335629807835,in_sample
2022-06-26 00:00:00+00:00,17.208252237044576,21.68112439445246,9.923107461520182,12.398211108136522,2.6553399492748775,3.6020045187414467,in_sample
2022-06-27 00:00:00+00:00,17.20427949968988,21.673567993924216,9.92088744143041,12.395401942600046,2.6551681191612024,3.601693732246943,in_sample
2022-06-28 00:00:00+00:00,17.706788439305882,22.38005996740158,10.20061738839313,12.749922636065495,2.675152518052117,3.6378384286768717,in_sample
2022-06-29 00:00:00+00:00,17.728423185825932,22.333273372525642,10.210054610262956,12.763231393952397,2.6760775634440277,3.6395156741932833,in_sample
2022-06-30 00:00:00+00:00,17.857572124328634,22.502773577548076,10.281687320486599,12.854150018622722,2.681570129835254,3.6494756652615483,in_sample
2022-07-01 00:00:00+00:00,18.01737385663094,22.706390909192628,10.359075912748514,12.958211759391581,2.688347537458155,3.661773924861099,in_sample
2022-07-02 00:00:00+00:00,18.037022073939966,22.739455732793093,10.3688081235487,12.97116864748444,2.689153322558609,3.6632373283478237,in_sample
2022-07-03 00:00:00+00:00,17.892027357569717,22.553965338184305,10.29835144551482,12.876576043202878,2.6826715156974585,3.6514644050514975,in_sample
2022-07-04 00:00:00+00:00,17.366963156123607,21.899068806750098,10.0401402215862,12.531711142379484,2.6580001054234565,3.6066897462032546,in_sample
2022-07-05 00:00:00+00:00,17.428789923237716,21.97873308546537,10.070671567193292,12.572421228570638,2.6610592257735552,3.612224382552135,in_sample
2022-07-06 00:00:00+00:00,17.19356018163008,21.671365488240202,9.954580043914044,12.41758861335647,2.649621699622039,3.591523397300132,in_sample
2022-07-07 00:00:00+00:00,16.985915683480755,21.397074065933225,9.85189836063324,12.280749742856775,2.638474208448685,3.5713763826647926,in_sample
2022-07-08 00:00:00+00:00,17.132755380368785,21.56582381126699,9.924462464650908,12.377487827923114,2.647382512121003,3.5874538086473535,in_sample
2022-07-09 00:00:00+00:00,16.896213115901816,21.32666014287397,9.810258705058954,12.22367336415216,2.6331204801888735,3.561685271591242,in_sample
2022-07-10 00:00:00+00:00,17.177877888611135,21.661764091582075,9.946385412662748,12.406951320516983,2.6505382750175803,3.5930987997715924,in_sample
2022-07-11 00:00:00+00:00,17.679450271714117,22.304778218351892,10.185125011569275,12.73053807617364,2.6852168537376744,3.6557796827461413,in_sample
2022-07-12 00:00:00+00:00,17.889274756017535,22.565687303963735,10.285701355754643,12.866400974208338,2.6990824708930616,3.680949414774721,in_sample
2022-07-13 00:00:00+00:00,17.389694077460355,21.898416173946163,10.043464166903021,12.540867808202261,2.668176166776885,3.6247502961106917,in_sample
2022-07-14 00:00:00+00:00,17.033865538704564,21.476421605278183,9.870099104203959,12.30833876649135,2.6454516021272143,3.5835881602324933,in_sample
2022-07-15 00:00:00+00:00,17.07556350440009,21.52812321511831,9.89020384719737,12.335433587081116,2.6480766253375054,3.588329380768234,in_sample
2022-07-16 00:00:00+00:00,16.7201788421277,21.06236477013566,9.718931696405907,12.104571013515379,2.623612962853373,3.5441294116217867,in_sample
2022-07-17 00:00:00+00:00,16.89434725784474,21.278077356159464,9.801995979940088,12.21707879423226,2.635907271410317,3.5662732370356443,in_sample
2022-07-18 00:00:00+00:00,16.074124672750795,20.242262700791976,9.34569851893007,11.63858864779827,2.576271350301338,3.4586933325255083,in_sample
2022-07-19 00:00:00+00:00,15.863093929271981,19.962446622595113,9.241973409351008,11.4999653742887,2.5606043619584202,3.4306490257195676,in_sample
2022-07-20 00:00:00+00:00,16.20596266252771,20.32602919077099,9.401627945149597,11.71858730982328,2.583902316000298,3.4722679000355767,in_sample
2022-07-21 00:00:00+00:00,15.880261881433174,19.937907108049593,9.25053818375327,11.511386360931185,2.562043627070236,3.433102733231488,in_sample
2022-07-22 00:00:00+00:00,16.038140294260394,20.16657851866612,9.324352100259594,11.612276430934116,2.5723209903088726,3.451464764464252,in_sample
2022-07-23 00:00:00+00:00,16.085037551326703,20.233232012907422,9.344085541688932,11.6406039236888,2.5753403017977488,3.4568663957827166,in_sample
2022-07-24 00:00:00+00:00,16.03625896761738,20.161458036192286,9.32121855063874,11.609391426502395,2.5722304690711493,3.451300645246586,in_sample
2022-07-25 00:00:00+00:00,16.542311835010747,20.82553826253464,9.545582658215817,11.923598087862137,2.6043328616614194,3.5087319988742243,in_sample
2022-07-26 00:00:00+00:00,16.381163245262766,20.667662567517862,9.474166368195421,11.823611518287004,2.5937662947970814,3.489750681587721,in_sample
2022-07-27 00:00:00+00:00,15.681490635211407,19.813809878929703,9.142633074963342,11.373358354424258,2.5513943792330016,3.4137389907804003,in_sample
2022-07-28 00:00:00+00:00,15.535907015600804,19.68238888170623,9.075346673289609,11.280900990291508,2.5422190740368134,3.3973703742803494,in_sample
2022-07-29 00:00:00+00:00,15.530217962884779,19.702831929103247,9.073614034227644,11.27795639068202,2.5418847192433884,3.396774607596939,in_sample
2022-07-30 00:00:00+00:00,15.514730576790097,19.71741566083824,9.067639925672934,11.26900237530535,2.5409822352920157,3.3951665962676145,in_sample
2022-07-31 00:00:00+00:00,15.360406265070893,19.526672307481793,9.007643218974064,11.179428165918381,2.531961606513947,3.3790958883451667,in_sample
2022-08-01 00:00:00+00:00,15.385202130410361,19.5509584400464,9.01782176588881,11.19422640395222,2.533385232740939,3.3816291387271593,in_sample
2022-08-02 00:00:00+00:00,15.283487975383496,19.416912424313242,8.97608893200546,11.133540737194705,2.526794343097849,3.369898881952331,in_sample
2022-08-03 00:00:00+00:00,15.423989368615574,19.565568950448306,9.03385108040556,11.217468434191305,2.536052864558084,3.3863625783100515,in_sample
2022-08-04 00:00:00+00:00,15.361041419159616,19.482432675010198,9.008042992022707,11.179928493797286,2.531779329127896,3.378754040564845,in_sample
2022-08-05 00:00:00+00:00,15.755797075428287,19.978740908321672,9.170088199648013,11.415520515791505,2.558658586895301,3.4265825379614645,in_sample
2022-08-06 00:00:00+00:00,15.740540675291202,19.9836880679527,9.16387259697571,11.406456487275449,2.5575902235975585,3.424674853448445,in_sample
2022-08-07 00:00:00+00:00,15.888890044185462,20.17070465297573,9.224329116297563,11.494608180283556,2.567172783488114,3.441783224490355,in_sample
2022-08-08 00:00:00+00:00,16.135087709850715,20.449688638738294,9.324380523451337,11.640657115669176,2.5830169449417473,3.4701060390916836,in_sample
2022-08-09 00:00:00+00:00,16.074386954943062,20.381731582460237,9.299825475291795,11.60474722267424,2.5783814233636906,3.461802698842546,in_sample
2022-08-10 00:00:00+00:00,16.371382213022436,20.76767123905922,9.420103956356645,11.780565748315306,2.6009266490522487,3.5021624493058665,in_sample
2022-08-11 00:00:00+00:00,16.24567554440104,20.60907370409332,9.369471767228763,11.706391531535683,2.591019986406543,3.484376612898485,in_sample
2022-08-12 00:00:00+00:00,16.358087669844295,20.760713709339743,9.414854279204292,11.77281358254748,2.6000141182738536,3.500503565679602,in_sample
2022-08-13 00:00:00+00:00,16.349082746396693,20.785023095492807,9.41122634722129,11.767499337049168,2.599292290992624,3.4992077988840857,in_sample
2022-08-14 00:00:00+00:00,16.312437935957067,20.82714679481569,9.395119231073503,11.744865177929826,2.59637911755899,3.4939787862364,in_sample
2022-08-15 00:00:00+00:00,16.121200056855148,20.558600529441435,9.301497586025294,11.619567081142401,2.580993743035851,3.4663730734247364,in_sample
2022-08-16 00:00:00+00:00,16.195836526883603,20.71172038989965,9.33810133151869,11.668520729449877,2.5877021085714254,3.4783858612495546,in_sample
2022-08-17 00:00:00+00:00,15.990923379807635,20.418774766656046,9.237675844442265,11.534175071947981,2.568840016975781,3.4445799954184713,in_sample
2022-08-18 00:00:00+00:00,15.777290534343006,20.15693240003076,9.132775690156802,11.393951051746921,2.5417896045361212,3.396217149962041,in_sample
2022-08-19 00:00:00+00:00,15.241147339969473,19.50054194921628,8.86892033067718,11.041565717776031,2.4752014775545574,3.2775880085439635,in_sample
2022-08-20 00:00:00+00:00,15.167480314593929,19.38452101680416,8.831142181915558,10.991998598371051,2.466120981837887,3.261555846237188,in_sample
2022-08-21 00:00:00+00:00,15.358632877210665,19.60713374281043,8.903485249157457,11.101437176094857,2.4845012964776627,3.293967569268642,in_sample
2022-08-22 00:00:00+00:00,15.323458906134285,19.55163930519027,8.890026986806127,11.081199103024932,2.4810648555414065,3.287892829030681,in_sample
2022-08-23 00:00:00+00:00,15.410524626809213,19.66530618072721,8.924002260082647,11.131793427310496,2.489285876717956,3.3024187621266075,in_sample
2022-08-24 00:00:00+00:00,15.362858307858987,19.57537870744623,8.905073169969642,11.103853440615728,2.484754740432181,3.294403767612798,in_sample
2022-08-25 00:00:00+00:00,15.402314575019291,19.623614111422388,8.921391583441292,11.127469191815562,2.4885285465375775,3.301075085227937,in_sample
2022-08-26 00:00:00+00:00,14.869255156770702,18.966671370908433,8.710669079031588,10.815726832191203,2.437354135950759,3.210563460316414,in_sample
2022-08-27 00:00:00+00:00,14.875858718381016,18.962653305030944,8.712751780720682,10.819199784192122,2.437833652264914,3.211405639975711,in_sample
2022-08-28 00:00:00+00:00,14.651462064266665,18.66010793844009,8.627323231681734,10.690269017948262,2.4172054189800627,3.1751736765945293,in_sample
2022-08-29 00:00:00+00:00,14.87549307485272,18.926065450577937,8.71306977062436,10.819403700289715,2.43826949252338,3.212065916595554,in_sample
2022-08-30 00:00:00+00:00,14.759757580866502,18.79557135052099,8.669006193785094,10.752903092194586,2.426953972329746,3.1921905107779063,in_sample
2022-08-31 00:00:00+00:00,14.729814862012507,18.75606730973326,8.657574918646716,10.735669935729247,2.4240899569244387,3.1871677632495072,in_sample
2022-09-01 00:00:00+00:00,14.764920624390152,18.805129018723843,8.671027955377008,10.75591383895044,2.427584023910157,3.193293046198244,in_sample
2022-09-02 00:00:00+00:00,14.835456365621512,18.905383996206147,8.698932527364967,10.79723573630729,2.4345840602434197,3.2055703650612117,in_sample
2022-09-03 00:00:00+00:00,14.880790802576914,18.96367873363131,8.712038291990526,10.820193720220285,2.439097036200215,3.213493230803292,in_sample
2022-09-04 00:00:00+00:00,15.004251797570262,19.1030183313159,8.749881322508474,10.884302561300357,2.451213170048843,3.23477712591049,in_sample
2022-09-05 00:00:00+00:00,15.024140483622183,19.139026581948347,8.755463621924845,10.894239996019094,2.4531279112464595,3.2381462119362827,in_sample
2022-09-06 00:00:00+00:00,14.701387516478361,18.77333225255204,8.656368626640935,10.72664560359438,2.4221742543346862,3.1836674835531356,in_sample
2022-09-07 00:00:00+00:00,14.950979056590924,19.08133068686454,8.734675425602394,10.857710783844352,2.4465180082719002,3.226330209792494,in_sample
2022-09-08 00:00:00+00:00,14.773729408197037,18.86365464393524,8.660566105373087,10.750948513530638,2.4300178980364513,3.1973176545677253,in_sample
2022-09-09 00:00:00+00:00,14.957566199447067,19.077349398470954,8.71524397283891,10.845185461233745,2.446254040062668,3.225801452202543,in_sample
2022-09-10 00:00:00+00:00,15.022608991747331,19.171539136926256,8.733741775371472,10.877860640971885,2.4528696753422037,3.237433237259733,in_sample
2022-09-11 00:00:00+00:00,14.967754456742552,19.11783841301238,8.711418107029836,10.845290134087177,2.4473738171055097,3.227761586511712,in_sample
2022-09-12 00:00:00+00:00,15.000663841480698,19.21964054525779,8.724825675122254,10.864843347486943,2.4507329808344522,3.2336686419691723,in_sample
2022-09-13 00:00:00+00:00,14.551069519147562,18.618776542314986,8.54177761206094,10.597820968635924,2.404898213785444,3.153031841971008,in_sample
2022-09-14 00:00:00+00:00,14.66688960103692,18.766134899520083,8.588510448842127,10.666351538339535,2.417068592422537,3.174307082728464,in_sample
2022-09-15 00:00:00+00:00,14.881932116820314,19.03256402418618,8.689712277647088,10.80431807534753,2.436774007522988,3.2088122619457256,in_sample
2022-09-16 00:00:00+00:00,14.974342142871196,19.129473153419745,8.730726556845909,10.861750996104746,2.444882486622421,3.223048891784829,in_sample
2022-09-17 00:00:00+00:00,14.78669183074776,18.906834639712443,8.63787273551369,10.737994841149547,2.4256722737804735,3.1892828761446936,in_sample
2022-09-18 00:00:00+00:00,15.104524434072845,19.30730201322098,8.79586492288656,10.948160843409408,2.45817033640961,3.24625430671609,in_sample
2022-09-19 00:00:00+00:00,15.230618452920769,19.46872264647152,8.829849358027449,11.01009949695102,2.4712001634774516,3.269197187773187,in_sample
2022-09-20 00:00:00+00:00,15.350970573421087,19.616969487119242,8.893333126878456,11.092395592413936,2.482954184275683,3.289930008101553,in_sample
2022-09-21 00:00:00+00:00,15.481456973726221,19.77106922272999,8.960598448004871,11.180449494488949,2.4957067266945776,3.3124596073180586,in_sample
2022-09-22 00:00:00+00:00,15.222189768781156,19.44546985544668,8.827114792602044,11.005622805364622,2.4704724060130494,3.2678028282280036,in_sample
2022-09-23 00:00:00+00:00,15.117940790290152,19.26257228542601,8.772425922736181,10.934562495803833,2.460235909749838,3.24974914135222,in_sample
2022-09-24 00:00:00+00:00,15.173019276353186,19.328276570614452,8.799925251392887,10.97106369450944,2.4653400551182694,3.2587386272589236,in_sample
2022-09-25 00:00:00+00:00,15.273353024625505,19.466030028354066,8.848914488764418,11.036728369189126,2.474550084992503,3.274970643634414,in_sample
2022-09-26 00:00:00+00:00,15.15784128073399,19.32962544169632,8.791719115262621,10.960538392559947,2.46389841969461,3.256174558173341,in_sample
2022-09-27 00:00:00+00:00,15.23227132806365,19.434585798628817,8.828504910086036,11.009582614287588,2.4706629963074214,3.268094228284947,in_sample
2022-09-28 00:00:00+00:00,15.213544103288026,19.406749120098134,8.819171348881449,10.99718470043144,2.4687563341173133,3.2647314862689547,in_sample
2022-09-29 00:00:00+00:00,15.178896763165797,19.366794285231894,8.80170129561955,10.974095989611845,2.465157207282776,3.258385412316708,in_sample
2022-09-30 00:00:00+00:00,15.280323867425212,19.502989111796715,8.851793571516371,11.04090153976043,2.4758076859138356,3.2771554737705904,in_sample
2022-10-01 00:00:00+00:00,15.32023389253188,19.560151547687234,8.871163446316952,11.066932548294199,2.4800773896586903,3.284691052605969,in_sample
2022-10-02 00:00:00+00:00,15.454351850455513,19.749897315536025,8.937083482699894,11.155027700686954,2.4943716646611818,3.3099334246921264,in_sample
2022-10-03 00:00:00+00:00,15.25025227649445,19.519188934638297,8.838171645963152,11.022024207699504,2.4725634420032527,3.2713485491868624,in_sample
2022-10-04 00:00:00+00:00,14.999258504562084,19.157074077427836,8.71294129013963,10.855758178852266,2.445596184281652,3.223776167194171,in_sample
2022-10-05 00:00:00+00:00,14.997515873827782,19.160559827644967,8.71191285968834,10.854484870697634,2.4452557238678243,3.2231777755899613,in_sample
2022-10-06 00:00:00+00:00,15.100863703227198,19.29500894817769,8.759918427880876,10.920291273693769,2.4574571462004533,3.2446219421634868,in_sample
2022-10-07 00:00:00+00:00,15.169257170270825,19.382853534892348,8.791545883215022,10.963731407031533,2.46592745220297,3.2595332585243013,in_sample
2022-10-08 00:00:00+00:00,15.251697572436452,19.48686124211069,8.829090820591205,11.015658103462993,2.476029003386862,3.2773366165899334,in_sample
2022-10-09 00:00:00+00:00,15.16662096398648,19.393329541352376,8.790374878796552,10.9620967247269,2.4647529734447553,3.2574362865219193,in_sample
2022-10-10 00:00:00+00:00,15.365374642463646,19.645517357605808,8.8864634383088,11.09145535686662,2.494503401780162,3.309860809841123,in_sample
2022-10-11 00:00:00+00:00,15.482626382064701,19.77903509910122,8.941683651740158,11.166663680736214,2.5124241050977782,3.341565200945414,in_sample
2022-10-12 00:00:00+00:00,15.433327221553107,19.721907533105256,8.916141109269653,11.133302091163598,2.505143499144841,3.328654100761456,in_sample
2022-10-13 00:00:00+00:00,15.47759208866016,19.768027046820755,8.939086144629057,11.163265258791231,2.5114489386301235,3.3398250520499833,in_sample
2022-10-14 00:00:00+00:00,15.53254889199633,19.83443945313912,8.968256000904608,11.200977023571436,2.5204880911639216,3.355852553209345,in_sample
2022-10-15 00:00:00+00:00,15.538572986784821,19.87699689403258,8.971508572182989,11.205152079590901,2.5215120018057995,3.3576702398464953,in_sample
2022-10-16 00:00:00+00:00,15.491211432833042,19.826079216055696,8.944193501925207,11.171021328137627,2.5134192442243166,3.3433017121429174,in_sample
2022-10-17 00:00:00+00:00,15.330610874682383,19.621643553189898,8.869712397269922,11.068881663689174,2.4856329966945987,3.294020739405026,in_sample
2022-10-18 00:00:00+00:00,15.428804216123439,19.74338361678742,8.914851807814664,11.131039168033853,2.5029220881510787,3.3245699668513664,in_sample
2022-10-19 00:00:00+00:00,15.548683828106332,19.902010695666394,8.966639139521645,11.204430645102024,2.523100192587455,3.3603060745604285,in_sample
2022-10-20 00:00:00+00:00,15.509105882238876,19.85656319119063,8.948538736453886,11.179452030908658,2.516481095522728,3.3485521790208312,in_sample
2022-10-21 00:00:00+00:00,15.493261245628943,19.817277848127475,8.94249970619,11.17035675209982,2.5138666897962256,3.343913705077779,in_sample
2022-10-22 00:00:00+00:00,15.518233731658176,19.85068885879337,8.95186866276636,11.184580468015637,2.5179858292026305,3.351219341328692,in_sample
2022-10-23 00:00:00+00:00,15.690304460451008,20.068814423579493,9.016388277850929,11.282554616817983,2.54636409051651,3.4015779928537317,in_sample
2022-10-24 00:00:00+00:00,15.605776054915276,19.946909066242565,8.984815174704316,11.23453642060762,2.531825700146668,3.375683047760451,in_sample
2022-10-25 00:00:00+00:00,15.868679250797747,20.33223536570463,9.083201105663155,11.384054167106445,2.5783386865447993,3.4591643973587156,in_sample
2022-10-26 00:00:00+00:00,16.091910739819212,20.68292061826358,9.166256330947126,11.510568205540373,2.625490818294054,3.532156711998285,in_sample
2022-10-27 00:00:00+00:00,15.999145305946103,20.62269175511254,9.131909717699488,11.458147553445535,2.6078728229309998,3.5014574627840918,in_sample
2022-10-28 00:00:00+00:00,16.24182952782307,20.985500822066193,9.221946449981903,11.595452524447923,2.650894832336553,3.578475398409618,in_sample
2022-10-29 00:00:00+00:00,16.66280202384002,21.78568060986786,9.37731200012184,11.832881417591254,2.7229190803200543,3.708110617608783,in_sample
2022-10-30 00:00:00+00:00,16.68687759493764,21.79530031925007,9.385586325339116,11.845984842467448,2.7264707819965555,3.714559629280313,in_sample
2022-10-31 00:00:00+00:00,16.80826555067364,22.009019100383366,9.433513372360757,11.91674865287978,2.743461332076633,3.745423661431798,in_sample
2022-11-01 00:00:00+00:00,16.828693114464837,22.115207815001973,9.440965503703234,11.9281900364431,2.746382489653856,3.750741018538593,in_sample
2022-11-02 00:00:00+00:00,16.635481012550013,21.801617118267608,9.370510198301048,11.820000421473548,2.718684126201685,3.700304058482802,in_sample
2022-11-03 00:00:00+00:00,16.517803283246693,21.577307064310475,9.327424264379657,11.753945755603532,2.701377488086022,3.6688967941419937,in_sample
2022-11-04 00:00:00+00:00,16.961177508886557,22.144643906554403,9.489044572413778,12.002345890146563,2.761211214830502,3.7772483144077658,in_sample
2022-11-05 00:00:00+00:00,17.086524129850194,22.347054603072678,9.542820266723828,12.078637167653762,2.7773006778364326,3.806594806359056,in_sample
2022-11-06 00:00:00+00:00,16.676801633178194,21.77635908737637,9.348314825010139,11.815067508980274,2.730190362624015,3.720501676366746,in_sample
2022-11-07 00:00:00+00:00,16.601459804794356,21.614341287385294,9.312121124622319,11.766269932476227,2.7211622894701804,3.704097955091222,in_sample
2022-11-08 00:00:00+00:00,15.98525727517881,20.777068068228647,9.02952298248012,11.377331709655051,2.656777149960624,3.587241583572591,in_sample
2022-11-09 00:00:00+00:00,14.797905482707339,19.18259172308074,8.45771725214937,10.60700768229624,2.5321967810718733,3.362959879563324,in_sample
2022-11-10 00:00:00+00:00,15.79348324807601,20.600067284263083,8.827580738147821,11.17076853373323,2.618569874788447,3.515907049658925,in_sample
2022-11-11 00:00:00+00:00,15.397453655770692,20.047635294417656,8.681757232401953,10.948004975637117,2.596240395429102,3.475931858289207,in_sample
2022-11-12 00:00:00+00:00,15.596003175541528,20.3061902595578,8.780342263281824,11.079066142200846,2.605720293862728,3.4928545238671207,in_sample
2022-11-13 00:00:00+00:00,16.020303504039052,20.867495196495483,8.993963165032843,11.361360237506918,2.6254392596976763,3.5280977432742087,in_sample
2022-11-14 00:00:00+00:00,16.083686528659594,20.931145491377805,9.026156323504852,11.403740593747987,2.628310375967854,3.5332420653381966,in_sample
2022-11-15 00:00:00+00:00,15.932330617169216,20.736864333482377,8.949936427645126,11.303036316162322,2.6215765741313564,3.5211723838039255,in_sample
2022-11-16 00:00:00+00:00,16.061606512053714,20.893427225980975,9.016383462864924,11.390072020798426,2.6274041950312457,3.531608881179056,in_sample
2022-11-17 00:00:00+00:00,16.1167186077967,20.98975790503233,9.043210283690533,11.42603870867775,2.6298808663466957,3.536047550813491,in_sample
2022-11-18 00:00:00+00:00,16.156701536246622,21.053427896568643,9.0625246872117,11.452019333525422,2.6316675592803067,3.5392506521416647,in_sample
2022-11-19 00:00:00+00:00,16.176488327093704,21.11924743446037,9.072279471246508,11.465025440645354,2.6325424246890137,3.5408194257543673,in_sample
2022-11-20 00:00:00+00:00,16.471757166496218,21.52420725930996,9.217670207943042,11.658975588453096,2.64613434001168,3.5651946038363893,in_sample
2022-11-21 00:00:00+00:00,16.718582957979347,21.879210185924382,9.33663327853122,11.819140806032408,2.6573435444438207,3.5853311451804903,in_sample
2022-11-22 00:00:00+00:00,16.481195095867974,21.577322296535094,9.216454171877583,11.660732574030677,2.646772027963183,3.5663134624679587,in_sample
2022-11-23 00:00:00+00:00,16.013571431223657,20.938457954687856,8.986865871406943,11.354105631216699,2.625899574515217,3.5288148485892257,in_sample
2022-11-24 00:00:00+00:00,16.000120449220223,20.928460275031565,8.979778308487555,11.344918067095536,2.62527192844145,3.5276902324481445,in_sample
2022-11-25 00:00:00+00:00,15.983623625955666,20.856276604647867,8.971895806728385,11.334264043472556,2.6245208788835077,3.526344609207654,in_sample
2022-11-26 00:00:00+00:00,15.965095727679474,20.848300944149415,8.962821388341256,11.32213039322784,2.6236727550005567,3.5248252070154815,in_sample
2022-11-27 00:00:00+00:00,15.898457502709608,20.67614146377448,8.929879331784774,11.27825889555715,2.6206069155216243,3.5193333898644252,in_sample
2022-11-28 00:00:00+00:00,16.102009053523457,20.979577499482637,9.031754743046625,11.413218099815975,2.630115395672738,3.5363592228165692,in_sample
2022-11-29 00:00:00+00:00,15.991432088177206,20.816351307720147,8.97625818388368,11.339789179717966,2.624966262543485,3.5271281021536485,in_sample
2022-11-30 00:00:00+00:00,15.669222859320524,20.39869270195938,8.82006505665609,11.130003495850525,2.609095424546911,3.4986942237193643,in_sample
2022-12-01 00:00:00+00:00,15.74725784677263,20.556381559473966,8.857076434919378,11.180197807046405,2.613796386259881,3.5070992964437298,in_sample
2022-12-02 00:00:00+00:00,15.629741250213605,20.40308569248982,8.802921670103744,11.105808747688178,2.6029071909182946,3.4876183149247564,in_sample
2022-12-03 00:00:00+00:00,15.769785963141596,20.578698480868166,8.867186081989145,11.194258376989481,2.616796359552598,3.5124316564976383,in_sample
2022-12-04 00:00:00+00:00,15.618337111802356,20.343993452661636,8.799713951347162,11.100148135137346,2.6014331178201613,3.4849362872532583,in_sample
2022-12-05 00:00:00+00:00,15.594421771079714,20.344142733661176,8.788316576682774,11.084723226175672,2.598713549437048,3.4800786967817827,in_sample
2022-12-06 00:00:00+00:00,15.504672424056817,20.24141699746617,8.74758876218488,11.028383162708204,2.588633020598713,3.46207951731845,in_sample
2022-12-07 00:00:00+00:00,15.71251368760097,20.523688400659065,8.84327472560395,11.159898406975982,2.6122556432391764,3.5042038855792836,in_sample
2022-12-08 00:00:00+00:00,15.598405854786439,20.380129166854086,8.789790572245858,11.08698306272774,2.5990792532912583,3.480636637877524,in_sample
2022-12-09 00:00:00+00:00,15.642960086832673,20.442078998916028,8.810898459672197,11.115624938818089,2.6040100977882523,3.489441026580526,in_sample
2022-12-10 00:00:00+00:00,15.630916002355399,20.44409060393233,8.805020304236729,11.107752162432805,2.602677833876427,3.4870606690152943,in_sample
2022-12-11 00:00:00+00:00,15.751641282047819,20.627776990724385,8.863367449704018,11.186232248853424,2.615826175823228,3.5105488192932808,in_sample
2022-12-12 00:00:00+00:00,15.79273322032531,20.69696539279493,8.882770346677043,11.212597781710068,2.620644138087441,3.5191700301338464,in_sample
2022-12-13 00:00:00+00:00,15.647529485896928,20.480009659572257,8.814514465819899,11.119665743191245,2.602435374220133,3.4865674928892534,in_sample
2022-12-14 00:00:00+00:00,15.648656713433676,20.462369214693766,8.814927206772687,11.120298569658502,2.602117454301193,3.4859995893192877,in_sample
2022-12-15 00:00:00+00:00,15.516116396256328,20.259930872525068,8.766398018291566,11.045891452041268,2.580916184455231,3.448129088711456,in_sample
2022-12-16 00:00:00+00:00,14.979463562867652,19.55840158482191,8.569316935645674,10.744078231065894,2.4950394822440827,3.2951529444412646,in_sample
2022-12-17 00:00:00+00:00,15.07257735807987,19.698558248553905,8.603940942859856,10.796839352837894,2.5090818559003623,3.3198802853536233,in_sample
2022-12-18 00:00:00+00:00,15.07263151405739,19.682662811063196,8.603961037010562,10.796869999459673,2.5090610264452757,3.319843538154838,in_sample
2022-12-19 00:00:00+00:00,14.757971695852277,19.265457099013464,8.48621904072038,10.618060113089197,2.4727396668772776,3.255765792422921,in_sample
2022-12-20 00:00:00+00:00,14.71833127408212,19.192202800083443,8.4685269845157,10.593370013502753,2.4678233275810286,3.247134907137216,in_sample
2022-12-21 00:00:00+00:00,14.728431850784546,19.20939224588211,8.472736503705477,10.599437367914236,2.4688933285553594,3.2490121012218918,in_sample
2022-12-22 00:00:00+00:00,14.664661770286745,19.10753973770055,8.445423558239959,10.560579120340389,2.4609969740954307,3.2351568509637487,in_sample
2022-12-23 00:00:00+00:00,14.70810354310598,19.162017392012533,8.464334937569014,10.587281387158594,2.466424185978533,3.2446694627982025,in_sample
2022-12-24 00:00:00+00:00,14.707901856043335,19.173062815929246,8.46423786952627,10.587150467036242,2.4663514492396748,3.2445418790804523,in_sample
2022-12-25 00:00:00+00:00,14.743381993756175,19.21778631316321,8.478401976499367,10.607996257944919,2.470910226445589,3.252538113662265,in_sample
2022-12-26 00:00:00+00:00,14.722373399391865,19.201768633403557,8.466427496788025,10.592960580103867,2.4681675202381665,3.2477243645270986,in_sample
2022-12-27 00:00:00+00:00,14.8572118165174,19.374019997415438,8.527169056553555,10.67736675517822,2.485590088539535,3.278291549345268,in_sample
2022-12-28 00:00:00+00:00,15.046772832454838,19.65699928425232,8.612270205096383,10.795795219354636,2.51004338095034,3.3212940928103025,in_sample
2022-12-29 00:00:00+00:00,15.064709846821927,19.690664968691728,8.619447627754836,10.806341313308332,2.5123359686987636,3.3253388346682202,in_sample
2022-12-30 00:00:00+00:00,15.091059536515212,19.734943139719125,8.633368242891583,10.824373364188423,2.515663075222684,3.331210531590349,in_sample
2022-12-31 00:00:00+00:00,15.11798529096558,19.745185867649678,8.647587749246771,10.842795493228763,2.5190724366749064,3.3372300450339427,in_sample
2023-01-01 00:00:00+00:00,15.08892640906354,19.72196258993122,8.632244559565908,10.822916091771225,2.5153639831618047,3.3306795056082112,in_sample
2023-01-02 00:00:00+00:00,14.855321524475329,19.394144921828897,8.507880418467101,10.662337479486684,2.4852406043602655,3.2774963103407315,in_sample
2023-01-03 00:00:00+00:00,14.702877533799487,19.14044381120431,8.437332643023314,10.56552350970445,2.4653480880639207,3.2425177258928644,in_sample
2023-01-04 00:00:00+00:00,14.412567366309828,18.75657061346234,8.286148629798898,10.368485722535297,2.428869218486772,3.17854656671681,in_sample
2023-01-05 00:00:00+00:00,14.47845852964165,18.855275238070536,8.320267551637114,10.41306259186603,2.4369989588466288,3.19273191031206,in_sample
2023-01-06 00:00:00+00:00,14.37827017244427,18.740377019460194,8.268870941485444,10.345645342817894,2.4246855176998543,3.1712226594457613,in_sample
2023-01-07 00:00:00+00:00,14.400531848125103,18.780109537486272,8.277740649236028,10.358710981780362,2.4280803551750316,3.177142759432793,in_sample
2023-01-08 00:00:00+00:00,14.176749965492046,18.487705575735664,8.169019999799904,10.212690530271564,2.393133361457296,3.1161719117875992,in_sample
2023-01-09 00:00:00+00:00,14.049981772571979,18.27849219621017,8.104638583869844,10.127869111180281,2.3732990205974716,3.0817360451971596,in_sample
2023-01-10 00:00:00+00:00,13.942157897586293,18.132330639476805,8.06480028943079,10.066909278024523,2.3558505225752118,3.051526807719104,in_sample
2023-01-11 00:00:00+00:00,14.211917307620695,18.565949102429666,8.146135366444213,10.205737031877769,2.398840376592262,3.1257729965078904,in_sample
2023-01-12 00:00:00+00:00,14.285938530438434,18.630767898685175,8.170445363908215,10.24527302162608,2.4103246319875002,3.1457255123149546,in_sample
2023-01-13 00:00:00+00:00,14.575492002144282,19.01705708590112,8.279669878107915,10.410512031219277,2.450061886883666,3.2148738723089125,in_sample
2023-01-14 00:00:00+00:00,15.08003641447011,19.763893528662575,8.48029588926425,10.70601518491758,2.5183993473019894,3.3344334731908063,in_sample
2023-01-15 00:00:00+00:00,14.974739541067734,19.607202819468338,8.438846118674386,10.644715986854601,2.5053495740936547,3.311395771009042,in_sample
2023-01-16 00:00:00+00:00,14.889943667687366,19.509409384496518,8.405396085871134,10.59528908704489,2.4970073966053894,3.2966942956586984,in_sample
2023-01-17 00:00:00+00:00,14.89454249700943,19.508175781346967,8.407213318225546,10.59797245914607,2.497449820124919,3.297473113318634,in_sample
2023-01-18 00:00:00+00:00,14.673319555177677,19.21078873663604,8.318606904050183,10.467992075324089,2.4757229286985263,3.2592240483526016,in_sample
2023-01-19 00:00:00+00:00,14.939342111628246,19.538173197931297,8.446798517845618,10.640693080171857,2.5025796578189707,3.3063656173301714,in_sample
2023-01-20 00:00:00+00:00,15.382239770672289,20.12778529460401,8.659653084848257,10.927760047294385,2.545698694124818,3.382323132421253,in_sample
2023-01-21 00:00:00+00:00,15.278097631681783,19.96614739090826,8.609819017292141,10.860434567154508,2.536009177391939,3.3651579291900218,in_sample
2023-01-22 00:00:00+00:00,15.286207088693963,19.988536015746753,8.613703520131017,10.865680359447177,2.53667734265942,3.366340091919252,in_sample
2023-01-23 00:00:00+00:00,15.33242983603056,20.06548573446114,8.634615417138512,10.894650183392613,2.540464160451543,3.3730405717635152,in_sample
2023-01-24 00:00:00+00:00,14.962090358291448,19.557877898714597,8.487392646711601,10.677936217715969,2.508903282942482,3.3171683040229616,in_sample
2023-01-25 00:00:00+00:00,15.246031686703127,19.947902176470897,8.624300876937255,10.862337973272318,2.5337660484057682,3.3609983329209236,in_sample
2023-01-26 00:00:00+00:00,15.217821319353488,19.877015066876588,8.610736659326994,10.844047850227385,2.531338456100667,3.356704785405969,in_sample
2023-01-27 00:00:00+00:00,15.421853697783273,20.204358615496854,8.708867573549295,10.976353816614687,2.54815228799236,3.3864329685789656,in_sample
2023-01-28 00:00:00+00:00,15.414075787113328,20.193517210316287,8.70513415238941,10.971316191304672,2.5474978184185453,3.3852732695284584,in_sample
2023-01-29 00:00:00+00:00,15.632651891280178,20.478596928340245,8.810059299068612,11.112890782039553,2.5653118970610915,3.416836541176886,in_sample
2023-01-30 00:00:00+00:00,15.369658173635838,20.14972818481528,8.68407672590914,10.942760682706973,2.543101066689279,3.377391940873776,in_sample
2023-01-31 00:00:00+00:00,15.384902162904496,20.217162437587383,8.691397837106543,10.952637174774932,2.5443643426140867,3.3796288832606027,in_sample
2023-02-01 00:00:00+00:00,15.556709233700161,20.419375237396142,8.773898008348871,11.063940051219015,2.5585425859838726,3.404739123962056,in_sample
2023-02-02 00:00:00+00:00,15.500258625702955,20.310992530737952,8.746835852131202,11.027405641444325,2.553788493033583,3.396303880994451,in_sample
2023-02-03 00:00:00+00:00,15.590379647694434,20.411671097190297,8.79006304816952,11.085750407953768,2.561311025832768,3.4096429169198212,in_sample
2023-02-04 00:00:00+00:00,15.535911654449286,20.352458423227148,8.76395973704313,11.05050592265551,2.5564619962317243,3.4010361478257236,in_sample
2023-02-05 00:00:00+00:00,15.345981759730673,20.101013308192936,8.672889622258888,10.927569622515865,2.5377952078765547,3.3679245417319246,in_sample
2023-02-06 00:00:00+00:00,15.145037301206598,19.82011284470398,8.576359223237855,10.797359025266635,2.5177780735978,3.33250471611147,in_sample
2023-02-07 00:00:00+00:00,15.466554729333554,20.189426420498823,8.731118275296403,11.005948843973941,2.5492097362825676,3.387974875948359,in_sample
2023-02-08 00:00:00+00:00,15.428508705045779,20.140467971015386,8.71286232287465,10.981312027956173,2.5456060110613037,3.381588933232758,in_sample
2023-02-09 00:00:00+00:00,14.942303837829172,19.499280853840112,8.479476146200506,10.666398747144394,2.500314072688309,3.3013677118281026,in_sample
2023-02-10 00:00:00+00:00,14.93120321501357,19.457400298922277,8.474121660889185,10.659187855154382,2.4992055321789177,3.2994161170878344,in_sample
2023-02-11 00:00:00+00:00,15.05149984206799,19.6020084772323,8.53215429246066,10.737336986082486,2.510708692689317,3.3196645321390883,in_sample
2023-02-12 00:00:00+00:00,15.02070650561371,19.573515214565347,8.516101170138821,10.716428844786465,2.507745342571305,3.314440334784389,in_sample
2023-02-13 00:00:00+00:00,14.85984773765788,19.41407381664159,8.452261118470638,10.622322627946676,2.4924923267704915,3.2875608320751373,in_sample
2023-02-14 00:00:00+00:00,14.95226800154509,19.529036044933108,8.489059082471515,10.676496039391752,2.501218329663164,3.302906791898784,in_sample
2023-02-15 00:00:00+00:00,15.31989697328529,20.004524748569068,8.635162459086073,10.891747076457323,2.538537633479159,3.368614600812521,in_sample
2023-02-16 00:00:00+00:00,14.985474359058943,19.555657497602102,8.503212777817932,10.696784528049509,2.5027427599602494,3.305282004922249,in_sample
2023-02-17 00:00:00+00:00,15.184278577802825,19.788033714756367,8.582178059317988,10.813149481802585,2.522055708001451,3.3392898892022913,in_sample
2023-02-18 00:00:00+00:00,15.314655985315904,19.94781248992748,8.633760719917856,10.889282708626462,2.534190869198643,3.360713059177514,in_sample
2023-02-19 00:00:00+00:00,15.005612338667527,19.55745463377503,8.511802627629535,10.709094777175288,2.506182901037847,3.311189431207177,in_sample
2023-02-20 00:00:00+00:00,15.059282154389848,19.409370018156938,8.533113241800123,10.74050297344366,2.5111556334781073,3.31994945112623,in_sample
2023-02-21 00:00:00+00:00,15.00970305265121,19.39867800502199,8.5134479709288,10.7115073229849,2.506617714288142,3.3119501262347315,in_sample
2023-02-22 00:00:00+00:00,14.877876757790327,19.22704828064289,8.461108000644701,10.634364702600934,2.4945418440827494,3.290675944895648,in_sample
2023-02-23 00:00:00+00:00,14.956968358496583,19.312819895977213,8.492593797340682,10.680721647965035,2.501938063767004,3.3036849133926753,in_sample
2023-02-24 00:00:00+00:00,14.733593998869463,19.038212541601325,8.403811140393788,10.54992271685452,2.4811989460658057,3.2671716139582543,in_sample
2023-02-25 00:00:00+00:00,14.605904358740558,18.863542909108407,8.352828621517718,10.474948818098442,2.469226018672729,3.2461508040648934,in_sample
2023-02-26 00:00:00+00:00,14.798856895276478,19.109574699088025,8.430070646463955,10.588420580874141,2.486970574119704,3.277254479195686,in_sample
2023-02-27 00:00:00+00:00,14.753184999621313,19.044615146491882,8.411858961821089,10.561624831746844,2.4827476583150245,3.26983470517816,in_sample
2023-02-28 00:00:00+00:00,14.584594548279616,18.842744397417864,8.344571025736592,10.462657519955396,2.4672838476929986,3.242679788338689,in_sample
2023-03-01 00:00:00+00:00,14.741799010751377,19.02624434501442,8.407532163176587,10.555132952558266,2.482723119907734,3.269734973472303,in_sample
2023-03-02 00:00:00+00:00,14.599039805352719,18.86517859440932,8.35053933434529,10.4713161292852,2.4687421717733016,3.2451845139595754,in_sample
2023-03-03 00:00:00+00:00,14.357640370159578,18.60135058118903,8.253884290313492,10.329336159157478,2.4423746756493077,3.1989707558918323,in_sample
2023-03-04 00:00:00+00:00,14.297819708285271,18.53077830074092,8.229811603856273,10.294045935829503,2.435865262736536,3.187602900526264,in_sample
2023-03-05 00:00:00+00:00,14.302689170077722,18.54640269314846,8.231773604202282,10.296920758760937,2.436381406230601,3.1885034760624342,in_sample
2023-03-06 00:00:00+00:00,14.32447062613206,18.559380643713197,8.240548877789925,10.309779262358035,2.4386756128090004,3.1925067275683072,in_sample
2023-03-07 00:00:00+00:00,14.27067799222251,18.498558813730003,8.21888688493892,10.278031914708064,2.4328933756933324,3.1824139100869906,in_sample
2023-03-08 00:00:00+00:00,13.998633707842082,18.143922081135393,8.10921228913031,10.117367826593131,2.4031686844922358,3.1305709636340096,in_sample
2023-03-09 00:00:00+00:00,13.740327022448655,17.818542112344907,8.004468879602536,9.964283267182303,2.370396228473684,3.0736480629761065,in_sample
2023-03-10 00:00:00+00:00,13.758606301888966,17.891252874805918,8.010522735207141,9.974107262199395,2.3727346588570657,3.0776909943825093,in_sample
2023-03-11 00:00:00+00:00,13.764977312226447,17.916285043649765,8.01227197566692,9.977261506264307,2.3735156283749,3.0790416625341037,in_sample
2023-03-12 00:00:00+00:00,14.098181214998402,18.34802273453216,8.1147360988819,10.150423827318154,2.4196095512774347,3.158768746027104,in_sample
2023-03-13 00:00:00+00:00,14.077950404453935,18.34549863647062,8.10630685896384,10.138271211909585,2.417012223455794,3.1542477091835885,in_sample
2023-03-14 00:00:00+00:00,14.115057630496986,18.398248316246338,8.121263708977057,10.160183958495919,2.421425169710848,3.1619263494931267,in_sample
2023-03-15 00:00:00+00:00,13.826213703266427,18.01818637874945,8.00493089365115,9.98969509755884,2.387154423236856,3.102258141063155,in_sample
2023-03-16 00:00:00+00:00,13.91272045360312,18.140913053282922,8.039990122533252,10.040947333651706,2.3974326915560766,3.1200678206598904,in_sample
2023-03-17 00:00:00+00:00,14.262865994721881,18.580693130902386,8.181631485270499,10.248164190940914,2.4373491750124825,3.189331988664763,in_sample
2023-03-18 00:00:00+00:00,14.229279607548147,18.525985791129163,8.168145134770175,10.228375529631135,2.4333462203753378,3.1823480344551083,in_sample
2023-03-19 00:00:00+00:00,14.461969858444004,18.76780541766039,8.261646243415806,10.36553183928206,2.457003187709878,3.2235997083122054,in_sample
2023-03-20 00:00:00+00:00,14.441418742755541,18.74194179754454,8.253428121363884,10.353453328415902,2.4547880256940076,3.2197246377037265,in_sample
2023-03-21 00:00:00+00:00,14.475314319193219,18.841871460764594,8.266988305174122,10.373379884486987,2.4581468988597135,3.2255986800912835,in_sample
2023-03-22 00:00:00+00:00,14.289756190414339,18.623455534204872,8.192806509000086,10.264339815802673,2.4392831211402917,3.192594427149618,in_sample
2023-03-23 00:00:00+00:00,14.507084493788192,18.876358179823722,8.280027739392102,10.392347589533085,2.4618572717065863,3.231988573553254,in_sample
2023-03-24 00:00:00+00:00,14.375562234666054,18.70460964221812,8.227480615396127,10.315089024783056,2.4483979076655653,3.208428848252733,in_sample
2023-03-25 00:00:00+00:00,14.299259840525815,18.622584195134753,8.196911826439248,10.270193799127158,2.4404999550776028,3.1946293380527417,in_sample
2023-03-26 00:00:00+00:00,14.397108941844204,18.7386873361837,8.236175559340374,10.327822094629907,2.4505108952980383,3.212101847193424,in_sample
2023-03-27 00:00:00+00:00,14.19877956878619,18.502907011269926,8.156754553416574,10.211158769981019,2.430353188884083,3.1768718570545316,in_sample
2023-03-28 00:00:00+00:00,14.285611404551783,18.61082736829682,8.19075250517885,10.261673591845907,2.4391347347685657,3.192177092584054,in_sample
2023-03-29 00:00:00+00:00,14.229651910798905,18.539712187641243,8.17154389165975,10.231155659267305,2.433540489910843,3.1824152591324473,in_sample
2023-03-30 00:00:00+00:00,14.217799355136915,18.51418650929071,8.166734299828862,10.224133751750884,2.432212824479222,3.1801002875941315,in_sample
2023-03-31 00:00:00+00:00,14.24523248603621,18.575304976983603,8.177764654093231,10.240310207324702,2.4352584922826774,3.185409871777557,in_sample
2023-04-01 00:00:00+00:00,14.224981751600703,18.582498093830864,8.16962691269,10.22837312463727,2.433012672523463,3.181493049283405,in_sample
2023-04-02 00:00:00+00:00,14.171291415702683,18.50881905663102,8.14804227978612,10.196716484604954,2.4268575725203605,3.170761548595027,in_sample
2023-04-03 00:00:00+00:00,14.292779820715664,18.748820551071756,8.196938660649257,10.268396748902074,2.44212276436367,3.197354117727367,in_sample
2023-04-04 00:00:00+00:00,14.38399609021939,18.859045054532924,8.233557563532242,10.32213358545268,2.4534931421310886,3.2172030375306786,in_sample
2023-04-05 00:00:00+00:00,14.334508976427493,18.786132796381604,8.213728685781433,10.29301328196998,2.447207142541831,3.2062128094213738,in_sample
2023-04-06 00:00:00+00:00,14.237495369067654,18.624594544124815,8.17481626710737,10.235890911918968,2.433848287762259,3.1828766394836023,in_sample
2023-04-07 00:00:00+00:00,14.313022773799476,18.690449727336368,8.205172439212534,10.28041658231514,2.4438771379268567,3.2003636746288793,in_sample
2023-04-08 00:00:00+00:00,14.29549578999782,18.643467892201308,8.19813909980595,10.270093713962083,2.440983446083968,3.195311120436292,in_sample
2023-04-09 00:00:00+00:00,14.251495616300758,18.529609737464387,8.180475936192865,10.244173210788993,2.4335457173257034,3.182329545352856,in_sample
2023-04-10 00:00:00+00:00,14.37539852009294,18.726643205226438,8.230260837730912,10.317204977446405,2.456222606545006,3.221868743402022,in_sample
2023-04-11 00:00:00+00:00,14.521960771672015,18.946978626715634,8.28899812354893,10.403458759370764,2.4829113038682133,3.2685460977420457,in_sample
2023-04-12 00:00:00+00:00,14.634202512854753,19.116143538951075,8.3338446919754,10.469394477139469,2.5026247114051547,3.3031475116428344,in_sample
2023-04-13 00:00:00+00:00,14.710030084959522,19.231453629251394,8.364072143462076,10.513877419507336,2.5162367444766947,3.32725995477942,in_sample
2023-04-14 00:00:00+00:00,14.710522701461116,19.207491754408103,8.364268213487373,10.514166136374385,2.5161994742004956,3.3274270920812485,in_sample
2023-04-15 00:00:00+00:00,14.764243653653436,19.257437061076704,8.385649881790913,10.545651178939496,2.5273217007263864,3.3456541009406324,in_sample
2023-04-16 00:00:00+00:00,14.864878646698886,19.432905873438177,8.425660253207994,10.604593206551426,2.548858241364851,3.3798607171153794,in_sample
2023-04-17 00:00:00+00:00,14.62972346282105,19.067796308985226,8.332357346856806,10.467030391391019,2.496919594667052,3.2996590766608924,in_sample
2023-04-18 00:00:00+00:00,14.805861697414759,19.348944634848166,8.402581004998147,10.570367155930429,2.541336147606746,3.3592496894979536,in_sample
2023-04-19 00:00:00+00:00,14.450817504328143,18.88368753352206,8.260338059607802,10.36161213478233,2.4671796427383166,3.238417604230753,in_sample
2023-04-20 00:00:00+00:00,14.347778106768308,18.738655968961144,8.210273818017976,10.294379579438306,2.4461390471759112,3.202775791054261,in_sample
2023-04-21 00:00:00+00:00,14.199858995709974,18.523973380533274,8.137598895518241,10.197253730897435,2.42390979936348,3.163968895575883,in_sample
2023-04-22 00:00:00+00:00,14.287176330614566,18.62294014617264,8.176090395631581,10.251275886445324,2.4368437605975264,3.1864794422702376,in_sample
2023-04-23 00:00:00+00:00,14.337835493741865,18.71892721897832,8.196836849805576,10.28142267330945,2.444086749831217,3.1991076004185905,in_sample
2023-04-24 00:00:00+00:00,14.364148030640429,18.769626480867277,8.20462234455624,10.294829267679473,2.447761543506792,3.205520935448979,in_sample
2023-04-25 00:00:00+00:00,14.429137081367154,18.870167821982896,8.222431289895576,10.326867976929307,2.4569819636677708,3.221620679008864,in_sample
2023-04-26 00:00:00+00:00,14.498771102820589,18.99806291126268,8.248838688958605,10.366702319699222,2.466992605229762,3.2391220908185048,in_sample
2023-04-27 00:00:00+00:00,14.547447757040048,19.040104741302944,8.26196588995186,10.390522492924127,2.473915146154845,3.251241005801602,in_sample
2023-04-28 00:00:00+00:00,14.551845760796061,19.01096460001221,8.2645586520965,10.393735449787913,2.4745467024465557,3.252347668233024,in_sample
2023-04-29 00:00:00+00:00,14.575864072536133,19.045866875438225,8.27169586155067,10.405983104137231,2.4779933803635616,3.2583877212121233,in_sample
2023-04-30 00:00:00+00:00,14.599149035286741,19.074195552129446,8.278235073105813,10.417568419889482,2.481330586721725,3.2642386446820346,in_sample
2023-05-01 00:00:00+00:00,14.52257080689838,18.977553769953705,8.254444560894978,10.377747539066725,2.4702060066614937,3.2447258427830383,in_sample
2023-05-02 00:00:00+00:00,14.49591205938024,18.95604685977386,8.244595440402106,10.362697887971724,2.46624868272783,3.2377950139635283,in_sample
2023-05-03 00:00:00+00:00,14.515094832445442,18.972391461104085,8.251655641593272,10.373507580310006,2.4690829939247094,3.2427563512504216,in_sample
2023-05-04 00:00:00+00:00,14.563303327795252,19.02527470524752,8.269483380937164,10.40073605881159,2.4763995345305188,3.2555685348705743,in_sample
2023-05-05 00:00:00+00:00,14.547691988731561,18.999705637560226,8.263601716550358,10.391837862502864,2.474006685741538,3.251374228786285,in_sample
2023-05-06 00:00:00+00:00,14.549282168095658,19.016245262966976,8.26545998371391,10.393694337951773,2.4742405352428163,3.2517839998383753,in_sample
2023-05-07 00:00:00+00:00,14.467200228705313,18.895248220286103,8.240599713825496,10.351482454729508,2.4616595027910955,3.22973774661698,in_sample
2023-05-08 00:00:00+00:00,14.516830375542007,18.961904957293335,8.259119906404516,10.379645433725525,2.469162453449706,3.2428630728048042,in_sample
2023-05-09 00:00:00+00:00,14.47944045210328,18.91343528469977,8.2435578733524,10.357217253471113,2.4626514649319478,3.2314615039842,in_sample
2023-05-10 00:00:00+00:00,14.503382346993503,18.949964664774242,8.253177364948826,10.371319122394672,2.465955119447207,3.2387764689285756,in_sample
2023-05-11 00:00:00+00:00,14.593883551666446,19.05302152496425,8.299466720398433,10.43210755244318,2.4890364845701822,3.269091449781836,in_sample
2023-05-12 00:00:00+00:00,14.53986847086172,18.985947947198085,8.272108910711228,10.396030345965908,2.4752178009041113,3.2509420410045706,in_sample
2023-05-13 00:00:00+00:00,14.517414117695244,18.964703013561078,8.260074766171131,10.38053398903775,2.4694839717319117,3.243411250661582,in_sample
2023-05-14 00:00:00+00:00,14.520967968441544,18.972923430505567,8.261806662565467,10.382856344279785,2.4703907631258297,3.2446022271743695,in_sample
2023-05-15 00:00:00+00:00,14.560267808444564,19.02118693510304,8.282226268585768,10.409493645880097,2.480419636057729,3.2577741123419277,in_sample
2023-05-16 00:00:00+00:00,14.6498384347959,19.135377125612024,8.328759184563609,10.470199005206323,2.503307890244269,3.287835461994893,in_sample
2023-05-17 00:00:00+00:00,14.560150732336195,19.022430540613026,8.281822669129616,10.409156456264197,2.480319657211065,3.257642800489002,in_sample
2023-05-18 00:00:00+00:00,14.664067880974299,19.170576035819263,8.332546904461024,10.477125098625866,2.506873064990971,3.2925179495171415,in_sample
2023-05-19 00:00:00+00:00,14.685312480994964,19.2011906320329,8.342327985157779,10.49057568568508,2.512320821643552,3.299673013255197,in_sample
2023-05-20 00:00:00+00:00,14.701559617950156,19.21950253341522,8.350184942340876,10.501146326616682,2.5164900915025465,3.3051489170968495,in_sample
2023-05-21 00:00:00+00:00,14.77607289776976,19.31122871767063,8.386010075311676,10.549467993907994,2.535621932126017,3.330276606862947,in_sample
2023-05-22 00:00:00+00:00,14.762764014697137,19.295603519621384,8.379285529370634,10.540591586944949,2.5321961610116768,3.325777211563511,in_sample
2023-05-23 00:00:00+00:00,14.735586291490995,19.2722582376775,8.365279248431335,10.522258255700416,2.5252036364784205,3.3165932553194923,in_sample
2023-05-24 00:00:00+00:00,14.943078871156189,19.607954499212816,8.464872004246102,10.656687638318406,2.578539927924327,3.386644946168449,in_sample
2023-05-25 00:00:00+00:00,14.995642304835444,19.661258399728986,8.486272068694122,10.687846646422203,2.592145247851305,3.404514123788202,in_sample
2023-05-26 00:00:00+00:00,14.877584246218222,19.498727829189708,8.435018052010673,10.615458791540354,2.5615339913214825,3.364309410997099,in_sample
2023-05-27 00:00:00+00:00,14.807687864404054,19.41858011727056,8.404098347468237,10.57216235206066,2.5434824762107993,3.3406006168232234,in_sample
2023-05-28 00:00:00+00:00,14.719095973314273,19.313366785561694,8.365409578912585,10.517660020232926,2.520656638248996,3.310621244412408,in_sample
2023-05-29 00:00:00+00:00,14.845128919611218,19.504765684480656,8.41801386885229,10.593366187107636,2.5529283597774217,3.353142267809125,in_sample
2023-05-30 00:00:00+00:00,14.801945578481709,19.43812129550885,8.401251136804154,10.568383373767077,2.541973669494023,3.3385112173961553,in_sample
2023-05-31 00:00:00+00:00,14.83305625285907,19.466945850632012,8.413266012677312,10.586336902556628,2.549414866222271,3.3490365231580443,in_sample
2023-06-01 00:00:00+00:00,14.842862594186917,19.471794633222675,8.416484235994625,10.591566089682242,2.5516693334412546,3.3523576656157084,in_sample
2023-06-02 00:00:00+00:00,14.753982953350933,19.345815562715526,8.379527704847808,10.53829265474224,2.530002246306817,3.322246592696017,in_sample
2023-06-03 00:00:00+00:00,14.803141497565479,19.39725428519658,8.400166223540753,10.567910891952142,2.542023128916001,3.338850597851952,in_sample
2023-06-04 00:00:00+00:00,14.856281529741967,19.445047981257474,8.420459576543658,10.59840363530588,2.554691392773821,3.3568292101855075,in_sample
2023-06-05 00:00:00+00:00,15.282348049653836,19.967817116201395,8.580587389158786,10.840912035539304,2.6560576480749583,3.50123605957029,in_sample
2023-06-06 00:00:00+00:00,15.190369108806486,19.816523237244336,8.545359887696376,10.788108677006633,2.632895198140884,3.46880148103705,in_sample
2023-06-07 00:00:00+00:00,15.305949857955573,19.971640531010113,8.596024003577625,10.859319193605662,2.6517018520460387,3.5018381417015116,in_sample
2023-06-08 00:00:00+00:00,15.24548130848384,19.895994415970378,8.571148295272373,10.823303394333681,2.6418558394179046,3.4845012793197068,in_sample
2023-06-09 00:00:00+00:00,15.330332589318267,20.018177798393314,8.607359104215455,10.874834294892823,2.6556129222521814,3.5086946623804605,in_sample
2023-06-10 00:00:00+00:00,15.777046414651036,20.57365818430743,8.801270243966156,11.148584351946292,2.7272160112404222,3.634834218356576,in_sample
2023-06-11 00:00:00+00:00,15.798214489959589,20.62821870997526,8.809734594782432,11.161000662381552,2.7301486997599476,3.6400458023986255,in_sample
2023-06-12 00:00:00+00:00,16.042344591366938,20.92813765748046,8.921940420836624,11.315280860948521,2.7618677655692037,3.696432890943236,in_sample
2023-06-13 00:00:00+00:00,15.9456503724892,20.815369645657295,8.876668198034231,11.253550015595954,2.7492591938835935,3.6739327844730045,in_sample
2023-06-14 00:00:00+00:00,16.167642708509653,21.07704398240006,8.992269407092813,11.404151197916905,2.7774510584146266,3.724164505360538,in_sample
2023-06-15 00:00:00+00:00,16.1531704702956,21.071999434330632,8.98452216057824,11.394172776618822,2.775568957325009,3.72079966763653,in_sample
2023-06-16 00:00:00+00:00,16.089252706676508,20.98221393691656,8.951261019426308,11.350829102141015,2.767605418060213,3.7065655966141002,in_sample
2023-06-17 00:00:00+00:00,16.04247725540192,20.923425669639478,8.92682051357246,11.319033861908768,2.761646684407686,3.695925140903799,in_sample
2023-06-18 00:00:00+00:00,16.038093626218796,20.928218210929405,8.924507803340637,11.316037202409982,2.7610616566779775,3.6948812136427858,in_sample
2023-06-19 00:00:00+00:00,16.013562397595802,20.89377531331383,8.911352684206609,11.29910557513036,2.757887484870064,3.689217600998923,in_sample
2023-06-20 00:00:00+00:00,15.849927248312753,20.67038668681397,8.827494117132266,11.189124619108568,2.736698012811897,3.6514241455846013,in_sample
2023-06-21 00:00:00+00:00,15.721642690786915,20.507558482079062,8.761273435631354,11.102537981785522,2.7198960296400436,3.6215335417692516,in_sample
2023-06-22 00:00:00+00:00,15.861532768506397,20.681486633437654,8.828792500307117,11.193391086339586,2.7373204793569372,3.6524676796475304,in_sample
2023-06-23 00:00:00+00:00,15.576830566355774,20.330765568299164,8.696957439733419,11.012739498062231,2.7027402645297642,3.5909461452545544,in_sample
2023-06-24 00:00:00+00:00,15.532706390530626,20.31243734854297,8.675844999206918,10.98422077849566,2.697137300532612,3.5810204451633667,in_sample
2023-06-25 00:00:00+00:00,15.496497174606098,20.28654520910786,8.659577311426464,10.961620778494067,2.693031474280215,3.5737519743783266,in_sample
2023-06-26 00:00:00+00:00,15.448195775888014,20.237279785245953,8.637555858578795,10.931228811227395,2.6873180451815233,3.563642733191991,in_sample
2023-06-27 00:00:00+00:00,15.41160206550085,20.19416958044242,8.621362176096888,10.908574931278846,2.682505010172958,3.5551326687860176,in_sample
2023-06-28 00:00:00+00:00,15.62409488395082,20.4580794710296,8.719885742145113,11.04353412158211,2.7105785922149983,3.6047406823251076,in_sample
2023-06-29 00:00:00+00:00,15.413327165824501,20.162979240329822,8.626155094496188,10.912718963483217,2.68246329079052,3.5548874290348422,in_sample
2023-06-30 00:00:00+00:00,15.071256992081658,19.779581093135587,8.466774111435114,10.69486676958764,2.638299581532215,3.476851187544467,in_sample
2023-07-01 00:00:00+00:00,14.853785861372211,19.5457257589919,8.367616584503248,10.557987089017374,2.6110281872349836,3.42893215145418,in_sample
2023-07-02 00:00:00+00:00,14.792896949384224,19.49587547067454,8.34949028387107,10.526952584353825,2.6024978703013817,3.413995569184293,in_sample
2023-07-03 00:00:00+00:00,14.724490611983512,19.40273592769975,8.327073391291863,10.49052300505856,2.592957445469193,3.3973085401691225,in_sample
2023-07-04 00:00:00+00:00,14.666003190170306,19.345068528151046,8.306169760991985,10.458054414324549,2.58411536513251,3.3818619439317326,in_sample
2023-07-05 00:00:00+00:00,14.524973867771527,19.163208427263665,8.25465093689078,10.378908755336676,2.5624994547043918,3.344143284851901,in_sample
2023-07-06 00:00:00+00:00,14.412613953823856,19.00086081486145,8.216671163314418,10.31814166081884,2.5433418248863675,3.31080819659552,in_sample
2023-07-07 00:00:00+00:00,14.50760851637309,19.17984823283717,8.24263869347145,10.364910046115995,2.559508748313929,3.338868696668802,in_sample
2023-07-08 00:00:00+00:00,14.47159708229051,19.115885169599757,8.228964019004774,10.344301414251658,2.55354383511908,3.328493756838259,in_sample
2023-07-09 00:00:00+00:00,14.452397291902075,19.103873052680626,8.223235416747837,10.334491090144672,2.5504902318806244,3.323186675139862,in_sample
2023-07-10 00:00:00+00:00,14.45015732811684,19.088575196560072,8.22248686632833,10.333285955665229,2.550132802419668,3.3225657201003926,in_sample
2023-07-11 00:00:00+00:00,14.42794093709202,19.07129250731574,8.215823147857282,10.321906573263968,2.5465897857736635,3.316410795858753,in_sample
2023-07-12 00:00:00+00:00,14.272339875503796,18.84954890617689,8.168332405908963,10.241580245882574,2.521721553649936,3.273229767934124,in_sample
2023-07-13 00:00:00+00:00,14.670435131196196,19.435403268198915,8.286325449061739,10.444611599873136,2.585480535651709,3.38357649914998,in_sample
2023-07-14 00:00:00+00:00,14.692681859531685,19.514661289744197,8.293385600002752,10.456286458282317,2.5887205960128243,3.3892301185023728,in_sample
2023-07-15 00:00:00+00:00,14.811381473151641,19.707789917839815,8.350132341981752,10.533003981425574,2.604382692565619,3.4165704963128793,in_sample
2023-07-16 00:00:00+00:00,14.669607326397276,19.49849401033687,8.284057862996564,10.442666821812148,2.5857336277270315,3.3839506897623166,in_sample
2023-07-17 00:00:00+00:00,14.747248484008962,19.573240191334392,8.32079489042464,10.49256043317962,2.595678883630272,3.401304503892154,in_sample
2023-07-18 00:00:00+00:00,14.661942652279071,19.455662228462753,8.28259667783797,10.43938176820925,2.5848566606930548,3.3823963223752376,in_sample
2023-07-19 00:00:00+00:00,14.721941305051965,19.558312196728316,8.310554128738723,10.477612049597525,2.5922753025006857,3.3953398056761244,in_sample
2023-07-20 00:00:00+00:00,14.712183859509466,19.546312361035923,8.306389272877658,10.47168376874611,2.5909450747051586,3.393016711170222,in_sample
2023-07-21 00:00:00+00:00,14.747295402035524,19.615011126177425,8.32089536104486,10.492652804149936,2.5954462457548724,3.4008761591843157,in_sample
2023-07-22 00:00:00+00:00,14.656009991335504,19.45998335801651,8.279265709698821,10.435176089324424,2.5814097351476515,3.376352985511548,in_sample
2023-07-23 00:00:00+00:00,14.732433699187938,19.554906060298006,8.315471748383223,10.48432219096936,2.5936170761618014,3.3976417625788966,in_sample
2023-07-24 00:00:00+00:00,14.656945654640205,19.512430094721665,8.280220255352223,10.436166297801623,2.581631886318064,3.3767076100808056,in_sample
2023-07-25 00:00:00+00:00,14.705820941483394,19.641940861177627,8.302740712161592,10.467117046873291,2.5893692865818587,3.3902013688109394,in_sample
2023-07-26 00:00:00+00:00,14.733089268190804,19.68532835497474,8.313812838685578,10.483255583555264,2.59359761373813,3.3975827701878467,in_sample
2023-07-27 00:00:00+00:00,14.672888619543945,19.59585428178198,8.287999224202421,10.446591676743424,2.5837061198357967,3.380305780585465,in_sample
2023-07-28 00:00:00+00:00,14.587584372633541,19.469368501900423,8.249540949133433,10.393213409136626,2.5693422191974613,3.3552490730975886,in_sample
2023-07-29 00:00:00+00:00,14.686625608851722,19.615930078219733,8.294768592100295,10.455627089074968,2.586153143939393,3.3845197760486334,in_sample
2023-07-30 00:00:00+00:00,14.63410763826928,19.525881412009806,8.26955648682618,10.42160371428735,2.577328560841382,3.369121370592975,in_sample
2023-07-31 00:00:00+00:00,14.596062866316696,19.445934067740886,8.25128264405442,10.396948732425347,2.571023474295615,3.3581319028432897,in_sample
2023-08-01 00:00:00+00:00,14.62234301013423,19.460860078598788,8.26391058092125,10.413983621389123,2.575335087565344,3.365640697800398,in_sample
2023-08-02 00:00:00+00:00,14.443587692641131,19.21762975612536,8.178039577566121,10.29813248849883,2.545916734340242,3.31437922255666,in_sample
2023-08-03 00:00:00+00:00,14.392790132012125,19.141574270248785,8.152598394301553,10.264423262108574,2.5361443168624755,3.2985249264273113,in_sample
2023-08-04 00:00:00+00:00,14.373740672730841,19.132297595490897,8.144616415340092,10.252959340587477,2.531478623040971,3.2919763230261,in_sample
2023-08-05 00:00:00+00:00,14.40493323057287,19.191867240600516,8.157812005544038,10.27182621602387,2.5388345619202206,3.302692235210191,in_sample
2023-08-06 00:00:00+00:00,14.418214955971159,19.203415865107054,8.163354944680036,10.279802174396863,2.542342028795776,3.3072599882126856,in_sample
2023-08-07 00:00:00+00:00,14.421339019812555,19.19360473744176,8.164476135619246,10.281540247874275,2.543168320971563,3.3083348880572387,in_sample
2023-08-08 00:00:00+00:00,14.480257550779342,19.287027672829687,8.190585530495818,10.31807015006434,2.5587535320189274,3.3286092430893244,in_sample
2023-08-09 00:00:00+00:00,14.485976324360177,19.296766323661654,8.191593364166676,10.32046191020769,2.5602693474711864,3.3305811240313807,in_sample
2023-08-10 00:00:00+00:00,14.523067491009055,19.33779836385605,8.211964481194943,10.346431230569422,2.570102655379474,3.3433729928784928,in_sample
2023-08-11 00:00:00+00:00,14.579466116034004,19.389101776021786,8.242659268220574,10.385706704907882,2.5850736925958993,3.3628483867504095,in_sample
2023-08-12 00:00:00+00:00,14.689257550671396,19.51809681641686,8.301883672104097,10.46176420840368,2.6142742422348215,3.4008345461108673,in_sample
2023-08-13 00:00:00+00:00,14.659711092911898,19.418491854847613,8.285582632342328,10.441021728620687,2.606386585911469,3.390573719729709,in_sample
2023-08-14 00:00:00+00:00,14.710867632138363,19.487784235052935,8.31301492039228,10.476336896602922,2.62002945889612,3.408321342762073,in_sample
2023-08-15 00:00:00+00:00,14.662456657366697,19.397977079663363,8.288804106960965,10.444239794525101,2.6070963488436703,3.391497030016129,in_sample
2023-08-16 00:00:00+00:00,14.463874240546435,19.13243125771165,8.175371344256515,10.301900746260799,2.5541321519902858,3.3225974220652708,in_sample
2023-08-17 00:00:00+00:00,14.3003295221482,18.921911235639797,8.096299400686538,10.19552302456031,2.510658069012728,3.2662439253424753,in_sample
2023-08-18 00:00:00+00:00,14.37231505560468,19.00207974108704,8.128903764409998,10.240686916982204,2.528581434498155,3.2909065365432117,in_sample
2023-08-19 00:00:00+00:00,14.44885235738382,19.082924807981023,8.163535031990378,10.288677738010223,2.5465608151375294,3.3171942750606185,in_sample
2023-08-20 00:00:00+00:00,14.48693713017037,19.123923525699457,8.179585905216195,10.3116629908644,2.555649015574834,3.3303096340313227,in_sample
2023-08-21 00:00:00+00:00,14.327936245762771,18.900059181542076,8.121232307221993,10.222254499530623,2.518233532704402,3.275482084314894,in_sample
2023-08-22 00:00:00+00:00,14.228075318865464,18.76360379628391,8.084440828554449,10.16597039863032,2.4947086353410324,3.241238561238923,in_sample
2023-08-23 00:00:00+00:00,14.336186013007275,18.9211580132153,8.124369590427598,10.226994084020948,2.5179862430433,3.2781809314697843,in_sample
2023-08-24 00:00:00+00:00,14.216283388007652,18.769952652976166,8.079725165932766,10.159060981309125,2.490309518482522,3.2370546690297273,in_sample
2023-08-25 00:00:00+00:00,14.227745875064082,18.796196408989275,8.08409700755881,10.165635619493868,2.492783683822615,3.240969689879271,in_sample
2023-08-26 00:00:00+00:00,14.241416874644752,18.797407632464097,8.0906361409457,10.174476476704191,2.4957380348322102,3.245640910710073,in_sample
2023-08-27 00:00:00+00:00,14.303701348954805,18.88133191146849,8.113635865281445,10.209629749739067,2.5092777879050594,3.2669330026102847,in_sample
2023-08-28 00:00:00+00:00,14.318357850969157,18.905897101897438,8.119039808385146,10.217894295378015,2.5124118662535624,3.2719542704239832,in_sample
2023-08-29 00:00:00+00:00,14.552416712336207,19.2139973284931,8.205307842839268,10.349847630816178,2.5623898563672607,3.3521830821653373,in_sample
2023-08-30 00:00:00+00:00,14.416486599824015,19.030196091985495,8.155489555869535,10.273474322877496,2.532508198181027,3.3049485740839923,in_sample
2023-08-31 00:00:00+00:00,14.283606902613432,18.862419056668028,8.106628529021231,10.198667083483977,2.5076165943754662,3.2616368509140856,in_sample
2023-09-01 00:00:00+00:00,14.101355765330087,18.611667210203564,8.038582229945854,10.095251274358676,2.474991321859203,3.2050562761702763,in_sample
2023-09-02 00:00:00+00:00,14.13292698215203,18.670346391988847,8.052176914744326,10.114535817908887,2.4804980768426885,3.214564435904156,in_sample
2023-09-03 00:00:00+00:00,14.200775824205135,18.762520014341018,8.08127459619121,10.155889000665674,2.4922758847256006,3.2349154681997945,in_sample
2023-09-04 00:00:00+00:00,14.225608618092997,18.79213059361728,8.091771934838887,10.170908133639388,2.4965511390589143,3.2423143742669147,in_sample
2023-09-05 00:00:00+00:00,14.160613793740557,18.687719936736286,8.065025191838464,10.132148845883359,2.485398109996478,3.223001530570932,in_sample
2023-09-06 00:00:00+00:00,14.175571636703912,18.637870494559028,8.07056259285419,10.140603883488733,2.487798471749236,3.2271518352763477,in_sample
2023-09-07 00:00:00+00:00,14.186943379757356,18.643132278641655,8.074770863123325,10.147030425735695,2.489734900019627,3.230501060501053,in_sample
2023-09-08 00:00:00+00:00,14.113969256497334,18.55782535527374,8.047773359114336,10.105797314623597,2.475515403801646,3.2059007987828982,in_sample
2023-09-09 00:00:00+00:00,14.121999011469546,18.569369659524245,8.050749422795025,10.11033935301555,2.477078817691651,3.2086224450597616,in_sample
2023-09-10 00:00:00+00:00,14.012105153631055,18.4107177141658,8.010027628189444,10.04818521224703,2.4552739474813357,3.1711694012079232,in_sample
2023-09-11 00:00:00+00:00,13.887062354556441,18.270139403757675,7.963565117966827,9.977346603721116,2.430285026039212,3.1287205442461214,in_sample
2023-09-12 00:00:00+00:00,13.85105120809451,18.21876935402359,7.950142183970763,9.95690717688389,2.422851073116841,3.1165507118999383,in_sample
2023-09-13 00:00:00+00:00,13.872405981637915,18.224601401185442,7.958109287999681,9.96903446750327,2.427044042114201,3.1237580964178293,in_sample
2023-09-14 00:00:00+00:00,13.936255978226093,18.306214500772484,7.98191780495873,10.005282903851532,2.440463308827627,3.1453245006950583,in_sample
2023-09-15 00:00:00+00:00,14.026678229767644,18.394402777682764,8.015580571876656,10.056567349618247,2.4597504707257203,3.1759360928930644,in_sample
2023-09-16 00:00:00+00:00,14.216576408903515,18.603571503375463,8.086117136895725,10.16412537579137,2.4996716661854714,3.2404315284352125,in_sample
2023-09-17 00:00:00+00:00,14.175621180027585,18.568019228601212,8.070975678112188,10.140993468741337,2.490980697006384,3.2262077265855877,in_sample
2023-09-18 00:00:00+00:00,14.257789669298711,18.674416022927534,8.101384710315783,10.187431179014308,2.50643910943046,3.252902460196992,in_sample
2023-09-19 00:00:00+00:00,14.283521735903006,18.705092226705176,8.109734014576137,10.201085090144776,2.510898868320943,3.2610284916218646,in_sample
2023-09-20 00:00:00+00:00,14.087395085500315,18.47538775252927,8.020650383950917,10.077822765638832,2.468547029387487,3.1938628506733258,in_sample
2023-09-21 00:00:00+00:00,14.150688583850666,18.530294847808015,8.049479277796186,10.117668129253202,2.4826053580922887,3.2153874922245236,in_sample
2023-09-22 00:00:00+00:00,14.106681855493049,18.473752605709052,8.02945304396881,10.089979298854763,2.4731373551193667,3.2003883616419713,in_sample
2023-09-23 00:00:00+00:00,14.122199023284418,18.50678445710039,8.036518879659017,10.099746284102473,2.476606300618391,3.2056689404181,in_sample
2023-09-24 00:00:00+00:00,14.067324387262959,18.42276405005609,8.011536875217711,10.065211045483107,2.4642948213823344,3.18698453623777,in_sample
2023-09-25 00:00:00+00:00,14.079140757047387,18.43817580873134,8.016920544757308,10.07265113445169,2.4669561846548507,3.1910000746664786,in_sample
2023-09-26 00:00:00+00:00,13.931468122365864,18.23008072801697,7.949650543026037,9.979679527583789,2.4336532780455165,3.14079565561565,in_sample
2023-09-27 00:00:00+00:00,13.839015526893537,18.10142342520084,7.907445898441835,9.921399266360867,2.4126298398300277,3.1095310350107654,in_sample
2023-09-28 00:00:00+00:00,14.094294594611782,18.427026914878954,8.02413659298229,10.082451075589969,2.4664488696570155,3.195570195323423,in_sample
2023-09-29 00:00:00+00:00,14.173281445395885,18.51960402974485,8.059887453174605,10.132005494997818,2.482449133081485,3.221927349402562,in_sample
2023-09-30 00:00:00+00:00,14.238987581307452,18.61440994627155,8.090874699234474,10.174166201673232,2.493928642460285,3.24179275556263,in_sample
2023-10-01 00:00:00+00:00,14.443347800336687,18.898734663313572,8.18713671606955,10.305203619092639,2.529219297202472,3.302957290336927,in_sample
2023-10-02 00:00:00+00:00,14.30127091660562,18.73986432747942,8.119101587068744,10.213273605929068,2.504041441830032,3.2591169474298325,in_sample
2023-10-03 00:00:00+00:00,14.370917841647735,18.846678238027696,8.157646771510429,10.26226130832505,2.5159352654238876,3.279757373687392,in_sample
2023-10-04 00:00:00+00:00,14.437920175754602,18.954900005397437,8.190690709759627,10.306341257121272,2.5269509024788697,3.298903927179686,in_sample
2023-10-05 00:00:00+00:00,14.320148764892103,18.816081803532636,8.136699699879347,10.23195124341079,2.5076509937264464,3.265309529697133,in_sample
2023-10-06 00:00:00+00:00,14.125223269091117,18.635725153812153,8.045132173858796,10.107152375548523,2.4756416373731702,3.2097353653490055,in_sample
2023-10-07 00:00:00+00:00,14.132736448800808,18.63739513298174,8.048211499015036,10.11162391153759,2.47682719092266,3.211784834382469,in_sample
2023-10-08 00:00:00+00:00,14.166871643793982,18.66675840951933,8.064566970749414,10.133722294263272,2.4822435655326474,3.2211496270459476,in_sample
2023-10-09 00:00:00+00:00,13.780588978493345,18.191279392595288,7.875639732573337,9.880756771114795,2.4207424329200435,3.114738178344844,in_sample
2023-10-10 00:00:00+00:00,13.82018561302904,18.23468699817633,7.891310937775462,9.903909803045654,2.4267448131099365,3.125035758946096,in_sample
2023-10-11 00:00:00+00:00,13.793042554088892,18.198216310055322,7.881236810659316,9.888543171374502,2.4231012121091546,3.118779705785356,in_sample
2023-10-12 00:00:00+00:00,13.687106381169361,18.045855084752407,7.841891594365825,9.828544227122613,2.408609853579409,3.0939105534412596,in_sample
2023-10-13 00:00:00+00:00,13.920460884845964,18.329841742033295,7.928795388013128,9.96092375621577,2.440789273094484,3.149024084589167,in_sample
2023-10-14 00:00:00+00:00,13.812614901108152,18.214956839350727,7.88886799734645,9.899959248794127,2.4259719633581587,3.1235350261970845,in_sample
2023-10-15 00:00:00+00:00,13.678503005856545,18.037749664321616,7.839080597932393,9.824022518294697,2.4090221492331207,3.094436949820967,in_sample
2023-10-16 00:00:00+00:00,13.851057099360867,18.283944052562497,7.903290150497924,9.921875345091857,2.4306621032545177,3.1314995526354497,in_sample
2023-10-17 00:00:00+00:00,13.86014295784784,18.311787818579866,7.906189450458465,9.926662607937493,2.4317531744745513,3.1333737684621323,in_sample
2023-10-18 00:00:00+00:00,14.055766685099554,18.520333378196103,7.986486069517888,10.043195187697789,2.45541681964877,3.1740286868057606,in_sample
2023-10-19 00:00:00+00:00,14.132942362957987,18.65681699798022,8.023877094693688,10.093464824169715,2.464750363292816,3.190115533399349,in_sample
2023-10-20 00:00:00+00:00,14.352845047214263,18.93661521274083,8.127217690617032,10.234281921430592,2.4922534615399115,3.2375783852112208,in_sample
2023-10-21 00:00:00+00:00,14.57675443102896,19.241037880766275,8.23166437841102,10.377060602335057,2.5200691776499244,3.2857573058208476,in_sample
2023-10-22 00:00:00+00:00,14.634643673165932,19.3176436087277,8.259741502936732,10.414781808346456,2.5269179214157855,3.297663492134542,in_sample
2023-10-23 00:00:00+00:00,15.001650102199301,19.801336289376895,8.46687864282418,10.675962877459295,2.5700112463036415,3.372646687028742,in_sample
2023-10-24 00:00:00+00:00,15.018793545347108,19.772490854597685,8.475347811734926,10.687250258040041,2.571891610747968,3.375936843792419,in_sample
2023-10-25 00:00:00+00:00,14.887611710652909,19.659030046804038,8.412423987566278,10.602303653365574,2.5577578726430703,3.351200390664852,in_sample
2023-10-26 00:00:00+00:00,15.112405248997486,19.979784741586396,8.520392935328173,10.747983817064084,2.582073266325629,3.3936780922902763,in_sample
2023-10-27 00:00:00+00:00,15.10465650293232,19.891385621625947,8.516679495533385,10.742968871375146,2.581210685271251,3.3921664788824284,in_sample
2023-10-28 00:00:00+00:00,15.261135443860825,20.056279783019747,8.591674834839207,10.84424585413181,2.5983461254677716,3.4221918031316063,in_sample
2023-10-29 00:00:00+00:00,14.988171688670871,19.767192512538266,8.461053266104795,10.667740093200287,2.568586672117541,3.369931607656942,in_sample
2023-10-30 00:00:00+00:00,14.678027188945052,19.385536186455372,8.312234129998945,10.466863542367241,2.534673040859992,3.310606314544929,in_sample
2023-10-31 00:00:00+00:00,14.802540748670523,19.547097304392448,8.372169840047272,10.547662715448231,2.549506244816754,3.336438389868552,in_sample
2023-11-01 00:00:00+00:00,15.208777278003478,20.085822796511724,8.567468679960648,10.811077613595337,2.593244547880586,3.412756515516897,in_sample
2023-11-02 00:00:00+00:00,15.242918241257755,20.118665104568358,8.583816239256986,10.833162331063823,2.5967957792922607,3.418987828152236,in_sample
2023-11-03 00:00:00+00:00,15.232480741182561,20.084639738453742,8.577596984712201,10.82548576552605,2.595717533328711,3.4170949775581683,in_sample
2023-11-04 00:00:00+00:00,14.968972182248782,19.785193071434048,8.429212078867852,10.638214355024964,2.5686739926199724,3.36962687111249,in_sample
2023-11-05 00:00:00+00:00,15.33394681009532,20.205826095340647,8.634733774283426,10.897596113365143,2.607052831280793,3.4367548219048163,in_sample
2023-11-06 00:00:00+00:00,15.588176475721813,20.557506232921376,8.777893621346715,11.078273159551934,2.6324077706039177,3.4813204498978854,in_sample
2023-11-07 00:00:00+00:00,15.438404695729664,20.357475897438686,8.693555292594894,10.971832698544226,2.618172564963353,3.456219317234774,in_sample
2023-11-08 00:00:00+00:00,15.415575996762074,20.35806160654532,8.68070017183312,10.955608699320582,2.615997836876044,3.4523915393789903,in_sample
2023-11-09 00:00:00+00:00,15.655432726634485,20.64953466153066,8.815766442250528,11.12607112491744,2.6381497635480677,3.4913707378810632,in_sample
2023-11-10 00:00:00+00:00,15.903238861171642,21.102868805485738,8.955309120066124,11.302183068048887,2.6607780840966972,3.531299659431812,in_sample
2023-11-11 00:00:00+00:00,16.230857632262275,21.576636230952193,9.13979527375247,11.535016603388412,2.6904800446728303,3.5838589835352166,in_sample
2023-11-12 00:00:00+00:00,16.326254068670845,21.732437696374962,9.193514178715741,11.60281335836023,2.6990026496613178,3.5989957194554294,in_sample
2023-11-13 00:00:00+00:00,16.10787581888953,21.369638065421626,9.070542704227893,11.44761535255434,2.6799585814746996,3.565136535758688,in_sample
2023-11-14 00:00:00+00:00,15.949994562500503,21.230829640314177,8.981637829719585,11.335411613536182,2.665383140132592,3.5392836792691615,in_sample
2023-11-15 00:00:00+00:00,16.559022827270194,22.122032282699802,9.324589125457605,11.768238473657684,2.7196182081847016,3.6353065428295754,in_sample
2023-11-16 00:00:00+00:00,16.58065026601495,22.230750394467368,9.336767801834492,11.783608756033496,2.721359924644659,3.6384107399425294,in_sample
2023-11-17 00:00:00+00:00,16.82048324839875,22.57504605956371,9.471820699749408,11.954054304661707,2.7400570987818447,3.6717411340939976,in_sample
2023-11-18 00:00:00+00:00,16.68482687350348,22.38862601694949,9.395430928967505,11.857645441234668,2.7295361723092877,3.652943414627864,in_sample
2023-11-19 00:00:00+00:00,16.823510559920592,22.604910271324215,9.47352541604761,11.956205767600956,2.7402222560116876,3.672011689296581,in_sample
2023-11-20 00:00:00+00:00,16.74511580173009,22.40527774809883,9.429380364896874,11.900491839364127,2.7338593679752314,3.6606429768031354,in_sample
2023-11-21 00:00:00+00:00,16.56257806088589,22.15185227117749,9.326591121170585,11.77076512257021,2.7180224010050154,3.632368670966489,in_sample
2023-11-22 00:00:00+00:00,16.770594362116086,22.44807751927382,9.44372765516791,11.918599053643348,2.7358393730321895,3.664116170412686,in_sample
2023-11-23 00:00:00+00:00,16.768004919689517,22.443092606068156,9.442269508334993,11.916758777420075,2.735602645555953,3.663693437517761,in_sample
2023-11-24 00:00:00+00:00,16.601369485767048,22.22814369008961,9.348435048942227,11.798333581379426,2.721095362675804,3.6377880002299015,in_sample
2023-11-25 00:00:00+00:00,16.620283628604977,22.262399375979875,9.359085835070346,11.811775566801114,2.722701994434639,3.640651839948393,in_sample
2023-11-26 00:00:00+00:00,16.701632186718424,22.3414272129729,9.403560537503607,11.868578807622914,2.72999381884595,3.653652158021584,in_sample
2023-11-27 00:00:00+00:00,16.84577278346351,22.595903838670196,9.47254299325484,11.961789881341723,2.7436699418344563,3.678056509379638,in_sample
2023-11-28 00:00:00+00:00,16.80740343994268,22.45537149503139,9.45420385431022,11.936996772222152,2.7399047963921195,3.671326633946838,in_sample
2023-11-29 00:00:00+00:00,17.019691540172506,22.785566414879074,9.554357301390839,12.073178491435401,2.7610625478528847,3.7091269821217665,in_sample
2023-11-30 00:00:00+00:00,17.05468616015652,22.872068945420658,9.572640762151869,12.096970203564169,2.7645134739979023,3.71530814030801,in_sample
2023-12-01 00:00:00+00:00,16.77220036111538,22.515455966486208,9.43786755132577,11.91463484668485,2.7362647236729796,3.6646890769427976,in_sample
2023-12-02 00:00:00+00:00,16.342099928392116,21.89859527556863,9.232149386395077,11.6365982481111,2.6920183671103426,3.5856766733125163,in_sample
2023-12-03 00:00:00+00:00,16.073367900181523,21.468721007914937,9.103106723323181,11.462466082552565,2.6641739124603365,3.5362261877638574,in_sample
2023-12-04 00:00:00+00:00,15.365839493198258,20.504879404606996,8.762506007731588,11.003314112645198,2.5979541989861668,3.419032694832396,in_sample
2023-12-05 00:00:00+00:00,15.563766813129872,20.8288512492579,8.858445343239309,11.132291731539206,2.616371047359029,3.4513493059808447,in_sample
2023-12-06 00:00:00+00:00,15.907808661649819,21.36176614857679,9.02489120145407,11.356227015787967,2.6427609257406632,3.497765091707826,in_sample
2023-12-07 00:00:00+00:00,16.088035182273806,21.619184429900436,9.110515052522196,11.472336350620957,2.6586040321734936,3.5257234610960495,in_sample
2023-12-08 00:00:00+00:00,16.336151297039113,22.009301828374113,9.251021060417633,11.649267311446625,2.678999585964482,3.5617870401436575,in_sample
2023-12-09 00:00:00+00:00,16.601793377481748,22.324492395621974,9.40145187095704,11.838695993146331,2.7008679618985854,3.6005530025818526,in_sample
2023-12-10 00:00:00+00:00,16.83318339725791,22.7388486301922,9.532486036054891,12.00369961882051,2.719287294379534,3.633292987804091,in_sample
2023-12-11 00:00:00+00:00,16.746159631922023,22.656132779859057,9.483205231094116,11.94164319644702,2.7125197553587346,3.621236665978009,in_sample
2023-12-12 00:00:00+00:00,16.595645579007098,22.482178986050712,9.39661906915579,11.833291003433825,2.7010042441950497,3.6007389270909917,in_sample
2023-12-13 00:00:00+00:00,16.60362329174687,22.481247571916356,9.400458570198797,11.838467443380516,2.7016142470162916,3.601823195856977,in_sample
2023-12-14 00:00:00+00:00,16.582305445671665,22.470833975886656,9.390199490206593,11.824635687125646,2.6999504788008672,3.59886565595531,in_sample
2023-12-15 00:00:00+00:00,16.754304482314733,22.733711298903653,9.472988911784268,11.936247526485912,2.7133700941427277,3.622715670069348,in_sample
2023-12-16 00:00:00+00:00,16.813330657534994,22.848539269688775,9.501356616236773,11.974514793577194,2.71798551139634,3.630931944212298,in_sample
2023-12-17 00:00:00+00:00,16.757225207029155,22.755757207595153,9.474406797750813,11.938152554571857,2.7136370469208417,3.6231865124057108,in_sample
2023-12-18 00:00:00+00:00,16.908219241499566,22.983847766291895,9.546972037854244,12.03604207472938,2.7253613625964377,3.6440585655154942,in_sample
2023-12-19 00:00:00+00:00,16.720130090400488,22.71430345886834,9.456700580852113,11.914201773114783,2.710720882718761,3.6179576763716645,in_sample
2023-12-20 00:00:00+00:00,17.173190110996465,23.35714177518704,9.674508994796934,12.20798191173153,2.745910785324225,3.6805809089707195,in_sample
2023-12-21 00:00:00+00:00,17.700329168304407,24.145875738913034,9.926928014833495,12.548985922741707,2.786389397924889,3.7529235403268375,in_sample
2023-12-22 00:00:00+00:00,17.395024551598603,23.66652864548291,9.781386856516923,12.352015030071232,2.7647322473736944,3.7140308523292394,in_sample
2023-12-23 00:00:00+00:00,17.577317962609957,23.978495683802723,9.868516369546693,12.46980956154054,2.7771819955861528,3.7363301781843803,in_sample
2023-12-24 00:00:00+00:00,17.766216495190175,24.186718148980486,9.957256169497679,12.590692096646544,2.7904491375503144,3.760129085603357,in_sample
2023-12-25 00:00:00+00:00,17.812006438440992,24.27320808407217,9.982919607464822,12.623142848147294,2.7933382129944246,3.765319789595159,in_sample
2023-12-26 00:00:00+00:00,17.73129615664628,24.066665534937734,9.937684711697349,12.565944496017233,2.7854794795944176,3.7511954016712785,in_sample
2023-12-27 00:00:00+00:00,17.88914343808909,24.191144712033594,10.026151821023095,12.677808860581132,2.800862354005922,3.7788168187042137,in_sample
2023-12-28 00:00:00+00:00,17.771816026973454,24.004470883468272,9.960394483860249,12.594660413738016,2.7891594076898323,3.757764592745123,in_sample
2023-12-29 00:00:00+00:00,17.578351118860777,23.837447375192067,9.851965114534046,12.457554289301664,2.7697453491795847,3.7228898265484665,in_sample
2023-12-30 00:00:00+00:00,17.676058655977204,23.943431920453865,9.906726294384713,12.526798380506321,2.7795412533571833,3.74044574711492,in_sample
2023-12-31 00:00:00+00:00,17.80326281601511,24.111817752834497,9.978019155623127,12.61694635393012,2.792143370967472,3.7630574099390697,in_sample
2024-01-01 00:00:00+00:00,17.86108645380352,24.204138452431895,10.010426999705592,12.65792523198775,2.7979771388467123,3.773540540891013,in_sample
2024-01-02 00:00:00+00:00,17.795001611752173,24.08868759632254,9.973389079932172,12.611091743340953,2.7911979328148435,3.7613500153663937,in_sample
2024-01-03 00:00:00+00:00,17.90284004311929,24.21407315159144,10.03382822218454,12.687515470694288,2.802497414480857,3.7816525552607883,in_sample
2024-01-04 00:00:00+00:00,17.92638582534038,24.320418653861022,10.047024694565144,12.704202067652098,2.804935898751305,3.7860398327058533,in_sample
2024-01-05 00:00:00+00:00,17.742082557227786,24.07238225525715,9.943730059268454,12.573588681181231,2.785722163850875,3.751460805688771,in_sample
2024-01-06 00:00:00+00:00,17.614541666713396,23.91299144135555,9.872248474020326,12.483202071143381,2.772230897768093,3.727236348282146,in_sample
2024-01-07 00:00:00+00:00,17.594919415870002,23.935532815133385,9.861250984581721,12.469296031065616,2.770208629708915,3.7236111230662576,in_sample
2024-01-08 00:00:00+00:00,17.43316038268531,23.78125559805323,9.770591494330302,12.354659457700032,2.7538520494758667,3.694296582908318,in_sample
2024-01-09 00:00:00+00:00,17.463730109275414,23.8697879058787,9.787724607549519,12.3763238348666,2.756955312690458,3.699847292476134,in_sample
2024-01-10 00:00:00+00:00,17.4631952616137,23.821194594113532,9.787424846754597,12.375944795118373,2.7566537602654,3.699307712735998,in_sample
2024-01-11 00:00:00+00:00,17.42484674084039,23.751641668099197,9.765932029464855,12.348767685262187,2.7514782940216223,3.6900473829508655,in_sample
2024-01-12 00:00:00+00:00,17.139230755101167,23.33816137691148,9.605855654347003,12.146355261925102,2.7060433308830176,3.608908030137314,in_sample
2024-01-13 00:00:00+00:00,17.178238862302464,23.403407808591435,9.627718143537974,12.173999812309676,2.7129182198734054,3.6209892001002557,in_sample
2024-01-14 00:00:00+00:00,17.176802484258427,23.413587652552753,9.626913110899507,12.172981869423989,2.7124713641493754,3.620315985294877,in_sample
2024-01-15 00:00:00+00:00,17.090827032204437,23.230916052881607,9.578727297075742,12.11205215796996,2.696809327962089,3.593134706616911,in_sample
2024-01-16 00:00:00+00:00,17.104857384453524,23.23891906284728,9.586590750249933,12.121995290500376,2.6993771853354644,3.597559268299964,in_sample
2024-01-17 00:00:00+00:00,17.032521740832564,23.174215966800077,9.546049505358857,12.070731938132086,2.685922600545539,3.5747384029205005,in_sample
2024-01-18 00:00:00+00:00,17.024665604542605,23.158435628548443,9.541646454120414,12.06516439407323,2.6843516831277467,3.5722651667912637,in_sample
2024-01-19 00:00:00+00:00,17.125293048008015,23.24182474988777,9.598044125089807,12.136477785840617,2.7040734000601527,3.6039369704669997,in_sample
2024-01-20 00:00:00+00:00,17.210364432662846,23.406601981166624,9.645723245173217,12.196766796205562,2.721900166379915,3.630791276617577,in_sample
2024-01-21 00:00:00+00:00,17.18145112462403,23.3501927257811,9.62951848852579,12.176276301838865,2.715759208511185,3.6216417155769416,in_sample
2024-01-22 00:00:00+00:00,17.089385529759923,23.19717903790249,9.577919392415074,12.11103058348671,2.6959207919941837,3.592532247769703,in_sample
2024-01-23 00:00:00+00:00,17.108052519703012,23.25137068134938,9.588381496196547,12.124259642291001,2.6999788166274112,3.5984185123655736,in_sample
2024-01-24 00:00:00+00:00,16.907297068800528,22.98338479867043,9.475866068243711,11.981986802729413,2.6561839709442645,3.5350797310968853,in_sample
2024-01-25 00:00:00+00:00,16.841960367300295,22.908351068255275,9.437897140512966,11.934659051922274,2.6411508934958445,3.514588243170371,in_sample
2024-01-26 00:00:00+00:00,16.944962864067012,22.987866244611453,9.486959595608727,12.00108022171334,2.663016420534253,3.546830157673658,in_sample
2024-01-27 00:00:00+00:00,16.978436419672093,23.063163986937123,9.502889281101705,12.022653838292147,2.6703933265857174,3.5573399195530806,in_sample
2024-01-28 00:00:00+00:00,17.070807924161244,23.240478816347583,9.546834832650923,12.082176461102973,2.69032317238993,3.586370582232451,in_sample
2024-01-29 00:00:00+00:00,17.073466597566128,23.19555404127728,9.54809866436795,12.083888830596521,2.690853807377045,3.5872084149931562,in_sample
2024-01-30 00:00:00+00:00,17.21439432301327,23.399660888296204,9.615088753727434,12.17465475745301,2.721360851523718,3.631622692527916,in_sample
2024-01-31 00:00:00+00:00,17.18346374989492,23.39107041556333,9.600403939952828,12.1547482868383,2.7143853434269443,3.621834822348889,in_sample
2024-02-01 00:00:00+00:00,17.141538530820956,23.32175834830819,9.580493857352282,12.127761449502136,2.705796285646865,3.6085796759546453,in_sample
2024-02-02 00:00:00+00:00,17.25968945603641,23.533651579436174,9.636623742050034,12.203830740042296,2.72947437518949,3.6458887856353,in_sample
2024-02-03 00:00:00+00:00,17.251519627437293,23.51080809659104,9.632746492127309,12.198573987471866,2.7275363909168493,3.643300127837087,in_sample
2024-02-04 00:00:00+00:00,17.275600173175963,23.549041305662488,9.644175486666734,12.214068910581714,2.7332472412854365,3.650928382384752,in_sample
2024-02-05 00:00:00+00:00,17.25010864116037,23.50432039753848,9.632079346164508,12.197668128770733,2.7271975533852206,3.642847526424908,in_sample
2024-02-06 00:00:00+00:00,17.04985569651007,23.254244115262175,9.537035051171692,12.068811940068773,2.6797083445863814,3.5794139307948476,in_sample
2024-02-07 00:00:00+00:00,17.105002838998974,23.309803201608553,9.563255167295424,12.104334824148019,2.692508577628428,3.596780158425916,in_sample
2024-02-08 00:00:00+00:00,17.08223307517208,23.25765575602286,9.552434350480516,12.089671997633593,2.6873869901580956,3.589598239003089,in_sample
2024-02-09 00:00:00+00:00,17.11407810461357,23.28705189469222,9.567571008493651,12.110181396065142,2.6943488510347016,3.5996359367473874,in_sample
2024-02-10 00:00:00+00:00,16.949786414831973,23.021430782608483,9.489501273231836,12.004389079400875,2.6567613437419695,3.5478022708877557,in_sample
2024-02-11 00:00:00+00:00,16.728350030915042,22.72533547831974,9.3841239736991,11.861675201840802,2.605125621379929,3.478278164227314,in_sample
2024-02-12 00:00:00+00:00,16.864752711728887,22.890640893620596,9.449164262491838,11.94969030835582,2.634096316170963,3.5208208954596287,in_sample
2024-02-13 00:00:00+00:00,16.571396395775942,22.406075785300903,9.309454166849086,11.760537188896684,2.576504287421031,3.4289557731530445,in_sample
2024-02-14 00:00:00+00:00,16.69401610307987,22.597350659311356,9.368006514530597,11.839727075493593,2.59900759981242,3.4668807085930875,in_sample
2024-02-15 00:00:00+00:00,16.78384331937973,22.638259085744462,9.41085280453899,11.897700665774147,2.6142361035092305,3.493965613714064,in_sample
2024-02-16 00:00:00+00:00,16.64743332855896,22.441243730621956,9.345839435895325,11.809705423026225,2.591608773497308,3.453643260842318,in_sample
2024-02-17 00:00:00+00:00,16.407884595606554,22.103065920838006,9.231529538483452,11.655063567884852,2.551679643530157,3.382695839028465,in_sample
2024-02-18 00:00:00+00:00,16.469456449966774,22.15989873282171,9.26097526200805,11.694863806841026,2.5615549154115405,3.400151029736347,in_sample
2024-02-19 00:00:00+00:00,16.35728912712264,22.00743219850888,9.207363171989305,11.622382894851919,2.5442377433553642,3.369502457629005,in_sample
2024-02-20 00:00:00+00:00,16.252311912392432,21.883457447989873,9.155824044564428,11.553512548772321,2.5281496979166995,3.3410938396133334,in_sample
2024-02-21 00:00:00+00:00,16.41438118195457,22.07790551029729,9.247126606510125,11.668725039755143,2.5537623671176997,3.386225308082959,in_sample
2024-02-22 00:00:00+00:00,16.475146947398134,22.10923764376051,9.281359315021602,11.71192246528896,2.563165617290378,3.402849942190372,in_sample
2024-02-23 00:00:00+00:00,16.55723968446199,22.19897067306946,9.327606683392636,11.770280899027064,2.5752390401024843,3.4242214555206454,in_sample
2024-02-24 00:00:00+00:00,16.76817250283067,22.4897370210931,9.446436778496528,11.920229717207954,2.606910363522897,3.4803713887848837,in_sample
2024-02-25 00:00:00+00:00,16.598841660316435,22.25433472396407,9.351043371839348,11.799855088390336,2.5817743000170936,3.4356273180635273,in_sample
2024-02-26 00:00:00+00:00,16.796355478675427,22.528138767172624,9.462313803825463,11.940264550826665,2.6088610720575116,3.483687317720664,in_sample
2024-02-27 00:00:00+00:00,16.753119242220134,22.434083963237573,9.437956446209652,11.909528591343447,2.6030200739778953,3.473287780466275,in_sample
2024-02-28 00:00:00+00:00,17.05539499741829,22.970231797018332,9.608245057605417,12.124411664576161,2.642702787103754,3.543887560044701,in_sample
2024-02-29 00:00:00+00:00,17.07513600415333,23.040632502332816,9.619366255937253,12.13844523532401,2.6451039635707994,3.548180891580158,in_sample
2024-03-01 00:00:00+00:00,17.129915787695595,23.15504158069056,9.650226730558705,12.177387320609244,2.6516463030577344,3.5598822105823476,in_sample
2024-03-02 00:00:00+00:00,17.306070914815827,23.34049212320005,9.749464633274007,12.302613225864135,2.672639122304161,3.597459853673559,in_sample
2024-03-03 00:00:00+00:00,17.494552302509224,23.618973303896563,9.855646598689047,12.436601675609877,2.6955520180284442,3.6385818651523376,in_sample
2024-03-04 00:00:00+00:00,17.94046987021085,24.292448381642266,10.106856568708338,12.75359745085281,2.75157339050171,3.7394088812038944,in_sample
2024-03-05 00:00:00+00:00,17.343952412956543,23.41882003747695,9.770805371341954,12.32954258622187,2.677769288373011,3.6056751098656394,in_sample
2024-03-06 00:00:00+00:00,17.769639850916075,24.0029357686737,10.010618593051479,12.6321570808754,2.728962720277489,3.6975858825166235,in_sample
2024-03-07 00:00:00+00:00,17.97597620022741,24.157144003606483,10.126859243518682,12.77883834160229,2.748052669650804,3.7320735784098833,in_sample
2024-03-08 00:00:00+00:00,18.102797411264092,24.333457706217576,10.19830462923547,12.868993542970628,2.7589909028554165,3.751880229904476,in_sample
2024-03-09 00:00:00+00:00,18.3837891003911,24.7178487685676,10.356602751834883,13.06874610887814,2.783328735061345,3.796008746311279,in_sample
2024-03-10 00:00:00+00:00,18.501978708669427,24.82343134755377,10.42318547945699,13.152765239801719,2.7940397466210096,3.815486188579189,in_sample
2024-03-11 00:00:00+00:00,19.02968190002448,25.595734102446393,10.720469803917803,13.527901126696616,2.841077239533517,3.9011308325730596,in_sample
2024-03-12 00:00:00+00:00,19.334007351208225,25.946626021185516,10.891913122157126,13.744241296520773,2.868524373234181,3.951381659057922,in_sample
2024-03-13 00:00:00+00:00,19.494901074344348,26.121937170956578,10.98255343393861,13.858618110065342,2.8823839985868265,3.9768371022494855,in_sample
2024-03-14 00:00:00+00:00,19.81630617050435,26.6588030284399,11.163618658586648,14.087099930482074,2.909767097331409,4.027211201428225,in_sample
2024-03-15 00:00:00+00:00,19.825366828982908,26.743168021115483,11.168723027442274,14.09354100988028,2.91052639379867,4.028612389054072,in_sample
2024-03-16 00:00:00+00:00,19.6352335657647,26.547308990468593,11.06161046939954,13.958378267842601,2.894476082782897,3.998990951528049,in_sample
2024-03-17 00:00:00+00:00,20.00201133742359,27.120394690180824,11.268236625657691,14.219114808607646,2.9253033162806754,4.055778581617214,in_sample
2024-03-18 00:00:00+00:00,19.984472982208377,27.20018935691238,11.258356302461388,14.206647068131334,2.923817399013807,4.053031720512143,in_sample
2024-03-19 00:00:00+00:00,19.7657933336544,26.891913421624622,11.135161990471799,14.051191150391839,2.905742261927564,4.0196237500564145,in_sample
2024-03-20 00:00:00+00:00,20.207019445118654,27.432382902863733,11.383729004334837,14.364851843290628,2.9424979686968054,4.087417838938312,in_sample
2024-03-21 00:00:00+00:00,19.71490149172041,26.774983992695464,11.10649180788097,14.01501294155706,2.9032350420057624,4.014697771986956,in_sample
2024-03-22 00:00:00+00:00,19.75388611683215,26.87152497769421,11.128453998238282,14.042726497503168,2.9061603857861806,4.020091466027164,in_sample
2024-03-23 00:00:00+00:00,19.79682362703332,26.88814601760595,11.152643066872502,14.07325009719756,2.90919134623212,4.025681769201613,in_sample
2024-03-24 00:00:00+00:00,19.969063425343304,27.158721534119895,11.24967524883518,14.195692656871488,2.9213266192482665,4.048071838711781,in_sample
2024-03-25 00:00:00+00:00,19.998309490101533,27.182824037083584,11.26615117080651,14.2164832236541,2.9233259478140368,4.051765788627138,in_sample
2024-03-26 00:00:00+00:00,19.97455546482181,27.07112781054043,11.252769217704476,14.199596861231788,2.921292930629482,4.0480087394655015,in_sample
2024-03-27 00:00:00+00:00,20.094424607044626,27.310785276491686,11.318694599854654,14.283595880850571,2.931866176979077,4.067543739729218,in_sample
2024-03-28 00:00:00+00:00,20.1252869035329,27.41505216175175,11.333470975795604,14.303559147649633,2.9347112142720335,4.072806514554403,in_sample
2024-03-29 00:00:00+00:00,19.996912356321957,27.235094885976697,11.27202142578188,14.22053157276455,2.922767230929992,4.050705290225583,in_sample
2024-03-30 00:00:00+00:00,20.018209574593822,27.286281386105326,11.282225665913234,14.23431372878444,2.9247444943386007,4.054359047420552,in_sample
2024-03-31 00:00:00+00:00,19.928230552468914,27.246763253410617,11.239120457893788,14.176090811350292,2.9163944292772594,4.038925602712918,in_sample
2024-04-01 00:00:00+00:00,19.646237406136226,26.78928155838726,11.103937773618302,13.993546756550266,2.8899982390617707,3.990184025371091,in_sample
2024-04-02 00:00:00+00:00,19.375731908476364,26.380057218973985,10.973982875454249,13.818212852222883,2.861744514580567,3.938171278531155,in_sample
2024-04-03 00:00:00+00:00,19.08614459374026,25.73964272901268,10.834569442676948,13.63027481470056,2.8316109992953904,3.8828805546096063,in_sample
2024-04-04 00:00:00+00:00,19.14090354835665,25.808403956977344,10.860991554249189,13.665861123535873,2.8371265636516236,3.892964933003788,in_sample
2024-04-05 00:00:00+00:00,19.08062317690065,25.690557546361095,10.831917748351044,13.626696687214064,2.8308634024613184,3.8815062657752444,in_sample
2024-04-06 00:00:00+00:00,18.85252811293951,25.343986889463437,10.721853160501022,13.478460132070893,2.8072229541861695,3.8382871555320848,in_sample
2024-04-07 00:00:00+00:00,18.67716848158842,25.17821317957758,10.637081867472943,13.364371677458303,2.788608036332967,3.8043511738337843,in_sample
2024-04-08 00:00:00+00:00,18.927394156656984,25.420517098752658,10.758214808187219,13.527305321528695,2.8171407838414684,3.8562521414192297,in_sample
2024-04-09 00:00:00+00:00,18.60445145546197,24.977985158483946,10.602189954305011,13.31727241997432,2.780621504291937,3.7895994318002075,in_sample
2024-04-10 00:00:00+00:00,18.917300823631468,25.41528103133649,10.75373192107055,13.52105876905301,2.8142718622887792,3.8507470936198755,in_sample
2024-04-11 00:00:00+00:00,19.26778674865732,25.98247607286837,10.923083614408267,13.749021318208717,2.8565281261220616,3.9278389990246905,in_sample
2024-04-12 00:00:00+00:00,19.64347317143373,26.534962711799725,11.102560118537252,13.991799160832803,2.902259166625992,4.011681648295186,in_sample
2024-04-13 00:00:00+00:00,19.64013432455054,26.53635405473553,11.101052627150501,13.989708000220007,2.90172086513991,4.010689550269024,in_sample
2024-04-14 00:00:00+00:00,19.715561370600575,26.584861520371042,11.128377976623467,14.031860217854229,2.909292778851236,4.02464384227204,in_sample
2024-04-15 00:00:00+00:00,19.887376947594543,26.823807169742846,11.177696705584907,14.118085531656636,2.926889369320566,4.0571007610083,in_sample
2024-04-16 00:00:00+00:00,19.796106656246522,26.658423587154953,11.147766785315568,14.069486407229645,2.9175621038620343,4.0398621384685764,in_sample
2024-04-17 00:00:00+00:00,19.659562543576552,26.47726832840453,11.106683863733439,13.999558351616185,2.9038560965393656,4.014557733360798,in_sample
2024-04-18 00:00:00+00:00,19.775032861339625,26.60733844767871,11.138435244691749,14.05646173376046,2.915531231356878,4.036078773527827,in_sample
2024-04-19 00:00:00+00:00,19.770947035710968,26.652405408426382,11.13881126539525,14.055584739316481,2.9151367932899004,4.035350726397581,in_sample
2024-04-20 00:00:00+00:00,19.568118745891674,26.429655201464808,11.075547061331731,13.950008549859898,2.8949686637573024,3.998126412100435,in_sample
2024-04-21 00:00:00+00:00,19.726374118035693,26.62003784142713,11.125942667295543,14.03322125173979,2.9107225860644435,4.027135901867466,in_sample
2024-04-22 00:00:00+00:00,19.798444253202234,26.767009645971438,11.153220637605271,14.074372877140755,2.9177364492727182,4.040074627333582,in_sample
2024-04-23 00:00:00+00:00,19.638551620347545,26.5671610566779,11.094628815540267,13.984544307857336,2.9016101895367057,4.010302099245016,in_sample
2024-04-24 00:00:00+00:00,19.72481966814989,26.6861866794055,11.126884574914634,14.03351139891375,2.9105880171000513,4.026846384829977,in_sample
2024-04-25 00:00:00+00:00,19.759984559192596,26.693407653536458,11.139427943441127,14.053010839611632,2.9144235815087196,4.033921806741099,in_sample
2024-04-26 00:00:00+00:00,19.701835774699873,26.602455881538276,11.120015680529592,14.021775222298611,2.9080759629119655,4.022207290365473,in_sample
2024-04-27 00:00:00+00:00,19.805254977791805,26.749985116011427,11.154158815619192,14.077048212277885,2.919329346384758,4.0429602746399835,in_sample
2024-04-28 00:00:00+00:00,19.73561133276344,26.67912632318201,11.132383179405634,14.040758775257295,2.9112849252450137,4.028106052435039,in_sample
2024-04-29 00:00:00+00:00,19.816500720841727,26.787369221658956,11.15797269697101,14.08314296792644,2.9208463968128404,4.04574528389996,in_sample
2024-04-30 00:00:00+00:00,19.83314763202442,26.776761826602243,11.163002709353758,14.09168440982804,2.9225486864214454,4.048889135245406,in_sample
2024-05-01 00:00:00+00:00,19.74896966831323,26.701344854738842,11.134563132980473,14.046220113549241,2.9107356273643963,4.027068105451641,in_sample
2024-05-02 00:00:00+00:00,19.784757632068786,26.7479674365193,11.150992929436205,14.068837304458,2.915691632675948,4.036295470900794,in_sample
2024-05-03 00:00:00+00:00,19.609094617741235,26.448755025083287,11.07023129014498,13.95773551920851,2.88529510721662,3.9825398594608674,in_sample
2024-05-04 00:00:00+00:00,19.405996036427226,26.07645212761945,10.979800010907926,13.831498010450721,2.84237339440408,3.9206669215779124,in_sample
2024-05-05 00:00:00+00:00,19.412019938260123,26.070444675078882,10.981517042344425,13.834513198848612,2.843416084240626,3.92249246915177,in_sample
2024-05-06 00:00:00+00:00,19.519672541441697,26.205842894691703,11.013493763484572,13.88937240207368,2.863552567264993,3.9551217261745313,in_sample
2024-05-07 00:00:00+00:00,19.39709161761917,26.021261840490883,10.976345764295333,13.826374122265277,2.838688033141907,3.9178652757400503,in_sample
2024-05-08 00:00:00+00:00,19.188188216450406,25.56925238582025,10.912652680283609,13.718672370254856,2.797202502754381,3.8545731546150717,in_sample
2024-05-09 00:00:00+00:00,19.23547633586695,25.71229534861913,10.92297033073608,13.739978307471043,2.8066878745239783,3.8688221952419735,in_sample
2024-05-10 00:00:00+00:00,19.427933670098785,26.035334179755903,11.01376018504825,13.8634901320384,2.844237389477062,3.926885473216914,in_sample
2024-05-11 00:00:00+00:00,19.233715204911682,25.79514262555527,10.952565901316564,13.76183683189752,2.80704947428264,3.8680006466683596,in_sample
2024-05-12 00:00:00+00:00,19.04317529802814,25.57132428956112,10.864438490420913,13.640864905706934,2.772007208132973,3.810522790061634,in_sample
2024-05-13 00:00:00+00:00,18.724411955220695,25.09468350398009,10.718047920173788,13.439250673053468,2.7129939992281975,3.714846389194041,in_sample
2024-05-14 00:00:00+00:00,18.693985403808625,25.015144697993634,10.703783099153595,13.419783429631474,2.7072782766596255,3.705674295078759,in_sample
2024-05-15 00:00:00+00:00,18.5067017339936,24.760871177143038,10.61524539800008,13.299403504728119,2.6773796591367716,3.651108034753507,in_sample
2024-05-16 00:00:00+00:00,18.443394054449307,24.701000815234593,10.588152136891551,13.260839259877127,2.667141299032292,3.632492142301796,in_sample
2024-05-17 00:00:00+00:00,18.42276985575978,24.671639562249478,10.580775047998987,13.249364183947213,2.6638583544557743,3.6265305681963973,in_sample
2024-05-18 00:00:00+00:00,18.36819902435727,24.598856932967998,10.561802732480038,13.219411186334073,2.6550955804573664,3.6106544489815526,in_sample
2024-05-19 00:00:00+00:00,18.485967398515893,24.755909974996772,10.596252113036282,13.279184493488344,2.6743617902383345,3.6453792118890056,in_sample
2024-05-20 00:00:00+00:00,18.45202628810333,24.66779859368776,10.583619432995683,13.259933272061762,2.668703795158076,3.635160613169795,in_sample
2024-05-21 00:00:00+00:00,18.469590488211015,24.648332042481,10.590950127305595,13.270492701016337,2.6714469925599595,3.6401427887451026,in_sample
2024-05-22 00:00:00+00:00,18.372688535463425,24.52786516245064,10.557049934091019,13.217156659775815,2.6560919383562154,3.6122455031236305,in_sample
2024-05-23 00:00:00+00:00,18.296028238651854,24.435723511417923,10.53136766814766,13.175805027965064,2.6441438246627715,3.5905798274057625,in_sample
2024-05-24 00:00:00+00:00,18.181716622590617,24.24413688979125,10.49356325698154,13.114498340200356,2.6261932396431393,3.5580788175083686,in_sample
2024-05-25 00:00:00+00:00,18.17050596721342,24.295245030669985,10.48982296527088,13.108459141868481,2.624375131440936,3.55479448326896,in_sample
2024-05-26 00:00:00+00:00,18.08687855957115,24.14228339212479,10.462409750094999,13.06377322323833,2.6108885444134904,3.5304371701247486,in_sample
2024-05-27 00:00:00+00:00,18.09403427521598,24.15024571196574,10.46460230394134,13.067483217591993,2.6119409759651275,3.5324920352317775,in_sample
2024-05-28 00:00:00+00:00,17.971939494074224,23.969112078890873,10.424674611182738,13.002297162368915,2.591490836850078,3.4967372525752602,in_sample
2024-05-29 00:00:00+00:00,18.044263957091335,24.05163618360273,10.449139410033213,13.041535620029046,2.603512916537798,3.5178451283435774,in_sample
2024-05-30 00:00:00+00:00,17.930284354936884,23.912359036734053,10.411732345838953,12.9805714279465,2.583843040899818,3.484513545316164,in_sample
2024-05-31 00:00:00+00:00,17.678954785475273,23.58112393808862,10.327852419586096,12.845046594033882,2.539949112670864,3.411249680243689,in_sample
2024-06-01 00:00:00+00:00,17.683790080013363,23.61462631406302,10.329374729875743,12.847587875921729,2.5406937575098896,3.4126491744853253,in_sample
2024-06-02 00:00:00+00:00,17.206410862327903,22.99876877700087,10.170723086274979,12.590460346709168,2.45150769229993,3.274460942286843,in_sample
2024-06-03 00:00:00+00:00,17.01885219743062,22.729881112357724,10.089092233154592,12.47493227935565,2.4154511027077112,3.220648863883921,in_sample
2024-06-04 00:00:00+00:00,17.235757058308216,22.925570194529637,10.180606097440025,12.606422246512968,2.4480157782353476,3.278542472313563,in_sample
2024-06-05 00:00:00+00:00,17.314187008472214,23.068869705714597,10.213589029671237,12.653873284615251,2.459363402997396,3.2988057783880977,in_sample
2024-06-06 00:00:00+00:00,17.211611360686728,22.93071875996502,10.166655520834416,12.588998529036454,2.44555904257457,3.2741175988511926,in_sample
2024-06-07 00:00:00+00:00,17.36844354116894,23.174569408958344,10.23929472050136,12.688850786484622,2.4661851428638655,3.3109365983940036,in_sample
2024-06-08 00:00:00+00:00,17.399438971072055,23.25203227308268,10.25237496702321,12.707634177375231,2.470163045394284,3.3180572225212,in_sample
2024-06-09 00:00:00+00:00,17.28012836866737,23.122208799014984,10.206181262086588,12.638425145036322,2.4551288098759945,3.2911308197805353,in_sample
2024-06-10 00:00:00+00:00,17.46345927458545,23.366653686372207,10.276561356034037,12.744350789343716,2.4789443005858347,3.3336974365967618,in_sample
2024-06-11 00:00:00+00:00,17.4590507503613,23.36779669159244,10.274871893873794,12.741806802208258,2.478268992055253,3.3324865586076755,in_sample
2024-06-12 00:00:00+00:00,17.551076372327316,23.527746242062385,10.310074750467413,12.794864236031035,2.4895746234837013,3.3527565480735255,in_sample
2024-06-13 00:00:00+00:00,17.52942153748901,23.498636531144946,10.301806258851789,12.78239287381448,2.486880913031459,3.347919654642186,in_sample
2024-06-14 00:00:00+00:00,17.395144760006964,23.308756852752854,10.249969192163492,12.704635818494413,2.470649199621451,3.3187841100226168,in_sample
2024-06-15 00:00:00+00:00,17.244868792131175,23.11353125675657,10.187301366821842,12.614128555486339,2.4523632914348448,3.2860332138687696,in_sample
2024-06-16 00:00:00+00:00,17.309459530012592,23.200280399450453,10.214911976881876,12.65353988600848,2.460175087356767,3.29998972183481,in_sample
2024-06-17 00:00:00+00:00,17.06691990007681,22.851825193975493,10.112645820788247,12.506611251518617,2.4311169694400934,3.248019713166897,in_sample
2024-06-18 00:00:00+00:00,17.355554390033486,23.231875455036047,10.223811628719336,12.67370485193595,2.4654568877582976,3.309191447832139,in_sample
2024-06-19 00:00:00+00:00,17.238242973628317,23.08115550930612,10.178892845511596,12.606029196940625,2.451677272658078,3.28453103719562,in_sample
2024-06-20 00:00:00+00:00,17.364927057988947,23.228804254980073,10.226601320595714,12.678536628135289,2.465218286373652,3.3087190385120544,in_sample
2024-06-21 00:00:00+00:00,17.229082704724657,23.024406739305544,10.166969820156044,12.594506112759483,2.450716307936931,3.2827670582946467,in_sample
2024-06-22 00:00:00+00:00,17.3655537847815,23.238895431079264,10.228432571267724,12.680093218933354,2.4655166908400745,3.309200804372469,in_sample
2024-06-23 00:00:00+00:00,17.518011844120373,23.43312584740358,10.28680183201767,12.768038246106062,2.4814510577362743,3.3377168120966516,in_sample
2024-06-24 00:00:00+00:00,17.29814787258831,23.13038848250907,10.202882313556938,12.641442090005194,2.453291807821828,3.2872153919363476,in_sample
2024-06-25 00:00:00+00:00,17.35266095908933,23.242805770054694,10.223781885964343,12.672914128784637,2.4604624514457205,3.3000261794751675,in_sample
2024-06-26 00:00:00+00:00,17.415951595531336,23.3493652870529,10.248019971498088,12.70942960465975,2.4686580635271747,3.314682358931583,in_sample
2024-06-27 00:00:00+00:00,17.437999727058134,23.452286887723883,10.25645288997159,12.722140546549628,2.4714953849986556,3.31976194424264,in_sample
2024-06-28 00:00:00+00:00,17.480203709538152,23.495342869449004,10.272587828448076,12.746465053606618,2.476996563015932,3.32961433376687,in_sample
2024-06-29 00:00:00+00:00,17.566078576969936,23.632446363438643,10.305390771491249,12.79593443060953,2.488601214219989,3.350413185389201,in_sample
2024-06-30 00:00:00+00:00,17.576343459475726,23.612593569790473,10.309305097402884,12.80184158414389,2.4899468661765525,3.35282872711733,in_sample
2024-07-01 00:00:00+00:00,17.625184724931206,23.67569620905652,10.326895135759704,12.829176848994157,2.4965690780839824,3.3647182136612113,in_sample
2024-07-02 00:00:00+00:00,17.502840579506966,23.50866429278119,10.272686908303347,12.753149704490976,2.479080457840732,3.333291469077572,in_sample
2024-07-03 00:00:00+00:00,17.434461606424126,23.464682143168893,10.24259595318291,12.710806365009647,2.4693341326325027,3.3158186771969116,in_sample
2024-07-04 00:00:00+00:00,17.039520837731107,22.934969508447317,10.069922541965914,12.46706177538445,2.4141047887856923,3.21693615528598,in_sample
2024-07-05 00:00:00+00:00,16.593899448145585,22.294934492682682,9.860319378192626,12.180945766190543,2.351839625112858,3.106306847525238,in_sample
2024-07-06 00:00:00+00:00,16.77172467501304,22.525324531415457,9.946451781047989,12.29700183984376,2.3725620548691575,3.1428003934070863,in_sample
2024-07-07 00:00:00+00:00,16.908884807164178,22.703489317663845,10.011636008019625,12.38558123216478,2.3864778534989957,3.1673783679887126,in_sample
2024-07-08 00:00:00+00:00,16.82343083610556,22.642917172094815,9.964201592686871,12.325334377422516,2.378003572316996,3.152382067137081,in_sample
2024-07-09 00:00:00+00:00,16.74862367941596,22.586101569716927,9.921817945983072,12.271955853437959,2.3703940303806403,3.138932026484746,in_sample
2024-07-10 00:00:00+00:00,16.746683819118914,22.62168890955633,9.92062095639527,12.270498998909984,2.3701772650047293,3.1385492986783365,in_sample
2024-07-11 00:00:00+00:00,16.514211663272203,22.329099100171973,9.792822780662185,12.107523240547577,2.3450619823913477,3.094206312862503,in_sample
2024-07-12 00:00:00+00:00,16.567954387360512,22.393413152916683,9.822274040014483,12.145131539360898,2.350993813250861,3.1046420333282634,in_sample
2024-07-13 00:00:00+00:00,16.447289267565743,22.24878846158167,9.754953375080014,12.059805386883717,2.3378994908752855,3.081586147534474,in_sample
2024-07-14 00:00:00+00:00,16.452040883262864,22.327337113981127,9.757360679736829,12.062984670582372,2.33837760249132,3.0824264129885406,in_sample
2024-07-15 00:00:00+00:00,16.59373606752465,22.44345231843403,9.834093789146642,12.161461129680847,2.354588919155801,3.1109192110850667,in_sample
2024-07-16 00:00:00+00:00,16.488773762756797,22.31289294640463,9.77715947556294,12.088445463556956,2.342213045228458,3.089117616963156,in_sample
2024-07-17 00:00:00+00:00,16.504564881485493,22.40813530138783,9.784514101006199,12.09853219225016,2.3440135537482782,3.092283843365661,in_sample
2024-07-18 00:00:00+00:00,16.456666781190332,22.338330070158687,9.762094848618633,12.067854856201446,2.3384906272476282,3.082569191696947,in_sample
2024-07-19 00:00:00+00:00,16.589065413054627,22.46045834221341,9.824550153188564,12.153014774592299,2.3537582513612327,3.1094033140575457,in_sample
2024-07-20 00:00:00+00:00,16.7069969407151,22.569337088810126,9.885019104523149,12.232453273283976,2.3674819851515414,3.133576073121567,in_sample
2024-07-21 00:00:00+00:00,16.73250317327522,22.715775679369674,9.892572474316053,12.245531547215165,2.3703333425495803,3.138608111590823,in_sample
2024-07-22 00:00:00+00:00,16.797234970506317,22.83578122010058,9.912578391454108,12.279339507738978,2.3774611362521996,3.151192193180362,in_sample
2024-07-23 00:00:00+00:00,16.624369436868825,22.542430052928992,9.851375601198388,12.183301850729299,2.3582339931393648,3.1172128514641324,in_sample
2024-07-24 00:00:00+00:00,16.666331894006635,22.64174186203848,9.870583073206022,12.209855311371735,2.362879364651035,3.1254001146552213,in_sample
2024-07-25 00:00:00+00:00,16.648897018911143,22.652627257047882,9.861882121197677,12.198288336504016,2.3607297974351535,3.121609114164616,in_sample
2024-07-26 00:00:00+00:00,16.76276139193677,22.8093106138304,9.91875562231091,12.27386726347115,2.374255128390569,3.14566155939911,in_sample
2024-07-27 00:00:00+00:00,16.761880235235648,22.802652308173176,9.917635094756108,12.27277723512434,2.3739982370613952,3.145413525614784,in_sample
2024-07-28 00:00:00+00:00,16.69029574180401,22.710785148416868,9.884148866206395,12.226949107787751,2.3614415200218613,3.1252639811689136,in_sample
2024-07-29 00:00:00+00:00,16.679734943366423,22.728167253587323,9.878981728017912,12.2200193323605,2.359510993875566,3.122297711114749,in_sample
2024-07-30 00:00:00+00:00,16.739777271036704,22.791335120039776,9.907929004985531,12.259098952370087,2.3704188337806547,3.139156793968115,in_sample
2024-07-31 00:00:00+00:00,16.863684171597274,22.946170807695225,9.966282526022555,12.33871597183495,2.3933117086795375,3.174010590026731,in_sample
2024-08-01 00:00:00+00:00,16.729994391687846,22.774092187800512,9.900380234184787,12.25063500751743,2.368310557163568,3.1362668111857874,in_sample
2024-08-02 00:00:00+00:00,16.581849784415734,22.592948320628967,9.82216557641076,12.149173871973375,2.3369284419228324,3.0946092047187,in_sample
2024-08-03 00:00:00+00:00,16.355856542595287,22.280348970525253,9.705006684241523,11.995992384241672,2.292514300173181,3.0313447822838397,in_sample
2024-08-04 00:00:00+00:00,16.20413478406238,22.067771820146703,9.620681632887827,11.888942428596195,2.263184100272708,2.9891653073150515,in_sample
2024-08-05 00:00:00+00:00,15.857466846444618,21.606754240867524,9.425502704463522,11.642484920181651,2.2054697699512107,2.893240922635346,in_sample
2024-08-06 00:00:00+00:00,16.450042147019285,22.38704846077096,9.758596573930872,12.063376162705781,2.3036816771037727,3.0549226727346106,in_sample
2024-08-07 00:00:00+00:00,16.343932860401793,22.23541224589677,9.703709826114016,11.991540820659942,2.2882550072938987,3.027646170756425,in_sample
2024-08-08 00:00:00+00:00,16.47112289556396,22.393739913316896,9.776585998902753,12.082903399446497,2.300085355244185,3.048516867746768,in_sample
2024-08-09 00:00:00+00:00,16.53018232127323,22.53601821531857,9.809511768915948,12.1246491667798,2.3055334108911882,3.0581446203275986,in_sample
2024-08-10 00:00:00+00:00,16.715107763193863,22.864680286790172,9.909894313472979,12.25334948314113,2.3225689518828503,3.088273380866291,in_sample
2024-08-11 00:00:00+00:00,16.513791370024748,22.62218955723629,9.799840647184459,12.112670603370745,2.3037879848049583,3.054976480238757,in_sample
2024-08-12 00:00:00+00:00,16.50865842728025,22.597445670428858,9.796709978671648,12.108842905540198,2.3032885264124787,3.0540933933968852,in_sample
2024-08-13 00:00:00+00:00,16.37495383857018,22.46014363907397,9.720231928947998,12.012898181237956,2.291322863969173,3.0329385676210996,in_sample
2024-08-14 00:00:00+00:00,16.16306891982405,22.203231740018136,9.602668191281563,11.863545697262381,2.2721064754494065,2.9990238791306076,in_sample
2024-08-15 00:00:00+00:00,16.154179205320062,22.205740213001988,9.597730090598143,11.857275265326518,2.2712708853063828,2.9975533173007687,in_sample
2024-08-16 00:00:00+00:00,16.058146154058026,22.09337218102161,9.54426647703391,11.78944953587758,2.262788709679064,2.9826272986539193,in_sample
2024-08-17 00:00:00+00:00,16.19659757140783,22.31377575656727,9.622270192265178,11.887920361513935,2.27516461569613,3.0043778727569763,in_sample
2024-08-18 00:00:00+00:00,16.28983471571673,22.43254011721414,9.67471582616034,11.95417056530119,2.2834337005725636,3.0189370863097387,in_sample
2024-08-19 00:00:00+00:00,16.383068454267875,22.566828804792294,9.727560139472851,12.02071507217748,2.291557664803059,3.033258055002427,in_sample
2024-08-20 00:00:00+00:00,16.375967383751618,22.55561083564286,9.723233048873137,12.015422680640611,2.2909390844201365,3.0321663295163184,in_sample
2024-08-21 00:00:00+00:00,16.32176308305841,22.4714350795615,9.69358057070692,11.977528589964646,2.2862590793994495,3.023907385259384,in_sample
2024-08-22 00:00:00+00:00,16.301151574610085,22.432265049108718,9.682303344969725,11.963117805310226,2.2844528924403003,3.0207221282403847,in_sample
2024-08-23 00:00:00+00:00,16.683355222025778,22.924694538301097,9.890831430449627,12.229904756367437,2.318002228008451,3.0798716489995073,in_sample
2024-08-24 00:00:00+00:00,16.77964204517754,23.09885715807133,9.94253885298073,12.296499770953966,2.3265513834671756,3.095017048028645,in_sample
2024-08-25 00:00:00+00:00,16.762077633368232,23.070657343795453,9.936302875253812,12.286723700584703,2.3250787146302767,3.092404921377046,in_sample
2024-08-26 00:00:00+00:00,16.966412686624526,23.361281991256824,10.008881821205796,12.40048377365737,2.3421031190343324,3.1225953555797505,in_sample
2024-08-27 00:00:00+00:00,17.074886195006123,23.470534670695837,10.040036547241332,12.455355855758116,2.351597522354348,3.1394731662221824,in_sample
2024-08-28 00:00:00+00:00,17.10629878119753,23.54789985614592,10.055521287097966,12.476047409983519,2.3553870462602493,3.146218713169022,in_sample
2024-08-29 00:00:00+00:00,17.000992108121167,23.43218966688638,9.99797861217521,12.402489829165619,2.3424486419302024,3.123175338401735,in_sample
2024-08-30 00:00:00+00:00,16.997699951196147,23.424929255287076,9.996093243806861,12.400125877786442,2.3419989806668977,3.122375963512257,in_sample
2024-08-31 00:00:00+00:00,17.0342214822995,23.46945227262975,10.016140984867851,12.425704621860392,2.346370589880975,3.130146993101129,in_sample
2024-09-01 00:00:00+00:00,17.002020744200948,23.442982250556582,9.998468304445955,12.403154523360149,2.3421880387169676,3.122707418121814,in_sample
2024-09-02 00:00:00+00:00,17.36057240896567,23.93766589258552,10.19506456188945,12.654108659288758,2.3903420235600126,3.2083087465639,in_sample
2024-09-03 00:00:00+00:00,17.185618658221973,23.692460231946438,10.097762600057129,12.530636508726708,2.3667536160409552,3.166095041905744,in_sample
2024-09-04 00:00:00+00:00,17.327567816889914,23.838747111536904,10.176045992582665,12.63032316917204,2.384092856588763,3.197022178078967,in_sample
2024-09-05 00:00:00+00:00,17.469248083188496,23.97931803969706,10.25459501512895,12.730128485386071,2.401955242095346,3.2289596604132487,in_sample
2024-09-06 00:00:00+00:00,17.53672444992223,24.071107952596805,10.291443921187899,12.77724364005464,2.410374987058329,3.244051263764815,in_sample
2024-09-07 00:00:00+00:00,17.53110373611107,24.015616311204454,10.288342665584379,12.773295340473538,2.4096310863082717,3.242716338877584,in_sample
2024-09-08 00:00:00+00:00,17.69018856200436,24.260819199393616,10.375866072005682,12.88485731365164,2.430388693402011,3.2799618918373077,in_sample
2024-09-09 00:00:00+00:00,17.649211022228094,24.215737670426563,10.353269507023825,12.856082335825771,2.425055226769903,3.2703647617693523,in_sample
2024-09-10 00:00:00+00:00,17.828594358360483,24.587496455102983,10.450664741525452,12.980912889822275,2.4481076612296153,3.3118152923237747,in_sample
2024-09-11 00:00:00+00:00,17.85084755004431,24.641935509847713,10.461188759652208,12.995237081777006,2.4509268571001672,3.3169003933014336,in_sample
2024-09-12 00:00:00+00:00,18.21986193979231,25.088916634264205,10.63032383177192,13.228755715947683,2.4983889779386765,3.402542621163173,in_sample
2024-09-13 00:00:00+00:00,18.209583111548206,25.015264870124344,10.624147043761596,13.221158518147194,2.4969688380311847,3.3999638465443156,in_sample
2024-09-14 00:00:00+00:00,18.35689990056182,25.192506289734947,10.690802010058926,13.31371158656219,2.5168275589942977,3.43601765828855,in_sample
2024-09-15 00:00:00+00:00,18.255309149370007,24.975383320000525,10.659004583963421,13.260480076413364,2.5032241124308516,3.4112554360014506,in_sample
2024-09-16 00:00:00+00:00,18.31515135241259,25.075775344349452,10.676275161144268,13.290759013812554,2.511272835143334,3.4258799084804843,in_sample
2024-09-17 00:00:00+00:00,18.630914732332233,25.507555120507412,10.819305099773413,13.489248729866906,2.55294973680538,3.501687447485472,in_sample
2024-09-18 00:00:00+00:00,18.7487806785268,25.68356611801543,10.879297492748915,13.56826212972936,2.568760001316533,3.5306017677751753,in_sample
2024-09-19 00:00:00+00:00,18.786199914636533,25.79251798951482,10.888849710555348,13.58624197234022,2.5733375812942687,3.538990568573092,in_sample
2024-09-20 00:00:00+00:00,18.26037867308426,25.119405098770603,10.695200818589617,13.289159881561293,2.5049978107992135,3.413677924014524,in_sample
2024-09-21 00:00:00+00:00,18.482552641037753,25.416159700842922,10.786290750103447,13.421744996925058,2.5335341119997836,3.4655282641739493,in_sample
2024-09-22 00:00:00+00:00,18.669887210081793,25.63016110640105,10.862819767385261,13.533297368948222,2.551702501774267,3.4986640949908225,in_sample
2024-09-23 00:00:00+00:00,18.538909268676743,25.4138106660167,10.809474354609948,13.455444621575596,2.539005434207941,3.4754519980345933,in_sample
2024-09-24 00:00:00+00:00,18.562252363792744,25.487063512402013,10.819001808952043,13.469337305856186,2.5413505421560862,3.479732051945562,in_sample
2024-09-25 00:00:00+00:00,18.591219308630983,25.483655230371586,10.830820169985172,13.486573131840112,2.5443517098918624,3.4852111646667767,in_sample
2024-09-26 00:00:00+00:00,18.84566987237184,25.887145065316094,10.934586134798698,13.637933092963447,2.5708143853934495,3.5335420154405504,in_sample
2024-09-27 00:00:00+00:00,18.747572108039247,25.810822334041283,10.894743511920701,13.579721439061519,2.5605560619985157,3.514742153456516,in_sample
2024-09-28 00:00:00+00:00,18.80222095780707,25.905407386225946,10.916974104693333,13.612180855410424,2.5660896487986524,3.5248697092505608,in_sample
2024-09-29 00:00:00+00:00,18.586990144884865,25.602085887813136,10.829496755526254,13.4844085129123,2.5445196241762913,3.4853639310302538,in_sample
2024-09-30 00:00:00+00:00,18.784772819763344,25.838511352086723,10.910161821437404,13.602067452768624,2.5644579679282993,3.521778078254723,in_sample
2024-10-01 00:00:00+00:00,18.926922551907204,26.040494836019164,10.96795403520601,13.686470645510097,2.5782204484954008,3.546978154564431,in_sample
2024-10-02 00:00:00+00:00,19.01210990594126,26.138218399061117,11.002509662863108,13.736983329654588,2.5864329935712123,3.5620426631065034,in_sample
2024-10-03 00:00:00+00:00,19.083828604567962,26.211250674732803,11.030699467386084,13.778828661615995,2.59319009503037,3.574450528165595,in_sample
2024-10-04 00:00:00+00:00,18.78413247454395,25.86483736540004,10.923059237736402,13.611600224215344,2.5623064980053942,3.5176906375021555,in_sample
2024-10-05 00:00:00+00:00,18.83674281586089,25.914118020431808,10.938403747934384,13.638322291214505,2.567654424370542,3.5274799168197677,in_sample
2024-10-06 00:00:00+00:00,18.705650239683045,25.74216584469556,10.885116378752494,13.56049228028699,2.5548283815554966,3.503985785100214,in_sample
2024-10-07 00:00:00+00:00,18.738388273468534,25.741274992605955,10.89845192775722,13.579953456774296,2.5580458190588575,3.509869470729936,in_sample
2024-10-08 00:00:00+00:00,18.90518095520966,25.92223270291587,10.966357843577196,13.679072452174202,2.574221189995775,3.5394615602362958,in_sample
2024-10-09 00:00:00+00:00,19.020677240903552,26.099655144631807,11.013255121157707,13.747598814986576,2.5861905568578227,3.5614048255486566,in_sample
2024-10-10 00:00:00+00:00,19.150380464360566,26.186772362916674,11.064999152079297,13.823851666201069,2.5995691195983315,3.585969387133447,in_sample
2024-10-11 00:00:00+00:00,18.967854190077325,25.94896749756225,10.999241967526523,13.72185694763165,2.5803238412694363,3.5505722497571095,in_sample
2024-10-12 00:00:00+00:00,18.80053733705302,25.70183874619549,10.936021152139004,13.626118515359519,2.557957823685464,3.5095375237530213,in_sample
2024-10-13 00:00:00+00:00,18.819714788295773,25.781797343002523,10.943829838990473,13.637515937645523,2.5604871227877934,3.514164480474109,in_sample
2024-10-14 00:00:00+00:00,18.46661668869509,25.286040211791676,10.800099081464179,13.427703385631816,2.5138720194302935,3.428861368153721,in_sample
2024-10-15 00:00:00+00:00,18.450169254238357,25.257144535278886,10.79336564743378,13.417896605886972,2.5113556137024595,3.4242849451058857,in_sample
2024-10-16 00:00:00+00:00,18.486720436006006,25.386723091370026,10.808333379434469,13.439693738273075,2.515676803528008,3.4321409865117496,in_sample
2024-10-17 00:00:00+00:00,18.527896465161,25.48957623974522,10.82518498793487,13.464240138644946,2.520403085812073,3.440738416896137,in_sample
2024-10-18 00:00:00+00:00,18.15996849401097,25.051556967778296,10.6747080112205,13.244993778724117,2.473772644404123,3.3558614372033087,in_sample
2024-10-19 00:00:00+00:00,18.217042834686676,25.18702194363667,10.69819243220355,13.279128111924505,2.480812687717681,3.3685952454485966,in_sample
2024-10-20 00:00:00+00:00,18.126680753243424,24.96697865393225,10.661046026980769,13.225115925270288,2.4704672292556293,3.34986500576556,in_sample
2024-10-21 00:00:00+00:00,18.25434279064532,25.173711473513123,10.713604331097057,13.301491910418438,2.4853071827978686,3.3766949324933946,in_sample
2024-10-22 00:00:00+00:00,17.757712434693453,24.518573250603804,10.509571195779536,13.00474837464191,2.4247414517018773,3.2669770413127104,in_sample
2024-10-23 00:00:00+00:00,18.074618617286323,24.964019712728284,10.64085970889257,13.195057449984755,2.4633137211358465,3.3362708725284924,in_sample
2024-10-24 00:00:00+00:00,17.83365012837919,24.64167797324264,10.54155590850197,13.050807307831588,2.438080624008902,3.2907038266715327,in_sample
2024-10-25 00:00:00+00:00,17.789773114590787,24.564590993292853,10.523400769568926,13.024477478132109,2.4338678863377075,3.283122523117226,in_sample
2024-10-26 00:00:00+00:00,17.569061602545364,24.351867100256428,10.432008654755242,12.891973554590626,2.4124950457989316,3.2446818421749066,in_sample
2024-10-27 00:00:00+00:00,17.854004117649534,24.739622671317523,10.550442182717296,13.063425313994259,2.440328219053796,3.2945940921654606,in_sample
2024-10-28 00:00:00+00:00,18.341209860182293,25.453910924019098,10.75197485789008,13.355738015745233,2.486901048811816,3.378429028017215,in_sample
2024-10-29 00:00:00+00:00,18.022966442221087,25.008724567924464,10.621382509932413,13.165711942585412,2.458422317910852,3.326844951144849,in_sample
2024-10-30 00:00:00+00:00,18.063177601429928,25.045019169925997,10.637970715494792,13.189798710065617,2.4615828403056543,3.332547561254064,in_sample
2024-10-31 00:00:00+00:00,17.98818908658491,24.966984062084,10.60705655688077,13.144898060837583,2.4557627744585973,3.3220417756122043,in_sample
2024-11-01 00:00:00+00:00,17.997128484514658,24.93897480012355,10.610746449692007,13.15025469393922,2.456454332670063,3.3232891193663323,in_sample
2024-11-02 00:00:00+00:00,18.090186791613423,25.086506729830692,10.649152169346591,13.206011764376685,2.4637794378846953,3.3365024418554396,in_sample
2024-11-03 00:00:00+00:00,18.312970093043766,25.375706938483944,10.740954278055314,13.339371619941412,2.481371109568985,3.368266462410431,in_sample
2024-11-04 00:00:00+00:00,18.492078040920045,25.700291864050122,10.813080148045486,13.445301908523804,2.4953375941453357,3.3935443374341125,in_sample
2024-11-05 00:00:00+00:00,18.286425574199548,25.435026346134833,10.744498268408112,13.334325190578905,2.4790497695358935,3.364010081173061,in_sample
2024-11-06 00:00:00+00:00,18.390168068521827,25.55144133969779,10.785635594484095,13.39521627033768,2.487214642359307,3.3787827922480798,in_sample
2024-11-07 00:00:00+00:00,18.437578582130197,25.62469090876223,10.800421767057884,13.420047818790996,2.4908783950117757,3.3854188764880635,in_sample
2024-11-08 00:00:00+00:00,18.903832929056456,26.29109196542529,10.99160850573765,13.698330978097928,2.5266134293724734,3.450176786853567,in_sample
2024-11-09 00:00:00+00:00,18.68377896918787,26.044926647318746,10.902043448203392,13.56757521925053,2.5087455977339523,3.417644609072842,in_sample
2024-11-10 00:00:00+00:00,18.66361175559508,26.236979243825488,10.8938061056708,13.555566484078488,2.507213352611264,3.414861454927033,in_sample
2024-11-11 00:00:00+00:00,18.943777039120697,26.824078022308644,11.008277324927027,13.72242568181675,2.5278077635787204,3.45226130903276,in_sample
2024-11-12 00:00:00+00:00,19.28261678337651,27.427101783028817,11.14610777479142,13.92369265319079,2.552481701637198,3.4971913510125128,in_sample
2024-11-13 00:00:00+00:00,18.946337731077445,27.1094584157014,11.010040050114497,13.72457850273777,2.5254064510877003,3.447729771725465,in_sample
2024-11-14 00:00:00+00:00,18.998000185172643,27.145440760784048,11.031055403462688,13.755266081619185,2.5295598151092733,3.4552901002335474,in_sample
2024-11-15 00:00:00+00:00,18.890800482933603,27.029577326167857,10.987484075418932,13.69162045895824,2.52107647620312,3.4398395085196465,in_sample
2024-11-16 00:00:00+00:00,19.037112909456244,27.07228818174369,11.047054013735416,13.778576459347601,2.5326927103897767,3.460972270217621,in_sample
2024-11-17 00:00:00+00:00,19.04277164024329,27.210244861590628,11.049352608772685,13.781934888183429,2.533119913755045,3.4617506454727383,in_sample
2024-11-18 00:00:00+00:00,19.104310012624467,27.226830193029382,11.074347469383248,13.818455655380031,2.538079277712259,3.4707872390619565,in_sample
2024-11-19 00:00:00+00:00,19.208679682146798,27.431398332624468,11.116698027417213,13.880359313364462,2.5476418491195294,3.488222812544326,in_sample
2024-11-20 00:00:00+00:00,19.40308567233568,27.73369858033148,11.19545444932588,13.995552472589251,2.5674634352025207,3.5244090128819168,in_sample
2024-11-21 00:00:00+00:00,19.476768846074197,27.77454176537811,11.225214748303133,14.039133897126135,2.574942631207941,3.53809813782352,in_sample
2024-11-22 00:00:00+00:00,20.059894700012883,28.714784727225688,11.460469327296,14.383800779284902,2.63444510111945,3.6471105745477512,in_sample
2024-11-23 00:00:00+00:00,20.050365989900094,28.61546800037776,11.456658617213689,14.378198135931266,2.6332226903210683,3.6448541766204983,in_sample
2024-11-24 00:00:00+00:00,20.14033660264106,28.6532066821495,11.49264468437036,14.431103132457661,2.6411714913048026,3.659524271720409,in_sample
2024-11-25 00:00:00+00:00,19.933832599000564,28.393759880146334,11.410158774100108,14.309771194529834,2.622856676127656,3.625689028082756,in_sample
2024-11-26 00:00:00+00:00,20.018317148392136,28.526497639868143,11.44401014123736,14.359502862713306,2.630400034179061,3.639592377953558,in_sample
2024-11-27 00:00:00+00:00,19.75286250776117,28.085471304495552,11.33615136352027,14.2021344642469,2.6068328997067205,3.5961136868134567,in_sample
2024-11-28 00:00:00+00:00,19.808413329380397,28.170076073242384,11.363249848294144,14.23848036684772,2.6117066398675663,3.6050780888919904,in_sample
2024-11-29 00:00:00+00:00,19.892314209802915,28.30411332434846,11.404160680133513,14.293361347323106,2.618638099480184,3.617835240501613,in_sample
2024-11-30 00:00:00+00:00,19.744559301944562,27.994450197942317,11.332159625413851,14.196749058647542,2.6048272750899466,3.5923943890456354,in_sample
2024-12-01 00:00:00+00:00,19.646971240808302,27.860533821668984,11.284551524923678,14.132896317928692,2.5952751915241494,3.574829640839555,in_sample
2024-12-02 00:00:00+00:00,20.2477165247768,28.6003825487963,11.577842021108866,14.526145045381426,2.6526478178641404,3.680199258100355,in_sample
2024-12-03 00:00:00+00:00,20.278782413688905,28.287211276269144,11.59294123294271,14.546426518754059,2.6554594739967845,3.685400327886153,in_sample
2024-12-04 00:00:00+00:00,20.00535912955858,28.055904423428426,11.460077582651452,14.367945790311786,2.631691030354823,3.641417365816649,in_sample
2024-12-05 00:00:00+00:00,19.901130198034554,27.9028232644622,11.409326137061118,14.299825262123266,2.6217550664159517,3.6230864441312836,in_sample
2024-12-06 00:00:00+00:00,19.616342222640043,27.509548957313086,11.268921604061843,14.112387040190765,2.5963205024995357,3.5762213371559866,in_sample
2024-12-07 00:00:00+00:00,19.05393086874182,26.78930079558601,10.945835404586862,13.707777117916415,2.5457182297487506,3.4832872907644483,in_sample
2024-12-08 00:00:00+00:00,19.122785716045065,26.803031450251794,10.98539017313206,13.757312665558684,2.5514892831065823,3.493815943192538,in_sample
2024-12-09 00:00:00+00:00,19.236258089056456,27.02278234612749,11.050576193093336,13.838946949266145,2.5600640904434995,3.5094715311044724,in_sample
2024-12-10 00:00:00+00:00,19.41439197681508,27.241839916771305,11.152908054629778,13.967100013710656,2.573485896434205,3.5340039617292742,in_sample
2024-12-11 00:00:00+00:00,19.32419266258296,27.119659738451254,11.101091615597186,13.9022088317178,2.566717947528073,3.5216119719226637,in_sample
2024-12-12 00:00:00+00:00,19.297043499505627,27.116769964205353,11.083913438990919,13.881488544565771,2.5646720076607954,3.517869186270464,in_sample
2024-12-13 00:00:00+00:00,19.508334138096,27.358857217906273,11.187071110598236,14.019802789808036,2.580355326678694,3.546552185914195,in_sample
2024-12-14 00:00:00+00:00,19.593472290715575,27.479626300506816,11.22857027586331,14.075481265072028,2.5877472795109573,3.5600986130047523,in_sample
2024-12-15 00:00:00+00:00,19.515998036936306,27.35248168842094,11.190831363296427,14.02483462489574,2.5811774152236677,3.5480472740289573,in_sample
2024-12-16 00:00:00+00:00,19.807338093819425,27.760170609314283,11.332832137421036,14.215358135904031,2.605901769767473,3.593361570377534,in_sample
2024-12-17 00:00:00+00:00,20.127561754071646,28.26723777703506,11.488566584182518,14.424493029910872,2.6332613908172795,3.643664316245165,in_sample
2024-12-18 00:00:00+00:00,20.12024360578599,28.262073779063712,11.485016040920103,14.41972046341685,2.632643879094702,3.642525041865359,in_sample
2024-12-19 00:00:00+00:00,20.010052440535326,28.096172437794632,11.431551717799707,14.347856399206604,2.623714907152403,3.6260528790806625,in_sample
2024-12-20 00:00:00+00:00,19.939233439358606,27.936765833661212,11.397162232044167,14.30164703595596,2.6179568418270387,3.615442453232918,in_sample
2024-12-21 00:00:00+00:00,19.946212335064548,27.952096132552317,11.398928871871503,14.304979426760879,2.6185105475341977,3.6164620224319597,in_sample
2024-12-22 00:00:00+00:00,19.966101418334404,27.934743210028167,11.40688526826386,14.31667591310198,2.6201257127309265,3.619436325819522,in_sample
2024-12-23 00:00:00+00:00,20.008757817314265,27.92599304750115,11.423944364942175,14.341757035257764,2.623307583152875,3.625296898250986,in_sample
2024-12-24 00:00:00+00:00,19.904720845782258,27.776972650017,11.38236463221358,14.280608819798529,2.6130456559225506,3.6063881825532462,in_sample
2024-12-25 00:00:00+00:00,19.78866133375085,27.61861563769775,11.335907202006478,14.212330122837022,2.6015223727119747,3.5851830766515596,in_sample
2024-12-26 00:00:00+00:00,19.907948686445827,27.774161739076963,11.383740718200517,14.282581869029315,2.6137520038285116,3.6076547734665247,in_sample
2024-12-27 00:00:00+00:00,19.651009291279863,27.463967658836218,11.280894762012354,14.13142608880295,2.5873858083954286,3.5591318681192257,in_sample
2024-12-28 00:00:00+00:00,19.643867940113857,27.461245745273924,11.27802505792552,14.127214990571904,2.5860422228008186,3.5566676056492037,in_sample
2024-12-29 00:00:00+00:00,19.76795540966689,27.649594518924953,11.327894213871895,14.20039143930348,2.6032175203395367,3.5881632627758866,in_sample
2024-12-30 00:00:00+00:00,19.671532193868376,27.582455143997795,11.289215940070504,14.143593310643464,2.5898536479300858,3.563603012161223,in_sample
2024-12-31 00:00:00+00:00,19.772130547613855,27.76209567317063,11.329628327332417,14.202903088602834,2.603723427746643,3.5890491806074856,in_sample
2025-01-01 00:00:00+00:00,19.958818491836265,28.014600680523557,11.40451016726859,14.312867911768313,2.629932924115272,3.637219771212992,out_of_sample
2025-01-02 00:00:00+00:00,19.936655920125524,28.01839921821362,11.395645549748373,14.299835468564286,2.626725867748768,3.6313059226294118,out_of_sample
2025-01-03 00:00:00+00:00,20.002973606111283,28.150091777299743,11.422180240036488,14.33884061775693,2.635751803258152,3.647943077131613,out_of_sample
2025-01-04 00:00:00+00:00,20.07314538195004,28.300344118700604,11.450229083224691,14.380087943386245,2.645817056185238,3.6665171425093694,out_of_sample
2025-01-05 00:00:00+00:00,19.917998801855507,28.08966006174252,11.388279413911228,14.288949381531234,2.623442615960489,3.6251757764229455,out_of_sample
2025-01-06 00:00:00+00:00,20.012997491859533,28.237269659453606,11.426300810816544,14.344833198914303,2.637071881197095,3.6505584901780694,out_of_sample
2025-01-07 00:00:00+00:00,20.11687698873163,28.395020814627205,11.467817373534036,14.40588901656177,2.6527376146978927,3.678981382307254,out_of_sample
2025-01-08 00:00:00+00:00,19.988263095880143,28.285862278618364,11.416495071119877,14.33036566751985,2.628902567201705,3.6436999528707865,out_of_sample
2025-01-09 00:00:00+00:00,19.601909530419174,27.770194716732103,11.262026296707322,14.103232272705746,2.5593293997834947,3.5380562212337128,out_of_sample
2025-01-10 00:00:00+00:00,19.72079439542127,27.912344070674013,11.309816546724356,14.173354628595852,2.579745218966454,3.5700922004372067,out_of_sample
2025-01-11 00:00:00+00:00,19.804352937553126,28.06796209889095,11.343238153416408,14.222506255627628,2.59161460366076,3.5919934835094454,out_of_sample
2025-01-12 00:00:00+00:00,19.74491989026549,28.00777674330457,11.319409339206478,14.187507119357237,2.5832880781234215,3.57660599730521,out_of_sample
2025-01-13 00:00:00+00:00,19.68333386857276,27.919653171345253,11.2946158944869,14.151160974812885,2.5747690597677555,3.560879697478227,out_of_sample
2025-01-14 00:00:00+00:00,19.40322965158437,27.592508012810107,11.182341260934033,13.986207434165888,2.5360013218010717,3.489392508873088,out_of_sample
2025-01-15 00:00:00+00:00,19.678430313721286,27.988875304435528,11.277393294339442,14.136886587007945,2.5741388643075127,3.559359273209153,out_of_sample
2025-01-16 00:00:00+00:00,19.79126828363515,28.148229764142894,11.321100064443474,14.202184911145325,2.588629536990484,3.5860750089214393,out_of_sample
2025-01-17 00:00:00+00:00,19.86216909422451,28.231363556778835,11.34948998932753,14.243905131117364,2.5971008587264826,3.6017223078677985,out_of_sample
2025-01-18 00:00:00+00:00,20.213718796609918,28.8541145168556,11.490105894183264,14.450634883564556,2.6418628630944503,3.684491682103058,out_of_sample
2025-01-19 00:00:00+00:00,20.353982500126868,29.082778133545993,11.545917067570777,14.532859122538806,2.659437938698988,3.717173277493871,out_of_sample
2025-01-20 00:00:00+00:00,20.478606938380235,29.245142953089097,11.593266306314328,14.604211270100498,2.6738328537233556,3.744000195909848,out_of_sample
2025-01-21 00:00:00+00:00,20.295365665612184,29.00583399212328,11.540771676751469,14.5122632857234,2.6525953745669884,3.7043501851216036,out_of_sample
2025-01-22 00:00:00+00:00,20.374387505733612,29.187046218126504,11.563417041354498,14.55195083400536,2.661707591851048,3.7213171371147165,out_of_sample
2025-01-23 00:00:00+00:00,20.326117186437152,29.088305980430007,11.547849841442094,14.526406135067834,2.656196483785065,3.7110437417183566,out_of_sample
2025-01-24 00:00:00+00:00,20.15821356643845,29.03026346800296,11.499657306350377,14.442034311454076,2.637051008617665,3.6753788621378827,out_of_sample
2025-01-25 00:00:00+00:00,20.441007174892007,29.344087280337224,11.578835757260928,14.582738058605822,2.669311283849726,3.7353290278278624,out_of_sample
2025-01-26 00:00:00+00:00,20.754650886031296,29.853879130193803,11.71561120994003,14.77559568628726,2.7041106989336767,3.8002582681159125,out_of_sample
2025-01-27 00:00:00+00:00,20.81848789617759,29.991168338389624,11.74298852307547,14.814491129543493,2.710783791737759,3.8127624288430697,out_of_sample
2025-01-28 00:00:00+00:00,21.03940950101561,30.366014531474562,11.843861364361201,14.953728807848433,2.7331054749501904,3.8546235197744316,out_of_sample
2025-01-29 00:00:00+00:00,21.361691751725505,30.870045713738282,11.965389108657403,15.13741598168422,2.765674734258432,3.9158687389835287,out_of_sample
2025-01-30 00:00:00+00:00,21.369984376816788,30.911419753721344,11.969137476747193,15.142611760972756,2.766269053360123,3.9169907198453005,out_of_sample
2025-01-31 00:00:00+00:00,21.11810579653435,30.629084907573368,11.850329045119643,14.98103460303105,2.737847710332024,3.863331857920124,out_of_sample
2025-02-01 00:00:00+00:00,21.27334799551281,30.784072458730023,11.918983847496014,15.077161203878335,2.7551601670690036,3.8959042883970185,out_of_sample
2025-02-02 00:00:00+00:00,21.049979390133185,30.609472254483762,11.820438464924802,14.939043373411957,2.7317801239582082,3.8518238939396343,out_of_sample
2025-02-03 00:00:00+00:00,20.974116601842336,30.604265290528765,11.782434756583507,14.888689456188889,2.7236756099527986,3.8365873525498766,out_of_sample
2025-02-04 00:00:00+00:00,20.670679563732428,30.192052993524932,11.624755995474514,14.682981331561754,2.6927494468314714,3.7785036238999568,out_of_sample
2025-02-05 00:00:00+00:00,20.697175000415154,30.242376235746153,11.637932259869567,14.700495116547554,2.6955374176617903,3.7837197833650635,out_of_sample
2025-02-06 00:00:00+00:00,20.652693244132596,30.274754370154582,11.614159096984304,14.669840076194859,2.6909226074078,3.7750827183948457,out_of_sample
2025-02-07 00:00:00+00:00,20.817002220565467,30.502278364062594,11.703100460146608,14.783929362909014,2.707990255549771,3.807008216545319,out_of_sample
2025-02-08 00:00:00+00:00,21.270694852109973,31.130558086315112,11.948549890980043,15.098849942818633,2.7547186354978304,3.894598549656026,out_of_sample
2025-02-09 00:00:00+00:00,21.34279957594689,31.27887937049234,11.987256456868028,15.14867020820123,2.762387866666116,3.9090554775857194,out_of_sample
2025-02-10 00:00:00+00:00,21.340639115531637,31.291236667959115,11.98608798496427,15.147170847804036,2.7621677678879846,3.9086401951678535,out_of_sample
2025-02-11 00:00:00+00:00,21.099419440972095,31.02653733386896,11.855476729448094,14.979651269169599,2.73820283178516,3.8634243500309973,out_of_sample
2025-02-12 00:00:00+00:00,21.119957838356605,31.036066208743826,11.866222166215483,14.993630064434868,2.740216190304709,3.867211972208812,out_of_sample
2025-02-13 00:00:00+00:00,21.000891349946077,30.814856192913698,11.801519986214824,14.910765777979401,2.7285516693358165,3.8452627672273043,out_of_sample
2025-02-14 00:00:00+00:00,21.15514377680921,31.01801514172117,11.88247484832819,15.015943867132396,2.7437159082256795,3.8737567524438763,out_of_sample
2025-02-15 00:00:00+00:00,21.15328725332805,31.025683916623418,11.881481330070885,15.014663453741552,2.743442501240148,3.8732420674002865,out_of_sample
2025-02-16 00:00:00+00:00,21.370898147201654,31.345952374591192,11.99776288336373,15.164614994068268,2.76592551535261,3.9155646389008627,out_of_sample
2025-02-17 00:00:00+00:00,21.46106453621437,31.48882108635691,12.046170390568562,15.226918432076374,2.7757558241934057,3.934119590084637,out_of_sample
2025-02-18 00:00:00+00:00,21.504224328880596,31.581379779991835,12.069174355669972,15.2566142647448,2.7803197048196746,3.94274419701013,out_of_sample
2025-02-19 00:00:00+00:00,21.670603329598475,31.80926216726011,12.157512171115506,15.37083123842965,2.7983761979520496,3.976885178899185,out_of_sample
2025-02-20 00:00:00+00:00,21.587057472643576,31.656929421471272,12.112829519401393,15.313232243508255,2.788539398416156,3.9582458826240923,out_of_sample
2025-02-21 00:00:00+00:00,21.886563837929945,32.15249033181155,12.270541051181102,15.517845553881953,2.822921977179079,4.023319232923362,out_of_sample
2025-02-22 00:00:00+00:00,21.857651413240113,32.145670837710185,12.256929545403219,15.499317634841747,2.8193203306246026,4.016474989514128,out_of_sample
2025-02-23 00:00:00+00:00,21.734681727708097,32.016426803393706,12.200239666937746,15.421426580227807,2.8049674155396644,3.989211622127752,out_of_sample
2025-02-24 00:00:00+00:00,21.68643298278586,32.07892071050051,12.178135070934133,15.390968514144104,2.799068307265677,3.978025376300008,out_of_sample
2025-02-25 00:00:00+00:00,21.708338255590167,32.14164788027118,12.187795067323536,15.404512123188582,2.8014317625089102,3.982503954598807,out_of_sample
2025-02-26 00:00:00+00:00,21.558595628679846,32.082063155836195,12.116292036158313,15.307783547757284,2.7813607969181686,3.9444602176271286,out_of_sample
2025-02-27 00:00:00+00:00,21.804175233284372,32.3762834616538,12.229848660697298,15.463614337238587,2.8141783357016528,4.006514962587614,out_of_sample
2025-02-28 00:00:00+00:00,21.801038144520923,32.33387335610836,12.228059311137951,15.4613669133779,2.81371222237725,4.005630161988312,out_of_sample
2025-03-01 00:00:00+00:00,21.67660413721011,32.14106477039096,12.16118731336852,15.375334855608848,2.797276871525764,3.9748409574049655,out_of_sample
2025-03-02 00:00:00+00:00,21.26033003680774,31.38376671427652,11.93628083171464,15.086619692866286,2.7324529668122963,3.8603426254721107,out_of_sample
2025-03-03 00:00:00+00:00,21.129690497466246,31.383159206994648,11.866296142276452,14.996464818499618,2.71217817680355,3.824037844698035,out_of_sample
2025-03-04 00:00:00+00:00,21.10972827586739,31.290300369463555,11.855382424041254,14.982522103798566,2.709577273415432,3.8191483168778597,out_of_sample
2025-03-05 00:00:00+00:00,20.934866382860413,31.030163690547216,11.759740294794607,14.860357156453354,2.6867991688486765,3.776340675222802,out_of_sample
2025-03-06 00:00:00+00:00,21.04384045510518,31.129749488545055,11.818931490733563,14.93617737793928,2.7009511365483156,3.8028617748163063,out_of_sample
2025-03-07 00:00:00+00:00,20.963413333464214,31.020000809672975,11.774898654781108,14.879955737811903,2.690609290147728,3.7834470771193183,out_of_sample
2025-03-08 00:00:00+00:00,20.854856325410026,30.835655062216006,11.715805987416465,14.804328681907046,2.6765115390390664,3.757015346372764,out_of_sample
2025-03-09 00:00:00+00:00,20.74615521861746,30.739359795056448,11.656303577405433,14.728349961540813,2.662360522203075,3.730530330762389,out_of_sample
2025-03-10 00:00:00+00:00,20.611311271969367,30.506643520789883,11.582769754325144,14.634309671489314,2.6440995533261726,3.6964136899361884,out_of_sample
2025-03-11 00:00:00+00:00,20.438325778571656,30.211600266092297,11.486966150996384,14.512554724352135,2.6205048410187244,3.652433592200638,out_of_sample
2025-03-12 00:00:00+00:00,20.313327714942332,29.97566718769126,11.4184955957907,14.4251488482119,2.6034280115256867,3.6206982386599287,out_of_sample
2025-03-13 00:00:00+00:00,20.277166496535084,29.933697193440413,11.398539890655071,14.399750952765915,2.5983305957843283,3.6112459810392092,out_of_sample
2025-03-14 00:00:00+00:00,20.323747346307112,30.002433531189304,11.423930928609286,14.432228502727423,2.6043195112320574,3.623173550787666,out_of_sample
2025-03-15 00:00:00+00:00,20.502934130583185,30.319110175387703,11.522957641546173,14.55818812653554,2.6342453918313904,3.671089774580745,out_of_sample
2025-03-16 00:00:00+00:00,20.337769967236927,30.141497455492857,11.432521016684625,14.442722971854403,2.606844317317988,3.6267303330984264,out_of_sample
2025-03-17 00:00:00+00:00,20.424741774944536,30.301102349626582,11.47981539465739,14.50327617680069,2.6198383435291257,3.6499941884999085,out_of_sample
2025-03-18 00:00:00+00:00,20.42301400262988,30.276196901578995,11.478814303885928,14.502026581649185,2.6195236354150397,3.6495310473515135,out_of_sample
2025-03-19 00:00:00+00:00,20.34959242751727,30.125628287779097,11.438781019322139,14.450826241140675,2.60887729731615,3.629850726081273,out_of_sample
2025-03-20 00:00:00+00:00,20.254296090950227,30.01892178101023,11.386447917321235,14.384089149437306,2.5946265043721004,3.6043530549819973,out_of_sample
2025-03-21 00:00:00+00:00,20.272005107790395,29.99423143714961,11.395878757273698,14.39626793196728,2.5975340178887114,3.60908016684967,out_of_sample
2025-03-22 00:00:00+00:00,20.5466808499552,30.422247518618452,11.54542901739637,14.587647843183824,2.64331013870692,3.682432070232486,out_of_sample
2025-03-23 00:00:00+00:00,20.39184198327164,30.211294689659173,11.461538326798491,14.480077573811432,2.6175954486523816,3.6408061054921577,out_of_sample
2025-03-24 00:00:00+00:00,20.35961068718227,30.131585197947924,11.444123450198102,14.457721922487924,2.6121504722320377,3.632174131513075,out_of_sample
2025-03-25 00:00:00+00:00,20.410072669784444,30.2604666145111,11.471335644460293,14.492682317002144,2.6205306548213914,3.6456778308702447,out_of_sample
2025-03-26 00:00:00+00:00,20.59321463827929,30.55327680525976,11.5693631353461,14.619007847851092,2.650915705109705,3.694747471036105,out_of_sample
2025-03-27 00:00:00+00:00,20.564110591715547,30.516949141206187,11.553694475341691,14.598864208681805,2.645811517596925,3.686914883628521,out_of_sample
2025-03-28 00:00:00+00:00,20.371590534276645,30.301430005191992,11.45003815349331,14.46560869820741,2.6144318278758356,3.6351398460938715,out_of_sample
2025-03-29 00:00:00+00:00,20.317859686962297,30.12520162833867,11.41992001146398,14.42751708703885,2.605545935259426,3.6207581160290436,out_of_sample
2025-03-30 00:00:00+00:00,20.38333081157801,30.29677684419748,11.450120148012727,14.469005515021449,2.615839171417798,3.6382591060056115,out_of_sample
2025-03-31 00:00:00+00:00,20.3398151932129,30.31543440854218,11.428080075445532,14.439939144037425,2.6088733435632157,3.626608328988315,out_of_sample
2025-04-01 00:00:00+00:00,20.394091211148726,30.404062544201146,11.45754343062758,14.477689149665473,2.6174742898190164,3.641124527157318,out_of_sample
2025-04-02 00:00:00+00:00,20.5461011488296,30.64069011042472,11.540614415278531,14.583834489217583,2.642958094975433,3.6818339002839005,out_of_sample
2025-04-03 00:00:00+00:00,20.60833669522283,30.723075623873022,11.574229888439467,14.626992516530779,2.653577446330038,3.6985626905434352,out_of_sample
2025-04-04 00:00:00+00:00,20.553302408657718,30.533825423248036,11.54209825441294,14.587004131046386,2.644380880283014,3.683747247502058,out_of_sample
2025-04-05 00:00:00+00:00,20.717074957840055,30.74503524275193,11.619908998578282,14.692499656503067,2.671498733611966,3.727776425777519,out_of_sample
2025-04-06 00:00:00+00:00,20.56777217581607,30.574577933555,11.550387895972573,14.597403068624054,2.6453713404363177,3.687478696083681,out_of_sample
2025-04-07 00:00:00+00:00,20.525678709864938,30.481489212432468,11.530269522590647,14.570197818862626,2.637800948184057,3.6761586495361773,out_of_sample
2025-04-08 00:00:00+00:00,20.465830381998217,30.425920583737813,11.501500954560461,14.53139243263217,2.627606688041129,3.660080354299943,out_of_sample
2025-04-09 00:00:00+00:00,20.732793679352778,30.748607340422364,11.628846430512338,14.703749011696749,2.672782218052581,3.7316953658872105,out_of_sample
2025-04-10 00:00:00+00:00,20.810127266601274,30.898763821506698,11.665492909935109,14.753489011509885,2.6857032298615833,3.752574273497962,out_of_sample
2025-04-11 00:00:00+00:00,21.108777014386526,31.250332515117556,11.804976815765952,14.944025146685984,2.7325957938005496,3.83335504042707,out_of_sample
2025-04-12 00:00:00+00:00,21.501028191703305,31.8005012986844,11.986577552442927,15.193037321717132,2.7941187546174437,3.940204292753905,out_of_sample
2025-04-13 00:00:00+00:00,21.23273514243264,31.430070144944082,11.846333269838404,15.010548794006896,2.752069432693542,3.866241599645797,out_of_sample
2025-04-14 00:00:00+00:00,21.589795749587108,31.91724332710118,12.031929228127956,15.252620587454997,2.801906917125846,3.959593777099299,out_of_sample
2025-04-15 00:00:00+00:00,21.826663693125525,32.35829645890831,12.155580113846517,15.413606723941351,2.832009702076809,4.016314576417148,out_of_sample
2025-04-16 00:00:00+00:00,21.7962033462573,32.31717576728644,12.139710176952386,15.39292839167142,2.8283842943611504,4.009459243097644,out_of_sample
2025-04-17 00:00:00+00:00,21.97712350454021,32.442430957724994,12.233068750270172,15.515062379191042,2.8495649598082706,4.049492942441459,out_of_sample
2025-04-18 00:00:00+00:00,21.683603350655346,31.92522413409363,12.080619858597599,15.316166970754892,2.8151007967480033,3.9841906304286128,out_of_sample
2025-04-19 00:00:00+00:00,21.4835638357006,31.59453540507981,11.975936588658637,15.18001565039488,2.790240661213107,3.9372781508074035,out_of_sample
2025-04-20 00:00:00+00:00,21.16037115803907,31.11049318183618,11.80974919499078,14.962280290710927,2.7536264721040875,3.8683903071684744,out_of_sample
2025-04-21 00:00:00+00:00,21.261458387808485,31.17654209027451,11.861204066951545,15.029985622998765,2.7643934430611035,3.8885580612240247,out_of_sample
2025-04-22 00:00:00+00:00,21.276213152560686,31.109548621710093,11.867077784244694,15.038623499256362,2.765865525860751,3.8913190186421165,out_of_sample
2025-04-23 00:00:00+00:00,21.338645975701013,31.206905255625895,11.89238071417901,15.075514377900086,2.7720828266063995,3.9029819142336044,out_of_sample
2025-04-24 00:00:00+00:00,21.216517522371433,31.050076629585345,11.847829638028413,15.007116011033787,2.759812053902129,3.8799462370026236,out_of_sample
2025-04-25 00:00:00+00:00,21.44698814549433,31.426117396244702,11.93279497056801,15.136896757153087,2.7830181847931286,3.9234460785219603,out_of_sample
2025-04-26 00:00:00+00:00,21.350616295750946,31.25188171166091,11.9035404793315,15.087423944445062,2.7733930140747227,3.9053535684949776,out_of_sample
2025-04-27 00:00:00+00:00,21.535231791219267,31.55608300612235,11.96645122221538,15.187450023717084,2.79138327065884,3.939130876599704,out_of_sample
2025-04-28 00:00:00+00:00,21.525164498739105,31.492131419612452,11.961112894144856,15.180544946815331,2.7903824011213407,3.937247673558377,out_of_sample
2025-04-29 00:00:00+00:00,21.596946986736576,31.581801524613457,11.982937640716033,15.217414117667293,2.7973955982901613,3.9504418958394267,out_of_sample
2025-04-30 00:00:00+00:00,21.55959288753434,31.48796304391535,11.96858703584675,15.19595159410963,2.7936670235284615,3.94342130952007,out_of_sample
2025-05-01 00:00:00+00:00,21.659423309053945,31.620235498328995,12.003427568220987,15.25063840705296,2.803756471454116,3.962410422451201,out_of_sample
2025-05-02 00:00:00+00:00,21.399800104268927,31.28703117507668,11.906937496046316,15.103961234098144,2.7775192744172683,3.912970777673116,out_of_sample
2025-05-03 00:00:00+00:00,21.635403600034298,31.686612168295202,11.998701029302783,15.240318011284936,2.8022040073764756,3.9593385993062333,out_of_sample
2025-05-04 00:00:00+00:00,21.75976913721506,31.808390158195127,12.045731600645171,15.311201949123737,2.8158537020981846,3.9850534832752547,out_of_sample
2025-05-05 00:00:00+00:00,21.830308111644978,31.918071191012594,12.067209477053305,15.347435952410883,2.823559437813919,3.999593902015666,out_of_sample
2025-05-06 00:00:00+00:00,22.239088372836292,32.51752478052017,12.231680802349066,15.58789813902156,2.873036055328005,4.093039253322507,out_of_sample
2025-05-07 00:00:00+00:00,22.08914935672195,32.28023176234232,12.170135055555996,15.498799961896722,2.853816996348498,4.05653229167397,out_of_sample
2025-05-08 00:00:00+00:00,21.834888129108464,32.03147178662076,12.089833682842682,15.36608043841813,2.8252626601872426,4.002414555391345,out_of_sample
2025-05-09 00:00:00+00:00,21.781477818932697,31.903462303819502,12.066893748526807,15.333551771255475,2.819217925210899,3.990996839276556,out_of_sample
2025-05-10 00:00:00+00:00,22.12123352883434,32.54136002145255,12.226884116169979,15.551204230271534,2.8579759888832954,4.064153444508456,out_of_sample
2025-05-11 00:00:00+00:00,22.009245792673244,32.31344541183456,12.17427077930132,15.479562421500258,2.844736096277471,4.03904991886738,out_of_sample
2025-05-12 00:00:00+00:00,21.8727282430415,32.085272170202686,12.11008405585111,15.392188184533397,2.8281623963495672,4.007674072821189,out_of_sample
2025-05-13 00:00:00+00:00,21.648199889657885,31.82830987445366,12.004418286960432,15.24840437334283,2.8013475179171956,3.957009705881969,out_of_sample
2025-05-14 00:00:00+00:00,21.79464302772691,32.06359590789967,12.073443424826706,15.34227139325706,2.818340245450896,3.989013536110193,out_of_sample
2025-05-15 00:00:00+00:00,22.167961543160967,32.538472754870334,12.249227628969413,15.581416127818384,2.860056049980111,4.067738314736128,out_of_sample
2025-05-16 00:00:00+00:00,22.209654505199598,32.65240771857766,12.26706445561617,15.606751601306346,2.864645667076794,4.076441809114278,out_of_sample
2025-05-17 00:00:00+00:00,22.331898211771108,32.80448508354722,12.33283529831147,15.6913180273567,2.8778293059648683,4.101455879732629,out_of_sample
2025-05-18 00:00:00+00:00,22.28080747538883,32.73437222900918,12.308852581462574,15.658650419052481,2.872221296884737,4.0907992357277765,out_of_sample
2025-05-19 00:00:00+00:00,22.293436548687744,32.75145715078158,12.31478288678931,15.66672716232813,2.873607678430442,4.093431998773691,out_of_sample
2025-05-20 00:00:00+00:00,22.189985690223732,32.57311311419774,12.266209010354608,15.600570017943527,2.862223137727272,4.071809078078105,out_of_sample
2025-05-21 00:00:00+00:00,22.378299460763923,32.83575237865637,12.354690890696373,15.721047786849619,2.882948283643424,4.111120635668215,out_of_sample
2025-05-22 00:00:00+00:00,22.378892298708536,32.844560420179064,12.354969092359184,15.721426780376042,2.8829861662831604,4.111192663831345,out_of_sample
2025-05-23 00:00:00+00:00,22.507655816904855,33.04142153838636,12.41539383887294,15.803743413327341,2.8967272357420146,4.137319362883008,out_of_sample
2025-05-24 00:00:00+00:00,22.436219316500402,32.912454968294114,12.381899660266521,15.758098617616543,2.888494071692906,4.121640413841082,out_of_sample
2025-05-25 00:00:00+00:00,22.782544971193293,33.34850329674782,12.54435769425335,15.979448957732327,2.9290504109975695,4.198801104021569,out_of_sample
2025-05-26 00:00:00+00:00,22.846524176042543,33.42928573941832,12.572513719438188,16.018918394968182,2.936362838663263,4.212777615198712,out_of_sample
2025-05-27 00:00:00+00:00,22.72398427093266,33.26867186683283,12.525309854272049,15.948464591384553,2.9226680409498105,4.186580517895314,out_of_sample
2025-05-28 00:00:00+00:00,22.842992342447452,33.428592497961425,12.571227377677141,16.016954197496354,2.9370653917207186,4.214078528800538,out_of_sample
2025-05-29 00:00:00+00:00,22.907434509940384,33.48309873664943,12.596052584011032,16.05400613571493,2.944742383386733,4.228765045864693,out_of_sample
2025-05-30 00:00:00+00:00,23.34525498536181,34.174810039695366,12.764572843661249,16.305609759354226,3.0019672759916616,4.338334619518544,out_of_sample
2025-05-31 00:00:00+00:00,23.122710667095447,33.7953022185635,12.679352478834828,16.178118008926543,2.9724203484012435,4.281401083570932,out_of_sample
2025-06-01 00:00:00+00:00,22.967695699265857,33.54326877444885,12.620111740497936,16.089382032664087,2.952732335956757,4.2435902457426415,out_of_sample
2025-06-02 00:00:00+00:00,22.71393859257776,33.18415537823747,12.522508996265476,15.943616781726277,2.9217615320612245,4.184242998804186,out_of_sample
2025-06-03 00:00:00+00:00,22.641507351274132,33.08770912605364,12.494556353574426,15.901926562360593,2.912928950872698,4.167377526568155,out_of_sample
2025-06-04 00:00:00+00:00,22.775712049416853,33.291288880969205,12.546398295742422,15.979217037826078,2.9291250375075575,4.1982720699864995,out_of_sample
2025-06-05 00:00:00+00:00,22.817687770381333,33.301656991117575,12.562584436442657,16.0033658374951,2.933930097413236,4.207454766087807,out_of_sample
2025-06-06 00:00:00+00:00,22.865771188012857,33.4020446257017,12.580231941317257,16.03034391240016,2.9402616639333607,4.219561293895174,out_of_sample
2025-06-07 00:00:00+00:00,22.93443373135553,33.481623061573586,12.603649579168868,16.06750255360213,2.9492816305457064,4.236820665719819,out_of_sample
2025-06-08 00:00:00+00:00,23.02594818108252,33.65639063388945,12.635437946791464,16.117462832304334,2.9614131670250434,4.260057575992137,out_of_sample
2025-06-09 00:00:00+00:00,22.63463911012957,33.048431804301366,12.485126958005633,15.892861192750066,2.9092200489466,4.159949654292,out_of_sample
2025-06-10 00:00:00+00:00,22.556138146167495,32.966517056120985,12.45481650562172,15.847663386304186,2.8984546040870067,4.139424698980498,out_of_sample
2025-06-11 00:00:00+00:00,22.65268718538528,33.12895075987934,12.492134524850961,15.903287397133571,2.909785371196451,4.1610007288023185,out_of_sample
2025-06-12 00:00:00+00:00,22.830591973678544,33.37614717192502,12.560810146901924,16.00570359979455,2.931042989856211,4.201531996210766,out_of_sample
2025-06-13 00:00:00+00:00,22.686599259989265,33.19223856081873,12.504835866584598,15.922528982998642,2.9138993517788903,4.168765710551769,out_of_sample
2025-06-14 00:00:00+00:00,22.85804173620632,33.424099215922205,12.566501804574965,16.017771462990826,2.9340728145836152,4.207247222711567,out_of_sample
2025-06-15 00:00:00+00:00,22.864289818154838,33.45407559242802,12.568165367843939,16.020795067236765,2.934628845039242,4.208310299073568,out_of_sample
2025-06-16 00:00:00+00:00,22.76943431375457,33.2716486522162,12.537420647571428,15.970694915630034,2.922837388932232,4.185764753545116,out_of_sample
2025-06-17 00:00:00+00:00,23.004546883196717,33.66602923088701,12.615768714223037,16.09654082267453,2.9521196507278726,4.24167784666593,out_of_sample
2025-06-18 00:00:00+00:00,22.821902586157353,33.39812760360393,12.553533583074481,15.9977777895291,2.9291789633565215,4.1977288577255685,out_of_sample
2025-06-19 00:00:00+00:00,22.759371381085277,33.32851338250637,12.53411279499082,15.965394953671717,2.9215278209042994,4.183109324690068,out_of_sample
2025-06-20 00:00:00+00:00,22.62960610711532,33.11162436304722,12.494219446340292,15.898494888217455,2.9056322802145567,4.152763200535675,out_of_sample
2025-06-21 00:00:00+00:00,22.69537184685544,33.230330762369526,12.513374197619376,15.931600737348159,2.9147977450417786,4.170229051398024,out_of_sample
2025-06-22 00:00:00+00:00,22.8194462299931,33.44319392849594,12.545671243057823,15.991111317998683,2.932668443256746,4.204380467297831,out_of_sample
2025-06-23 00:00:00+00:00,23.19994320530533,33.999350262988735,12.687525522737056,16.206254367970878,2.988128750893941,4.30953775517053,out_of_sample
2025-06-24 00:00:00+00:00,23.275487333364996,34.13542040723294,12.719600491566295,16.251945162012834,2.9999833476066833,4.331036565573736,out_of_sample
2025-06-25 00:00:00+00:00,23.201469711571175,34.09424846557815,12.698009454935056,16.21472001451251,2.990027424897955,4.311872252398497,out_of_sample
2025-06-26 00:00:00+00:00,23.114484006000705,33.96646589521416,12.672423672988502,16.170800416409897,2.978278574445452,4.289281805304541,out_of_sample
2025-06-27 00:00:00+00:00,22.980901004675154,33.80563513941758,12.631942130854538,16.102424584733377,2.9604588264949876,4.255063416505559,out_of_sample
2025-06-28 00:00:00+00:00,22.998481042300728,33.83706805105332,12.639195610243021,16.112899602319274,2.96276736522188,4.259487495905897,out_of_sample
2025-06-29 00:00:00+00:00,22.998438633833405,33.886814175219065,12.641857510658706,16.114923809287312,2.962744776497972,4.2594441956733,out_of_sample
2025-06-30 00:00:00+00:00,23.16327514799845,34.16191694155545,12.688806063024973,16.197031919324324,2.984032681012241,4.300717638901542,out_of_sample
2025-07-01 00:00:00+00:00,23.098851913032625,33.96110719876607,12.665954875938517,16.161511139432196,2.9739601732109895,4.282775477795068,out_of_sample
2025-07-02 00:00:00+00:00,22.91995718453275,33.726524175185666,12.609641562885336,16.06833161060065,2.946221897084682,4.23302196888406,out_of_sample
2025-07-03 00:00:00+00:00,22.756649059153894,33.50136921105837,12.552966250151098,15.979203455991636,2.921096873408751,4.187780596254503,out_of_sample
2025-07-04 00:00:00+00:00,22.670899971130915,33.40043030230684,12.524384797467064,15.9332895027202,2.9078996896520137,4.164110698764167,out_of_sample
2025-07-05 00:00:00+00:00,22.774594865700312,33.56762697580487,12.558990808503665,15.988855616974144,2.9238808009526367,4.192680165818861,out_of_sample
2025-07-06 00:00:00+00:00,22.689144209562848,33.47708836483389,12.534093333058163,15.94584124596999,2.9103267005183837,4.16908365796067,out_of_sample
2025-07-07 00:00:00+00:00,22.615153450449082,33.290039203504975,12.51280199676767,15.90878901035427,2.8987648168416604,4.148690182882092,out_of_sample
2025-07-08 00:00:00+00:00,22.841462600976076,33.59622329409635,12.579574034867314,16.02340493856782,2.9339371276698896,4.210963906990015,out_of_sample
2025-07-09 00:00:00+00:00,22.67255787630647,33.43846090226489,12.532008418666777,15.93965750750513,2.9056504729215527,4.164255972056369,out_of_sample
2025-07-10 00:00:00+00:00,22.606896934977392,33.36692837039229,12.511970428223266,15.905900686869597,2.894822723570834,4.1461661097290445,out_of_sample
2025-07-11 00:00:00+00:00,22.741480288079877,33.58513885661007,12.55708292444114,15.978186765384612,2.9159446482878493,4.183190536777049,out_of_sample
2025-07-12 00:00:00+00:00,22.369757086099305,32.97474890479448,12.413405762305883,15.764024829123313,2.8562714831883,4.080625380872885,out_of_sample
2025-07-13 00:00:00+00:00,22.47717883936872,33.12402411604029,12.455133031141633,15.826099143428632,2.8727779663553723,4.109827659895956,out_of_sample
2025-07-14 00:00:00+00:00,22.573840003838686,33.26308253434859,12.492626587148623,15.881907335826163,2.885697641520135,4.135275088722832,out_of_sample
2025-07-15 00:00:00+00:00,22.312226904592737,32.91867911428288,12.391280766896447,15.730979079956898,2.8428884172107494,4.06338819672674,out_of_sample
2025-07-16 00:00:00+00:00,22.22374086253467,32.84695783265937,12.356881745362335,15.679822505241281,2.828136649903011,4.039216261284486,out_of_sample
2025-07-17 00:00:00+00:00,22.432055699423938,33.19370524420847,12.437961041364623,15.8003422028037,2.8600658128834233,4.096008815821184,out_of_sample
2025-07-18 00:00:00+00:00,22.673681993386225,33.63222104553791,12.531743658963267,15.939900436270278,2.8969559965668794,4.162188891566257,out_of_sample
2025-07-19 00:00:00+00:00,22.585696384882176,33.52514526591576,12.497702907918042,15.889179291436971,2.88402994801456,4.137619749515698,out_of_sample
2025-07-20 00:00:00+00:00,22.712445715430917,33.823689013299585,12.545017342553567,15.960939305843535,2.901181017237579,4.17042782433768,out_of_sample
2025-07-21 00:00:00+00:00,22.422164727396122,33.47523991572269,12.408733339345556,15.775306585631926,2.8619380965677306,4.0952125850736625,out_of_sample
2025-07-22 00:00:00+00:00,22.544687019275788,33.674245858892085,12.46636802790318,15.853750051494485,2.878479039210047,4.12677100187242,out_of_sample
2025-07-23 00:00:00+00:00,22.516547480637747,33.606489273190114,12.453141933088792,15.835742852605767,2.874848615450243,4.119831259370732,out_of_sample
2025-07-24 00:00:00+00:00,22.603157896903,33.71244485378549,12.493858034721523,15.891173271331235,2.8858485774500364,4.140849403679311,out_of_sample
2025-07-25 00:00:00+00:00,22.607668831281515,33.72991000493018,12.495977434492486,15.894059260826063,2.8864216040220896,4.141945703629682,out_of_sample
2025-07-26 00:00:00+00:00,22.656012302070206,33.78901387497215,12.518690261980385,15.924987718587214,2.892588781342406,4.153745372151107,out_of_sample
2025-07-27 00:00:00+00:00,22.484230294646487,33.51946815065189,12.438009122792273,15.815108718124067,2.8703480548902176,4.111161918800746,out_of_sample
2025-07-28 00:00:00+00:00,22.643514175689262,33.72439877215479,12.512905981107064,15.917063447953792,2.8909718741817576,4.150547553745913,out_of_sample
2025-07-29 00:00:00+00:00,22.710688932230592,33.79822639377277,12.542675799182774,15.958672663579565,2.8994606606586206,4.166797273438435,out_of_sample
2025-07-30 00:00:00+00:00,22.620040453853484,33.674646756763664,12.492612391623185,15.894974490521555,2.8876038293103776,4.144078099856107,out_of_sample
2025-07-31 00:00:00+00:00,22.778949212815682,33.90483387282014,12.578594439318813,16.005279756355307,2.908685409810623,4.18441775918409,out_of_sample
2025-08-01 00:00:00+00:00,22.766381830808164,33.88875834459264,12.572341917164465,15.996974137080183,2.907004976818461,4.181194477797566,out_of_sample
2025-08-02 00:00:00+00:00,22.799289087665446,33.905739186732106,12.586554634731728,16.017073659515855,2.910878131899463,4.188985654248798,out_of_sample
2025-08-03 00:00:00+00:00,22.78786651123459,33.88195144267003,12.58093510426664,16.009573106249583,2.909105847632861,4.185837594985672,out_of_sample
2025-08-04 00:00:00+00:00,22.8057376272799,33.991965737888336,12.587165375395998,16.01935214495163,2.9118292073492604,4.190761635770925,out_of_sample
2025-08-05 00:00:00+00:00,22.85068386705296,34.04392721527281,12.604420199360193,16.04515656967879,2.9184172828835493,4.203150556076299,out_of_sample
2025-08-06 00:00:00+00:00,22.839528172018408,34.04098535824687,12.598466215901867,16.037475698040186,2.916409988447221,4.200072591360185,out_of_sample
2025-08-07 00:00:00+00:00,22.80821697497075,34.033737534753676,12.581654155045797,16.015840496439132,2.9106682815858025,4.191435637509909,out_of_sample
2025-08-08 00:00:00+00:00,22.83270542857328,34.08906135659877,12.592361039134518,16.030896383898334,2.915122556985331,4.198185953234925,out_of_sample
2025-08-09 00:00:00+00:00,22.71103154930331,33.90043940166901,12.535322804731956,15.953157342629302,2.891820832765743,4.164628197294127,out_of_sample
2025-08-10 00:00:00+00:00,22.722570490727747,33.904404926725135,12.540736372230036,15.960533278786922,2.8940247320774155,4.167802121872508,out_of_sample
2025-08-11 00:00:00+00:00,22.814094863446318,34.05374925244155,12.583672340931765,16.019034925660183,2.911510020439278,4.192983393175539,out_of_sample
2025-08-12 00:00:00+00:00,22.94813324982681,34.279955249924235,12.64472149705167,16.103310628446867,2.937168770484339,4.2299355973834265,out_of_sample
2025-08-13 00:00:00+00:00,23.000564545542254,34.378494788955365,12.673611826597597,16.140103052142774,2.9472349202683907,4.244432267008962,out_of_sample
2025-08-14 00:00:00+00:00,23.388503173740165,34.966946798046884,12.885565093846543,16.410949845184454,3.0217991512690268,4.351815233275862,out_of_sample
2025-08-15 00:00:00+00:00,23.25985057313187,34.82360777128217,12.82531766243895,16.328802931467067,2.9968662398014483,4.315908338574088,out_of_sample
2025-08-16 00:00:00+00:00,23.237067380527677,34.777680077423184,12.814639544393634,16.314248226675538,2.9923240820776202,4.309567143219202,out_of_sample
2025-08-17 00:00:00+00:00,23.370010936450342,35.00013105337559,12.87695722686408,16.399184740552577,3.017029065078821,4.346550888056157,out_of_sample
2025-08-18 00:00:00+00:00,23.373959213664516,34.98320027944669,12.878806414158142,16.401705970009107,3.0177936389900966,4.347652388685205,out_of_sample
2025-08-19 00:00:00+00:00,23.394484620417835,34.971430833152006,12.888419305456175,16.414812565768038,3.021768667869776,4.353379103587293,out_of_sample
2025-08-20 00:00:00+00:00,23.479876008498902,35.07455755168886,12.928406337769243,16.46933533573156,3.038313145672725,4.377214278236151,out_of_sample
2025-08-21 00:00:00+00:00,23.761967603414337,35.38585813691477,13.060431973163725,16.64939308280137,3.093067434034711,4.456097277229883,out_of_sample
2025-08-22 00:00:00+00:00,23.658188762046784,35.36821288884584,13.011947477162689,16.58322230836367,3.072804279067924,4.4269047065532705,out_of_sample
2025-08-23 00:00:00+00:00,23.952772683843026,35.81563429980258,13.149664864283707,16.771127103130663,3.1300812742677437,4.50958823082839,out_of_sample
2025-08-24 00:00:00+00:00,24.356735041942372,36.337433222069805,13.336294232155783,17.027081440303643,3.206836297085184,4.623669213424487,out_of_sample
2025-08-25 00:00:00+00:00,24.490259522204592,36.443917147838214,13.387471256787137,17.103622750152553,3.229990689566741,4.6616898898963415,out_of_sample
2025-08-26 00:00:00+00:00,24.328163146624682,36.254028543788934,13.325444866382556,17.010794133585662,3.204700655473589,4.615407630134379,out_of_sample
2025-08-27 00:00:00+00:00,24.405961432242734,36.4088617042094,13.355273987949115,17.05540073632616,3.2166367578555035,4.637546835561983,out_of_sample
2025-08-28 00:00:00+00:00,24.23174731836216,36.235564198830126,13.28854135539409,16.95557024785255,3.1907453655284597,4.5878913785470985,out_of_sample
2025-08-29 00:00:00+00:00,24.236660992148515,36.23897394830773,13.2904275953553,16.958389590377518,3.1913016575955866,4.589023470540461,out_of_sample
2025-08-30 00:00:00+00:00,24.29627373023154,36.262893026272295,13.31331008505374,16.9925926330564,3.1996685077293283,4.605065272395555,out_of_sample
2025-08-31 00:00:00+00:00,24.405660326577298,36.45384752246863,13.355267480855604,17.055325904475872,3.2157215187874892,4.635870615121004,out_of_sample
2025-09-01 00:00:00+00:00,24.50972963314908,36.62626558691905,13.395131651095236,17.114961556677724,3.231071702116958,4.665376264544958,out_of_sample
2025-09-02 00:00:00+00:00,24.5860647646301,36.785910610378096,13.423639337676557,17.158137823107957,3.2423227659379465,4.68703696041332,out_of_sample
2025-09-03 00:00:00+00:00,24.556851143840912,36.79470135424881,13.41264896907632,17.14155402120456,3.237996761980676,4.678698847316693,out_of_sample
2025-09-04 00:00:00+00:00,24.66787011057529,36.88372113234899,13.45509500153777,17.205100069339853,3.2540484040695743,4.710358842562082,out_of_sample
2025-09-05 00:00:00+00:00,24.54798288354202,36.69429041932887,13.408682718883734,17.136044393715455,3.2341184800956277,4.676019931818974,out_of_sample
2025-09-06 00:00:00+00:00,24.83011626940679,37.013418310523164,13.508236717777743,17.29116005477194,3.282540742305087,4.7566331542165505,out_of_sample
2025-09-07 00:00:00+00:00,24.914533139583845,37.211794871592915,13.540384217091363,17.339364653982347,3.29649601405965,4.780890395650863,out_of_sample
2025-09-08 00:00:00+00:00,24.882402934547905,37.235958300174026,13.528160880490745,17.321028519907856,3.2913223002602794,4.771642119485742,out_of_sample
2025-09-09 00:00:00+00:00,24.914196132719006,37.35055513281697,13.540260694589358,17.339176547364914,3.2964129250378127,4.780787484017382,out_of_sample
2025-09-10 00:00:00+00:00,25.024132430847413,37.66232235127409,13.582084090775572,17.40191539693836,3.3139722632591178,4.81243101419582,out_of_sample
2025-09-11 00:00:00+00:00,24.943497243553242,37.57403473366729,13.551448234436817,17.355934602072708,3.3008886176502266,4.7891703910408125,out_of_sample
2025-09-12 00:00:00+00:00,25.038727886721418,37.770433462295934,13.587664454762196,17.410269797134468,3.316880967501532,4.816596924625553,out_of_sample
2025-09-13 00:00:00+00:00,24.94067678159983,37.65763266621249,13.550418159132214,17.35436364705074,3.2998713809006626,4.788304393939405,out_of_sample
2025-09-14 00:00:00+00:00,25.038762374900347,37.81695495300303,13.587721499830346,17.410329037126374,3.3174829244817516,4.816551242340658,out_of_sample
2025-09-15 00:00:00+00:00,25.19968254086436,38.06659960722625,13.648849795880318,17.502081650809057,3.3494643316374137,4.862984062003617,out_of_sample
2025-09-16 00:00:00+00:00,25.23160874329286,38.10160900339794,13.65900931897999,17.51876781305119,3.3558296306509336,4.872225643518684,out_of_sample
2025-09-17 00:00:00+00:00,25.328015698999703,38.327108370200555,13.703370342164833,17.57968058685388,3.375062965424794,4.900149929674238,out_of_sample
2025-09-18 00:00:00+00:00,25.450277575438037,38.590938571403996,13.757643485356729,17.655399740572715,3.399500817336737,4.935630493905022,out_of_sample
2025-09-19 00:00:00+00:00,25.54211248371449,38.688625063673946,13.792393689816507,17.70764016305856,3.4179009808410723,4.96234512436538,out_of_sample
2025-09-20 00:00:00+00:00,25.388197784017244,38.434500968529655,13.73224998114263,17.618628220168254,3.3870069893947994,4.917491090066273,out_of_sample
2025-09-21 00:00:00+00:00,25.5406042149421,38.60868362234979,13.802319969650624,17.71487471090308,3.41750550987837,4.961770952259577,out_of_sample
2025-09-22 00:00:00+00:00,25.91996221628992,39.252337407992165,13.976576514348908,17.954315182286933,3.4936465076937706,5.072317720990306,out_of_sample
2025-09-23 00:00:00+00:00,26.062040939634272,39.35227500148241,14.039994931782275,18.042561777429952,3.5223718294064867,5.114023130522634,out_of_sample
2025-09-24 00:00:00+00:00,26.1560991503333,39.41115491189562,14.076503882267563,18.09675832766165,3.541440251127066,5.141707984497302,out_of_sample
2025-09-25 00:00:00+00:00,26.120925929700075,39.31164810185479,14.062629681267047,18.07632212836031,3.5342967627997544,5.131336573894507,out_of_sample
2025-09-26 00:00:00+00:00,26.115284365338162,39.23702430619746,14.059254163619828,18.07215712231717,3.5331517634198457,5.129674184573652,out_of_sample
2025-09-27 00:00:00+00:00,25.998554897090056,39.05337413088487,14.018066249207417,18.008079269653205,3.509463168602289,5.095281443632677,out_of_sample
2025-09-28 00:00:00+00:00,26.160366490393987,39.30653998050002,14.076889061693102,18.09825069608367,3.5422268258055922,5.142849988037724,out_of_sample
2025-09-29 00:00:00+00:00,26.282610651214807,39.18647586463406,14.121430675532345,18.166438573731405,3.5670554083437955,5.178897842025886,out_of_sample
2025-09-30 00:00:00+00:00,26.329345461194922,39.28683577578362,14.139191046512497,18.19306838176984,3.5765696262563402,5.1927112418683965,out_of_sample
2025-10-01 00:00:00+00:00,27.09219117527397,40.188128971659864,14.424661127022684,18.62430372057329,3.7320066925432394,5.4183855292038485,out_of_sample
2025-10-02 00:00:00+00:00,26.821427686339018,39.81570086764593,14.327328439777931,18.474447803505992,3.674480158373832,5.336674011185163,out_of_sample
2025-10-03 00:00:00+00:00,26.98026236818303,40.0262242344074,14.390966065686792,18.567444295612326,3.697133855487955,5.380542491962666,out_of_sample
2025-10-04 00:00:00+00:00,27.304430409031703,40.35740445384054,14.537592058210034,18.770186942284443,3.740160887591567,5.464033752521303,out_of_sample
2025-10-05 00:00:00+00:00,27.56800988144604,40.71406984545844,14.656019680988027,18.934409657117634,3.7758852195911756,5.5336204046106054,out_of_sample
2025-10-06 00:00:00+00:00,27.413288603125892,40.5724745203518,14.591097698088891,18.841578637614735,3.755356775959998,5.493507386357124,out_of_sample
2025-10-07 00:00:00+00:00,27.4170196826375,40.532123841735086,14.59174845602634,18.843108605907616,3.755732131315316,5.49423950229709,out_of_sample
2025-10-08 00:00:00+00:00,28.04518816469159,41.25615108353508,14.872996325707804,19.23371339266396,3.835421312853561,5.64967531216667,out_of_sample
2025-10-09 00:00:00+00:00,28.49329119776532,41.763787254274696,15.057156883708895,19.499532605731844,3.8915146670427996,5.759844604312841,out_of_sample
2025-10-10 00:00:00+00:00,29.726868960070256,43.47660682775866,15.584892493040675,20.247276145568947,4.0304026523270835,6.033936067779421,out_of_sample
2025-10-11 00:00:00+00:00,29.668916434059316,42.84121116061477,15.559797233958859,20.211925659956872,4.023454693933581,6.020066969870545,out_of_sample
2025-10-12 00:00:00+00:00,29.408140768861653,42.618315565842536,15.470901142523264,20.071579620937,4.001342536723142,5.975953414934499,out_of_sample
2025-10-13 00:00:00+00:00,28.69494371097207,41.49969528267475,15.22391986216901,19.68461515782371,3.9417363056546275,5.857258566281036,out_of_sample
2025-10-14 00:00:00+00:00,28.506246921288145,41.20886560481536,15.136897628936419,19.5653249183016,3.9260310544779835,5.826142087025256,out_of_sample
2025-10-15 00:00:00+00:00,28.929511883744006,42.02764447145752,15.317697213836336,19.821744869967507,3.957261049763115,5.887934904379829,out_of_sample
2025-10-16 00:00:00+00:00,29.053525535491964,42.24482094751989,15.371348138671118,19.89738916701531,3.9662051170668566,5.905678518932956,out_of_sample
2025-10-17 00:00:00+00:00,28.60930729375493,41.54193079541124,15.171421531319053,19.62042293015863,3.9343992932504257,5.842533366343177,out_of_sample
2025-10-18 00:00:00+00:00,28.394420240941024,41.19351146449329,15.074349486429167,19.486151648893106,3.9187752620814167,5.811598047168932,out_of_sample
2025-10-19 00:00:00+00:00,28.465018396864803,41.253499055751135,15.106474006773082,19.530447153205703,3.923685398044692,5.821307113451832,out_of_sample
2025-10-20 00:00:00+00:00,28.22542275535936,40.94466496865475,14.998233711912443,19.38072725116046,3.9072029275043034,5.788701875171909,out_of_sample
2025-10-21 00:00:00+00:00,28.00853527468734,40.58158201705091,14.899753200990562,19.244803784925537,3.8921959679627642,5.75905720217503,out_of_sample
2025-10-22 00:00:00+00:00,27.9220118198943,40.438728535971244,14.860432595330892,19.190551162653133,3.8861713328416823,5.747171463440347,out_of_sample
2025-10-23 00:00:00+00:00,28.361888832980597,41.23429942991924,15.062028398626294,19.46768336186263,3.9181784008462865,5.81028417502185,out_of_sample
2025-10-24 00:00:00+00:00,28.174867718446947,40.97529251303723,14.975990373675142,19.349612097782252,3.9044299836260588,5.783100722973815,out_of_sample
2025-10-25 00:00:00+00:00,28.22136465474093,40.960644129538814,14.99693290793485,19.378620333844328,3.9077795349803095,5.789715702348403,out_of_sample
2025-10-26 00:00:00+00:00,27.85163417852983,40.48210325675852,14.831812066146762,19.14904921828758,3.881065711210212,5.736943893851353,out_of_sample
2025-10-27 00:00:00+00:00,27.553638429652707,40.09226950794655,14.696845602241888,18.962544425787424,3.859209146074254,5.693866417292919,out_of_sample
2025-10-28 00:00:00+00:00,27.687726345769665,40.27169846741016,14.754015577282441,19.043714395993007,3.8688722107298537,5.71287556217143,out_of_sample
2025-10-29 00:00:00+00:00,27.507721135169675,40.03380779416416,14.673380513677916,18.931743389580003,3.8559690605031895,5.687471400410629,out_of_sample
2025-10-30 00:00:00+00:00,27.36787824298436,39.907400740706095,14.610298323303772,18.844411981071566,3.8453325534058966,5.666553241588326,out_of_sample
2025-10-31 00:00:00+00:00,27.150208996324068,39.67603142127459,14.512986731137042,18.709153000273997,3.8272471615335055,5.631018617203542,out_of_sample
2025-11-01 00:00:00+00:00,27.154152695407724,39.73705892559805,14.51462492293928,18.711507145342445,3.82770612125641,5.631918972170664,out_of_sample
2025-11-02 00:00:00+00:00,26.88314015702707,39.35931946240415,14.390845492538663,18.54106488267118,3.7956382598324248,5.569007978334525,out_of_sample
2025-11-03 00:00:00+00:00,26.56573681022075,38.9800316106566,14.246242567280408,18.34171752635385,3.757639359497127,5.494671361882021,out_of_sample
2025-11-04 00:00:00+00:00,26.530225235745355,38.976100436761115,14.22993421477454,18.31931227543205,3.752879680479592,5.485391467605383,out_of_sample
2025-11-05 00:00:00+00:00,26.520030752467246,38.91369359080095,14.225171626616905,18.312817777335912,3.7510729753337166,5.481870443454884,out_of_sample
2025-11-06 00:00:00+00:00,26.420034440223613,38.83080607798435,14.17847881390519,18.249131604694423,3.7361100523429482,5.452714410561483,out_of_sample
2025-11-07 00:00:00+00:00,25.803639765911242,38.034486241050246,13.898876584373095,17.862900735224947,3.6416390498333917,5.269073628843468,out_of_sample
2025-11-08 00:00:00+00:00,25.84513514999681,38.08914490195773,13.917801949519,17.888984800369588,3.647777470947824,5.280785214468477,out_of_sample
2025-11-09 00:00:00+00:00,25.676758750121333,37.78480483231288,13.840620958066692,17.782845514074275,3.6245806551563633,5.236010040971772,out_of_sample
2025-11-10 00:00:00+00:00,26.088074207252728,38.27636499965568,13.997930833091472,18.01806059640788,3.681477799060059,5.345600287909185,out_of_sample
2025-11-11 00:00:00+00:00,26.37394950279317,38.625373551997285,14.122291682499528,18.193083927667118,3.7207388575711313,5.421611041248144,out_of_sample
2025-11-12 00:00:00+00:00,26.116604493078196,38.34041437006231,14.029592249780986,18.050423800068252,3.689853833972956,5.361606262140593,out_of_sample
2025-11-13 00:00:00+00:00,26.215931543890825,38.436271167168364,14.064274657086976,18.10465701159997,3.7008555707986948,5.382921282089335,out_of_sample
2025-11-14 00:00:00+00:00,26.585573626299823,38.83946197092907,14.193172844283723,18.30632339355602,3.7476542909030117,5.473680052723085,out_of_sample
2025-11-15 00:00:00+00:00,26.765194496014953,39.05299916996315,14.255503774433771,18.404033386299133,3.769764774170661,5.516738350642746,out_of_sample
2025-11-16 00:00:00+00:00,26.931309576334566,39.264436710596776,14.313012611167444,18.494269162947564,3.788737641789479,5.553758643308065,out_of_sample
2025-11-17 00:00:00+00:00,26.925158011193187,39.25813137389115,14.310887544468466,18.490931884679355,3.788004475992545,5.55232568550288,out_of_sample
2025-11-18 00:00:00+00:00,27.33366851328307,39.88698919377397,14.452019347851495,18.712563062980788,3.83546363532781,5.645077673542888,out_of_sample
2025-11-19 00:00:00+00:00,25.373852682951963,37.229718278031534,13.778485804965934,17.65263178934765,3.6056794661911984,5.194145841476533,out_of_sample
2025-11-20 00:00:00+00:00,22.402532007881064,33.2761939842503,12.729721347878485,16.01958110272996,3.272830175995621,4.554833048897095,out_of_sample
2025-11-21 00:00:00+00:00,22.60874465298456,33.576184117841315,12.804071484627368,16.13470351753234,3.2848390127015206,4.577116818953572,out_of_sample
2025-11-22 00:00:00+00:00,22.990995635863282,34.12195829052254,12.975431890514846,16.373381801377324,3.298602118351754,4.602686957848917,out_of_sample
2025-11-23 00:00:00+00:00,22.367760641891895,33.27732318761736,12.744954989760945,16.02134343211263,3.2765631559050807,4.5616843588172555,out_of_sample
2025-11-24 00:00:00+00:00,22.242272900522327,33.201471107420794,12.687753533034819,15.942246361770763,3.272097732486237,4.553395245623135,out_of_sample
2025-11-25 00:00:00+00:00,22.077401729171726,33.004240465434606,12.612515006966737,15.838254884722764,3.266267205645624,4.5425770303716195,out_of_sample
2025-11-26 00:00:00+00:00,22.00953789899047,32.96452041930607,12.58149927107204,15.795411832144218,3.263850469927827,4.538095581072281,out_of_sample
2025-11-27 00:00:00+00:00,21.795445455221543,32.58113167752725,12.48359248402062,15.660203317781033,3.256200204547931,4.523912890684791,out_of_sample
2025-11-28 00:00:00+00:00,21.65151999574149,32.4338636573722,12.417644511985245,15.569201106921424,3.2510156355177435,4.514308838028343,out_of_sample
2025-11-29 00:00:00+00:00,21.41298315773732,31.99307703376815,12.308199423310402,15.418257032664128,3.2423356386293487,4.498238296363662,out_of_sample
2025-11-30 00:00:00+00:00,21.095919382459577,31.585280670622748,12.162400619013823,15.217353578094926,3.2306766175446437,4.476671516121873,out_of_sample
2025-12-01 00:00:00+00:00,21.08823809188173,31.581018812298804,12.15885783212371,15.212477647208235,3.230379390241599,4.476122368411193,out_of_sample
2025-12-02 00:00:00+00:00,21.097892284242715,31.63758958543882,12.163310890815088,15.218606204874883,3.2307370666760575,4.476783179746549,out_of_sample
2025-12-03 00:00:00+00:00,21.36890189850313,32.04725710752054,12.288304388676908,15.390635804638045,3.241063384837348,4.495861875618567,out_of_sample
2025-12-04 00:00:00+00:00,21.47590993615549,32.1790396055725,12.33753283644471,15.458458247470112,3.245084520084278,4.503299133706127,out_of_sample
2025-12-05 00:00:00+00:00,21.575877761630586,32.19895996037279,12.383476643549642,15.521780669919094,3.248794040280172,4.510162880595201,out_of_sample
2025-12-06 00:00:00+00:00,21.355290370920684,31.894089422973508,12.282191724126324,15.38213212172194,3.2405448087203585,4.494893469848439,out_of_sample
2025-12-07 00:00:00+00:00,21.595002011051587,32.26316633017358,12.392485118276621,15.534075875653453,3.249587451516157,4.511617289844643,out_of_sample
2025-12-08 00:00:00+00:00,21.811656745788966,32.46623069217278,12.491948524657897,15.671221839155876,3.2577510831926006,4.5267294365889645,out_of_sample
2025-12-09 00:00:00+00:00,22.08694268915865,32.91131652784028,12.618077699501066,15.845274598259143,3.267950118614983,4.545625201465745,out_of_sample
2025-12-10 00:00:00+00:00,21.93392055688796,32.64441397302033,12.548141531986758,15.748669268548447,3.2622106681652836,4.534980652779355,out_of_sample
2025-12-11 00:00:00+00:00,22.057757773736807,32.72377291377031,12.604818200251929,15.826915143574936,3.266013847153793,4.54203000055253,out_of_sample
2025-12-12 00:00:00+00:00,22.177126379881518,32.89230872858616,12.6593883735109,15.902286738515903,3.278305362103625,4.5648216694460055,out_of_sample
2025-12-13 00:00:00+00:00,22.107058021151996,32.80940800213259,12.627390627701734,15.858072828237342,3.2708437698839803,4.550968643124728,out_of_sample
2025-12-14 00:00:00+00:00,22.24308006963903,33.03939193655237,12.689546470910996,15.943936892247976,3.2855092243390627,4.578175495773078,out_of_sample
2025-12-15 00:00:00+00:00,22.252405425162078,33.04385893477159,12.693802519332237,15.949819213129466,3.286760751028552,4.580500740123706,out_of_sample
2025-12-16 00:00:00+00:00,22.3032229738422,33.15231408593305,12.716993465753971,15.981872692964933,3.293557965852848,4.593131067221584,out_of_sample
2025-12-17 00:00:00+00:00,22.325394154100394,33.21345748382229,12.72710682936253,15.99585347695585,3.296602730086984,4.598792624860738,out_of_sample
2025-12-18 00:00:00+00:00,22.612716749491533,33.609320153745415,12.858142737290224,16.17701281919183,3.3362207598320106,4.67248267000534,out_of_sample
2025-12-19 00:00:00+00:00,22.677503835037214,33.70066139707416,12.887614351964674,16.217799343960216,3.3455192610908795,4.689846463397827,out_of_sample
2025-12-20 00:00:00+00:00,22.41759895324068,33.31221659400271,12.769451298071182,16.05423306162618,3.3085209448586244,4.620692705194908,out_of_sample
2025-12-21 00:00:00+00:00,22.478886459788004,33.43400613559617,12.797379635326878,16.092856869912588,3.3177195867793885,4.637821848732405,out_of_sample
2025-12-22 00:00:00+00:00,22.48589074300847,33.47960859817458,12.800569703361823,16.097269573194822,3.318826594468152,4.639885155294388,out_of_sample
2025-12-23 00:00:00+00:00,22.425669983312346,33.35908303423565,12.773144148701267,16.05933187100846,3.3090622291766993,4.621683728865661,out_of_sample
2025-12-24 00:00:00+00:00,22.51225585252675,33.46423005120765,12.812597999205234,16.1138965669519,3.322958087083629,4.647647611596426,out_of_sample
2025-12-25 00:00:00+00:00,22.315389942112855,33.17933540334556,12.722962778766934,15.989892837334605,3.2898280850259063,4.5866832606002195,out_of_sample
2025-12-26 00:00:00+00:00,22.355000212961578,33.23961415381614,12.741029592852547,16.01486933603076,3.2963009422392924,4.598626421424142,out_of_sample
2025-12-27 00:00:00+00:00,22.586409635559274,33.5059175020442,12.846541353918784,16.16075493813485,3.3328249757084016,4.666822209319769,out_of_sample
2025-12-28 00:00:00+00:00,22.739701298735497,33.73922243594526,12.916291888757364,16.257274569076984,3.359236892386144,4.7143320802835955,out_of_sample
2025-12-29 00:00:00+00:00,22.712285056054473,33.67061628328618,12.903833811553657,16.2400259793275,3.354366749734468,4.705806290694673,out_of_sample
2025-12-30 00:00:00+00:00,22.67727211471114,33.63936006052292,12.887919915607636,16.217994829817442,3.3478240009666087,4.69492468284087,out_of_sample
2025-12-31 00:00:00+00:00,22.775578124149302,33.73335921776417,12.932615237706457,16.279863258408593,3.3664981163651047,4.725453441404609,out_of_sample
2026-01-01 00:00:00+00:00,22.7134118500704,33.76493435379501,12.904375427536397,16.240759468222464,3.3539405919964267,4.706106149833075,out_of_sample
2026-01-02 00:00:00+00:00,22.67173587768081,33.83471408884813,12.88543323082644,16.214535864567793,3.345487934334565,4.693153568033107,out_of_sample
2026-01-03 00:00:00+00:00,22.792618458656822,34.0059888364518,12.940395918618504,16.290615100872706,3.369917499374884,4.730688443127021,out_of_sample
2026-01-04 00:00:00+00:00,22.56739268266952,33.73519101166903,12.838099266124969,16.148956148349434,3.323851354910738,4.660568835490228,out_of_sample
2026-01-05 00:00:00+00:00,22.64966751277421,33.813793570943986,12.87538812164084,16.2006493377493,3.3403336013148612,4.686055663844061,out_of_sample
2026-01-06 00:00:00+00:00,22.67881277881322,33.83475670414287,12.888491668296608,16.218880682603658,3.3457876686097636,4.695100587279646,out_of_sample
2026-01-07 00:00:00+00:00,22.62101736434097,33.79529245411814,12.86053678862437,16.181240540192565,3.334979643480023,4.677152869706602,out_of_sample
2026-01-08 00:00:00+00:00,22.399480181672885,33.501535383291,12.750808677142054,16.035016124295772,3.2931118392126497,4.608444867786928,out_of_sample
2026-01-09 00:00:00+00:00,22.42706861892237,33.50108219773078,12.763421407421951,16.05243279282434,3.298583013846044,4.616958890725505,out_of_sample
2026-01-10 00:00:00+00:00,22.43952785847653,33.556210428255795,12.769093928518592,16.060280495790447,3.3005696993553073,4.6208062814261375,out_of_sample
2026-01-11 00:00:00+00:00,22.501433010242216,33.67758883560981,12.797275366293597,16.099270104432406,3.313937851851264,4.639927787631767,out_of_sample
2026-01-12 00:00:00+00:00,22.678131585035075,33.906053936206035,12.877670612851507,16.21052310381249,3.3524601885216008,4.694582215208211,out_of_sample
2026-01-13 00:00:00+00:00,22.637904624269073,33.929816711165664,12.859396460113366,16.185219076207108,3.3435171723801194,4.682091187858195,out_of_sample
2026-01-14 00:00:00+00:00,22.877820127056967,34.188616821331685,12.966807241049393,16.33494541118843,3.393453847826208,4.75652207800093,out_of_sample
2026-01-15 00:00:00+00:00,22.96835324284495,34.291490981134885,13.014551195516653,16.396889246944784,3.4124773166536264,4.784756155481491,out_of_sample
2026-01-16 00:00:00+00:00,22.731514010154772,33.90004209379703,12.8896687686486,16.23485554154008,3.3627908224739094,4.71074880516175,out_of_sample
2026-01-17 00:00:00+00:00,22.69811591668937,33.81382760741877,12.87287785075927,16.21262522437455,3.355733502339652,4.700366960678149,out_of_sample
2026-01-18 00:00:00+00:00,22.62528282016997,33.72558418282491,12.835517013314663,16.16358391846691,3.340890739603531,4.677743346336311,out_of_sample
2026-01-19 00:00:00+00:00,22.74615507382726,33.83076412863964,12.897012555909587,16.24458882563194,3.366060856412171,4.715228582529558,out_of_sample
2026-01-20 00:00:00+00:00,22.99022506431545,34.2057631789039,13.010389198782855,16.399994627772315,3.4166062799534767,4.79112135154166,out_of_sample
2026-01-21 00:00:00+00:00,22.84285651244406,34.013784469708284,12.942556742050883,16.306641761189436,3.3862569262523063,4.745054341751093,out_of_sample
2026-01-22 00:00:00+00:00,22.90563931112098,34.083712235955026,12.970946438673888,16.34603037807282,3.3980740326056527,4.764616767620658,out_of_sample
2026-01-23 00:00:00+00:00,22.845455779008773,33.982205616792704,12.943395979783128,16.308019486999257,3.3869212018916857,4.745838544777262,out_of_sample
2026-01-24 00:00:00+00:00,22.655114779024238,33.68586539631,12.855642168040948,16.187331015676452,3.3516389595962357,4.686527341066803,out_of_sample
2026-01-25 00:00:00+00:00,22.68382913303469,33.75269508287285,12.86872464248089,16.205421475263588,3.3569208899981526,4.695437289645543,out_of_sample
2026-01-26 00:00:00+00:00,22.638505548153624,33.667623588559394,12.847344947404098,16.17631582550814,3.3482501846065817,4.6813646622265,out_of_sample
2026-01-27 00:00:00+00:00,22.894170248205658,34.056421500299244,12.963198826803069,16.336913964816837,3.3973253721736003,4.760667138023093,out_of_sample
2026-01-28 00:00:00+00:00,22.815970323842006,33.98258179641346,12.926953372467091,16.28718600652819,3.38198516019139,4.7362755261360165,out_of_sample
2026-01-29 00:00:00+00:00,22.899021496996045,34.0738864172372,12.965458630151897,16.34000903594059,3.3965334794072706,4.762135914708796,out_of_sample
2026-01-30 00:00:00+00:00,22.79770412502441,33.947164571136234,12.91871700402662,16.275745994591876,3.3773038292725324,4.730530605989819,out_of_sample
2026-01-31 00:00:00+00:00,22.248632182685007,33.21334463974714,12.669804043351853,15.930791574304955,3.273748338102183,4.5596317110474285,out_of_sample
2026-02-01 00:00:00+00:00,22.59497121923902,33.68723646335167,12.827586245499726,16.149023435251433,3.336370830585895,4.665017501688516,out_of_sample
2026-02-02 00:00:00+00:00,22.233530502734673,33.21816370391258,12.663428940987757,15.921694761127906,3.2861419385172757,4.571375368768744,out_of_sample
2026-02-03 00:00:00+00:00,22.218194788789056,33.21340474944559,12.656441198801305,15.912030524960226,3.283958126586538,4.567324813738163,out_of_sample
2026-02-04 00:00:00+00:00,21.974070552418056,32.877048498987754,12.545190250748915,15.758175954082997,3.254388826776055,4.512491553977261,out_of_sample
2026-02-05 00:00:00+00:00,21.5628546473646,32.346125851938254,12.357376827624655,15.498669593487993,3.2025495964038844,4.4166521192240245,out_of_sample
2026-02-06 00:00:00+00:00,21.589661824785566,32.381249892415745,12.369667088760977,15.51562553560656,3.2057408379563137,4.422520195409873,out_of_sample
2026-02-07 00:00:00+00:00,21.73174059827404,32.57116529113986,12.434789632789501,15.605479102384422,3.2224088583724644,4.453179632394565,out_of_sample
2026-02-08 00:00:00+00:00,21.832025087120375,32.74648308266684,12.47892348816191,15.667517069999485,3.2340754831658423,4.474676418677565,out_of_sample
2026-02-09 00:00:00+00:00,21.753128551172612,32.63073629264201,12.44961088474703,15.622787864767895,3.225043311646411,4.458013832984343,out_of_sample
2026-02-10 00:00:00+00:00,21.467028980852316,32.200866563967175,12.343180749621347,15.460464473951145,3.1920904807831945,4.397279072082082,out_of_sample
2026-02-11 00:00:00+00:00,21.348249392855504,31.957631589786168,12.298788176645521,15.392884269645572,3.177717267092301,4.3708792223526665,out_of_sample
2026-02-12 00:00:00+00:00,21.0167830249514,31.517849761601706,12.174665000478473,15.204074571774665,3.138720988762786,4.299361207638277,out_of_sample
2026-02-13 00:00:00+00:00,21.442625117941922,32.082317654860184,12.335009004240591,15.447445909559999,3.189296632944234,4.391731300816791,out_of_sample
2026-02-14 00:00:00+00:00,21.702149283224873,32.52909518828262,12.432049426468932,15.595146973766045,3.2187054403570095,4.4457267298612395,out_of_sample
2026-02-15 00:00:00+00:00,21.764157835300313,32.63382581257543,12.455138416100018,15.630348817223807,3.2249008780657182,4.457136378257745,out_of_sample
2026-02-16 00:00:00+00:00,21.49579054770238,32.1840122196954,12.355311047168852,15.478089642531888,3.1987735477193584,4.4089889244468585,out_of_sample
2026-02-17 00:00:00+00:00,21.551460472537737,32.290502246227355,12.376109654378089,15.50975698815545,3.2041564108740648,4.418881459268664,out_of_sample
2026-02-18 00:00:00+00:00,21.512690157089075,32.262182741976545,12.361637934962122,15.487714799614864,3.2003096435923393,4.411807976604439,out_of_sample
2026-02-19 00:00:00+00:00,21.651512419089975,32.47871661801024,12.41348853304929,15.566669652445723,3.2139569400003034,4.436892737292014,out_of_sample
2026-02-20 00:00:00+00:00,21.694645621453294,32.59552700776242,12.429562781197339,15.591168534390036,3.2181952200352755,4.444694042352758,out_of_sample
2026-02-21 00:00:00+00:00,21.829942233266024,32.80543756616225,12.479948048786834,15.667982487834216,3.2311687841109893,4.468584668003812,out_of_sample
2026-02-22 00:00:00+00:00,21.530947378836693,32.23398329907382,12.36884211288151,15.498450639625757,3.1990242028399765,4.409311675216231,out_of_sample
2026-02-23 00:00:00+00:00,21.53174629761288,32.26265528696877,12.369140432552232,15.498904952312046,3.1990788523041283,4.409412108558838,out_of_sample
2026-02-24 00:00:00+00:00,21.633638360755167,32.432051390044975,12.40718686842218,15.55684638216011,3.210821796475915,4.430993104260737,out_of_sample
2026-02-25 00:00:00+00:00,22.114060746427615,33.25231068749022,12.586280585346644,15.82977075719968,3.2660722979039867,4.532655381128478,out_of_sample
2026-02-26 00:00:00+00:00,22.016864744065778,33.080368786895455,12.550322987531711,15.774806340745295,3.254683020076749,4.51158066029272,out_of_sample
2026-02-27 00:00:00+00:00,21.68204491784048,32.577915404364944,12.426265222863922,15.585289931232717,3.21682851455537,4.441616384627284,out_of_sample
2026-02-28 00:00:00+00:00,21.750775052891246,32.72593655370875,12.45186881692607,15.624319066990529,3.224453370926158,4.455653683303576,out_of_sample
2026-03-01 00:00:00+00:00,21.907141701128047,32.97877657184675,12.510054653577594,15.713054603727123,3.2411931941817014,4.486495853667061,out_of_sample
2026-03-02 00:00:00+00:00,22.20674694443404,33.39713159774348,12.621262711324405,15.882820872342448,3.2732796334843552,4.545715064316074,out_of_sample
2026-03-03 00:00:00+00:00,22.00331461191855,33.08536089234866,12.546108867431734,15.76787595713239,3.251711383800608,4.505778312403039,out_of_sample
2026-03-04 00:00:00+00:00,22.24041487374606,33.456251946082176,12.633984068845823,15.902104294600285,3.2771037564970817,4.552692030008772,out_of_sample
2026-03-05 00:00:00+00:00,21.992703039090667,33.0368519097611,12.542518518234315,15.76218243760588,3.2508719416933802,4.5041022250821054,out_of_sample
2026-03-06 00:00:00+00:00,21.85782792581275,32.86536453481542,12.492520669315756,15.685817033634368,3.2357009191568,4.476076170292556,out_of_sample
2026-03-07 00:00:00+00:00,21.989334384641293,33.078512613856134,12.54137505020008,15.760371611726587,3.2509619305280233,4.504224404030261,out_of_sample
2026-03-08 00:00:00+00:00,21.996571981242976,33.0831713605203,12.544058174559664,15.764469648343713,3.2518044516082667,4.505780827058946,out_of_sample
2026-03-09 00:00:00+00:00,22.163325055948377,33.323163095641064,12.605869813963691,15.858881236289793,3.271343483063612,4.541879181934807,out_of_sample
2026-03-10 00:00:00+00:00,22.09802286344861,33.27449517183037,12.579931156458173,15.820611184904342,3.263233967797411,4.526867026122237,out_of_sample
2026-03-11 00:00:00+00:00,21.875795816260045,32.94159089743433,12.478723877526113,15.680604289153665,3.2360209978002636,4.476532706332478,out_of_sample
2026-03-12 00:00:00+00:00,21.8418140254361,32.91861733493405,12.46321634991459,15.659169072940644,3.231798717655749,4.468744880820811,out_of_sample
2026-03-13 00:00:00+00:00,21.8064020978342,32.890320614110856,12.447051153578572,15.636827577057264,3.227576016412424,4.460959670493509,out_of_sample
2026-03-14 00:00:00+00:00,21.79366489417108,32.8726887585568,12.441234857067588,15.628790069457043,3.2260347793985424,4.4581193981542935,out_of_sample
2026-03-15 00:00:00+00:00,22.04623897110567,33.20339424159612,12.55658336500177,15.788182075125578,3.2562737955664316,4.513836567487602,out_of_sample
2026-03-16 00:00:00+00:00,22.152466432034153,33.36689465507355,12.604985415639039,15.855126912161472,3.2697039959214584,4.538659103214887,out_of_sample
2026-03-17 00:00:00+00:00,22.059298308562635,33.21081806678255,12.56239968181182,15.7963139514124,3.258255287812921,4.5174699136769645,out_of_sample
2026-03-18 00:00:00+00:00,22.13066969877077,33.30943927739265,12.595482097660202,15.841716374954176,3.26660406963937,4.5329036831375324,out_of_sample
2026-03-19 00:00:00+00:00,22.208904441869894,33.424381982614115,12.631651944593983,15.891412513112176,3.2777917156590632,4.5536030682960185,out_of_sample
2026-03-20 00:00:00+00:00,22.154024807977795,33.36278548690565,12.606681043900121,15.85685605335222,3.269544738409131,4.538327149154052,out_of_sample
2026-03-21 00:00:00+00:00,22.084232437674405,33.27147026494249,12.57490893352871,15.812896318287303,3.2583135133788126,4.517540983677835,out_of_sample
2026-03-22 00:00:00+00:00,22.085633348187972,33.296359830783786,12.575547083744953,15.813779036689807,3.258490182008566,4.517867577081515,out_of_sample
2026-03-23 00:00:00+00:00,22.262837172019736,33.55963704390756,12.656266889054908,15.925434909170843,3.286864394120166,4.5708800685045885,out_of_sample
2026-03-24 00:00:00+00:00,22.302601236384678,33.573623459934495,12.674351362558719,15.95046625680232,3.2939778895875684,4.583126268383162,out_of_sample
2026-03-25 00:00:00+00:00,22.123850799921943,33.34460544118311,12.593085654978621,15.837967519907368,3.2608566092119773,4.528027147064021,out_of_sample
2026-03-26 00:00:00+00:00,22.18106164232325,33.34432182678564,12.619137576780794,15.874008761339562,3.2719489064890275,4.545590923585722,out_of_sample
2026-03-27 00:00:00+00:00,22.164579912657494,33.34004836473215,12.611636214852883,15.863628943173284,3.268368444159123,4.540524493359224,out_of_sample
2026-03-28 00:00:00+00:00,22.159665598653906,33.34580539207825,12.609399220848827,15.860533743910771,3.2671924688046476,4.539014410840904,out_of_sample
2026-03-29 00:00:00+00:00,22.39934318330229,33.71367260168006,12.718505212026017,16.011494717297523,3.3200896325081715,4.612654963255691,out_of_sample
2026-03-30 00:00:00+00:00,22.39073680306898,33.67352986190312,12.714595801255951,16.006080947382422,3.317944692247384,4.609996519512008,out_of_sample
2026-03-31 00:00:00+00:00,22.519043490314527,33.773037628013746,12.772883036062861,16.08679489491263,3.3449273594774,4.6496218377966,out_of_sample
2026-04-01 00:00:00+00:00,22.47287729916461,33.66980050030949,12.751934531388336,16.057772964091452,3.3348764212882047,4.635323584145361,out_of_sample
2026-04-02 00:00:00+00:00,22.43587287251029,33.67047404938936,12.735136396648908,16.0345047535684,3.326639479376629,4.623874616843235,out_of_sample
2026-04-03 00:00:00+00:00,22.552283247594467,33.8396410860547,12.787998240290339,16.10771754080728,3.3525302939505437,4.659861648518862,out_of_sample
2026-04-04 00:00:00+00:00,22.73710202535602,34.134335980224556,12.871837634424923,16.22388172690978,3.393741900633601,4.7171438707862485,out_of_sample
2026-04-05 00:00:00+00:00,22.73515461811889,34.13915710253884,12.870955667682232,16.222658916540386,3.3933058953636106,4.716537843678948,out_of_sample
2026-04-06 00:00:00+00:00,22.304940971646456,33.28344572395371,12.676111661054165,15.952517620324475,3.2969894290345874,4.582662421769309,out_of_sample
2026-04-07 00:00:00+00:00,22.669367820656674,33.79727757968732,12.841797476989274,16.181879475576164,3.3769291882826193,4.694972418144049,out_of_sample
2026-04-08 00:00:00+00:00,23.131298724725998,34.395147644042034,13.050840966127533,16.47182267952421,3.460738645733654,4.838178640156615,out_of_sample
2026-04-09 00:00:00+00:00,23.042253114201998,34.26951470062375,13.009276746026147,16.414983287394428,3.4459324630665256,4.81057953909547,out_of_sample
2026-04-10 00:00:00+00:00,23.272746483960944,34.61742147681472,13.11487395834605,16.560608349119722,3.477898206888782,4.870079158750995,out_of_sample
2026-04-11 00:00:00+00:00,23.465248496436374,34.88975831498101,13.203402274880558,16.682473876082753,3.50441828767634,4.919593696957263,out_of_sample
2026-04-12 00:00:00+00:00,23.897954447791456,35.479833608024464,13.415733213853255,16.966493572961458,3.563424113897876,5.030038918554254,out_of_sample
2026-04-13 00:00:00+00:00,24.071037591611457,35.753354762821175,13.50090783400167,17.080276873718795,3.586620398613323,5.073696633214899,out_of_sample
2026-04-14 00:00:00+00:00,24.368021780041914,36.05177835106286,13.641406064175333,17.271218567970084,3.6241070790952,5.144402394595849,out_of_sample
2026-04-15 00:00:00+00:00,24.879109792540554,36.700557480751144,13.912950649716482,17.62239481519442,3.6882595390736315,5.265821201685715,out_of_sample
2026-04-16 00:00:00+00:00,24.466927387067535,36.19868728927275,13.694316193485811,17.339456028235446,3.6349338348213327,5.1643085971372455,out_of_sample
2026-04-17 00:00:00+00:00,23.835133570386144,35.23251638775186,13.340696625411345,16.8917103456677,3.558646251706736,5.019795147287743,out_of_sample
2026-04-18 00:00:00+00:00,23.996350281248823,35.506626803294225,13.430930784335374,17.005962945710063,3.5757047958129706,5.051878657277233,out_of_sample
2026-04-19 00:00:00+00:00,24.151201106998997,35.757568810322105,13.517601911326421,17.115704109426858,3.5898231840799233,5.078474582997756,out_of_sample
2026-04-20 00:00:00+00:00,23.843490497104767,35.19288106271103,13.34537405772968,16.897632812394985,3.5616171723843606,5.025271029084977,out_of_sample
2026-04-21 00:00:00+00:00,24.109331680290445,35.59205565018453,13.494167290414849,17.086031683794694,3.58605744363576,5.071249763320251,out_of_sample
2026-04-22 00:00:00+00:00,24.238965953374418,35.77506507217089,13.566724530522691,17.177902139873293,3.5974883755745517,5.092803279700572,out_of_sample
2026-04-23 00:00:00+00:00,24.30310251492409,35.85403807559409,13.60262222783177,17.22335505152008,3.603100045116871,5.103395532244972,out_of_sample
2026-04-24 00:00:00+00:00,24.30767273283674,35.83013940600878,13.605180211847452,17.226593917246138,3.603501637368508,5.104153947342017,out_of_sample
2026-04-25 00:00:00+00:00,24.385369387718978,35.955410840364166,13.648667591455892,17.2816567254835,3.610326472897609,5.117043266199572,out_of_sample
2026-04-26 00:00:00+00:00,24.335565120327093,35.86786726294973,13.620791782832292,17.246360961091092,3.605945748578851,5.108764659063568,out_of_sample
2026-04-27 00:00:00+00:00,24.228698653233913,35.74251545009201,13.560977848385079,17.170625811444367,3.5963587481685533,5.090654669878119,out_of_sample
2026-04-28 00:00:00+00:00,24.103947678853803,35.58828668799231,13.491153825875832,17.082216098180297,3.5843953640926296,5.068075737026603,out_of_sample
2026-04-29 00:00:00+00:00,24.29027291560599,35.94360675483471,13.595441408314944,17.21426284841191,3.60241297017489,5.102043192417478,out_of_sample
2026-04-30 00:00:00+00:00,24.425010180964538,36.13883930957275,13.670854830101646,17.30974974184521,3.6161149175997234,5.127917674571713,out_of_sample
2026-05-01 00:00:00+00:00,24.546718569765414,36.28430603870115,13.738975895459443,17.396003206470915,3.6284801017312245,5.151297332096294,out_of_sample
2026-05-02 00:00:00+00:00,24.366017475375145,36.00469098800287,13.637836186171825,17.267942227220605,3.6099295275785384,5.116182712765372,out_of_sample
2026-05-03 00:00:00+00:00,24.45261611321862,36.10135628724206,13.686306070019215,17.32931377785453,3.61877848841837,5.132904332076337,out_of_sample
2026-05-04 00:00:00+00:00,24.335060440017994,35.902313177154284,13.62050930961364,17.246003299424398,3.606078805536739,5.108886556469553,out_of_sample
2026-05-05 00:00:00+00:00,24.572285641680025,36.21437719663844,13.753285970500794,17.414122323441376,3.6318259339260504,5.157522638370622,out_of_sample
2026-05-06 00:00:00+00:00,24.7143976637583,36.35772973447405,13.832827096954793,17.514835629976645,3.647421044142882,5.187051268671927,out_of_sample
2026-05-07 00:00:00+00:00,24.588023324877803,36.074141424711264,13.762094465595162,17.4252754552375,3.6317369064968545,5.157311744008606,out_of_sample
2026-05-08 00:00:00+00:00,24.796851039986105,36.360029573691456,13.87897684789903,17.57326947697605,3.6581755387747363,5.208024905490635,out_of_sample
2026-05-09 00:00:00+00:00,24.74887529773574,36.32225608531017,13.852124478020295,17.53926956926341,3.6494494138276727,5.192910555279611,out_of_sample
2026-05-10 00:00:00+00:00,24.648160278497723,36.193337806616356,13.795753553422406,17.467893886496494,3.631457317987229,5.161211897450655,out_of_sample
2026-05-11 00:00:00+00:00,24.39460633561718,35.796615562349324,13.653837577992384,17.288202854034168,3.5853565460202153,5.081572345541651,out_of_sample
2026-05-12 00:00:00+00:00,24.783592611547125,36.33873476160779,13.871556009622127,17.56387336714647,3.6640395856857007,5.2031153134030435,out_of_sample
2026-05-13 00:00:00+00:00,25.03984749696902,36.801778969764506,14.01498372212467,17.745478529392635,3.714405691509153,5.283813281976724,out_of_sample
2026-05-14 00:00:00+00:00,25.076304286739365,36.83400632579457,14.035388850999922,17.771315075729373,3.7205591273874936,5.295320097332465,out_of_sample
2026-05-15 00:00:00+00:00,25.11315101531916,36.9960279700842,14.056012231446703,17.797427967629783,3.7266788434224805,5.306933353727716,out_of_sample
2026-05-16 00:00:00+00:00,25.061906975172786,36.952299470230734,14.02733057160056,17.761111851316098,3.7181467098772125,5.290733240618155,out_of_sample
2026-05-17 00:00:00+00:00,25.316570045637654,37.323256032392706,14.169867333760292,17.94158891091922,3.760570949566132,5.371223281363044,out_of_sample
2026-05-18 00:00:00+00:00,25.39268872742517,37.37023641714622,14.21247151041635,17.99553342609686,3.7732043157521344,5.395282263005382,out_of_sample
2026-05-19 00:00:00+00:00,25.70299929318866,37.77858704237794,14.386154578114947,18.215447284712262,3.824044907204179,5.492311514291803,out_of_sample
2026-05-20 00:00:00+00:00,25.68577741905065,37.69708246489193,14.37651537061826,18.203242322290308,3.82098323125866,5.486622623342141,out_of_sample
2026-05-21 00:00:00+00:00,25.735668199204014,37.791334893148154,14.404439601060085,18.23859939737367,3.8291458254842876,5.502250389437219,out_of_sample
2026-05-22 00:00:00+00:00,25.992617194682264,38.20689731047696,14.548255811980694,18.420696468170934,3.8711447035922437,5.582716844692925,out_of_sample
2026-05-23 00:00:00+00:00,26.108788350814088,38.327838045072276,14.613277648170591,18.50302575380742,3.8901016842670293,5.619229437112525,out_of_sample
2026-05-24 00:00:00+00:00,26.21433161037047,38.35940040600652,14.672350973790554,18.577823160085817,3.907925916957225,5.653302549756771,out_of_sample
2026-05-25 00:00:00+00:00,26.41097965495816,38.69148679642637,14.782416306425578,18.717185576470357,3.940966160461627,5.716915323204282,out_of_sample
2026-05-26 00:00:00+00:00,26.16930683488821,38.4368633598298,14.647150281352129,18.545914571716505,3.898413164159516,5.638446648453674,out_of_sample
2026-05-27 00:00:00+00:00,26.10316665689576,38.39096227378622,14.61013114543068,18.499041718012528,3.886296298392056,5.616887895953174,out_of_sample
2026-05-28 00:00:00+00:00,26.366474594310077,38.768962317232855,14.757506502138208,18.685645304578703,3.929319168025018,5.699796186052941,out_of_sample
2026-05-29 00:00:00+00:00,26.23028820011423,38.5515343351534,14.681281992461756,18.589131428665908,3.9065480932809105,5.655754464683001,out_of_sample
2026-05-30 00:00:00+00:00,26.111620852335005,38.34749713650067,14.614863019755358,18.505033118066727,3.88687569902813,5.617779854201851,out_of_sample
2026-05-31 00:00:00+00:00,25.910798310268014,38.03748044990874,14.502461190692891,18.362712278896314,3.8544504543758173,5.555293373960707,out_of_sample
2026-06-01 00:00:00+00:00,25.96866156275053,38.16618904456563,14.534847671551043,18.403719361894467,3.8636240785357683,5.572922233245737,out_of_sample
2026-06-02 00:00:00+00:00,26.36075571533679,38.58935562901937,14.754305604220237,18.681592394749885,3.9282711993501525,5.698042460352062,out_of_sample
2026-06-03 00:00:00+00:00,26.10584777568752,38.143461004422,14.610532664280802,18.500106787221807,3.881015832943883,5.615392538668063,out_of_sample
2026-06-04 00:00:00+00:00,25.917515291620205,38.02251439862435,14.513169634470566,18.372751848712443,3.848081461457114,5.5542998498693,out_of_sample
2026-06-05 00:00:00+00:00,25.817145104477884,37.88352089147988,14.45926949227844,18.30335065320945,3.8318505414563764,5.523063021014434,out_of_sample
2026-06-06 00:00:00+00:00,25.78550735289041,37.8729177894958,14.443476155202944,18.282383426870464,3.8269488644660927,5.51364293512013,out_of_sample
2026-06-07 00:00:00+00:00,26.290306774940902,38.51384082967235,14.669426267837421,18.597151143208034,3.9039838787519305,5.661626294646325,out_of_sample
2026-06-08 00:00:00+00:00,26.322051268210206,38.55283907078324,14.683471825936989,18.616817015221567,3.9084980593728575,5.670355020479893,out_of_sample
2026-06-09 00:00:00+00:00,26.66138163118517,38.97506425461296,14.84456510277677,18.835364141721854,3.9551109813730116,5.760521562637598,out_of_sample
2026-06-10 00:00:00+00:00,26.414071718509355,38.630627657481924,14.726444823661291,18.67555233221455,3.919352066203164,5.691078925717902,out_of_sample
2026-06-11 00:00:00+00:00,26.431317237507486,38.647291458388395,14.734139591387391,18.686284512928232,3.921579556492427,5.6953914831094785,out_of_sample
2026-06-12 00:00:00+00:00,26.4397885353678,38.66574452456018,14.73697366724405,18.69083666854681,3.9226041156410965,5.697375467833053,out_of_sample
2026-06-13 00:00:00+00:00,26.486999175583726,38.732708847357806,14.760203956781316,18.721864064445345,3.9289760549025265,5.709715341842036,out_of_sample
2026-06-14 00:00:00+00:00,26.541275497271304,38.78805434047181,14.786851766683705,18.757489837719785,3.936341931521562,5.723987782685021,out_of_sample
2026-06-15 00:00:00+00:00,26.874962634967936,39.22558590903635,14.949982429800736,18.975981578386143,3.9818074192556976,5.812138626235143,out_of_sample
2026-06-16 00:00:00+00:00,26.983080244343146,39.36775085829264,15.00404314809037,19.04768911908321,3.9967531485412486,5.8412264721407405,out_of_sample
2026-06-17 00:00:00+00:00,26.852553226809032,39.09717895057655,14.937595784592162,18.960219760022472,3.9788968025274474,5.806430574185558,out_of_sample
2026-06-18 00:00:00+00:00,26.904103782914103,39.03280655655686,14.964527242755805,18.995289800012433,3.9859217789916968,5.820099367370994,out_of_sample
2026-06-19 00:00:00+00:00,26.636031314078107,38.503506480562194,14.824583378929239,18.81299915611089,3.9485407611573695,5.747322813518905,out_of_sample
2026-06-20 00:00:00+00:00,26.088080562809047,37.57800715394657,14.55105217635032,18.449919023153218,3.8709299790870864,5.5967003446630645,out_of_sample
2026-06-21 00:00:00+00:00,25.231964398016864,36.36658227550064,14.120259635552568,17.88000277291871,3.753446755293388,5.370219575562582,out_of_sample
2026-06-22 00:00:00+00:00,25.361993253269425,36.51703656516955,14.185162451559345,17.966169988313116,3.7686213802214987,5.39916757035371,out_of_sample
2026-06-23 00:00:00+00:00,25.84604775570443,37.33502019125003,14.420971188114086,18.282527300395156,3.815052652664006,5.48786144365798,out_of_sample
2026-06-24 00:00:00+00:00,25.829538764545653,37.315143993582865,14.412131531729926,18.2711321532217,3.813259395520875,5.484422033989551,out_of_sample
2026-06-25 00:00:00+00:00,25.468894256776114,36.70422502311283,14.24199219614117,18.039670435912193,3.7794114995234214,5.419513031879467,out_of_sample
2026-06-26 00:00:00+00:00,25.110679468907232,36.142469006047925,14.078131072018852,17.813647558167055,3.74528687841091,5.354268719336619,out_of_sample
2026-06-27 00:00:00+00:00,25.508314398784847,36.91729283827371,14.264743218474559,18.068158167438284,3.7821238705165934,5.424485024415175,out_of_sample
2026-06-28 00:00:00+00:00,25.672348136278053,37.255607141594446,14.343029758432206,18.174129867714857,3.7967910548502437,5.452533434776505,out_of_sample
2026-06-29 00:00:00+00:00,25.872527648334763,37.539134254801645,14.43607063508336,18.301550358521297,3.815099496718212,5.487590193666352,out_of_sample
2026-06-30 00:00:00+00:00,25.91649058987565,37.63812621600247,14.45644885149797,18.32949053137953,3.8190343637562094,5.495136676718645,out_of_sample
2026-07-01 00:00:00+00:00,25.997271859808833,37.81874414370725,14.493991143391302,18.380903789109368,3.8264611611699118,5.509385048766443,out_of_sample
2026-07-02 00:00:00+00:00,26.146003311107098,38.03283595220145,14.561352602926156,18.474222582755623,3.8402894687078803,5.5359319346367055,out_of_sample
2026-07-03 00:00:00+00:00,26.238171395986026,38.165478291165186,14.60263710651865,18.531699192903247,3.8488095252241146,5.552307940781542,out_of_sample
2026-07-04 00:00:00+00:00,26.26378581988934,38.191746321326875,14.614189953685385,18.547732444564698,3.851158703232758,5.556826518842705,out_of_sample
2026-07-05 00:00:00+00:00,26.301053558807034,38.180717617268655,14.632218718278686,18.571988798182925,3.854573640976178,5.563396391470702,out_of_sample
2026-07-06 00:00:00+00:00,26.11364969351136,37.76864184889659,14.541697265373719,18.450119347751002,3.837321629103175,5.530196081210856,out_of_sample
2026-07-07 00:00:00+00:00,26.415876383436405,38.214388369576604,14.686725059073314,18.64593688160172,3.86594056827417,5.58518872470869,out_of_sample
2026-07-08 00:00:00+00:00,26.397959541327218,38.113861771748006,14.677704014791642,18.634006412227507,3.8641927233489994,5.581821870477936,out_of_sample
2026-07-09 00:00:00+00:00,26.603668642257052,38.454534953972754,14.771532767338105,18.763561354376215,3.88308573984177,5.618209790787544,out_of_sample
2026-07-10 00:00:00+00:00,26.395704233683205,38.11205177855273,14.67795684884722,18.63357148527167,3.8640047247820735,5.581400183580358,out_of_sample
2026-07-11 00:00:00+00:00,26.48369814605981,38.2217602333496,14.718033261840008,18.68894462021132,3.8719688261716,5.596738617881423,out_of_sample
2026-07-12 00:00:00+00:00,26.659368375701796,38.35917494956362,14.79986844437248,18.800879759707907,3.888407808192118,5.628420927198588,out_of_sample
2026-07-13 00:00:00+00:00,26.736493353335533,38.51488898859744,14.83446869958413,18.849008449338108,3.8987036417570122,5.648291711662953,out_of_sample
2026-07-14 00:00:00+00:00,27.177569472999714,39.06474379858373,15.034538103975494,19.125918069431386,3.957019692508494,5.760939776723563,out_of_sample
2026-07-15 00:00:00+00:00,27.060307746863057,38.91007347266384,14.982351662340353,19.053076577557828,3.9392429499700956,5.72643207441285,out_of_sample
2026-07-16 00:00:00+00:00,26.985452650351217,38.786477911853,14.948313165267171,19.006022402196233,3.9286053764076474,5.705813783634452,out_of_sample
2026-07-17 00:00:00+00:00,27.271094808994167,39.177038671184036,15.078210669240084,19.185589077648444,3.9712225871175613,5.788851938202758,out_of_sample
2026-07-18 00:00:00+00:00,27.302654100610518,39.20105090238123,15.092169995798733,19.205127184651516,3.976406918002264,5.798900603340033,out_of_sample
2026-07-19 00:00:00+00:00,27.49395851624149,39.46338208452897,15.176665086817524,19.323466976058814,4.011986402072363,5.859848265450248,out_of_sample
2026-07-20 00:00:00+00:00,27.482337014425603,39.48177037479427,15.171181162397197,19.31601042296403,4.009786964101674,5.856132890822535,out_of_sample
2026-07-21 00:00:00+00:00,27.152661708163347,39.04147688890744,15.020311135248845,19.108072263693636,3.9477394788997406,5.75075853328804,out_of_sample
2026-07-22 00:00:00+00:00,27.053215972266685,38.93300382457914,14.974215015955382,19.044894511254732,3.9286459975307597,5.719159364091772,out_of_sample
2026-07-23 00:00:00+00:00,26.970623015729867,38.72548608367479,14.93617617969301,18.99260930661975,3.9151237057545933,5.692912444522283,out_of_sample
2026-07-24 00:00:00+00:00,26.819215854822644,38.58169263054271,14.867739099496143,18.897747053760888,3.8906094632765464,5.645384806722509,out_of_sample
2026-07-25 00:00:00+00:00,26.733460861748007,38.579355339722035,14.829467220491333,18.8443892313874,3.876786110441001,5.61864070341004,out_of_sample
2026-07-26 00:00:00+00:00,26.679499122775997,38.51176031724227,14.80514976968769,18.81063351488906,3.8683209582047478,5.60228260074107,out_of_sample
2026-07-27 00:00:00+00:00,26.715920717283844,38.56358990145997,14.820886757785047,18.83290201749008,3.8738507565197855,5.6129606160766325,out_of_sample
