time,daily_return,equity,drawdown,sample
2020-01-01 00:00:00+00:00,0.0,1.0,0.0,in_sample
2020-01-02 00:00:00+00:00,0.0,1.0,0.0,in_sample
2020-01-03 00:00:00+00:00,0.0,1.0,0.0,in_sample
2020-01-04 00:00:00+00:00,0.0,1.0,0.0,in_sample
2020-01-05 00:00:00+00:00,0.0,1.0,0.0,in_sample
2020-01-06 00:00:00+00:00,0.0,1.0,0.0,in_sample
2020-01-07 00:00:00+00:00,0.0,1.0,0.0,in_sample
2020-01-08 00:00:00+00:00,0.0,1.0,0.0,in_sample
2020-01-09 00:00:00+00:00,0.0,1.0,0.0,in_sample
2020-01-10 00:00:00+00:00,0.0,1.0,0.0,in_sample
2020-01-11 00:00:00+00:00,0.0,1.0,0.0,in_sample
2020-01-12 00:00:00+00:00,0.0,1.0,0.0,in_sample
2020-01-13 00:00:00+00:00,0.0,1.0,0.0,in_sample
2020-01-14 00:00:00+00:00,0.0,1.0,0.0,in_sample
2020-01-15 00:00:00+00:00,0.0,1.0,0.0,in_sample
2020-01-16 00:00:00+00:00,0.0,1.0,0.0,in_sample
2020-01-17 00:00:00+00:00,0.0,1.0,0.0,in_sample
2020-01-18 00:00:00+00:00,0.0,1.0,0.0,in_sample
2020-01-19 00:00:00+00:00,0.0,1.0,0.0,in_sample
2020-01-20 00:00:00+00:00,0.0,1.0,0.0,in_sample
2020-01-21 00:00:00+00:00,0.0,1.0,0.0,in_sample
2020-01-22 00:00:00+00:00,0.0,1.0,0.0,in_sample
2020-01-23 00:00:00+00:00,0.0,1.0,0.0,in_sample
2020-01-24 00:00:00+00:00,0.0,1.0,0.0,in_sample
2020-01-25 00:00:00+00:00,0.0,1.0,0.0,in_sample
2020-01-26 00:00:00+00:00,0.0,1.0,0.0,in_sample
2020-01-27 00:00:00+00:00,0.0,1.0,0.0,in_sample
2020-01-28 00:00:00+00:00,0.0,1.0,0.0,in_sample
2020-01-29 00:00:00+00:00,0.0,1.0,0.0,in_sample
2020-01-30 00:00:00+00:00,0.0,1.0,0.0,in_sample
2020-01-31 00:00:00+00:00,0.0,1.0,0.0,in_sample
2020-02-01 00:00:00+00:00,0.0,1.0,0.0,in_sample
2020-02-02 00:00:00+00:00,0.0,1.0,0.0,in_sample
2020-02-03 00:00:00+00:00,0.0,1.0,0.0,in_sample
2020-02-04 00:00:00+00:00,0.0,1.0,0.0,in_sample
2020-02-05 00:00:00+00:00,0.0,1.0,0.0,in_sample
2020-02-06 00:00:00+00:00,0.0,1.0,0.0,in_sample
2020-02-07 00:00:00+00:00,0.0,1.0,0.0,in_sample
2020-02-08 00:00:00+00:00,0.0,1.0,0.0,in_sample
2020-02-09 00:00:00+00:00,0.0,1.0,0.0,in_sample
2020-02-10 00:00:00+00:00,0.0,1.0,0.0,in_sample
2020-02-11 00:00:00+00:00,0.0,1.0,0.0,in_sample
2020-02-12 00:00:00+00:00,0.0,1.0,0.0,in_sample
2020-02-13 00:00:00+00:00,0.0,1.0,0.0,in_sample
2020-02-14 00:00:00+00:00,0.0,1.0,0.0,in_sample
2020-02-15 00:00:00+00:00,0.0,1.0,0.0,in_sample
2020-02-16 00:00:00+00:00,0.0,1.0,0.0,in_sample
2020-02-17 00:00:00+00:00,0.0,1.0,0.0,in_sample
2020-02-18 00:00:00+00:00,0.0,1.0,0.0,in_sample
2020-02-19 00:00:00+00:00,0.0,1.0,0.0,in_sample
2020-02-20 00:00:00+00:00,0.0,1.0,0.0,in_sample
2020-02-21 00:00:00+00:00,0.0,1.0,0.0,in_sample
2020-02-22 00:00:00+00:00,0.0,1.0,0.0,in_sample
2020-02-23 00:00:00+00:00,0.0,1.0,0.0,in_sample
2020-02-24 00:00:00+00:00,0.0,1.0,0.0,in_sample
2020-02-25 00:00:00+00:00,0.0,1.0,0.0,in_sample
2020-02-26 00:00:00+00:00,0.0,1.0,0.0,in_sample
2020-02-27 00:00:00+00:00,0.0,1.0,0.0,in_sample
2020-02-28 00:00:00+00:00,0.0,1.0,0.0,in_sample
2020-02-29 00:00:00+00:00,0.0,1.0,0.0,in_sample
2020-03-01 00:00:00+00:00,0.0,1.0,0.0,in_sample
2020-03-02 00:00:00+00:00,0.0,1.0,0.0,in_sample
2020-03-03 00:00:00+00:00,0.0,1.0,0.0,in_sample
2020-03-04 00:00:00+00:00,0.0,1.0,0.0,in_sample
2020-03-05 00:00:00+00:00,0.0,1.0,0.0,in_sample
2020-03-06 00:00:00+00:00,0.0,1.0,0.0,in_sample
2020-03-07 00:00:00+00:00,0.0,1.0,0.0,in_sample
2020-03-08 00:00:00+00:00,0.0,1.0,0.0,in_sample
2020-03-09 00:00:00+00:00,0.0,1.0,0.0,in_sample
2020-03-10 00:00:00+00:00,0.0,1.0,0.0,in_sample
2020-03-11 00:00:00+00:00,0.0,1.0,0.0,in_sample
2020-03-12 00:00:00+00:00,0.0,1.0,0.0,in_sample
2020-03-13 00:00:00+00:00,0.0,1.0,0.0,in_sample
2020-03-14 00:00:00+00:00,0.0,1.0,0.0,in_sample
2020-03-15 00:00:00+00:00,0.0,1.0,0.0,in_sample
2020-03-16 00:00:00+00:00,0.0,1.0,0.0,in_sample
2020-03-17 00:00:00+00:00,0.0,1.0,0.0,in_sample
2020-03-18 00:00:00+00:00,0.0,1.0,0.0,in_sample
2020-03-19 00:00:00+00:00,0.0,1.0,0.0,in_sample
2020-03-20 00:00:00+00:00,0.0,1.0,0.0,in_sample
2020-03-21 00:00:00+00:00,0.0,1.0,0.0,in_sample
2020-03-22 00:00:00+00:00,0.0,1.0,0.0,in_sample
2020-03-23 00:00:00+00:00,0.0,1.0,0.0,in_sample
2020-03-24 00:00:00+00:00,0.0,1.0,0.0,in_sample
2020-03-25 00:00:00+00:00,0.0,1.0,0.0,in_sample
2020-03-26 00:00:00+00:00,0.0,1.0,0.0,in_sample
2020-03-27 00:00:00+00:00,0.0,1.0,0.0,in_sample
2020-03-28 00:00:00+00:00,0.0,1.0,0.0,in_sample
2020-03-29 00:00:00+00:00,0.0,1.0,0.0,in_sample
2020-03-30 00:00:00+00:00,0.0,1.0,0.0,in_sample
2020-03-31 00:00:00+00:00,0.0,1.0,0.0,in_sample
2020-04-01 00:00:00+00:00,0.0,1.0,0.0,in_sample
2020-04-02 00:00:00+00:00,0.0,1.0,0.0,in_sample
2020-04-03 00:00:00+00:00,0.0,1.0,0.0,in_sample
2020-04-04 00:00:00+00:00,0.0,1.0,0.0,in_sample
2020-04-05 00:00:00+00:00,0.0,1.0,0.0,in_sample
2020-04-06 00:00:00+00:00,0.0,1.0,0.0,in_sample
2020-04-07 00:00:00+00:00,0.0,1.0,0.0,in_sample
2020-04-08 00:00:00+00:00,0.0,1.0,0.0,in_sample
2020-04-09 00:00:00+00:00,0.0,1.0,0.0,in_sample
2020-04-10 00:00:00+00:00,0.0,1.0,0.0,in_sample
2020-04-11 00:00:00+00:00,0.0,1.0,0.0,in_sample
2020-04-12 00:00:00+00:00,0.0,1.0,0.0,in_sample
2020-04-13 00:00:00+00:00,0.0,1.0,0.0,in_sample
2020-04-14 00:00:00+00:00,0.0,1.0,0.0,in_sample
2020-04-15 00:00:00+00:00,0.0,1.0,0.0,in_sample
2020-04-16 00:00:00+00:00,0.0,1.0,0.0,in_sample
2020-04-17 00:00:00+00:00,0.0,1.0,0.0,in_sample
2020-04-18 00:00:00+00:00,0.0,1.0,0.0,in_sample
2020-04-19 00:00:00+00:00,0.0,1.0,0.0,in_sample
2020-04-20 00:00:00+00:00,0.0,1.0,0.0,in_sample
2020-04-21 00:00:00+00:00,0.0,1.0,0.0,in_sample
2020-04-22 00:00:00+00:00,0.0,1.0,0.0,in_sample
2020-04-23 00:00:00+00:00,0.0,1.0,0.0,in_sample
2020-04-24 00:00:00+00:00,0.0,1.0,0.0,in_sample
2020-04-25 00:00:00+00:00,0.0,1.0,0.0,in_sample
2020-04-26 00:00:00+00:00,0.0,1.0,0.0,in_sample
2020-04-27 00:00:00+00:00,0.0,1.0,0.0,in_sample
2020-04-28 00:00:00+00:00,0.0,1.0,0.0,in_sample
2020-04-29 00:00:00+00:00,0.0,1.0,0.0,in_sample
2020-04-30 00:00:00+00:00,0.0,1.0,0.0,in_sample
2020-05-01 00:00:00+00:00,0.0,1.0,0.0,in_sample
2020-05-02 00:00:00+00:00,0.0,1.0,0.0,in_sample
2020-05-03 00:00:00+00:00,0.0,1.0,0.0,in_sample
2020-05-04 00:00:00+00:00,0.0,1.0,0.0,in_sample
2020-05-05 00:00:00+00:00,0.0,1.0,0.0,in_sample
2020-05-06 00:00:00+00:00,0.0,1.0,0.0,in_sample
2020-05-07 00:00:00+00:00,0.0,1.0,0.0,in_sample
2020-05-08 00:00:00+00:00,0.0,1.0,0.0,in_sample
2020-05-09 00:00:00+00:00,0.0,1.0,0.0,in_sample
2020-05-10 00:00:00+00:00,0.0,1.0,0.0,in_sample
2020-05-11 00:00:00+00:00,0.0,1.0,0.0,in_sample
2020-05-12 00:00:00+00:00,0.0,1.0,0.0,in_sample
2020-05-13 00:00:00+00:00,0.0,1.0,0.0,in_sample
2020-05-14 00:00:00+00:00,0.0,1.0,0.0,in_sample
2020-05-15 00:00:00+00:00,0.0,1.0,0.0,in_sample
2020-05-16 00:00:00+00:00,0.0,1.0,0.0,in_sample
2020-05-17 00:00:00+00:00,0.0,1.0,0.0,in_sample
2020-05-18 00:00:00+00:00,0.0,1.0,0.0,in_sample
2020-05-19 00:00:00+00:00,0.0,1.0,0.0,in_sample
2020-05-20 00:00:00+00:00,0.0,1.0,0.0,in_sample
2020-05-21 00:00:00+00:00,0.0,1.0,0.0,in_sample
2020-05-22 00:00:00+00:00,0.0,1.0,0.0,in_sample
2020-05-23 00:00:00+00:00,0.0,1.0,0.0,in_sample
2020-05-24 00:00:00+00:00,0.0,1.0,0.0,in_sample
2020-05-25 00:00:00+00:00,0.0,1.0,0.0,in_sample
2020-05-26 00:00:00+00:00,0.0,1.0,0.0,in_sample
2020-05-27 00:00:00+00:00,0.0,1.0,0.0,in_sample
2020-05-28 00:00:00+00:00,0.0,1.0,0.0,in_sample
2020-05-29 00:00:00+00:00,0.0,1.0,0.0,in_sample
2020-05-30 00:00:00+00:00,0.0,1.0,0.0,in_sample
2020-05-31 00:00:00+00:00,0.0,1.0,0.0,in_sample
2020-06-01 00:00:00+00:00,0.0,1.0,0.0,in_sample
2020-06-02 00:00:00+00:00,0.0,1.0,0.0,in_sample
2020-06-03 00:00:00+00:00,0.0,1.0,0.0,in_sample
2020-06-04 00:00:00+00:00,0.0,1.0,0.0,in_sample
2020-06-05 00:00:00+00:00,0.0,1.0,0.0,in_sample
2020-06-06 00:00:00+00:00,0.0,1.0,0.0,in_sample
2020-06-07 00:00:00+00:00,0.0,1.0,0.0,in_sample
2020-06-08 00:00:00+00:00,0.0,1.0,0.0,in_sample
2020-06-09 00:00:00+00:00,0.0,1.0,0.0,in_sample
2020-06-10 00:00:00+00:00,0.0,1.0,0.0,in_sample
2020-06-11 00:00:00+00:00,0.0,1.0,0.0,in_sample
2020-06-12 00:00:00+00:00,0.0,1.0,0.0,in_sample
2020-06-13 00:00:00+00:00,0.0,1.0,0.0,in_sample
2020-06-14 00:00:00+00:00,0.0,1.0,0.0,in_sample
2020-06-15 00:00:00+00:00,0.0,1.0,0.0,in_sample
2020-06-16 00:00:00+00:00,0.0,1.0,0.0,in_sample
2020-06-17 00:00:00+00:00,0.0,1.0,0.0,in_sample
2020-06-18 00:00:00+00:00,0.0,1.0,0.0,in_sample
2020-06-19 00:00:00+00:00,0.0,1.0,0.0,in_sample
2020-06-20 00:00:00+00:00,0.0,1.0,0.0,in_sample
2020-06-21 00:00:00+00:00,0.0,1.0,0.0,in_sample
2020-06-22 00:00:00+00:00,0.0,1.0,0.0,in_sample
2020-06-23 00:00:00+00:00,0.0,1.0,0.0,in_sample
2020-06-24 00:00:00+00:00,0.0,1.0,0.0,in_sample
2020-06-25 00:00:00+00:00,0.0,1.0,0.0,in_sample
2020-06-26 00:00:00+00:00,0.0,1.0,0.0,in_sample
2020-06-27 00:00:00+00:00,0.0,1.0,0.0,in_sample
2020-06-28 00:00:00+00:00,0.0,1.0,0.0,in_sample
2020-06-29 00:00:00+00:00,0.0,1.0,0.0,in_sample
2020-06-30 00:00:00+00:00,0.0,1.0,0.0,in_sample
2020-07-01 00:00:00+00:00,0.0,1.0,0.0,in_sample
2020-07-02 00:00:00+00:00,0.0,1.0,0.0,in_sample
2020-07-03 00:00:00+00:00,0.0,1.0,0.0,in_sample
2020-07-04 00:00:00+00:00,0.0,1.0,0.0,in_sample
2020-07-05 00:00:00+00:00,0.0,1.0,0.0,in_sample
2020-07-06 00:00:00+00:00,0.0,1.0,0.0,in_sample
2020-07-07 00:00:00+00:00,0.0,1.0,0.0,in_sample
2020-07-08 00:00:00+00:00,0.0,1.0,0.0,in_sample
2020-07-09 00:00:00+00:00,0.0,1.0,0.0,in_sample
2020-07-10 00:00:00+00:00,0.0,1.0,0.0,in_sample
2020-07-11 00:00:00+00:00,0.0,1.0,0.0,in_sample
2020-07-12 00:00:00+00:00,0.0,1.0,0.0,in_sample
2020-07-13 00:00:00+00:00,0.0,1.0,0.0,in_sample
2020-07-14 00:00:00+00:00,0.0,1.0,0.0,in_sample
2020-07-15 00:00:00+00:00,0.0,1.0,0.0,in_sample
2020-07-16 00:00:00+00:00,0.0,1.0,0.0,in_sample
2020-07-17 00:00:00+00:00,0.0,1.0,0.0,in_sample
2020-07-18 00:00:00+00:00,0.0,1.0,0.0,in_sample
2020-07-19 00:00:00+00:00,0.0,1.0,0.0,in_sample
2020-07-20 00:00:00+00:00,0.0,1.0,0.0,in_sample
2020-07-21 00:00:00+00:00,0.0,1.0,0.0,in_sample
2020-07-22 00:00:00+00:00,0.0,1.0,0.0,in_sample
2020-07-23 00:00:00+00:00,0.0,1.0,0.0,in_sample
2020-07-24 00:00:00+00:00,0.0,1.0,0.0,in_sample
2020-07-25 00:00:00+00:00,0.0,1.0,0.0,in_sample
2020-07-26 00:00:00+00:00,0.0,1.0,0.0,in_sample
2020-07-27 00:00:00+00:00,0.0,1.0,0.0,in_sample
2020-07-28 00:00:00+00:00,0.0,1.0,0.0,in_sample
2020-07-29 00:00:00+00:00,0.0,1.0,0.0,in_sample
2020-07-30 00:00:00+00:00,0.0,1.0,0.0,in_sample
2020-07-31 00:00:00+00:00,0.0,1.0,0.0,in_sample
2020-08-01 00:00:00+00:00,0.0,1.0,0.0,in_sample
2020-08-02 00:00:00+00:00,0.0,1.0,0.0,in_sample
2020-08-03 00:00:00+00:00,0.0,1.0,0.0,in_sample
2020-08-04 00:00:00+00:00,0.0,1.0,0.0,in_sample
2020-08-05 00:00:00+00:00,0.0,1.0,0.0,in_sample
2020-08-06 00:00:00+00:00,0.0,1.0,0.0,in_sample
2020-08-07 00:00:00+00:00,0.0,1.0,0.0,in_sample
2020-08-08 00:00:00+00:00,0.0,1.0,0.0,in_sample
2020-08-09 00:00:00+00:00,0.0,1.0,0.0,in_sample
2020-08-10 00:00:00+00:00,0.0,1.0,0.0,in_sample
2020-08-11 00:00:00+00:00,0.0,1.0,0.0,in_sample
2020-08-12 00:00:00+00:00,0.0,1.0,0.0,in_sample
2020-08-13 00:00:00+00:00,0.0,1.0,0.0,in_sample
2020-08-14 00:00:00+00:00,0.0,1.0,0.0,in_sample
2020-08-15 00:00:00+00:00,0.0,1.0,0.0,in_sample
2020-08-16 00:00:00+00:00,0.0,1.0,0.0,in_sample
2020-08-17 00:00:00+00:00,0.0,1.0,0.0,in_sample
2020-08-18 00:00:00+00:00,0.0,1.0,0.0,in_sample
2020-08-19 00:00:00+00:00,0.0,1.0,0.0,in_sample
2020-08-20 00:00:00+00:00,0.0,1.0,0.0,in_sample
2020-08-21 00:00:00+00:00,0.0,1.0,0.0,in_sample
2020-08-22 00:00:00+00:00,0.0,1.0,0.0,in_sample
2020-08-23 00:00:00+00:00,0.0,1.0,0.0,in_sample
2020-08-24 00:00:00+00:00,0.0,1.0,0.0,in_sample
2020-08-25 00:00:00+00:00,0.0,1.0,0.0,in_sample
2020-08-26 00:00:00+00:00,0.0,1.0,0.0,in_sample
2020-08-27 00:00:00+00:00,0.0,1.0,0.0,in_sample
2020-08-28 00:00:00+00:00,0.0,1.0,0.0,in_sample
2020-08-29 00:00:00+00:00,0.0,1.0,0.0,in_sample
2020-08-30 00:00:00+00:00,0.0,1.0,0.0,in_sample
2020-08-31 00:00:00+00:00,0.0,1.0,0.0,in_sample
2020-09-01 00:00:00+00:00,0.0,1.0,0.0,in_sample
2020-09-02 00:00:00+00:00,0.0,1.0,0.0,in_sample
2020-09-03 00:00:00+00:00,0.0,1.0,0.0,in_sample
2020-09-04 00:00:00+00:00,0.0,1.0,0.0,in_sample
2020-09-05 00:00:00+00:00,0.0,1.0,0.0,in_sample
2020-09-06 00:00:00+00:00,0.0,1.0,0.0,in_sample
2020-09-07 00:00:00+00:00,0.0,1.0,0.0,in_sample
2020-09-08 00:00:00+00:00,0.0,1.0,0.0,in_sample
2020-09-09 00:00:00+00:00,0.0,1.0,0.0,in_sample
2020-09-10 00:00:00+00:00,0.0,1.0,0.0,in_sample
2020-09-11 00:00:00+00:00,0.0,1.0,0.0,in_sample
2020-09-12 00:00:00+00:00,0.0,1.0,0.0,in_sample
2020-09-13 00:00:00+00:00,0.0,1.0,0.0,in_sample
2020-09-14 00:00:00+00:00,0.0,1.0,0.0,in_sample
2020-09-15 00:00:00+00:00,0.0,1.0,0.0,in_sample
2020-09-16 00:00:00+00:00,0.0,1.0,0.0,in_sample
2020-09-17 00:00:00+00:00,0.0,1.0,0.0,in_sample
2020-09-18 00:00:00+00:00,0.0,1.0,0.0,in_sample
2020-09-19 00:00:00+00:00,0.0,1.0,0.0,in_sample
2020-09-20 00:00:00+00:00,0.0,1.0,0.0,in_sample
2020-09-21 00:00:00+00:00,0.0,1.0,0.0,in_sample
2020-09-22 00:00:00+00:00,0.0,1.0,0.0,in_sample
2020-09-23 00:00:00+00:00,0.0,1.0,0.0,in_sample
2020-09-24 00:00:00+00:00,0.0,1.0,0.0,in_sample
2020-09-25 00:00:00+00:00,0.0,1.0,0.0,in_sample
2020-09-26 00:00:00+00:00,0.0,1.0,0.0,in_sample
2020-09-27 00:00:00+00:00,0.0,1.0,0.0,in_sample
2020-09-28 00:00:00+00:00,0.0,1.0,0.0,in_sample
2020-09-29 00:00:00+00:00,0.0,1.0,0.0,in_sample
2020-09-30 00:00:00+00:00,0.0,1.0,0.0,in_sample
2020-10-01 00:00:00+00:00,0.0,1.0,0.0,in_sample
2020-10-02 00:00:00+00:00,0.0,1.0,0.0,in_sample
2020-10-03 00:00:00+00:00,0.0,1.0,0.0,in_sample
2020-10-04 00:00:00+00:00,0.0,1.0,0.0,in_sample
2020-10-05 00:00:00+00:00,0.0,1.0,0.0,in_sample
2020-10-06 00:00:00+00:00,0.0,1.0,0.0,in_sample
2020-10-07 00:00:00+00:00,0.0,1.0,0.0,in_sample
2020-10-08 00:00:00+00:00,0.0,1.0,0.0,in_sample
2020-10-09 00:00:00+00:00,0.0,1.0,0.0,in_sample
2020-10-10 00:00:00+00:00,0.0,1.0,0.0,in_sample
2020-10-11 00:00:00+00:00,0.0,1.0,0.0,in_sample
2020-10-12 00:00:00+00:00,0.0,1.0,0.0,in_sample
2020-10-13 00:00:00+00:00,0.0,1.0,0.0,in_sample
2020-10-14 00:00:00+00:00,0.0,1.0,0.0,in_sample
2020-10-15 00:00:00+00:00,0.0,1.0,0.0,in_sample
2020-10-16 00:00:00+00:00,0.0,1.0,0.0,in_sample
2020-10-17 00:00:00+00:00,0.0,1.0,0.0,in_sample
2020-10-18 00:00:00+00:00,0.0,1.0,0.0,in_sample
2020-10-19 00:00:00+00:00,0.0,1.0,0.0,in_sample
2020-10-20 00:00:00+00:00,0.0,1.0,0.0,in_sample
2020-10-21 00:00:00+00:00,0.0,1.0,0.0,in_sample
2020-10-22 00:00:00+00:00,0.0,1.0,0.0,in_sample
2020-10-23 00:00:00+00:00,0.0,1.0,0.0,in_sample
2020-10-24 00:00:00+00:00,0.0,1.0,0.0,in_sample
2020-10-25 00:00:00+00:00,0.0,1.0,0.0,in_sample
2020-10-26 00:00:00+00:00,0.0,1.0,0.0,in_sample
2020-10-27 00:00:00+00:00,0.0,1.0,0.0,in_sample
2020-10-28 00:00:00+00:00,0.0,1.0,0.0,in_sample
2020-10-29 00:00:00+00:00,0.0,1.0,0.0,in_sample
2020-10-30 00:00:00+00:00,0.0,1.0,0.0,in_sample
2020-10-31 00:00:00+00:00,0.0,1.0,0.0,in_sample
2020-11-01 00:00:00+00:00,0.0,1.0,0.0,in_sample
2020-11-02 00:00:00+00:00,0.0,1.0,0.0,in_sample
2020-11-03 00:00:00+00:00,0.0,1.0,0.0,in_sample
2020-11-04 00:00:00+00:00,0.0,1.0,0.0,in_sample
2020-11-05 00:00:00+00:00,0.0,1.0,0.0,in_sample
2020-11-06 00:00:00+00:00,0.0,1.0,0.0,in_sample
2020-11-07 00:00:00+00:00,0.0,1.0,0.0,in_sample
2020-11-08 00:00:00+00:00,0.0,1.0,0.0,in_sample
2020-11-09 00:00:00+00:00,0.0,1.0,0.0,in_sample
2020-11-10 00:00:00+00:00,0.0,1.0,0.0,in_sample
2020-11-11 00:00:00+00:00,0.0,1.0,0.0,in_sample
2020-11-12 00:00:00+00:00,0.0,1.0,0.0,in_sample
2020-11-13 00:00:00+00:00,0.0,1.0,0.0,in_sample
2020-11-14 00:00:00+00:00,0.0,1.0,0.0,in_sample
2020-11-15 00:00:00+00:00,0.0,1.0,0.0,in_sample
2020-11-16 00:00:00+00:00,0.0,1.0,0.0,in_sample
2020-11-17 00:00:00+00:00,0.0,1.0,0.0,in_sample
2020-11-18 00:00:00+00:00,0.0,1.0,0.0,in_sample
2020-11-19 00:00:00+00:00,0.0,1.0,0.0,in_sample
2020-11-20 00:00:00+00:00,0.0,1.0,0.0,in_sample
2020-11-21 00:00:00+00:00,0.0,1.0,0.0,in_sample
2020-11-22 00:00:00+00:00,-0.00095,0.99905,-0.0009500000000000064,in_sample
2020-11-23 00:00:00+00:00,0.04112863512868194,1.0401395629253096,0.0,in_sample
2020-11-24 00:00:00+00:00,-0.00095,1.0391514303405305,-0.0009500000000001174,in_sample
2020-11-25 00:00:00+00:00,-0.02186610024792398,1.0164292409919309,-0.02279532745268853,in_sample
2020-11-26 00:00:00+00:00,-0.047275498396773946,0.9683770420389827,-0.06899316538301892,in_sample
2020-11-27 00:00:00+00:00,-0.0028721503789708273,0.9655957175507037,-0.07166715701588855,in_sample
2020-11-28 00:00:00+00:00,0.0,0.9655957175507037,-0.07166715701588855,in_sample
2020-11-29 00:00:00+00:00,-0.00095,0.9646784016190305,-0.07254907321672355,in_sample
2020-11-30 00:00:00+00:00,0.01348887175295849,0.9776908248613185,-0.060038806608181505,in_sample
2020-12-01 00:00:00+00:00,-0.0130521270922288,0.9649298799583226,-0.07230729956609461,in_sample
2020-12-02 00:00:00+00:00,0.031246550643995025,0.9950806103203442,-0.04332010261992214,in_sample
2020-12-03 00:00:00+00:00,0.01108444473003744,1.006110526347372,-0.0327158371730748,in_sample
2020-12-04 00:00:00+00:00,-0.03256766712079891,0.9733438536385589,-0.06421802579924285,in_sample
2020-12-05 00:00:00+00:00,0.024316869769880657,0.9970125293688015,-0.04146273739960127,in_sample
2020-12-06 00:00:00+00:00,-0.015455683346780286,0.9816030194221048,-0.0562775858064426,in_sample
2020-12-07 00:00:00+00:00,-0.00944077108976913,0.9723359300147145,-0.06518705309112827,in_sample
2020-12-08 00:00:00+00:00,-0.04441095826188775,0.9291535596102972,-0.10670299185897048,in_sample
2020-12-09 00:00:00+00:00,0.01447262715549417,0.9426008526487374,-0.09377463732102675,in_sample
2020-12-10 00:00:00+00:00,0.0,0.9426008526487374,-0.09377463732102675,in_sample
2020-12-11 00:00:00+00:00,0.0,0.9426008526487374,-0.09377463732102675,in_sample
2020-12-12 00:00:00+00:00,0.0,0.9426008526487374,-0.09377463732102675,in_sample
2020-12-13 00:00:00+00:00,0.0,0.9426008526487374,-0.09377463732102675,in_sample
2020-12-14 00:00:00+00:00,-0.00095,0.9417053818387211,-0.09463555141557178,in_sample
2020-12-15 00:00:00+00:00,0.020566502543036526,0.9610729679690984,-0.07601537118138524,in_sample
2020-12-16 00:00:00+00:00,0.0,0.9610729679690984,-0.07601537118138524,in_sample
2020-12-17 00:00:00+00:00,0.0,0.9610729679690984,-0.07601537118138524,in_sample
2020-12-18 00:00:00+00:00,-0.00095,0.9601599486495277,-0.07689315657876294,in_sample
2020-12-19 00:00:00+00:00,0.0135448567577151,0.9731651776184805,-0.06438980661255589,in_sample
2020-12-20 00:00:00+00:00,-0.00095,0.972240670699743,-0.06527863629627395,in_sample
2020-12-21 00:00:00+00:00,-0.0057927156422934115,0.9666087569585067,-0.07069321136098639,in_sample
2020-12-22 00:00:00+00:00,-0.004227168732643559,0.9625227386443923,-0.07462154796095455,in_sample
2020-12-23 00:00:00+00:00,0.0,0.9625227386443923,-0.07462154796095455,in_sample
2020-12-24 00:00:00+00:00,0.0,0.9625227386443923,-0.07462154796095455,in_sample
2020-12-25 00:00:00+00:00,0.0,0.9625227386443923,-0.07462154796095455,in_sample
2020-12-26 00:00:00+00:00,0.0,0.9625227386443923,-0.07462154796095455,in_sample
2020-12-27 00:00:00+00:00,0.0,0.9625227386443923,-0.07462154796095455,in_sample
2020-12-28 00:00:00+00:00,0.0,0.9625227386443923,-0.07462154796095455,in_sample
2020-12-29 00:00:00+00:00,0.0,0.9625227386443923,-0.07462154796095455,in_sample
2020-12-30 00:00:00+00:00,0.0,0.9625227386443923,-0.07462154796095455,in_sample
2020-12-31 00:00:00+00:00,0.0,0.9625227386443923,-0.07462154796095455,in_sample
2021-01-01 00:00:00+00:00,0.0,0.9625227386443923,-0.07462154796095455,in_sample
2021-01-02 00:00:00+00:00,0.0,0.9625227386443923,-0.07462154796095455,in_sample
2021-01-03 00:00:00+00:00,0.0,0.9625227386443923,-0.07462154796095455,in_sample
2021-01-04 00:00:00+00:00,-0.00095,0.9616083420426801,-0.0755006574903917,in_sample
2021-01-05 00:00:00+00:00,0.012754178208344057,0.9738728662037226,-0.06370942812252733,in_sample
2021-01-06 00:00:00+00:00,0.022745074505231,0.9960236771041491,-0.04241342930662895,in_sample
2021-01-07 00:00:00+00:00,0.006067574346919107,1.0020671248162702,-0.03660320159533559,in_sample
2021-01-08 00:00:00+00:00,0.047311696890528464,1.049476620889541,0.0,in_sample
2021-01-09 00:00:00+00:00,0.03458038952252847,1.0857679312346882,0.0,in_sample
2021-01-10 00:00:00+00:00,0.00025543286282258583,1.0860452720457243,0.0,in_sample
2021-01-11 00:00:00+00:00,-0.045121517397362684,1.0370412614087896,-0.0451215173973627,in_sample
2021-01-12 00:00:00+00:00,0.017860939291652254,1.0555637924217505,-0.028066490788692056,in_sample
2021-01-13 00:00:00+00:00,0.0521221468886049,1.1105820434606497,0.0,in_sample
2021-01-14 00:00:00+00:00,0.017608671046097875,1.1301379173336514,0.0,in_sample
2021-01-15 00:00:00+00:00,-0.00625361724696092,1.1230704673623693,-0.00625361724696083,in_sample
2021-01-16 00:00:00+00:00,0.032736388986048415,1.1598357390406868,0.0,in_sample
2021-01-17 00:00:00+00:00,0.020547169873295735,1.1836670809958754,0.0,in_sample
2021-01-18 00:00:00+00:00,0.004559675300089433,1.189064218548621,0.0,in_sample
2021-01-19 00:00:00+00:00,0.005477579525405055,1.1955774123665346,0.0,in_sample
2021-01-20 00:00:00+00:00,0.017453143953319424,1.2164439970519048,0.0,in_sample
2021-01-21 00:00:00+00:00,-0.07152229508107566,1.1294411305451553,-0.07152229508107566,in_sample
2021-01-22 00:00:00+00:00,0.040947997494663116,1.1756894831290878,-0.03350299234620491,in_sample
2021-01-23 00:00:00+00:00,0.03360575253066637,1.215199412952031,-0.0010231330853620602,in_sample
2021-01-24 00:00:00+00:00,0.013514160200792047,1.231621812494573,0.0,in_sample
2021-01-25 00:00:00+00:00,0.006698101784256517,1.239871340754372,0.0,in_sample
2021-01-26 00:00:00+00:00,0.0008676773267717932,1.2409471490048587,0.0,in_sample
2021-01-27 00:00:00+00:00,-0.02709434810671064,1.207324494967691,-0.02709434810671063,in_sample
2021-01-28 00:00:00+00:00,0.22719054936548075,1.4816172102418022,0.0,in_sample
2021-01-29 00:00:00+00:00,0.021611917302888296,1.5136377988640841,0.0,in_sample
2021-01-30 00:00:00+00:00,-0.011887421539799537,1.4956445482904126,-0.011887421539799381,in_sample
2021-01-31 00:00:00+00:00,0.015498545524383244,1.5188248634103871,0.0,in_sample
2021-02-01 00:00:00+00:00,0.010444909442273463,1.5346888515673818,0.0,in_sample
2021-02-02 00:00:00+00:00,0.004066437870625193,1.5409295684330218,0.0,in_sample
2021-02-03 00:00:00+00:00,0.0318701926372775,1.5900392906194591,0.0,in_sample
2021-02-04 00:00:00+00:00,0.03027993426378426,1.6381855758162505,0.0,in_sample
2021-02-05 00:00:00+00:00,0.04556489541636877,1.7128293302509217,0.0,in_sample
2021-02-06 00:00:00+00:00,0.015758293247126846,1.7398205971192953,0.0,in_sample
2021-02-07 00:00:00+00:00,0.06498513964868544,1.8528830815867519,0.0,in_sample
2021-02-08 00:00:00+00:00,0.059991719438253176,1.9640407235691901,0.0,in_sample
2021-02-09 00:00:00+00:00,0.021960732644672333,2.007172496802742,0.0,in_sample
2021-02-10 00:00:00+00:00,0.08083322577893834,2.1694187244140735,0.0,in_sample
2021-02-11 00:00:00+00:00,0.01183770457981831,2.1950996623836136,0.0,in_sample
2021-02-12 00:00:00+00:00,0.02260052594933684,2.2447100692646953,0.0,in_sample
2021-02-13 00:00:00+00:00,0.003204504411768552,2.2519032525847953,0.0,in_sample
2021-02-14 00:00:00+00:00,-0.026771277269859527,2.1916169262249494,-0.026771277269859395,in_sample
2021-02-15 00:00:00+00:00,-0.017546182922160595,2.153162414742103,-0.04384772646398327,in_sample
2021-02-16 00:00:00+00:00,-0.016102497002575374,2.11849112341266,-0.05924416558260259,in_sample
2021-02-17 00:00:00+00:00,0.021539439353183813,2.1641222344856654,-0.03898081234101525,in_sample
2021-02-18 00:00:00+00:00,0.03783179226823811,2.245994857303802,-0.002623734067709771,in_sample
2021-02-19 00:00:00+00:00,0.053906779052781614,2.367069205830162,0.0,in_sample
2021-02-20 00:00:00+00:00,-0.0323318391858541,2.290537504925474,-0.03233183918585414,in_sample
2021-02-21 00:00:00+00:00,0.01958432923344768,2.335396145543494,-0.013380707335745146,in_sample
2021-02-22 00:00:00+00:00,-0.01668204857463447,2.296436953602523,-0.0298395383006419,in_sample
2021-02-23 00:00:00+00:00,-0.03703094371713439,2.2113977260237205,-0.06576549575441992,in_sample
2021-02-24 00:00:00+00:00,0.03302211021841757,2.284422745469234,-0.03491510098537354,in_sample
2021-02-25 00:00:00+00:00,-0.020903122378369395,2.23667117725676,-0.055088388734992666,in_sample
2021-02-26 00:00:00+00:00,0.007889611486528864,2.2543176438684327,-0.0476334032330018,in_sample
2021-02-27 00:00:00+00:00,-0.0009426225228661278,2.252192673283628,-0.048531125437139666,in_sample
2021-02-28 00:00:00+00:00,-0.01888956822712136,2.2096497261210137,-0.06650396165917727,in_sample
2021-03-01 00:00:00+00:00,0.060435755919808154,2.343191577637134,-0.010087422933903523,in_sample
2021-03-02 00:00:00+00:00,-0.005238597018629626,2.3309165412244464,-0.015273176008825828,in_sample
2021-03-03 00:00:00+00:00,0.03489216726838433,2.4122472710694938,0.0,in_sample
2021-03-04 00:00:00+00:00,0.0029879070292929914,2.4194548416471156,0.0,in_sample
2021-03-05 00:00:00+00:00,-0.01365429225909129,2.386418898131592,-0.013654292259091427,in_sample
2021-03-06 00:00:00+00:00,-0.0068770050119538375,2.3700074834085196,-0.020437396634744864,in_sample
2021-03-07 00:00:00+00:00,0.03269690688141657,2.447499397401788,0.0,in_sample
2021-03-08 00:00:00+00:00,0.02537810671744153,2.509612298299924,0.0,in_sample
2021-03-09 00:00:00+00:00,0.04032704418551883,2.6108175443419865,0.0,in_sample
2021-03-10 00:00:00+00:00,-0.013255372778345426,2.5762101845354892,-0.013255372778345431,in_sample
2021-03-11 00:00:00+00:00,0.027228459880047292,2.646356420187683,0.0,in_sample
2021-03-12 00:00:00+00:00,-0.007442990965265096,2.6266596132613547,-0.007442990965265017,in_sample
2021-03-13 00:00:00+00:00,0.018058737525723442,2.67409376978666,0.0,in_sample
2021-03-14 00:00:00+00:00,-0.03302450215626026,2.585783154320298,-0.033024502156260294,in_sample
2021-03-15 00:00:00+00:00,-1.2245470100658191e-05,2.585751490189995,-0.033036343225807285,in_sample
2021-03-16 00:00:00+00:00,0.004365388371822309,2.597039299677692,-0.028815171322550626,in_sample
2021-03-17 00:00:00+00:00,0.007030263780967022,2.615297171003964,-0.021987485796874928,in_sample
2021-03-18 00:00:00+00:00,-0.0038950368877237245,2.6051104920505437,-0.02579688061635166,in_sample
2021-03-19 00:00:00+00:00,0.015200518243482902,2.644709521611247,-0.010988488327302481,in_sample
2021-03-20 00:00:00+00:00,-0.0022125607226864586,2.638857941200815,-0.013176736352314311,in_sample
2021-03-21 00:00:00+00:00,-0.0030611829124233382,2.6307799143628983,-0.0161975828645744,in_sample
2021-03-22 00:00:00+00:00,-0.02605938952970575,2.5622233958075897,-0.04183487327297242,in_sample
2021-03-23 00:00:00+00:00,-0.004128810225363438,2.5516444616513136,-0.0457909552457898,in_sample
2021-03-24 00:00:00+00:00,-0.016695137397527166,2.509044406774406,-0.06172160635392432,in_sample
2021-03-25 00:00:00+00:00,0.0016781171422442839,2.513254877204066,-0.06014706529734948,in_sample
2021-03-26 00:00:00+00:00,0.05206563165496529,2.644109079895618,-0.011213028589283192,in_sample
2021-03-27 00:00:00+00:00,0.0029895525159354024,2.6520137828478276,-0.008256998011178074,in_sample
2021-03-28 00:00:00+00:00,0.013894405418969653,2.6888619375234106,0.0,in_sample
2021-03-29 00:00:00+00:00,0.010484205717534612,2.7170525192224546,0.0,in_sample
2021-03-30 00:00:00+00:00,0.011902624790744783,2.7493925758955076,0.0,in_sample
2021-03-31 00:00:00+00:00,-0.0018910841742684641,2.7441932431063805,-0.0018910841742684203,in_sample
2021-04-01 00:00:00+00:00,0.024607401008862537,2.8117207066853105,0.0,in_sample
2021-04-02 00:00:00+00:00,0.016332771705019875,2.857643899085879,0.0,in_sample
2021-04-03 00:00:00+00:00,-0.02467185414995059,2.7871405255951363,-0.024671854149950545,in_sample
2021-04-04 00:00:00+00:00,0.03231023651517421,2.877193695178142,0.0,in_sample
2021-04-05 00:00:00+00:00,0.02601956166027916,2.952057013938396,0.0,in_sample
2021-04-06 00:00:00+00:00,0.036560955571413006,3.0599870392692763,0.0,in_sample
2021-04-07 00:00:00+00:00,-0.010588907345172576,3.027585120033025,-0.010588907345172593,in_sample
2021-04-08 00:00:00+00:00,0.031663391236825704,3.1234487321914224,0.0,in_sample
2021-04-09 00:00:00+00:00,0.019010600922894146,3.182827369542233,0.0,in_sample
2021-04-10 00:00:00+00:00,0.01292111176006153,3.223953037697071,0.0,in_sample
2021-04-11 00:00:00+00:00,0.021348574151951197,3.2927798381847553,0.0,in_sample
2021-04-12 00:00:00+00:00,0.007134974132135241,3.3162737371530198,0.0,in_sample
2021-04-13 00:00:00+00:00,0.0188678817987656,3.3788447980379734,0.0,in_sample
2021-04-14 00:00:00+00:00,0.03486058011871187,3.496633287828669,0.0,in_sample
2021-04-15 00:00:00+00:00,0.0350853892606562,3.619314027833906,0.0,in_sample
2021-04-16 00:00:00+00:00,0.041528259358275144,3.7696178394808357,0.0,in_sample
2021-04-17 00:00:00+00:00,-0.01935748883284742,3.696647504248983,-0.01935748883284738,in_sample
2021-04-18 00:00:00+00:00,0.01922153024471433,3.7677027260559526,-0.0005080391451953714,in_sample
2021-04-19 00:00:00+00:00,-0.020004636840453074,3.692331201298418,-0.02050251284704807,in_sample
2021-04-20 00:00:00+00:00,0.011990936547138415,3.736605710444207,-0.008757420630515544,in_sample
2021-04-21 00:00:00+00:00,-0.032530762405641254,3.6150510778741842,-0.04100329746633913,in_sample
2021-04-22 00:00:00+00:00,-0.011677200453570721,3.5728374017879507,-0.05220169419613796,in_sample
2021-04-23 00:00:00+00:00,-0.0013735871160078952,3.5679297983652636,-0.05350357773756431,in_sample
2021-04-24 00:00:00+00:00,0.0,3.5679297983652636,-0.05350357773756431,in_sample
2021-04-25 00:00:00+00:00,0.0,3.5679297983652636,-0.05350357773756431,in_sample
2021-04-26 00:00:00+00:00,0.0,3.5679297983652636,-0.05350357773756431,in_sample
2021-04-27 00:00:00+00:00,0.0,3.5679297983652636,-0.05350357773756431,in_sample
2021-04-28 00:00:00+00:00,-0.00095,3.5645402650568165,-0.054402749338713696,in_sample
2021-04-29 00:00:00+00:00,-0.0053868104788776915,3.545338762204627,-0.05949650251737382,in_sample
2021-04-30 00:00:00+00:00,0.028208266768289473,3.6453466237928525,-0.03296652896387453,in_sample
2021-05-01 00:00:00+00:00,0.013786814083462896,3.6956043399648637,-0.0196342182862137,in_sample
2021-05-02 00:00:00+00:00,-0.01632081249280722,3.6352890744846924,-0.03563458438392886,in_sample
2021-05-03 00:00:00+00:00,0.03688222990986767,3.769366641918667,-6.663740805179508e-05,in_sample
2021-05-04 00:00:00+00:00,-0.021876505491039602,3.6869060718789917,-0.021941685105468234,in_sample
2021-05-05 00:00:00+00:00,0.06152554071157159,3.913744961504123,0.0,in_sample
2021-05-06 00:00:00+00:00,-0.00095,3.910026903790694,-0.0009500000000000064,in_sample
2021-05-07 00:00:00+00:00,0.014710230870876145,3.967544302256792,0.0,in_sample
2021-05-08 00:00:00+00:00,-0.00015479433671777224,3.9669301488681263,-0.0001547943367177229,in_sample
2021-05-09 00:00:00+00:00,-0.004508201829793779,3.9490464271123353,-0.004662298322399283,in_sample
2021-05-10 00:00:00+00:00,-0.03692601847245801,3.8032238657961908,-0.04141615668088039,in_sample
2021-05-11 00:00:00+00:00,0.024817465697977013,3.897610243627315,-0.01762653503067324,in_sample
2021-05-12 00:00:00+00:00,-0.00095,3.893907513895869,-0.018559789822394035,in_sample
2021-05-13 00:00:00+00:00,0.01997258484259916,3.9716789120863885,0.0,in_sample
2021-05-14 00:00:00+00:00,0.0,3.9716789120863885,0.0,in_sample
2021-05-15 00:00:00+00:00,0.0,3.9716789120863885,0.0,in_sample
2021-05-16 00:00:00+00:00,0.0,3.9716789120863885,0.0,in_sample
2021-05-17 00:00:00+00:00,0.0,3.9716789120863885,0.0,in_sample
2021-05-18 00:00:00+00:00,0.0,3.9716789120863885,0.0,in_sample
2021-05-19 00:00:00+00:00,0.0,3.9716789120863885,0.0,in_sample
2021-05-20 00:00:00+00:00,0.0,3.9716789120863885,0.0,in_sample
2021-05-21 00:00:00+00:00,0.0,3.9716789120863885,0.0,in_sample
2021-05-22 00:00:00+00:00,0.0,3.9716789120863885,0.0,in_sample
2021-05-23 00:00:00+00:00,0.0,3.9716789120863885,0.0,in_sample
2021-05-24 00:00:00+00:00,0.0,3.9716789120863885,0.0,in_sample
2021-05-25 00:00:00+00:00,0.0,3.9716789120863885,0.0,in_sample
2021-05-26 00:00:00+00:00,0.0,3.9716789120863885,0.0,in_sample
2021-05-27 00:00:00+00:00,0.0,3.9716789120863885,0.0,in_sample
2021-05-28 00:00:00+00:00,0.0,3.9716789120863885,0.0,in_sample
2021-05-29 00:00:00+00:00,0.0,3.9716789120863885,0.0,in_sample
2021-05-30 00:00:00+00:00,0.0,3.9716789120863885,0.0,in_sample
2021-05-31 00:00:00+00:00,0.0,3.9716789120863885,0.0,in_sample
2021-06-01 00:00:00+00:00,0.0,3.9716789120863885,0.0,in_sample
2021-06-02 00:00:00+00:00,0.0,3.9716789120863885,0.0,in_sample
2021-06-03 00:00:00+00:00,0.0,3.9716789120863885,0.0,in_sample
2021-06-04 00:00:00+00:00,0.0,3.9716789120863885,0.0,in_sample
2021-06-05 00:00:00+00:00,0.0,3.9716789120863885,0.0,in_sample
2021-06-06 00:00:00+00:00,0.0,3.9716789120863885,0.0,in_sample
2021-06-07 00:00:00+00:00,0.0,3.9716789120863885,0.0,in_sample
2021-06-08 00:00:00+00:00,0.0,3.9716789120863885,0.0,in_sample
2021-06-09 00:00:00+00:00,0.0,3.9716789120863885,0.0,in_sample
2021-06-10 00:00:00+00:00,0.0,3.9716789120863885,0.0,in_sample
2021-06-11 00:00:00+00:00,0.0,3.9716789120863885,0.0,in_sample
2021-06-12 00:00:00+00:00,0.0,3.9716789120863885,0.0,in_sample
2021-06-13 00:00:00+00:00,0.0,3.9716789120863885,0.0,in_sample
2021-06-14 00:00:00+00:00,0.0,3.9716789120863885,0.0,in_sample
2021-06-15 00:00:00+00:00,0.0,3.9716789120863885,0.0,in_sample
2021-06-16 00:00:00+00:00,0.0,3.9716789120863885,0.0,in_sample
2021-06-17 00:00:00+00:00,0.0,3.9716789120863885,0.0,in_sample
2021-06-18 00:00:00+00:00,0.0,3.9716789120863885,0.0,in_sample
2021-06-19 00:00:00+00:00,0.0,3.9716789120863885,0.0,in_sample
2021-06-20 00:00:00+00:00,0.0,3.9716789120863885,0.0,in_sample
2021-06-21 00:00:00+00:00,0.0,3.9716789120863885,0.0,in_sample
2021-06-22 00:00:00+00:00,0.0,3.9716789120863885,0.0,in_sample
2021-06-23 00:00:00+00:00,0.0,3.9716789120863885,0.0,in_sample
2021-06-24 00:00:00+00:00,0.0,3.9716789120863885,0.0,in_sample
2021-06-25 00:00:00+00:00,0.0,3.9716789120863885,0.0,in_sample
2021-06-26 00:00:00+00:00,0.0,3.9716789120863885,0.0,in_sample
2021-06-27 00:00:00+00:00,0.0,3.9716789120863885,0.0,in_sample
2021-06-28 00:00:00+00:00,0.0,3.9716789120863885,0.0,in_sample
2021-06-29 00:00:00+00:00,0.0,3.9716789120863885,0.0,in_sample
2021-06-30 00:00:00+00:00,0.0,3.9716789120863885,0.0,in_sample
2021-07-01 00:00:00+00:00,0.0,3.9716789120863885,0.0,in_sample
2021-07-02 00:00:00+00:00,0.0,3.9716789120863885,0.0,in_sample
2021-07-03 00:00:00+00:00,0.0,3.9716789120863885,0.0,in_sample
2021-07-04 00:00:00+00:00,0.0,3.9716789120863885,0.0,in_sample
2021-07-05 00:00:00+00:00,0.0,3.9716789120863885,0.0,in_sample
2021-07-06 00:00:00+00:00,0.0,3.9716789120863885,0.0,in_sample
2021-07-07 00:00:00+00:00,0.0,3.9716789120863885,0.0,in_sample
2021-07-08 00:00:00+00:00,0.0,3.9716789120863885,0.0,in_sample
2021-07-09 00:00:00+00:00,0.0,3.9716789120863885,0.0,in_sample
2021-07-10 00:00:00+00:00,0.0,3.9716789120863885,0.0,in_sample
2021-07-11 00:00:00+00:00,0.0,3.9716789120863885,0.0,in_sample
2021-07-12 00:00:00+00:00,0.0,3.9716789120863885,0.0,in_sample
2021-07-13 00:00:00+00:00,0.0,3.9716789120863885,0.0,in_sample
2021-07-14 00:00:00+00:00,0.0,3.9716789120863885,0.0,in_sample
2021-07-15 00:00:00+00:00,0.0,3.9716789120863885,0.0,in_sample
2021-07-16 00:00:00+00:00,0.0,3.9716789120863885,0.0,in_sample
2021-07-17 00:00:00+00:00,0.0,3.9716789120863885,0.0,in_sample
2021-07-18 00:00:00+00:00,0.0,3.9716789120863885,0.0,in_sample
2021-07-19 00:00:00+00:00,0.0,3.9716789120863885,0.0,in_sample
2021-07-20 00:00:00+00:00,0.0,3.9716789120863885,0.0,in_sample
2021-07-21 00:00:00+00:00,0.0,3.9716789120863885,0.0,in_sample
2021-07-22 00:00:00+00:00,0.0,3.9716789120863885,0.0,in_sample
2021-07-23 00:00:00+00:00,0.0,3.9716789120863885,0.0,in_sample
2021-07-24 00:00:00+00:00,0.0,3.9716789120863885,0.0,in_sample
2021-07-25 00:00:00+00:00,0.0,3.9716789120863885,0.0,in_sample
2021-07-26 00:00:00+00:00,0.0,3.9716789120863885,0.0,in_sample
2021-07-27 00:00:00+00:00,0.0,3.9716789120863885,0.0,in_sample
2021-07-28 00:00:00+00:00,0.0,3.9716789120863885,0.0,in_sample
2021-07-29 00:00:00+00:00,0.0,3.9716789120863885,0.0,in_sample
2021-07-30 00:00:00+00:00,0.0,3.9716789120863885,0.0,in_sample
2021-07-31 00:00:00+00:00,0.0,3.9716789120863885,0.0,in_sample
2021-08-01 00:00:00+00:00,0.0,3.9716789120863885,0.0,in_sample
2021-08-02 00:00:00+00:00,0.0,3.9716789120863885,0.0,in_sample
2021-08-03 00:00:00+00:00,0.0,3.9716789120863885,0.0,in_sample
2021-08-04 00:00:00+00:00,0.0,3.9716789120863885,0.0,in_sample
2021-08-05 00:00:00+00:00,0.0,3.9716789120863885,0.0,in_sample
2021-08-06 00:00:00+00:00,0.0,3.9716789120863885,0.0,in_sample
2021-08-07 00:00:00+00:00,0.0,3.9716789120863885,0.0,in_sample
2021-08-08 00:00:00+00:00,0.0,3.9716789120863885,0.0,in_sample
2021-08-09 00:00:00+00:00,0.0,3.9716789120863885,0.0,in_sample
2021-08-10 00:00:00+00:00,0.0,3.9716789120863885,0.0,in_sample
2021-08-11 00:00:00+00:00,0.0,3.9716789120863885,0.0,in_sample
2021-08-12 00:00:00+00:00,-0.00095,3.9679058171199064,-0.0009500000000000064,in_sample
2021-08-13 00:00:00+00:00,0.04078696204655809,4.129744641087093,0.0,in_sample
2021-08-14 00:00:00+00:00,-0.0019112916479032578,4.12185149464661,-0.0019112916479032682,in_sample
2021-08-15 00:00:00+00:00,0.024019025518871303,4.220854350881525,0.0,in_sample
2021-08-16 00:00:00+00:00,0.009392776847405249,4.260499893904754,0.0,in_sample
2021-08-17 00:00:00+00:00,0.007770535873996029,4.293606261171497,0.0,in_sample
2021-08-18 00:00:00+00:00,0.03486721506518795,4.443312354085001,0.0,in_sample
2021-08-19 00:00:00+00:00,0.010689948782040644,4.490811135572778,0.0,in_sample
2021-08-20 00:00:00+00:00,0.02998163112114353,4.625452978474245,0.0,in_sample
2021-08-21 00:00:00+00:00,0.03545367634425003,4.789442291318618,0.0,in_sample
2021-08-22 00:00:00+00:00,-0.01557463917558486,4.714848455779045,-0.01557463917558477,in_sample
2021-08-23 00:00:00+00:00,0.026157245502843054,4.838175904345558,0.0,in_sample
2021-08-24 00:00:00+00:00,-0.024257211394163255,4.720815248671701,-0.02425721139416326,in_sample
2021-08-25 00:00:00+00:00,0.00753157663243479,4.756370430484639,-0.016908329808232758,in_sample
2021-08-26 00:00:00+00:00,-0.028196315271737743,4.622258310277523,-0.04462789248197896,in_sample
2021-08-27 00:00:00+00:00,0.03913392491287789,4.80314541991985,-0.0072404321625108015,in_sample
2021-08-28 00:00:00+00:00,0.009525028269064578,4.848895515825014,0.0,in_sample
2021-08-29 00:00:00+00:00,-0.0005910026618149429,4.8460298056683,-0.0005910026618148878,in_sample
2021-08-30 00:00:00+00:00,0.0010207622256874064,4.850976449838481,0.0,in_sample
2021-08-31 00:00:00+00:00,-0.034410120449218345,4.684053765903218,-0.03441012044921832,in_sample
2021-09-01 00:00:00+00:00,0.02669520009824676,4.80909551845495,-0.008633505401768216,in_sample
2021-09-02 00:00:00+00:00,0.008310354820799254,4.849060808580426,-0.0003948980742050079,in_sample
2021-09-03 00:00:00+00:00,0.014925170527005512,4.921433868044308,0.0,in_sample
2021-09-04 00:00:00+00:00,0.003534513482235469,4.938828742402841,0.0,in_sample
2021-09-05 00:00:00+00:00,0.01813353084621312,5.0283871457473674,0.0,in_sample
2021-09-06 00:00:00+00:00,0.01527094589593288,5.105175373793879,0.0,in_sample
2021-09-07 00:00:00+00:00,-0.01307384368160653,5.038431108989711,-0.013073843681606578,in_sample
2021-09-08 00:00:00+00:00,0.008619186286089877,5.081858285307723,-0.0045673432896838895,in_sample
2021-09-09 00:00:00+00:00,0.006577824313020177,5.115285856292143,0.0,in_sample
2021-09-10 00:00:00+00:00,0.011934082471669114,5.176332099567296,0.0,in_sample
2021-09-11 00:00:00+00:00,-0.00095,5.171414584072707,-0.0009500000000000064,in_sample
2021-09-12 00:00:00+00:00,0.014196041973375748,5.244828202569931,0.0,in_sample
2021-09-13 00:00:00+00:00,0.0,5.244828202569931,0.0,in_sample
2021-09-14 00:00:00+00:00,0.0,5.244828202569931,0.0,in_sample
2021-09-15 00:00:00+00:00,-0.00095,5.239845615777489,-0.0009500000000000064,in_sample
2021-09-16 00:00:00+00:00,0.0003970523743010893,5.241926108920205,-0.0005533248254545597,in_sample
2021-09-17 00:00:00+00:00,0.0,5.241926108920205,-0.0005533248254545597,in_sample
2021-09-18 00:00:00+00:00,0.0,5.241926108920205,-0.0005533248254545597,in_sample
2021-09-19 00:00:00+00:00,-0.00095,5.23694627911673,-0.00150279916687035,in_sample
2021-09-20 00:00:00+00:00,-0.0532579709906325,4.958037146104031,-0.05468073412306884,in_sample
2021-09-21 00:00:00+00:00,0.0,4.958037146104031,-0.05468073412306884,in_sample
2021-09-22 00:00:00+00:00,0.0,4.958037146104031,-0.05468073412306884,in_sample
2021-09-23 00:00:00+00:00,0.0,4.958037146104031,-0.05468073412306884,in_sample
2021-09-24 00:00:00+00:00,0.0,4.958037146104031,-0.05468073412306884,in_sample
2021-09-25 00:00:00+00:00,0.0,4.958037146104031,-0.05468073412306884,in_sample
2021-09-26 00:00:00+00:00,0.0,4.958037146104031,-0.05468073412306884,in_sample
2021-09-27 00:00:00+00:00,0.0,4.958037146104031,-0.05468073412306884,in_sample
2021-09-28 00:00:00+00:00,0.0,4.958037146104031,-0.05468073412306884,in_sample
2021-09-29 00:00:00+00:00,0.0,4.958037146104031,-0.05468073412306884,in_sample
2021-09-30 00:00:00+00:00,0.0,4.958037146104031,-0.05468073412306884,in_sample
2021-10-01 00:00:00+00:00,0.0,4.958037146104031,-0.05468073412306884,in_sample
2021-10-02 00:00:00+00:00,0.0,4.958037146104031,-0.05468073412306884,in_sample
2021-10-03 00:00:00+00:00,0.0,4.958037146104031,-0.05468073412306884,in_sample
2021-10-04 00:00:00+00:00,0.0,4.958037146104031,-0.05468073412306884,in_sample
2021-10-05 00:00:00+00:00,0.0,4.958037146104031,-0.05468073412306884,in_sample
2021-10-06 00:00:00+00:00,0.0,4.958037146104031,-0.05468073412306884,in_sample
2021-10-07 00:00:00+00:00,0.0,4.958037146104031,-0.05468073412306884,in_sample
2021-10-08 00:00:00+00:00,0.0,4.958037146104031,-0.05468073412306884,in_sample
2021-10-09 00:00:00+00:00,0.0,4.958037146104031,-0.05468073412306884,in_sample
2021-10-10 00:00:00+00:00,0.0,4.958037146104031,-0.05468073412306884,in_sample
2021-10-11 00:00:00+00:00,0.0,4.958037146104031,-0.05468073412306884,in_sample
2021-10-12 00:00:00+00:00,0.0,4.958037146104031,-0.05468073412306884,in_sample
2021-10-13 00:00:00+00:00,0.0,4.958037146104031,-0.05468073412306884,in_sample
2021-10-14 00:00:00+00:00,0.0,4.958037146104031,-0.05468073412306884,in_sample
2021-10-15 00:00:00+00:00,0.0,4.958037146104031,-0.05468073412306884,in_sample
2021-10-16 00:00:00+00:00,0.0,4.958037146104031,-0.05468073412306884,in_sample
2021-10-17 00:00:00+00:00,0.0,4.958037146104031,-0.05468073412306884,in_sample
2021-10-18 00:00:00+00:00,0.0,4.958037146104031,-0.05468073412306884,in_sample
2021-10-19 00:00:00+00:00,0.0,4.958037146104031,-0.05468073412306884,in_sample
2021-10-20 00:00:00+00:00,0.0,4.958037146104031,-0.05468073412306884,in_sample
2021-10-21 00:00:00+00:00,0.0,4.958037146104031,-0.05468073412306884,in_sample
2021-10-22 00:00:00+00:00,0.0,4.958037146104031,-0.05468073412306884,in_sample
2021-10-23 00:00:00+00:00,0.0,4.958037146104031,-0.05468073412306884,in_sample
2021-10-24 00:00:00+00:00,0.0,4.958037146104031,-0.05468073412306884,in_sample
2021-10-25 00:00:00+00:00,0.0,4.958037146104031,-0.05468073412306884,in_sample
2021-10-26 00:00:00+00:00,0.0,4.958037146104031,-0.05468073412306884,in_sample
2021-10-27 00:00:00+00:00,0.0,4.958037146104031,-0.05468073412306884,in_sample
2021-10-28 00:00:00+00:00,0.0,4.958037146104031,-0.05468073412306884,in_sample
2021-10-29 00:00:00+00:00,0.0,4.958037146104031,-0.05468073412306884,in_sample
2021-10-30 00:00:00+00:00,0.0,4.958037146104031,-0.05468073412306884,in_sample
2021-10-31 00:00:00+00:00,0.0,4.958037146104031,-0.05468073412306884,in_sample
2021-11-01 00:00:00+00:00,0.0,4.958037146104031,-0.05468073412306884,in_sample
2021-11-02 00:00:00+00:00,-0.00095,4.953327010815232,-0.05557878742565203,in_sample
2021-11-03 00:00:00+00:00,0.004340812885912815,4.974828476531919,-0.0514792316563798,in_sample
2021-11-04 00:00:00+00:00,-0.0008287265663505957,4.9707057040103795,-0.05226529601584151,in_sample
2021-11-05 00:00:00+00:00,-0.002600323449366476,4.957780261408342,-0.05472971279038985,in_sample
2021-11-06 00:00:00+00:00,0.023051386761853268,5.072063971694348,-0.032939921805432926,in_sample
2021-11-07 00:00:00+00:00,0.0,5.072063971694348,-0.032939921805432926,in_sample
2021-11-08 00:00:00+00:00,-0.00095,5.067245510921238,-0.03385862887971769,in_sample
2021-11-09 00:00:00+00:00,0.0008671119878894129,5.071639380249337,-0.033020876114823405,in_sample
2021-11-10 00:00:00+00:00,-0.01216846653701319,5.009925306162975,-0.04478752922581042,in_sample
2021-11-11 00:00:00+00:00,0.015294076672808563,5.086547487920475,-0.030178436458967117,in_sample
2021-11-12 00:00:00+00:00,0.0,5.086547487920475,-0.030178436458967117,in_sample
2021-11-13 00:00:00+00:00,0.0,5.086547487920475,-0.030178436458967117,in_sample
2021-11-14 00:00:00+00:00,0.0,5.086547487920475,-0.030178436458967117,in_sample
2021-11-15 00:00:00+00:00,0.0,5.086547487920475,-0.030178436458967117,in_sample
2021-11-16 00:00:00+00:00,0.0,5.086547487920475,-0.030178436458967117,in_sample
2021-11-17 00:00:00+00:00,0.0,5.086547487920475,-0.030178436458967117,in_sample
2021-11-18 00:00:00+00:00,0.0,5.086547487920475,-0.030178436458967117,in_sample
2021-11-19 00:00:00+00:00,0.0,5.086547487920475,-0.030178436458967117,in_sample
2021-11-20 00:00:00+00:00,0.0,5.086547487920475,-0.030178436458967117,in_sample
2021-11-21 00:00:00+00:00,0.0,5.086547487920475,-0.030178436458967117,in_sample
2021-11-22 00:00:00+00:00,0.0,5.086547487920475,-0.030178436458967117,in_sample
2021-11-23 00:00:00+00:00,0.0,5.086547487920475,-0.030178436458967117,in_sample
2021-11-24 00:00:00+00:00,0.0,5.086547487920475,-0.030178436458967117,in_sample
2021-11-25 00:00:00+00:00,0.0,5.086547487920475,-0.030178436458967117,in_sample
2021-11-26 00:00:00+00:00,0.0,5.086547487920475,-0.030178436458967117,in_sample
2021-11-27 00:00:00+00:00,0.0,5.086547487920475,-0.030178436458967117,in_sample
2021-11-28 00:00:00+00:00,0.0,5.086547487920475,-0.030178436458967117,in_sample
2021-11-29 00:00:00+00:00,0.0,5.086547487920475,-0.030178436458967117,in_sample
2021-11-30 00:00:00+00:00,0.0,5.086547487920475,-0.030178436458967117,in_sample
2021-12-01 00:00:00+00:00,0.0,5.086547487920475,-0.030178436458967117,in_sample
2021-12-02 00:00:00+00:00,0.0,5.086547487920475,-0.030178436458967117,in_sample
2021-12-03 00:00:00+00:00,0.0,5.086547487920475,-0.030178436458967117,in_sample
2021-12-04 00:00:00+00:00,0.0,5.086547487920475,-0.030178436458967117,in_sample
2021-12-05 00:00:00+00:00,0.0,5.086547487920475,-0.030178436458967117,in_sample
2021-12-06 00:00:00+00:00,0.0,5.086547487920475,-0.030178436458967117,in_sample
2021-12-07 00:00:00+00:00,0.0,5.086547487920475,-0.030178436458967117,in_sample
2021-12-08 00:00:00+00:00,0.0,5.086547487920475,-0.030178436458967117,in_sample
2021-12-09 00:00:00+00:00,0.0,5.086547487920475,-0.030178436458967117,in_sample
2021-12-10 00:00:00+00:00,0.0,5.086547487920475,-0.030178436458967117,in_sample
2021-12-11 00:00:00+00:00,0.0,5.086547487920475,-0.030178436458967117,in_sample
2021-12-12 00:00:00+00:00,0.0,5.086547487920475,-0.030178436458967117,in_sample
2021-12-13 00:00:00+00:00,0.0,5.086547487920475,-0.030178436458967117,in_sample
2021-12-14 00:00:00+00:00,0.0,5.086547487920475,-0.030178436458967117,in_sample
2021-12-15 00:00:00+00:00,0.0,5.086547487920475,-0.030178436458967117,in_sample
2021-12-16 00:00:00+00:00,0.0,5.086547487920475,-0.030178436458967117,in_sample
2021-12-17 00:00:00+00:00,0.0,5.086547487920475,-0.030178436458967117,in_sample
2021-12-18 00:00:00+00:00,0.0,5.086547487920475,-0.030178436458967117,in_sample
2021-12-19 00:00:00+00:00,0.0,5.086547487920475,-0.030178436458967117,in_sample
2021-12-20 00:00:00+00:00,0.0,5.086547487920475,-0.030178436458967117,in_sample
2021-12-21 00:00:00+00:00,0.0,5.086547487920475,-0.030178436458967117,in_sample
2021-12-22 00:00:00+00:00,0.0,5.086547487920475,-0.030178436458967117,in_sample
2021-12-23 00:00:00+00:00,0.0,5.086547487920475,-0.030178436458967117,in_sample
2021-12-24 00:00:00+00:00,0.0,5.086547487920475,-0.030178436458967117,in_sample
2021-12-25 00:00:00+00:00,0.0,5.086547487920475,-0.030178436458967117,in_sample
2021-12-26 00:00:00+00:00,0.0,5.086547487920475,-0.030178436458967117,in_sample
2021-12-27 00:00:00+00:00,0.0,5.086547487920475,-0.030178436458967117,in_sample
2021-12-28 00:00:00+00:00,0.0,5.086547487920475,-0.030178436458967117,in_sample
2021-12-29 00:00:00+00:00,0.0,5.086547487920475,-0.030178436458967117,in_sample
2021-12-30 00:00:00+00:00,0.0,5.086547487920475,-0.030178436458967117,in_sample
2021-12-31 00:00:00+00:00,0.0,5.086547487920475,-0.030178436458967117,in_sample
2022-01-01 00:00:00+00:00,0.0,5.086547487920475,-0.030178436458967117,in_sample
2022-01-02 00:00:00+00:00,0.0,5.086547487920475,-0.030178436458967117,in_sample
2022-01-03 00:00:00+00:00,0.0,5.086547487920475,-0.030178436458967117,in_sample
2022-01-04 00:00:00+00:00,0.0,5.086547487920475,-0.030178436458967117,in_sample
2022-01-05 00:00:00+00:00,0.0,5.086547487920475,-0.030178436458967117,in_sample
2022-01-06 00:00:00+00:00,0.0,5.086547487920475,-0.030178436458967117,in_sample
2022-01-07 00:00:00+00:00,0.0,5.086547487920475,-0.030178436458967117,in_sample
2022-01-08 00:00:00+00:00,0.0,5.086547487920475,-0.030178436458967117,in_sample
2022-01-09 00:00:00+00:00,0.0,5.086547487920475,-0.030178436458967117,in_sample
2022-01-10 00:00:00+00:00,0.0,5.086547487920475,-0.030178436458967117,in_sample
2022-01-11 00:00:00+00:00,0.0,5.086547487920475,-0.030178436458967117,in_sample
2022-01-12 00:00:00+00:00,0.0,5.086547487920475,-0.030178436458967117,in_sample
2022-01-13 00:00:00+00:00,0.0,5.086547487920475,-0.030178436458967117,in_sample
2022-01-14 00:00:00+00:00,0.0,5.086547487920475,-0.030178436458967117,in_sample
2022-01-15 00:00:00+00:00,0.0,5.086547487920475,-0.030178436458967117,in_sample
2022-01-16 00:00:00+00:00,0.0,5.086547487920475,-0.030178436458967117,in_sample
2022-01-17 00:00:00+00:00,0.0,5.086547487920475,-0.030178436458967117,in_sample
2022-01-18 00:00:00+00:00,0.0,5.086547487920475,-0.030178436458967117,in_sample
2022-01-19 00:00:00+00:00,0.0,5.086547487920475,-0.030178436458967117,in_sample
2022-01-20 00:00:00+00:00,0.0,5.086547487920475,-0.030178436458967117,in_sample
2022-01-21 00:00:00+00:00,0.0,5.086547487920475,-0.030178436458967117,in_sample
2022-01-22 00:00:00+00:00,0.0,5.086547487920475,-0.030178436458967117,in_sample
2022-01-23 00:00:00+00:00,0.0,5.086547487920475,-0.030178436458967117,in_sample
2022-01-24 00:00:00+00:00,0.0,5.086547487920475,-0.030178436458967117,in_sample
2022-01-25 00:00:00+00:00,0.0,5.086547487920475,-0.030178436458967117,in_sample
2022-01-26 00:00:00+00:00,0.0,5.086547487920475,-0.030178436458967117,in_sample
2022-01-27 00:00:00+00:00,0.0,5.086547487920475,-0.030178436458967117,in_sample
2022-01-28 00:00:00+00:00,0.0,5.086547487920475,-0.030178436458967117,in_sample
2022-01-29 00:00:00+00:00,0.0,5.086547487920475,-0.030178436458967117,in_sample
2022-01-30 00:00:00+00:00,0.0,5.086547487920475,-0.030178436458967117,in_sample
2022-01-31 00:00:00+00:00,0.0,5.086547487920475,-0.030178436458967117,in_sample
2022-02-01 00:00:00+00:00,0.0,5.086547487920475,-0.030178436458967117,in_sample
2022-02-02 00:00:00+00:00,0.0,5.086547487920475,-0.030178436458967117,in_sample
2022-02-03 00:00:00+00:00,0.0,5.086547487920475,-0.030178436458967117,in_sample
2022-02-04 00:00:00+00:00,0.0,5.086547487920475,-0.030178436458967117,in_sample
2022-02-05 00:00:00+00:00,0.0,5.086547487920475,-0.030178436458967117,in_sample
2022-02-06 00:00:00+00:00,0.0,5.086547487920475,-0.030178436458967117,in_sample
2022-02-07 00:00:00+00:00,0.0,5.086547487920475,-0.030178436458967117,in_sample
2022-02-08 00:00:00+00:00,0.0,5.086547487920475,-0.030178436458967117,in_sample
2022-02-09 00:00:00+00:00,0.0,5.086547487920475,-0.030178436458967117,in_sample
2022-02-10 00:00:00+00:00,0.0,5.086547487920475,-0.030178436458967117,in_sample
2022-02-11 00:00:00+00:00,0.0,5.086547487920475,-0.030178436458967117,in_sample
2022-02-12 00:00:00+00:00,0.0,5.086547487920475,-0.030178436458967117,in_sample
2022-02-13 00:00:00+00:00,0.0,5.086547487920475,-0.030178436458967117,in_sample
2022-02-14 00:00:00+00:00,0.0,5.086547487920475,-0.030178436458967117,in_sample
2022-02-15 00:00:00+00:00,0.0,5.086547487920475,-0.030178436458967117,in_sample
2022-02-16 00:00:00+00:00,0.0,5.086547487920475,-0.030178436458967117,in_sample
2022-02-17 00:00:00+00:00,0.0,5.086547487920475,-0.030178436458967117,in_sample
2022-02-18 00:00:00+00:00,0.0,5.086547487920475,-0.030178436458967117,in_sample
2022-02-19 00:00:00+00:00,0.0,5.086547487920475,-0.030178436458967117,in_sample
2022-02-20 00:00:00+00:00,0.0,5.086547487920475,-0.030178436458967117,in_sample
2022-02-21 00:00:00+00:00,0.0,5.086547487920475,-0.030178436458967117,in_sample
2022-02-22 00:00:00+00:00,0.0,5.086547487920475,-0.030178436458967117,in_sample
2022-02-23 00:00:00+00:00,0.0,5.086547487920475,-0.030178436458967117,in_sample
2022-02-24 00:00:00+00:00,0.0,5.086547487920475,-0.030178436458967117,in_sample
2022-02-25 00:00:00+00:00,0.0,5.086547487920475,-0.030178436458967117,in_sample
2022-02-26 00:00:00+00:00,0.0,5.086547487920475,-0.030178436458967117,in_sample
2022-02-27 00:00:00+00:00,0.0,5.086547487920475,-0.030178436458967117,in_sample
2022-02-28 00:00:00+00:00,0.0,5.086547487920475,-0.030178436458967117,in_sample
2022-03-01 00:00:00+00:00,0.0,5.086547487920475,-0.030178436458967117,in_sample
2022-03-02 00:00:00+00:00,0.0,5.086547487920475,-0.030178436458967117,in_sample
2022-03-03 00:00:00+00:00,0.0,5.086547487920475,-0.030178436458967117,in_sample
2022-03-04 00:00:00+00:00,0.0,5.086547487920475,-0.030178436458967117,in_sample
2022-03-05 00:00:00+00:00,0.0,5.086547487920475,-0.030178436458967117,in_sample
2022-03-06 00:00:00+00:00,0.0,5.086547487920475,-0.030178436458967117,in_sample
2022-03-07 00:00:00+00:00,0.0,5.086547487920475,-0.030178436458967117,in_sample
2022-03-08 00:00:00+00:00,0.0,5.086547487920475,-0.030178436458967117,in_sample
2022-03-09 00:00:00+00:00,0.0,5.086547487920475,-0.030178436458967117,in_sample
2022-03-10 00:00:00+00:00,0.0,5.086547487920475,-0.030178436458967117,in_sample
2022-03-11 00:00:00+00:00,0.0,5.086547487920475,-0.030178436458967117,in_sample
2022-03-12 00:00:00+00:00,0.0,5.086547487920475,-0.030178436458967117,in_sample
2022-03-13 00:00:00+00:00,0.0,5.086547487920475,-0.030178436458967117,in_sample
2022-03-14 00:00:00+00:00,0.0,5.086547487920475,-0.030178436458967117,in_sample
2022-03-15 00:00:00+00:00,0.0,5.086547487920475,-0.030178436458967117,in_sample
2022-03-16 00:00:00+00:00,0.0,5.086547487920475,-0.030178436458967117,in_sample
2022-03-17 00:00:00+00:00,0.0,5.086547487920475,-0.030178436458967117,in_sample
2022-03-18 00:00:00+00:00,0.0,5.086547487920475,-0.030178436458967117,in_sample
2022-03-19 00:00:00+00:00,0.0,5.086547487920475,-0.030178436458967117,in_sample
2022-03-20 00:00:00+00:00,0.0,5.086547487920475,-0.030178436458967117,in_sample
2022-03-21 00:00:00+00:00,0.0,5.086547487920475,-0.030178436458967117,in_sample
2022-03-22 00:00:00+00:00,0.0,5.086547487920475,-0.030178436458967117,in_sample
2022-03-23 00:00:00+00:00,0.0,5.086547487920475,-0.030178436458967117,in_sample
2022-03-24 00:00:00+00:00,0.0,5.086547487920475,-0.030178436458967117,in_sample
2022-03-25 00:00:00+00:00,0.0,5.086547487920475,-0.030178436458967117,in_sample
2022-03-26 00:00:00+00:00,0.0,5.086547487920475,-0.030178436458967117,in_sample
2022-03-27 00:00:00+00:00,0.0,5.086547487920475,-0.030178436458967117,in_sample
2022-03-28 00:00:00+00:00,0.0,5.086547487920475,-0.030178436458967117,in_sample
2022-03-29 00:00:00+00:00,0.0,5.086547487920475,-0.030178436458967117,in_sample
2022-03-30 00:00:00+00:00,0.0,5.086547487920475,-0.030178436458967117,in_sample
2022-03-31 00:00:00+00:00,0.0,5.086547487920475,-0.030178436458967117,in_sample
2022-04-01 00:00:00+00:00,0.0,5.086547487920475,-0.030178436458967117,in_sample
2022-04-02 00:00:00+00:00,-0.00095,5.081715267806951,-0.031099766944331142,in_sample
2022-04-03 00:00:00+00:00,0.01095999320029016,5.137410832587926,-0.020480626978281458,in_sample
2022-04-04 00:00:00+00:00,-0.001248722857206513,5.130995630254413,-0.021703775208450238,in_sample
2022-04-05 00:00:00+00:00,-0.0036264594878436486,5.112388282468992,-0.02525152683476717,in_sample
2022-04-06 00:00:00+00:00,-0.028988795354261125,4.964186304776976,-0.053508310845232665,in_sample
2022-04-07 00:00:00+00:00,0.02084694991832042,5.067674448057874,-0.03377684600331676,in_sample
2022-04-08 00:00:00+00:00,0.0,5.067674448057874,-0.03377684600331676,in_sample
2022-04-09 00:00:00+00:00,0.0,5.067674448057874,-0.03377684600331676,in_sample
2022-04-10 00:00:00+00:00,0.0,5.067674448057874,-0.03377684600331676,in_sample
2022-04-11 00:00:00+00:00,0.0,5.067674448057874,-0.03377684600331676,in_sample
2022-04-12 00:00:00+00:00,0.0,5.067674448057874,-0.03377684600331676,in_sample
2022-04-13 00:00:00+00:00,0.0,5.067674448057874,-0.03377684600331676,in_sample
2022-04-14 00:00:00+00:00,0.0,5.067674448057874,-0.03377684600331676,in_sample
2022-04-15 00:00:00+00:00,0.0,5.067674448057874,-0.03377684600331676,in_sample
2022-04-16 00:00:00+00:00,0.0,5.067674448057874,-0.03377684600331676,in_sample
2022-04-17 00:00:00+00:00,0.0,5.067674448057874,-0.03377684600331676,in_sample
2022-04-18 00:00:00+00:00,0.0,5.067674448057874,-0.03377684600331676,in_sample
2022-04-19 00:00:00+00:00,0.0,5.067674448057874,-0.03377684600331676,in_sample
2022-04-20 00:00:00+00:00,0.0,5.067674448057874,-0.03377684600331676,in_sample
2022-04-21 00:00:00+00:00,0.0,5.067674448057874,-0.03377684600331676,in_sample
2022-04-22 00:00:00+00:00,0.0,5.067674448057874,-0.03377684600331676,in_sample
2022-04-23 00:00:00+00:00,0.0,5.067674448057874,-0.03377684600331676,in_sample
2022-04-24 00:00:00+00:00,0.0,5.067674448057874,-0.03377684600331676,in_sample
2022-04-25 00:00:00+00:00,0.0,5.067674448057874,-0.03377684600331676,in_sample
2022-04-26 00:00:00+00:00,0.0,5.067674448057874,-0.03377684600331676,in_sample
2022-04-27 00:00:00+00:00,0.0,5.067674448057874,-0.03377684600331676,in_sample
2022-04-28 00:00:00+00:00,0.0,5.067674448057874,-0.03377684600331676,in_sample
2022-04-29 00:00:00+00:00,0.0,5.067674448057874,-0.03377684600331676,in_sample
2022-04-30 00:00:00+00:00,0.0,5.067674448057874,-0.03377684600331676,in_sample
2022-05-01 00:00:00+00:00,0.0,5.067674448057874,-0.03377684600331676,in_sample
2022-05-02 00:00:00+00:00,0.0,5.067674448057874,-0.03377684600331676,in_sample
2022-05-03 00:00:00+00:00,0.0,5.067674448057874,-0.03377684600331676,in_sample
2022-05-04 00:00:00+00:00,0.0,5.067674448057874,-0.03377684600331676,in_sample
2022-05-05 00:00:00+00:00,0.0,5.067674448057874,-0.03377684600331676,in_sample
2022-05-06 00:00:00+00:00,0.0,5.067674448057874,-0.03377684600331676,in_sample
2022-05-07 00:00:00+00:00,0.0,5.067674448057874,-0.03377684600331676,in_sample
2022-05-08 00:00:00+00:00,0.0,5.067674448057874,-0.03377684600331676,in_sample
2022-05-09 00:00:00+00:00,0.0,5.067674448057874,-0.03377684600331676,in_sample
2022-05-10 00:00:00+00:00,0.0,5.067674448057874,-0.03377684600331676,in_sample
2022-05-11 00:00:00+00:00,0.0,5.067674448057874,-0.03377684600331676,in_sample
2022-05-12 00:00:00+00:00,0.0,5.067674448057874,-0.03377684600331676,in_sample
2022-05-13 00:00:00+00:00,0.0,5.067674448057874,-0.03377684600331676,in_sample
2022-05-14 00:00:00+00:00,0.0,5.067674448057874,-0.03377684600331676,in_sample
2022-05-15 00:00:00+00:00,0.0,5.067674448057874,-0.03377684600331676,in_sample
2022-05-16 00:00:00+00:00,0.0,5.067674448057874,-0.03377684600331676,in_sample
2022-05-17 00:00:00+00:00,0.0,5.067674448057874,-0.03377684600331676,in_sample
2022-05-18 00:00:00+00:00,0.0,5.067674448057874,-0.03377684600331676,in_sample
2022-05-19 00:00:00+00:00,0.0,5.067674448057874,-0.03377684600331676,in_sample
2022-05-20 00:00:00+00:00,0.0,5.067674448057874,-0.03377684600331676,in_sample
2022-05-21 00:00:00+00:00,0.0,5.067674448057874,-0.03377684600331676,in_sample
2022-05-22 00:00:00+00:00,0.0,5.067674448057874,-0.03377684600331676,in_sample
2022-05-23 00:00:00+00:00,0.0,5.067674448057874,-0.03377684600331676,in_sample
2022-05-24 00:00:00+00:00,0.0,5.067674448057874,-0.03377684600331676,in_sample
2022-05-25 00:00:00+00:00,0.0,5.067674448057874,-0.03377684600331676,in_sample
2022-05-26 00:00:00+00:00,0.0,5.067674448057874,-0.03377684600331676,in_sample
2022-05-27 00:00:00+00:00,0.0,5.067674448057874,-0.03377684600331676,in_sample
2022-05-28 00:00:00+00:00,0.0,5.067674448057874,-0.03377684600331676,in_sample
2022-05-29 00:00:00+00:00,0.0,5.067674448057874,-0.03377684600331676,in_sample
2022-05-30 00:00:00+00:00,0.0,5.067674448057874,-0.03377684600331676,in_sample
2022-05-31 00:00:00+00:00,0.0,5.067674448057874,-0.03377684600331676,in_sample
2022-06-01 00:00:00+00:00,0.0,5.067674448057874,-0.03377684600331676,in_sample
2022-06-02 00:00:00+00:00,0.0,5.067674448057874,-0.03377684600331676,in_sample
2022-06-03 00:00:00+00:00,0.0,5.067674448057874,-0.03377684600331676,in_sample
2022-06-04 00:00:00+00:00,0.0,5.067674448057874,-0.03377684600331676,in_sample
2022-06-05 00:00:00+00:00,0.0,5.067674448057874,-0.03377684600331676,in_sample
2022-06-06 00:00:00+00:00,0.0,5.067674448057874,-0.03377684600331676,in_sample
2022-06-07 00:00:00+00:00,0.0,5.067674448057874,-0.03377684600331676,in_sample
2022-06-08 00:00:00+00:00,0.0,5.067674448057874,-0.03377684600331676,in_sample
2022-06-09 00:00:00+00:00,0.0,5.067674448057874,-0.03377684600331676,in_sample
2022-06-10 00:00:00+00:00,0.0,5.067674448057874,-0.03377684600331676,in_sample
2022-06-11 00:00:00+00:00,0.0,5.067674448057874,-0.03377684600331676,in_sample
2022-06-12 00:00:00+00:00,0.0,5.067674448057874,-0.03377684600331676,in_sample
2022-06-13 00:00:00+00:00,0.0,5.067674448057874,-0.03377684600331676,in_sample
2022-06-14 00:00:00+00:00,0.0,5.067674448057874,-0.03377684600331676,in_sample
2022-06-15 00:00:00+00:00,0.0,5.067674448057874,-0.03377684600331676,in_sample
2022-06-16 00:00:00+00:00,0.0,5.067674448057874,-0.03377684600331676,in_sample
2022-06-17 00:00:00+00:00,0.0,5.067674448057874,-0.03377684600331676,in_sample
2022-06-18 00:00:00+00:00,0.0,5.067674448057874,-0.03377684600331676,in_sample
2022-06-19 00:00:00+00:00,0.0,5.067674448057874,-0.03377684600331676,in_sample
2022-06-20 00:00:00+00:00,0.0,5.067674448057874,-0.03377684600331676,in_sample
2022-06-21 00:00:00+00:00,0.0,5.067674448057874,-0.03377684600331676,in_sample
2022-06-22 00:00:00+00:00,0.0,5.067674448057874,-0.03377684600331676,in_sample
2022-06-23 00:00:00+00:00,0.0,5.067674448057874,-0.03377684600331676,in_sample
2022-06-24 00:00:00+00:00,0.0,5.067674448057874,-0.03377684600331676,in_sample
2022-06-25 00:00:00+00:00,0.0,5.067674448057874,-0.03377684600331676,in_sample
2022-06-26 00:00:00+00:00,0.0,5.067674448057874,-0.03377684600331676,in_sample
2022-06-27 00:00:00+00:00,0.0,5.067674448057874,-0.03377684600331676,in_sample
2022-06-28 00:00:00+00:00,0.0,5.067674448057874,-0.03377684600331676,in_sample
2022-06-29 00:00:00+00:00,0.0,5.067674448057874,-0.03377684600331676,in_sample
2022-06-30 00:00:00+00:00,0.0,5.067674448057874,-0.03377684600331676,in_sample
2022-07-01 00:00:00+00:00,0.0,5.067674448057874,-0.03377684600331676,in_sample
2022-07-02 00:00:00+00:00,0.0,5.067674448057874,-0.03377684600331676,in_sample
2022-07-03 00:00:00+00:00,0.0,5.067674448057874,-0.03377684600331676,in_sample
2022-07-04 00:00:00+00:00,0.0,5.067674448057874,-0.03377684600331676,in_sample
2022-07-05 00:00:00+00:00,0.0,5.067674448057874,-0.03377684600331676,in_sample
2022-07-06 00:00:00+00:00,0.0,5.067674448057874,-0.03377684600331676,in_sample
2022-07-07 00:00:00+00:00,0.0,5.067674448057874,-0.03377684600331676,in_sample
2022-07-08 00:00:00+00:00,0.0,5.067674448057874,-0.03377684600331676,in_sample
2022-07-09 00:00:00+00:00,0.0,5.067674448057874,-0.03377684600331676,in_sample
2022-07-10 00:00:00+00:00,0.0,5.067674448057874,-0.03377684600331676,in_sample
2022-07-11 00:00:00+00:00,0.0,5.067674448057874,-0.03377684600331676,in_sample
2022-07-12 00:00:00+00:00,0.0,5.067674448057874,-0.03377684600331676,in_sample
2022-07-13 00:00:00+00:00,0.0,5.067674448057874,-0.03377684600331676,in_sample
2022-07-14 00:00:00+00:00,0.0,5.067674448057874,-0.03377684600331676,in_sample
2022-07-15 00:00:00+00:00,0.0,5.067674448057874,-0.03377684600331676,in_sample
2022-07-16 00:00:00+00:00,0.0,5.067674448057874,-0.03377684600331676,in_sample
2022-07-17 00:00:00+00:00,0.0,5.067674448057874,-0.03377684600331676,in_sample
2022-07-18 00:00:00+00:00,0.0,5.067674448057874,-0.03377684600331676,in_sample
2022-07-19 00:00:00+00:00,0.0,5.067674448057874,-0.03377684600331676,in_sample
2022-07-20 00:00:00+00:00,0.0,5.067674448057874,-0.03377684600331676,in_sample
2022-07-21 00:00:00+00:00,0.0,5.067674448057874,-0.03377684600331676,in_sample
2022-07-22 00:00:00+00:00,0.0,5.067674448057874,-0.03377684600331676,in_sample
2022-07-23 00:00:00+00:00,0.0,5.067674448057874,-0.03377684600331676,in_sample
2022-07-24 00:00:00+00:00,0.0,5.067674448057874,-0.03377684600331676,in_sample
2022-07-25 00:00:00+00:00,0.0,5.067674448057874,-0.03377684600331676,in_sample
2022-07-26 00:00:00+00:00,0.0,5.067674448057874,-0.03377684600331676,in_sample
2022-07-27 00:00:00+00:00,0.0,5.067674448057874,-0.03377684600331676,in_sample
2022-07-28 00:00:00+00:00,0.0,5.067674448057874,-0.03377684600331676,in_sample
2022-07-29 00:00:00+00:00,0.0,5.067674448057874,-0.03377684600331676,in_sample
2022-07-30 00:00:00+00:00,0.0,5.067674448057874,-0.03377684600331676,in_sample
2022-07-31 00:00:00+00:00,0.0,5.067674448057874,-0.03377684600331676,in_sample
2022-08-01 00:00:00+00:00,0.0,5.067674448057874,-0.03377684600331676,in_sample
2022-08-02 00:00:00+00:00,0.0,5.067674448057874,-0.03377684600331676,in_sample
2022-08-03 00:00:00+00:00,0.0,5.067674448057874,-0.03377684600331676,in_sample
2022-08-04 00:00:00+00:00,0.0,5.067674448057874,-0.03377684600331676,in_sample
2022-08-05 00:00:00+00:00,0.0,5.067674448057874,-0.03377684600331676,in_sample
2022-08-06 00:00:00+00:00,0.0,5.067674448057874,-0.03377684600331676,in_sample
2022-08-07 00:00:00+00:00,0.0,5.067674448057874,-0.03377684600331676,in_sample
2022-08-08 00:00:00+00:00,0.0,5.067674448057874,-0.03377684600331676,in_sample
2022-08-09 00:00:00+00:00,0.0,5.067674448057874,-0.03377684600331676,in_sample
2022-08-10 00:00:00+00:00,0.0,5.067674448057874,-0.03377684600331676,in_sample
2022-08-11 00:00:00+00:00,0.0,5.067674448057874,-0.03377684600331676,in_sample
2022-08-12 00:00:00+00:00,0.0,5.067674448057874,-0.03377684600331676,in_sample
2022-08-13 00:00:00+00:00,0.0,5.067674448057874,-0.03377684600331676,in_sample
2022-08-14 00:00:00+00:00,-0.00095,5.062860157332219,-0.034694757999613524,in_sample
2022-08-15 00:00:00+00:00,-0.011723439491553758,5.003506022623537,-0.04601145559508468,in_sample
2022-08-16 00:00:00+00:00,0.004629709312286456,5.0266708010505585,-0.04159476594723854,in_sample
2022-08-17 00:00:00+00:00,-0.012652211371473916,4.963072299580851,-0.053720711548000954,in_sample
2022-08-18 00:00:00+00:00,-0.01335963161041661,4.896767482002588,-0.06636265424228682,in_sample
2022-08-19 00:00:00+00:00,-0.034931956103710714,4.725713815271195,-0.09897643302108028,in_sample
2022-08-20 00:00:00+00:00,0.0,4.725713815271195,-0.09897643302108028,in_sample
2022-08-21 00:00:00+00:00,0.0,4.725713815271195,-0.09897643302108028,in_sample
2022-08-22 00:00:00+00:00,0.0,4.725713815271195,-0.09897643302108028,in_sample
2022-08-23 00:00:00+00:00,0.0,4.725713815271195,-0.09897643302108028,in_sample
2022-08-24 00:00:00+00:00,0.0,4.725713815271195,-0.09897643302108028,in_sample
2022-08-25 00:00:00+00:00,0.0,4.725713815271195,-0.09897643302108028,in_sample
2022-08-26 00:00:00+00:00,0.0,4.725713815271195,-0.09897643302108028,in_sample
2022-08-27 00:00:00+00:00,0.0,4.725713815271195,-0.09897643302108028,in_sample
2022-08-28 00:00:00+00:00,0.0,4.725713815271195,-0.09897643302108028,in_sample
2022-08-29 00:00:00+00:00,0.0,4.725713815271195,-0.09897643302108028,in_sample
2022-08-30 00:00:00+00:00,0.0,4.725713815271195,-0.09897643302108028,in_sample
2022-08-31 00:00:00+00:00,0.0,4.725713815271195,-0.09897643302108028,in_sample
2022-09-01 00:00:00+00:00,0.0,4.725713815271195,-0.09897643302108028,in_sample
2022-09-02 00:00:00+00:00,0.0,4.725713815271195,-0.09897643302108028,in_sample
2022-09-03 00:00:00+00:00,0.0,4.725713815271195,-0.09897643302108028,in_sample
2022-09-04 00:00:00+00:00,0.0,4.725713815271195,-0.09897643302108028,in_sample
2022-09-05 00:00:00+00:00,0.0,4.725713815271195,-0.09897643302108028,in_sample
2022-09-06 00:00:00+00:00,0.0,4.725713815271195,-0.09897643302108028,in_sample
2022-09-07 00:00:00+00:00,0.0,4.725713815271195,-0.09897643302108028,in_sample
2022-09-08 00:00:00+00:00,0.0,4.725713815271195,-0.09897643302108028,in_sample
2022-09-09 00:00:00+00:00,0.0,4.725713815271195,-0.09897643302108028,in_sample
2022-09-10 00:00:00+00:00,0.0,4.725713815271195,-0.09897643302108028,in_sample
2022-09-11 00:00:00+00:00,0.0,4.725713815271195,-0.09897643302108028,in_sample
2022-09-12 00:00:00+00:00,0.0,4.725713815271195,-0.09897643302108028,in_sample
2022-09-13 00:00:00+00:00,0.0,4.725713815271195,-0.09897643302108028,in_sample
2022-09-14 00:00:00+00:00,0.0,4.725713815271195,-0.09897643302108028,in_sample
2022-09-15 00:00:00+00:00,0.0,4.725713815271195,-0.09897643302108028,in_sample
2022-09-16 00:00:00+00:00,0.0,4.725713815271195,-0.09897643302108028,in_sample
2022-09-17 00:00:00+00:00,0.0,4.725713815271195,-0.09897643302108028,in_sample
2022-09-18 00:00:00+00:00,0.0,4.725713815271195,-0.09897643302108028,in_sample
2022-09-19 00:00:00+00:00,0.0,4.725713815271195,-0.09897643302108028,in_sample
2022-09-20 00:00:00+00:00,0.0,4.725713815271195,-0.09897643302108028,in_sample
2022-09-21 00:00:00+00:00,0.0,4.725713815271195,-0.09897643302108028,in_sample
2022-09-22 00:00:00+00:00,0.0,4.725713815271195,-0.09897643302108028,in_sample
2022-09-23 00:00:00+00:00,0.0,4.725713815271195,-0.09897643302108028,in_sample
2022-09-24 00:00:00+00:00,0.0,4.725713815271195,-0.09897643302108028,in_sample
2022-09-25 00:00:00+00:00,0.0,4.725713815271195,-0.09897643302108028,in_sample
2022-09-26 00:00:00+00:00,0.0,4.725713815271195,-0.09897643302108028,in_sample
2022-09-27 00:00:00+00:00,0.0,4.725713815271195,-0.09897643302108028,in_sample
2022-09-28 00:00:00+00:00,0.0,4.725713815271195,-0.09897643302108028,in_sample
2022-09-29 00:00:00+00:00,0.0,4.725713815271195,-0.09897643302108028,in_sample
2022-09-30 00:00:00+00:00,0.0,4.725713815271195,-0.09897643302108028,in_sample
2022-10-01 00:00:00+00:00,0.0,4.725713815271195,-0.09897643302108028,in_sample
2022-10-02 00:00:00+00:00,0.0,4.725713815271195,-0.09897643302108028,in_sample
2022-10-03 00:00:00+00:00,0.0,4.725713815271195,-0.09897643302108028,in_sample
2022-10-04 00:00:00+00:00,0.0,4.725713815271195,-0.09897643302108028,in_sample
2022-10-05 00:00:00+00:00,0.0,4.725713815271195,-0.09897643302108028,in_sample
2022-10-06 00:00:00+00:00,0.0,4.725713815271195,-0.09897643302108028,in_sample
2022-10-07 00:00:00+00:00,0.0,4.725713815271195,-0.09897643302108028,in_sample
2022-10-08 00:00:00+00:00,0.0,4.725713815271195,-0.09897643302108028,in_sample
2022-10-09 00:00:00+00:00,0.0,4.725713815271195,-0.09897643302108028,in_sample
2022-10-10 00:00:00+00:00,0.0,4.725713815271195,-0.09897643302108028,in_sample
2022-10-11 00:00:00+00:00,0.0,4.725713815271195,-0.09897643302108028,in_sample
2022-10-12 00:00:00+00:00,0.0,4.725713815271195,-0.09897643302108028,in_sample
2022-10-13 00:00:00+00:00,0.0,4.725713815271195,-0.09897643302108028,in_sample
2022-10-14 00:00:00+00:00,0.0,4.725713815271195,-0.09897643302108028,in_sample
2022-10-15 00:00:00+00:00,0.0,4.725713815271195,-0.09897643302108028,in_sample
2022-10-16 00:00:00+00:00,0.0,4.725713815271195,-0.09897643302108028,in_sample
2022-10-17 00:00:00+00:00,0.0,4.725713815271195,-0.09897643302108028,in_sample
2022-10-18 00:00:00+00:00,0.0,4.725713815271195,-0.09897643302108028,in_sample
2022-10-19 00:00:00+00:00,0.0,4.725713815271195,-0.09897643302108028,in_sample
2022-10-20 00:00:00+00:00,0.0,4.725713815271195,-0.09897643302108028,in_sample
2022-10-21 00:00:00+00:00,0.0,4.725713815271195,-0.09897643302108028,in_sample
2022-10-22 00:00:00+00:00,0.0,4.725713815271195,-0.09897643302108028,in_sample
2022-10-23 00:00:00+00:00,0.0,4.725713815271195,-0.09897643302108028,in_sample
2022-10-24 00:00:00+00:00,0.0,4.725713815271195,-0.09897643302108028,in_sample
2022-10-25 00:00:00+00:00,0.0,4.725713815271195,-0.09897643302108028,in_sample
2022-10-26 00:00:00+00:00,0.0,4.725713815271195,-0.09897643302108028,in_sample
2022-10-27 00:00:00+00:00,0.0,4.725713815271195,-0.09897643302108028,in_sample
2022-10-28 00:00:00+00:00,0.0,4.725713815271195,-0.09897643302108028,in_sample
2022-10-29 00:00:00+00:00,0.0,4.725713815271195,-0.09897643302108028,in_sample
2022-10-30 00:00:00+00:00,0.0,4.725713815271195,-0.09897643302108028,in_sample
2022-10-31 00:00:00+00:00,0.0,4.725713815271195,-0.09897643302108028,in_sample
2022-11-01 00:00:00+00:00,0.0,4.725713815271195,-0.09897643302108028,in_sample
2022-11-02 00:00:00+00:00,0.0,4.725713815271195,-0.09897643302108028,in_sample
2022-11-03 00:00:00+00:00,0.0,4.725713815271195,-0.09897643302108028,in_sample
2022-11-04 00:00:00+00:00,0.0,4.725713815271195,-0.09897643302108028,in_sample
2022-11-05 00:00:00+00:00,-0.00095,4.7212243871466875,-0.09983240540971028,in_sample
2022-11-06 00:00:00+00:00,-0.023979277093356434,4.608012839347385,-0.12141777359085093,in_sample
2022-11-07 00:00:00+00:00,-0.005467762460755382,4.582817319725723,-0.12622165250709771,in_sample
2022-11-08 00:00:00+00:00,0.0,4.582817319725723,-0.12622165250709771,in_sample
2022-11-09 00:00:00+00:00,0.0,4.582817319725723,-0.12622165250709771,in_sample
2022-11-10 00:00:00+00:00,0.0,4.582817319725723,-0.12622165250709771,in_sample
2022-11-11 00:00:00+00:00,0.0,4.582817319725723,-0.12622165250709771,in_sample
2022-11-12 00:00:00+00:00,0.0,4.582817319725723,-0.12622165250709771,in_sample
2022-11-13 00:00:00+00:00,0.0,4.582817319725723,-0.12622165250709771,in_sample
2022-11-14 00:00:00+00:00,0.0,4.582817319725723,-0.12622165250709771,in_sample
2022-11-15 00:00:00+00:00,0.0,4.582817319725723,-0.12622165250709771,in_sample
2022-11-16 00:00:00+00:00,0.0,4.582817319725723,-0.12622165250709771,in_sample
2022-11-17 00:00:00+00:00,0.0,4.582817319725723,-0.12622165250709771,in_sample
2022-11-18 00:00:00+00:00,0.0,4.582817319725723,-0.12622165250709771,in_sample
2022-11-19 00:00:00+00:00,0.0,4.582817319725723,-0.12622165250709771,in_sample
2022-11-20 00:00:00+00:00,0.0,4.582817319725723,-0.12622165250709771,in_sample
2022-11-21 00:00:00+00:00,0.0,4.582817319725723,-0.12622165250709771,in_sample
2022-11-22 00:00:00+00:00,0.0,4.582817319725723,-0.12622165250709771,in_sample
2022-11-23 00:00:00+00:00,0.0,4.582817319725723,-0.12622165250709771,in_sample
2022-11-24 00:00:00+00:00,0.0,4.582817319725723,-0.12622165250709771,in_sample
2022-11-25 00:00:00+00:00,0.0,4.582817319725723,-0.12622165250709771,in_sample
2022-11-26 00:00:00+00:00,0.0,4.582817319725723,-0.12622165250709771,in_sample
2022-11-27 00:00:00+00:00,0.0,4.582817319725723,-0.12622165250709771,in_sample
2022-11-28 00:00:00+00:00,0.0,4.582817319725723,-0.12622165250709771,in_sample
2022-11-29 00:00:00+00:00,0.0,4.582817319725723,-0.12622165250709771,in_sample
2022-11-30 00:00:00+00:00,0.0,4.582817319725723,-0.12622165250709771,in_sample
2022-12-01 00:00:00+00:00,0.0,4.582817319725723,-0.12622165250709771,in_sample
2022-12-02 00:00:00+00:00,0.0,4.582817319725723,-0.12622165250709771,in_sample
2022-12-03 00:00:00+00:00,0.0,4.582817319725723,-0.12622165250709771,in_sample
2022-12-04 00:00:00+00:00,0.0,4.582817319725723,-0.12622165250709771,in_sample
2022-12-05 00:00:00+00:00,0.0,4.582817319725723,-0.12622165250709771,in_sample
2022-12-06 00:00:00+00:00,0.0,4.582817319725723,-0.12622165250709771,in_sample
2022-12-07 00:00:00+00:00,0.0,4.582817319725723,-0.12622165250709771,in_sample
2022-12-08 00:00:00+00:00,0.0,4.582817319725723,-0.12622165250709771,in_sample
2022-12-09 00:00:00+00:00,0.0,4.582817319725723,-0.12622165250709771,in_sample
2022-12-10 00:00:00+00:00,0.0,4.582817319725723,-0.12622165250709771,in_sample
2022-12-11 00:00:00+00:00,0.0,4.582817319725723,-0.12622165250709771,in_sample
2022-12-12 00:00:00+00:00,0.0,4.582817319725723,-0.12622165250709771,in_sample
2022-12-13 00:00:00+00:00,0.0,4.582817319725723,-0.12622165250709771,in_sample
2022-12-14 00:00:00+00:00,0.0,4.582817319725723,-0.12622165250709771,in_sample
2022-12-15 00:00:00+00:00,0.0,4.582817319725723,-0.12622165250709771,in_sample
2022-12-16 00:00:00+00:00,0.0,4.582817319725723,-0.12622165250709771,in_sample
2022-12-17 00:00:00+00:00,0.0,4.582817319725723,-0.12622165250709771,in_sample
2022-12-18 00:00:00+00:00,0.0,4.582817319725723,-0.12622165250709771,in_sample
2022-12-19 00:00:00+00:00,0.0,4.582817319725723,-0.12622165250709771,in_sample
2022-12-20 00:00:00+00:00,0.0,4.582817319725723,-0.12622165250709771,in_sample
2022-12-21 00:00:00+00:00,0.0,4.582817319725723,-0.12622165250709771,in_sample
2022-12-22 00:00:00+00:00,0.0,4.582817319725723,-0.12622165250709771,in_sample
2022-12-23 00:00:00+00:00,0.0,4.582817319725723,-0.12622165250709771,in_sample
2022-12-24 00:00:00+00:00,0.0,4.582817319725723,-0.12622165250709771,in_sample
2022-12-25 00:00:00+00:00,0.0,4.582817319725723,-0.12622165250709771,in_sample
2022-12-26 00:00:00+00:00,0.0,4.582817319725723,-0.12622165250709771,in_sample
2022-12-27 00:00:00+00:00,0.0,4.582817319725723,-0.12622165250709771,in_sample
2022-12-28 00:00:00+00:00,0.0,4.582817319725723,-0.12622165250709771,in_sample
2022-12-29 00:00:00+00:00,0.0,4.582817319725723,-0.12622165250709771,in_sample
2022-12-30 00:00:00+00:00,0.0,4.582817319725723,-0.12622165250709771,in_sample
2022-12-31 00:00:00+00:00,0.0,4.582817319725723,-0.12622165250709771,in_sample
2023-01-01 00:00:00+00:00,0.0,4.582817319725723,-0.12622165250709771,in_sample
2023-01-02 00:00:00+00:00,0.0,4.582817319725723,-0.12622165250709771,in_sample
2023-01-03 00:00:00+00:00,0.0,4.582817319725723,-0.12622165250709771,in_sample
2023-01-04 00:00:00+00:00,0.0,4.582817319725723,-0.12622165250709771,in_sample
2023-01-05 00:00:00+00:00,0.0,4.582817319725723,-0.12622165250709771,in_sample
2023-01-06 00:00:00+00:00,0.0,4.582817319725723,-0.12622165250709771,in_sample
2023-01-07 00:00:00+00:00,0.0,4.582817319725723,-0.12622165250709771,in_sample
2023-01-08 00:00:00+00:00,0.0,4.582817319725723,-0.12622165250709771,in_sample
2023-01-09 00:00:00+00:00,0.0,4.582817319725723,-0.12622165250709771,in_sample
2023-01-10 00:00:00+00:00,0.0,4.582817319725723,-0.12622165250709771,in_sample
2023-01-11 00:00:00+00:00,0.0,4.582817319725723,-0.12622165250709771,in_sample
2023-01-12 00:00:00+00:00,0.0,4.582817319725723,-0.12622165250709771,in_sample
2023-01-13 00:00:00+00:00,0.0,4.582817319725723,-0.12622165250709771,in_sample
2023-01-14 00:00:00+00:00,0.0,4.582817319725723,-0.12622165250709771,in_sample
2023-01-15 00:00:00+00:00,0.0,4.582817319725723,-0.12622165250709771,in_sample
2023-01-16 00:00:00+00:00,0.0,4.582817319725723,-0.12622165250709771,in_sample
2023-01-17 00:00:00+00:00,0.0,4.582817319725723,-0.12622165250709771,in_sample
2023-01-18 00:00:00+00:00,-0.00095,4.578463643271983,-0.12705174193721602,in_sample
2023-01-19 00:00:00+00:00,0.018129677844894897,4.661469714149068,-0.11122547124327553,in_sample
2023-01-20 00:00:00+00:00,0.0296463964567293,4.799665493365768,-0.08487650920311096,in_sample
2023-01-21 00:00:00+00:00,-0.006770284467224507,4.76717039262816,-0.09107215555844539,in_sample
2023-01-22 00:00:00+00:00,0.0005307897100595203,4.769700757618668,-0.09058970601142924,in_sample
2023-01-23 00:00:00+00:00,0.0020738205637540427,4.779592261132771,-0.08870375224286609,in_sample
2023-01-24 00:00:00+00:00,-0.00095,4.775051648484695,-0.08956948367823536,in_sample
2023-01-25 00:00:00+00:00,0.01897738361500607,4.865669635399455,-0.07229189451518936,in_sample
2023-01-26 00:00:00+00:00,-0.0018503416449174809,4.856666484242665,-0.07400847145709533,in_sample
2023-01-27 00:00:00+00:00,0.01340746314127796,4.921782061119629,-0.06159327416902072,in_sample
2023-01-28 00:00:00+00:00,-0.0005043434351257047,4.919299792647983,-0.06206655344067147,in_sample
2023-01-29 00:00:00+00:00,0.014180292557636554,4.989056902886453,-0.04876638276886769,in_sample
2023-01-30 00:00:00+00:00,-0.016823359176253244,4.905124206658429,-0.06476932757207354,in_sample
2023-01-31 00:00:00+00:00,0.0009918235718998636,4.909989224469689,-0.06384174374599583,in_sample
2023-02-01 00:00:00+00:00,0.01116725143757626,4.964820308695132,-0.053387429113044504,in_sample
2023-02-02 00:00:00+00:00,-0.003628698534450886,4.946804472517158,-0.05682240076171474,in_sample
2023-02-03 00:00:00+00:00,0.0058141624709432856,4.975565997432362,-0.05133861296078901,in_sample
2023-02-04 00:00:00+00:00,-0.003493692551175459,4.958182899569251,-0.05465294418227573,in_sample
2023-02-05 00:00:00+00:00,-0.012225217222075252,4.897568036595238,-0.06621001728989673,in_sample
2023-02-06 00:00:00+00:00,-0.013094271951461036,4.833437948823277,-0.0784373172690529,in_sample
2023-02-07 00:00:00+00:00,0.021229226559999356,4.936048098102545,-0.05887325428811663,in_sample
2023-02-08 00:00:00+00:00,-0.0024598900630156016,4.923905962435455,-0.06118832261793161,in_sample
2023-02-09 00:00:00+00:00,-0.03151340654574069,4.76873691204823,-0.09077347667716151,in_sample
2023-02-10 00:00:00+00:00,-0.0007428990158464652,4.765194222089439,-0.09144894016651939,in_sample
2023-02-11 00:00:00+00:00,0.00805672693098576,4.803586090709925,-0.08412899237458338,in_sample
2023-02-12 00:00:00+00:00,-0.002995864982054218,4.789195195352485,-0.08687281825440707,in_sample
2023-02-13 00:00:00+00:00,0.0,4.789195195352485,-0.08687281825440707,in_sample
2023-02-14 00:00:00+00:00,0.0,4.789195195352485,-0.08687281825440707,in_sample
2023-02-15 00:00:00+00:00,0.0,4.789195195352485,-0.08687281825440707,in_sample
2023-02-16 00:00:00+00:00,0.0,4.789195195352485,-0.08687281825440707,in_sample
2023-02-17 00:00:00+00:00,0.0,4.789195195352485,-0.08687281825440707,in_sample
2023-02-18 00:00:00+00:00,0.0,4.789195195352485,-0.08687281825440707,in_sample
2023-02-19 00:00:00+00:00,0.0,4.789195195352485,-0.08687281825440707,in_sample
2023-02-20 00:00:00+00:00,0.0,4.789195195352485,-0.08687281825440707,in_sample
2023-02-21 00:00:00+00:00,0.0,4.789195195352485,-0.08687281825440707,in_sample
2023-02-22 00:00:00+00:00,0.0,4.789195195352485,-0.08687281825440707,in_sample
2023-02-23 00:00:00+00:00,0.0,4.789195195352485,-0.08687281825440707,in_sample
2023-02-24 00:00:00+00:00,0.0,4.789195195352485,-0.08687281825440707,in_sample
2023-02-25 00:00:00+00:00,0.0,4.789195195352485,-0.08687281825440707,in_sample
2023-02-26 00:00:00+00:00,0.0,4.789195195352485,-0.08687281825440707,in_sample
2023-02-27 00:00:00+00:00,0.0,4.789195195352485,-0.08687281825440707,in_sample
2023-02-28 00:00:00+00:00,0.0,4.789195195352485,-0.08687281825440707,in_sample
2023-03-01 00:00:00+00:00,0.0,4.789195195352485,-0.08687281825440707,in_sample
2023-03-02 00:00:00+00:00,0.0,4.789195195352485,-0.08687281825440707,in_sample
2023-03-03 00:00:00+00:00,0.0,4.789195195352485,-0.08687281825440707,in_sample
2023-03-04 00:00:00+00:00,0.0,4.789195195352485,-0.08687281825440707,in_sample
2023-03-05 00:00:00+00:00,0.0,4.789195195352485,-0.08687281825440707,in_sample
2023-03-06 00:00:00+00:00,0.0,4.789195195352485,-0.08687281825440707,in_sample
2023-03-07 00:00:00+00:00,0.0,4.789195195352485,-0.08687281825440707,in_sample
2023-03-08 00:00:00+00:00,0.0,4.789195195352485,-0.08687281825440707,in_sample
2023-03-09 00:00:00+00:00,0.0,4.789195195352485,-0.08687281825440707,in_sample
2023-03-10 00:00:00+00:00,0.0,4.789195195352485,-0.08687281825440707,in_sample
2023-03-11 00:00:00+00:00,0.0,4.789195195352485,-0.08687281825440707,in_sample
2023-03-12 00:00:00+00:00,0.0,4.789195195352485,-0.08687281825440707,in_sample
2023-03-13 00:00:00+00:00,0.0,4.789195195352485,-0.08687281825440707,in_sample
2023-03-14 00:00:00+00:00,0.0,4.789195195352485,-0.08687281825440707,in_sample
2023-03-15 00:00:00+00:00,0.0,4.789195195352485,-0.08687281825440707,in_sample
2023-03-16 00:00:00+00:00,0.0,4.789195195352485,-0.08687281825440707,in_sample
2023-03-17 00:00:00+00:00,0.0,4.789195195352485,-0.08687281825440707,in_sample
2023-03-18 00:00:00+00:00,0.0,4.789195195352485,-0.08687281825440707,in_sample
2023-03-19 00:00:00+00:00,0.0,4.789195195352485,-0.08687281825440707,in_sample
2023-03-20 00:00:00+00:00,0.0,4.789195195352485,-0.08687281825440707,in_sample
2023-03-21 00:00:00+00:00,0.0,4.789195195352485,-0.08687281825440707,in_sample
2023-03-22 00:00:00+00:00,0.0,4.789195195352485,-0.08687281825440707,in_sample
2023-03-23 00:00:00+00:00,0.0,4.789195195352485,-0.08687281825440707,in_sample
2023-03-24 00:00:00+00:00,0.0,4.789195195352485,-0.08687281825440707,in_sample
2023-03-25 00:00:00+00:00,0.0,4.789195195352485,-0.08687281825440707,in_sample
2023-03-26 00:00:00+00:00,0.0,4.789195195352485,-0.08687281825440707,in_sample
2023-03-27 00:00:00+00:00,0.0,4.789195195352485,-0.08687281825440707,in_sample
2023-03-28 00:00:00+00:00,0.0,4.789195195352485,-0.08687281825440707,in_sample
2023-03-29 00:00:00+00:00,0.0,4.789195195352485,-0.08687281825440707,in_sample
2023-03-30 00:00:00+00:00,0.0,4.789195195352485,-0.08687281825440707,in_sample
2023-03-31 00:00:00+00:00,0.0,4.789195195352485,-0.08687281825440707,in_sample
2023-04-01 00:00:00+00:00,0.0,4.789195195352485,-0.08687281825440707,in_sample
2023-04-02 00:00:00+00:00,0.0,4.789195195352485,-0.08687281825440707,in_sample
2023-04-03 00:00:00+00:00,0.0,4.789195195352485,-0.08687281825440707,in_sample
2023-04-04 00:00:00+00:00,0.0,4.789195195352485,-0.08687281825440707,in_sample
2023-04-05 00:00:00+00:00,0.0,4.789195195352485,-0.08687281825440707,in_sample
2023-04-06 00:00:00+00:00,0.0,4.789195195352485,-0.08687281825440707,in_sample
2023-04-07 00:00:00+00:00,0.0,4.789195195352485,-0.08687281825440707,in_sample
2023-04-08 00:00:00+00:00,0.0,4.789195195352485,-0.08687281825440707,in_sample
2023-04-09 00:00:00+00:00,0.0,4.789195195352485,-0.08687281825440707,in_sample
2023-04-10 00:00:00+00:00,0.0,4.789195195352485,-0.08687281825440707,in_sample
2023-04-11 00:00:00+00:00,0.0,4.789195195352485,-0.08687281825440707,in_sample
2023-04-12 00:00:00+00:00,0.0,4.789195195352485,-0.08687281825440707,in_sample
2023-04-13 00:00:00+00:00,0.0,4.789195195352485,-0.08687281825440707,in_sample
2023-04-14 00:00:00+00:00,0.0,4.789195195352485,-0.08687281825440707,in_sample
2023-04-15 00:00:00+00:00,0.0,4.789195195352485,-0.08687281825440707,in_sample
2023-04-16 00:00:00+00:00,0.0,4.789195195352485,-0.08687281825440707,in_sample
2023-04-17 00:00:00+00:00,0.0,4.789195195352485,-0.08687281825440707,in_sample
2023-04-18 00:00:00+00:00,0.0,4.789195195352485,-0.08687281825440707,in_sample
2023-04-19 00:00:00+00:00,-0.00095,4.7846454599168995,-0.08774028907706544,in_sample
2023-04-20 00:00:00+00:00,-0.008080350758977665,4.745983846343421,-0.09511166752460631,in_sample
2023-04-21 00:00:00+00:00,0.0,4.745983846343421,-0.09511166752460631,in_sample
2023-04-22 00:00:00+00:00,0.0,4.745983846343421,-0.09511166752460631,in_sample
2023-04-23 00:00:00+00:00,0.0,4.745983846343421,-0.09511166752460631,in_sample
2023-04-24 00:00:00+00:00,0.0,4.745983846343421,-0.09511166752460631,in_sample
2023-04-25 00:00:00+00:00,0.0,4.745983846343421,-0.09511166752460631,in_sample
2023-04-26 00:00:00+00:00,0.0,4.745983846343421,-0.09511166752460631,in_sample
2023-04-27 00:00:00+00:00,0.0,4.745983846343421,-0.09511166752460631,in_sample
2023-04-28 00:00:00+00:00,0.0,4.745983846343421,-0.09511166752460631,in_sample
2023-04-29 00:00:00+00:00,0.0,4.745983846343421,-0.09511166752460631,in_sample
2023-04-30 00:00:00+00:00,0.0,4.745983846343421,-0.09511166752460631,in_sample
2023-05-01 00:00:00+00:00,0.0,4.745983846343421,-0.09511166752460631,in_sample
2023-05-02 00:00:00+00:00,0.0,4.745983846343421,-0.09511166752460631,in_sample
2023-05-03 00:00:00+00:00,0.0,4.745983846343421,-0.09511166752460631,in_sample
2023-05-04 00:00:00+00:00,0.0,4.745983846343421,-0.09511166752460631,in_sample
2023-05-05 00:00:00+00:00,0.0,4.745983846343421,-0.09511166752460631,in_sample
2023-05-06 00:00:00+00:00,0.0,4.745983846343421,-0.09511166752460631,in_sample
2023-05-07 00:00:00+00:00,0.0,4.745983846343421,-0.09511166752460631,in_sample
2023-05-08 00:00:00+00:00,0.0,4.745983846343421,-0.09511166752460631,in_sample
2023-05-09 00:00:00+00:00,0.0,4.745983846343421,-0.09511166752460631,in_sample
2023-05-10 00:00:00+00:00,0.0,4.745983846343421,-0.09511166752460631,in_sample
2023-05-11 00:00:00+00:00,0.0,4.745983846343421,-0.09511166752460631,in_sample
2023-05-12 00:00:00+00:00,0.0,4.745983846343421,-0.09511166752460631,in_sample
2023-05-13 00:00:00+00:00,0.0,4.745983846343421,-0.09511166752460631,in_sample
2023-05-14 00:00:00+00:00,0.0,4.745983846343421,-0.09511166752460631,in_sample
2023-05-15 00:00:00+00:00,0.0,4.745983846343421,-0.09511166752460631,in_sample
2023-05-16 00:00:00+00:00,0.0,4.745983846343421,-0.09511166752460631,in_sample
2023-05-17 00:00:00+00:00,0.0,4.745983846343421,-0.09511166752460631,in_sample
2023-05-18 00:00:00+00:00,0.0,4.745983846343421,-0.09511166752460631,in_sample
2023-05-19 00:00:00+00:00,0.0,4.745983846343421,-0.09511166752460631,in_sample
2023-05-20 00:00:00+00:00,0.0,4.745983846343421,-0.09511166752460631,in_sample
2023-05-21 00:00:00+00:00,0.0,4.745983846343421,-0.09511166752460631,in_sample
2023-05-22 00:00:00+00:00,0.0,4.745983846343421,-0.09511166752460631,in_sample
2023-05-23 00:00:00+00:00,0.0,4.745983846343421,-0.09511166752460631,in_sample
2023-05-24 00:00:00+00:00,0.0,4.745983846343421,-0.09511166752460631,in_sample
2023-05-25 00:00:00+00:00,0.0,4.745983846343421,-0.09511166752460631,in_sample
2023-05-26 00:00:00+00:00,0.0,4.745983846343421,-0.09511166752460631,in_sample
2023-05-27 00:00:00+00:00,0.0,4.745983846343421,-0.09511166752460631,in_sample
2023-05-28 00:00:00+00:00,0.0,4.745983846343421,-0.09511166752460631,in_sample
2023-05-29 00:00:00+00:00,0.0,4.745983846343421,-0.09511166752460631,in_sample
2023-05-30 00:00:00+00:00,0.0,4.745983846343421,-0.09511166752460631,in_sample
2023-05-31 00:00:00+00:00,0.0,4.745983846343421,-0.09511166752460631,in_sample
2023-06-01 00:00:00+00:00,0.0,4.745983846343421,-0.09511166752460631,in_sample
2023-06-02 00:00:00+00:00,0.0,4.745983846343421,-0.09511166752460631,in_sample
2023-06-03 00:00:00+00:00,0.0,4.745983846343421,-0.09511166752460631,in_sample
2023-06-04 00:00:00+00:00,0.0,4.745983846343421,-0.09511166752460631,in_sample
2023-06-05 00:00:00+00:00,0.0,4.745983846343421,-0.09511166752460631,in_sample
2023-06-06 00:00:00+00:00,0.0,4.745983846343421,-0.09511166752460631,in_sample
2023-06-07 00:00:00+00:00,0.0,4.745983846343421,-0.09511166752460631,in_sample
2023-06-08 00:00:00+00:00,0.0,4.745983846343421,-0.09511166752460631,in_sample
2023-06-09 00:00:00+00:00,0.0,4.745983846343421,-0.09511166752460631,in_sample
2023-06-10 00:00:00+00:00,0.0,4.745983846343421,-0.09511166752460631,in_sample
2023-06-11 00:00:00+00:00,0.0,4.745983846343421,-0.09511166752460631,in_sample
2023-06-12 00:00:00+00:00,0.0,4.745983846343421,-0.09511166752460631,in_sample
2023-06-13 00:00:00+00:00,0.0,4.745983846343421,-0.09511166752460631,in_sample
2023-06-14 00:00:00+00:00,0.0,4.745983846343421,-0.09511166752460631,in_sample
2023-06-15 00:00:00+00:00,0.0,4.745983846343421,-0.09511166752460631,in_sample
2023-06-16 00:00:00+00:00,0.0,4.745983846343421,-0.09511166752460631,in_sample
2023-06-17 00:00:00+00:00,0.0,4.745983846343421,-0.09511166752460631,in_sample
2023-06-18 00:00:00+00:00,0.0,4.745983846343421,-0.09511166752460631,in_sample
2023-06-19 00:00:00+00:00,0.0,4.745983846343421,-0.09511166752460631,in_sample
2023-06-20 00:00:00+00:00,0.0,4.745983846343421,-0.09511166752460631,in_sample
2023-06-21 00:00:00+00:00,0.0,4.745983846343421,-0.09511166752460631,in_sample
2023-06-22 00:00:00+00:00,0.0,4.745983846343421,-0.09511166752460631,in_sample
2023-06-23 00:00:00+00:00,0.0,4.745983846343421,-0.09511166752460631,in_sample
2023-06-24 00:00:00+00:00,0.0,4.745983846343421,-0.09511166752460631,in_sample
2023-06-25 00:00:00+00:00,0.0,4.745983846343421,-0.09511166752460631,in_sample
2023-06-26 00:00:00+00:00,0.0,4.745983846343421,-0.09511166752460631,in_sample
2023-06-27 00:00:00+00:00,0.0,4.745983846343421,-0.09511166752460631,in_sample
2023-06-28 00:00:00+00:00,0.0,4.745983846343421,-0.09511166752460631,in_sample
2023-06-29 00:00:00+00:00,0.0,4.745983846343421,-0.09511166752460631,in_sample
2023-06-30 00:00:00+00:00,0.0,4.745983846343421,-0.09511166752460631,in_sample
2023-07-01 00:00:00+00:00,0.0,4.745983846343421,-0.09511166752460631,in_sample
2023-07-02 00:00:00+00:00,0.0,4.745983846343421,-0.09511166752460631,in_sample
2023-07-03 00:00:00+00:00,0.0,4.745983846343421,-0.09511166752460631,in_sample
2023-07-04 00:00:00+00:00,0.0,4.745983846343421,-0.09511166752460631,in_sample
2023-07-05 00:00:00+00:00,0.0,4.745983846343421,-0.09511166752460631,in_sample
2023-07-06 00:00:00+00:00,0.0,4.745983846343421,-0.09511166752460631,in_sample
2023-07-07 00:00:00+00:00,0.0,4.745983846343421,-0.09511166752460631,in_sample
2023-07-08 00:00:00+00:00,0.0,4.745983846343421,-0.09511166752460631,in_sample
2023-07-09 00:00:00+00:00,0.0,4.745983846343421,-0.09511166752460631,in_sample
2023-07-10 00:00:00+00:00,0.0,4.745983846343421,-0.09511166752460631,in_sample
2023-07-11 00:00:00+00:00,0.0,4.745983846343421,-0.09511166752460631,in_sample
2023-07-12 00:00:00+00:00,0.0,4.745983846343421,-0.09511166752460631,in_sample
2023-07-13 00:00:00+00:00,0.0,4.745983846343421,-0.09511166752460631,in_sample
2023-07-14 00:00:00+00:00,-0.00095,4.741475161689395,-0.0959713114404579,in_sample
2023-07-15 00:00:00+00:00,0.007128825551031105,4.775276310971625,-0.08952664862658954,in_sample
2023-07-16 00:00:00+00:00,0.0,4.775276310971625,-0.08952664862658954,in_sample
2023-07-17 00:00:00+00:00,0.0,4.775276310971625,-0.08952664862658954,in_sample
2023-07-18 00:00:00+00:00,-0.00095,4.770739798476202,-0.09039159831039423,in_sample
2023-07-19 00:00:00+00:00,0.0031421352781016393,4.785730108299638,-0.08753348566218777,in_sample
2023-07-20 00:00:00+00:00,0.0,4.785730108299638,-0.08753348566218777,in_sample
2023-07-21 00:00:00+00:00,0.0,4.785730108299638,-0.08753348566218777,in_sample
2023-07-22 00:00:00+00:00,0.0,4.785730108299638,-0.08753348566218777,in_sample
2023-07-23 00:00:00+00:00,0.0,4.785730108299638,-0.08753348566218777,in_sample
2023-07-24 00:00:00+00:00,-0.00095,4.781183664696753,-0.08840032885080862,in_sample
2023-07-25 00:00:00+00:00,0.002384616092249493,4.79258495220359,-0.08622651360529676,in_sample
2023-07-26 00:00:00+00:00,0.0,4.79258495220359,-0.08622651360529676,in_sample
2023-07-27 00:00:00+00:00,0.0,4.79258495220359,-0.08622651360529676,in_sample
2023-07-28 00:00:00+00:00,0.0,4.79258495220359,-0.08622651360529676,in_sample
2023-07-29 00:00:00+00:00,0.0,4.79258495220359,-0.08622651360529676,in_sample
2023-07-30 00:00:00+00:00,-0.00095,4.788031996498997,-0.08709459841737166,in_sample
2023-07-31 00:00:00+00:00,-0.00354973295898776,4.771035761512337,-0.09033516880980741,in_sample
2023-08-01 00:00:00+00:00,0.0,4.771035761512337,-0.09033516880980741,in_sample
2023-08-02 00:00:00+00:00,0.0,4.771035761512337,-0.09033516880980741,in_sample
2023-08-03 00:00:00+00:00,0.0,4.771035761512337,-0.09033516880980741,in_sample
2023-08-04 00:00:00+00:00,0.0,4.771035761512337,-0.09033516880980741,in_sample
2023-08-05 00:00:00+00:00,0.0,4.771035761512337,-0.09033516880980741,in_sample
2023-08-06 00:00:00+00:00,0.0,4.771035761512337,-0.09033516880980741,in_sample
2023-08-07 00:00:00+00:00,0.0,4.771035761512337,-0.09033516880980741,in_sample
2023-08-08 00:00:00+00:00,0.0,4.771035761512337,-0.09033516880980741,in_sample
2023-08-09 00:00:00+00:00,0.0,4.771035761512337,-0.09033516880980741,in_sample
2023-08-10 00:00:00+00:00,0.0,4.771035761512337,-0.09033516880980741,in_sample
2023-08-11 00:00:00+00:00,0.0,4.771035761512337,-0.09033516880980741,in_sample
2023-08-12 00:00:00+00:00,0.0,4.771035761512337,-0.09033516880980741,in_sample
2023-08-13 00:00:00+00:00,0.0,4.771035761512337,-0.09033516880980741,in_sample
2023-08-14 00:00:00+00:00,0.0,4.771035761512337,-0.09033516880980741,in_sample
2023-08-15 00:00:00+00:00,-0.00095,4.7665032775389005,-0.09119935039943805,in_sample
2023-08-16 00:00:00+00:00,-0.014493597874541036,4.697419495766569,-0.10437114156287042,in_sample
2023-08-17 00:00:00+00:00,0.0,4.697419495766569,-0.10437114156287042,in_sample
2023-08-18 00:00:00+00:00,0.0,4.697419495766569,-0.10437114156287042,in_sample
2023-08-19 00:00:00+00:00,0.0,4.697419495766569,-0.10437114156287042,in_sample
2023-08-20 00:00:00+00:00,0.0,4.697419495766569,-0.10437114156287042,in_sample
2023-08-21 00:00:00+00:00,0.0,4.697419495766569,-0.10437114156287042,in_sample
2023-08-22 00:00:00+00:00,0.0,4.697419495766569,-0.10437114156287042,in_sample
2023-08-23 00:00:00+00:00,0.0,4.697419495766569,-0.10437114156287042,in_sample
2023-08-24 00:00:00+00:00,0.0,4.697419495766569,-0.10437114156287042,in_sample
2023-08-25 00:00:00+00:00,0.0,4.697419495766569,-0.10437114156287042,in_sample
2023-08-26 00:00:00+00:00,0.0,4.697419495766569,-0.10437114156287042,in_sample
2023-08-27 00:00:00+00:00,0.0,4.697419495766569,-0.10437114156287042,in_sample
2023-08-28 00:00:00+00:00,0.0,4.697419495766569,-0.10437114156287042,in_sample
2023-08-29 00:00:00+00:00,0.0,4.697419495766569,-0.10437114156287042,in_sample
2023-08-30 00:00:00+00:00,0.0,4.697419495766569,-0.10437114156287042,in_sample
2023-08-31 00:00:00+00:00,0.0,4.697419495766569,-0.10437114156287042,in_sample
2023-09-01 00:00:00+00:00,0.0,4.697419495766569,-0.10437114156287042,in_sample
2023-09-02 00:00:00+00:00,0.0,4.697419495766569,-0.10437114156287042,in_sample
2023-09-03 00:00:00+00:00,0.0,4.697419495766569,-0.10437114156287042,in_sample
2023-09-04 00:00:00+00:00,0.0,4.697419495766569,-0.10437114156287042,in_sample
2023-09-05 00:00:00+00:00,0.0,4.697419495766569,-0.10437114156287042,in_sample
2023-09-06 00:00:00+00:00,0.0,4.697419495766569,-0.10437114156287042,in_sample
2023-09-07 00:00:00+00:00,0.0,4.697419495766569,-0.10437114156287042,in_sample
2023-09-08 00:00:00+00:00,0.0,4.697419495766569,-0.10437114156287042,in_sample
2023-09-09 00:00:00+00:00,0.0,4.697419495766569,-0.10437114156287042,in_sample
2023-09-10 00:00:00+00:00,0.0,4.697419495766569,-0.10437114156287042,in_sample
2023-09-11 00:00:00+00:00,0.0,4.697419495766569,-0.10437114156287042,in_sample
2023-09-12 00:00:00+00:00,0.0,4.697419495766569,-0.10437114156287042,in_sample
2023-09-13 00:00:00+00:00,0.0,4.697419495766569,-0.10437114156287042,in_sample
2023-09-14 00:00:00+00:00,0.0,4.697419495766569,-0.10437114156287042,in_sample
2023-09-15 00:00:00+00:00,0.0,4.697419495766569,-0.10437114156287042,in_sample
2023-09-16 00:00:00+00:00,0.0,4.697419495766569,-0.10437114156287042,in_sample
2023-09-17 00:00:00+00:00,0.0,4.697419495766569,-0.10437114156287042,in_sample
2023-09-18 00:00:00+00:00,0.0,4.697419495766569,-0.10437114156287042,in_sample
2023-09-19 00:00:00+00:00,0.0,4.697419495766569,-0.10437114156287042,in_sample
2023-09-20 00:00:00+00:00,0.0,4.697419495766569,-0.10437114156287042,in_sample
2023-09-21 00:00:00+00:00,0.0,4.697419495766569,-0.10437114156287042,in_sample
2023-09-22 00:00:00+00:00,0.0,4.697419495766569,-0.10437114156287042,in_sample
2023-09-23 00:00:00+00:00,0.0,4.697419495766569,-0.10437114156287042,in_sample
2023-09-24 00:00:00+00:00,0.0,4.697419495766569,-0.10437114156287042,in_sample
2023-09-25 00:00:00+00:00,0.0,4.697419495766569,-0.10437114156287042,in_sample
2023-09-26 00:00:00+00:00,0.0,4.697419495766569,-0.10437114156287042,in_sample
2023-09-27 00:00:00+00:00,0.0,4.697419495766569,-0.10437114156287042,in_sample
2023-09-28 00:00:00+00:00,0.0,4.697419495766569,-0.10437114156287042,in_sample
2023-09-29 00:00:00+00:00,0.0,4.697419495766569,-0.10437114156287042,in_sample
2023-09-30 00:00:00+00:00,0.0,4.697419495766569,-0.10437114156287042,in_sample
2023-10-01 00:00:00+00:00,0.0,4.697419495766569,-0.10437114156287042,in_sample
2023-10-02 00:00:00+00:00,0.0,4.697419495766569,-0.10437114156287042,in_sample
2023-10-03 00:00:00+00:00,0.0,4.697419495766569,-0.10437114156287042,in_sample
2023-10-04 00:00:00+00:00,0.0,4.697419495766569,-0.10437114156287042,in_sample
2023-10-05 00:00:00+00:00,0.0,4.697419495766569,-0.10437114156287042,in_sample
2023-10-06 00:00:00+00:00,0.0,4.697419495766569,-0.10437114156287042,in_sample
2023-10-07 00:00:00+00:00,0.0,4.697419495766569,-0.10437114156287042,in_sample
2023-10-08 00:00:00+00:00,0.0,4.697419495766569,-0.10437114156287042,in_sample
2023-10-09 00:00:00+00:00,0.0,4.697419495766569,-0.10437114156287042,in_sample
2023-10-10 00:00:00+00:00,0.0,4.697419495766569,-0.10437114156287042,in_sample
2023-10-11 00:00:00+00:00,0.0,4.697419495766569,-0.10437114156287042,in_sample
2023-10-12 00:00:00+00:00,0.0,4.697419495766569,-0.10437114156287042,in_sample
2023-10-13 00:00:00+00:00,0.0,4.697419495766569,-0.10437114156287042,in_sample
2023-10-14 00:00:00+00:00,0.0,4.697419495766569,-0.10437114156287042,in_sample
2023-10-15 00:00:00+00:00,0.0,4.697419495766569,-0.10437114156287042,in_sample
2023-10-16 00:00:00+00:00,0.0,4.697419495766569,-0.10437114156287042,in_sample
2023-10-17 00:00:00+00:00,0.0,4.697419495766569,-0.10437114156287042,in_sample
2023-10-18 00:00:00+00:00,0.0,4.697419495766569,-0.10437114156287042,in_sample
2023-10-19 00:00:00+00:00,0.0,4.697419495766569,-0.10437114156287042,in_sample
2023-10-20 00:00:00+00:00,0.0,4.697419495766569,-0.10437114156287042,in_sample
2023-10-21 00:00:00+00:00,0.0,4.697419495766569,-0.10437114156287042,in_sample
2023-10-22 00:00:00+00:00,-0.00095,4.692956947245591,-0.10522198897838564,in_sample
2023-10-23 00:00:00+00:00,0.02507792039421582,4.810646547982097,-0.08278281724749104,in_sample
2023-10-24 00:00:00+00:00,0.00114277049731315,4.816144012930132,-0.08173464851141288,in_sample
2023-10-25 00:00:00+00:00,-0.008734512149602115,4.774077344534961,-0.08975524838054849,in_sample
2023-10-26 00:00:00+00:00,0.015099368704231205,4.846162898582611,-0.07601112726475512,in_sample
2023-10-27 00:00:00+00:00,-0.000512740754201234,4.84367807336301,-0.07648489401623493,in_sample
2023-10-28 00:00:00+00:00,0.01035964908557358,4.893856878486537,-0.06691760159301685,in_sample
2023-10-29 00:00:00+00:00,-0.01788620225500727,4.806324364550869,-0.08360690209151145,in_sample
2023-10-30 00:00:00+00:00,-0.0206926172296418,4.706868934193716,-0.1025694736984174,in_sample
2023-10-31 00:00:00+00:00,0.008482990126851149,4.746797256890863,-0.09495657940426638,in_sample
2023-11-01 00:00:00+00:00,0.0274437028230738,4.8770669501703585,-0.07011883672745878,in_sample
2023-11-02 00:00:00+00:00,0.0022448197268069526,4.88801508626906,-0.06803142114855831,in_sample
2023-11-03 00:00:00+00:00,-0.0006847442143291416,4.884668046219184,-0.06866958124086331,in_sample
2023-11-04 00:00:00+00:00,-0.017299123065447623,4.800167572553778,-0.08478078076957263,in_sample
2023-11-05 00:00:00+00:00,0.02438207669858242,4.917205626473833,-0.062465835570279515,in_sample
2023-11-06 00:00:00+00:00,0.016579532247960885,4.99873059572781,-0.046921957657551916,in_sample
2023-11-07 00:00:00+00:00,-0.009608037234208573,4.95070260604028,-0.05607916697548476,in_sample
2023-11-08 00:00:00+00:00,-0.0014786954622263658,4.943382024561896,-0.05747493842797902,in_sample
2023-11-09 00:00:00+00:00,0.015559375136082418,5.020297959923022,-0.042809837419820584,in_sample
2023-11-10 00:00:00+00:00,0.015828763015637775,5.099763066598533,-0.027658701175439226,in_sample
2023-11-11 00:00:00+00:00,0.020600757741904153,5.20482205007464,-0.007627733635905964,in_sample
2023-11-12 00:00:00+00:00,0.005877473548837715,5.23541325400036,-0.0017950918897510215,in_sample
2023-11-13 00:00:00+00:00,-0.0133758943639358,5.1653849193633015,-0.015146975294195952,in_sample
2023-11-14 00:00:00+00:00,-0.009801494508908467,5.114756427439763,-0.024800006807931818,in_sample
2023-11-15 00:00:00+00:00,0.03818360328482847,5.31005625776365,0.0,in_sample
2023-11-16 00:00:00+00:00,0.0013060818244138908,5.31699162572853,0.0,in_sample
2023-11-17 00:00:00+00:00,0.014464630671053011,5.393899945875774,0.0,in_sample
2023-11-18 00:00:00+00:00,-0.00806495110110394,5.350398406568039,-0.008064951101103945,in_sample
2023-11-19 00:00:00+00:00,0.008311964365500895,5.3948707274646654,0.0,in_sample
2023-11-20 00:00:00+00:00,-0.004659833505693235,5.369731528089942,-0.004659833505693212,in_sample
2023-11-21 00:00:00+00:00,-0.010900954224833838,5.311196330502587,-0.015509991098786036,in_sample
2023-11-22 00:00:00+00:00,0.012559415597348755,5.377901852536483,-0.0031453719255580825,in_sample
2023-11-23 00:00:00+00:00,-0.00015440373612619007,5.3770714843979315,-0.0032992900045074602,in_sample
2023-11-24 00:00:00+00:00,-0.00993770187452661,5.323635751027966,-0.013204204518571738,in_sample
2023-11-25 00:00:00+00:00,0.0011393122027760602,5.329701034202247,-0.012079936027131644,in_sample
2023-11-26 00:00:00+00:00,0.004894534890694618,5.355787441871121,-0.007244526804799145,in_sample
2023-11-27 00:00:00+00:00,0.00863032996617605,5.402009654723171,0.0,in_sample
2023-11-28 00:00:00+00:00,-0.0022776837853646656,5.389705584924225,-0.002277683785364748,in_sample
2023-11-29 00:00:00+00:00,0.012630630364076634,5.457780963938602,0.0,in_sample
2023-11-30 00:00:00+00:00,0.002056125394600606,5.469002845976724,0.0,in_sample
2023-12-01 00:00:00+00:00,-0.016563529600508886,5.378416855452121,-0.016563529600508886,in_sample
2023-12-02 00:00:00+00:00,-0.02564364981713476,5.240494617040332,-0.04178243006483251,in_sample
2023-12-03 00:00:00+00:00,-0.01644415524247954,5.154319110010342,-0.05753950854091783,in_sample
2023-12-04 00:00:00+00:00,-0.04401867806281432,4.927432796473785,-0.09902537350137697,in_sample
2023-12-05 00:00:00+00:00,0.012880996187629494,4.9909030395399645,-0.08741992277229726,in_sample
2023-12-06 00:00:00+00:00,0.022105307323783914,5.101228485052204,-0.06724705970761635,in_sample
2023-12-07 00:00:00+00:00,0.011329437288145984,5.159022533266107,-0.05667949376523984,in_sample
2023-12-08 00:00:00+00:00,0.015422400060306093,5.23858704269427,-0.04213122753299703,in_sample
2023-12-09 00:00:00+00:00,0.01626099536007502,5.3237716822888705,-0.026555327868350354,in_sample
2023-12-10 00:00:00+00:00,0.013937652066553907,5.397972559678386,-0.012987794722138735,in_sample
2023-12-11 00:00:00+00:00,-0.005169774681481886,5.370066257808027,-0.018090425431297685,in_sample
2023-12-12 00:00:00+00:00,-0.008987974331022781,5.321800240126956,-0.026915803482906897,in_sample
2023-12-13 00:00:00+00:00,0.0004807112023327288,5.324358489118962,-0.026448031008828088,in_sample
2023-12-14 00:00:00+00:00,-0.0012839273513150454,5.317522399626577,-0.0276980010097424,in_sample
2023-12-15 00:00:00+00:00,0.010372444121632391,5.372678103582232,-0.017612852855864447,in_sample
2023-12-16 00:00:00+00:00,0.003523045393055079,5.391606292423425,-0.014151858342921764,in_sample
2023-12-17 00:00:00+00:00,-0.0033369622978712873,5.373614705500643,-0.01744159642305787,in_sample
2023-12-18 00:00:00+00:00,0.009010682413403016,5.4220346410239015,-0.008588074695805803,in_sample
2023-12-19 00:00:00+00:00,-0.011124125397985754,5.3617192477649285,-0.01961666527394823,in_sample
2023-12-20 00:00:00+00:00,0.02709668035753445,5.5070040403884555,0.0,in_sample
2023-12-21 00:00:00+00:00,0.030695465076718508,5.676044090587547,0.0,in_sample
2023-12-22 00:00:00+00:00,-0.017248527629221057,5.578140687266371,-0.017248527629221022,in_sample
2023-12-23 00:00:00+00:00,0.010479629417631475,5.636597534508335,-0.006949656389143688,in_sample
2023-12-24 00:00:00+00:00,0.010746721028887136,5.697172475763809,0.0,in_sample
2023-12-25 00:00:00+00:00,0.0025773604224182617,5.7118561426225325,0.0,in_sample
2023-12-26 00:00:00+00:00,-0.0045312290939064585,5.685974413888873,-0.004531229093906353,in_sample
2023-12-27 00:00:00+00:00,0.008902185156026704,5.736592010913743,0.0,in_sample
2023-12-28 00:00:00+00:00,-0.006558581830465072,5.698968102782173,-0.006558581830465093,in_sample
2023-12-29 00:00:00+00:00,-0.010886051702259422,5.636928841365759,-0.017373236471824538,in_sample
2023-12-30 00:00:00+00:00,0.005558401721285085,5.6682611563403675,-0.011911402178048758,in_sample
2023-12-31 00:00:00+00:00,0.0071964097038618394,5.709052285929879,-0.004800711804407665,in_sample
2024-01-01 00:00:00+00:00,0.0032479236186074185,5.727594851689215,-0.0015683805310559018,in_sample
2024-01-02 00:00:00+00:00,-0.0036999340562104913,5.706403128437274,-0.005262511682726401,in_sample
2024-01-03 00:00:00+00:00,0.006060040550707205,5.740984162794287,0.0,in_sample
2024-01-04 00:00:00+00:00,0.0013151981565147901,5.748534694581774,0.0,in_sample
2024-01-05 00:00:00+00:00,-0.010281116891507756,5.689433337431891,-0.010281116891507791,in_sample
2024-01-06 00:00:00+00:00,-0.007188608783833629,5.648534226967392,-0.01739581874814744,in_sample
2024-01-07 00:00:00+00:00,-0.0011139802110477744,5.6422418716171245,-0.01849042036135473,in_sample
2024-01-08 00:00:00+00:00,-0.009193508044077345,5.590369875583782,-0.02751393657710166,in_sample
2024-01-09 00:00:00+00:00,0.0017535389980390323,5.600172807174081,-0.025808644339840203,in_sample
2024-01-10 00:00:00+00:00,-3.062619831893133e-05,5.600001295171068,-0.02583848011749923,in_sample
2024-01-11 00:00:00+00:00,-0.002195962434068656,5.587703902696137,-0.027977702219876388,in_sample
2024-01-12 00:00:00+00:00,-0.016391305472420344,5.4961141411376095,-0.04391041662879425,in_sample
2024-01-13 00:00:00+00:00,0.002275954373838363,5.508623046156247,-0.04173440035973919,in_sample
2024-01-14 00:00:00+00:00,-8.361614106960446e-05,5.50816243635452,-0.041814526831300936,in_sample
2024-01-15 00:00:00+00:00,-0.005005323437396443,5.480592301814848,-0.04661055503752498,in_sample
2024-01-16 00:00:00+00:00,0.0008209288071694688,5.485091477915759,-0.045827890177703945,in_sample
2024-01-17 00:00:00+00:00,-0.004228953331508284,5.4618952820366,-0.0498630395003693,in_sample
2024-01-18 00:00:00+00:00,-0.0004612432856096369,5.459376019511057,-0.05030128379380927,in_sample
2024-01-19 00:00:00+00:00,0.0059106854608975586,5.491644673975154,-0.044687913399696244,in_sample
2024-01-20 00:00:00+00:00,0.004967587089829606,5.518924897159525,-0.039942317411542416,in_sample
2024-01-21 00:00:00+00:00,-0.0016799939450406307,5.509653136749163,-0.041555208505180574,in_sample
2024-01-22 00:00:00+00:00,-0.005358429517758346,5.480130048748597,-0.046690967367068126,in_sample
2024-01-23 00:00:00+00:00,0.001092314870571654,5.486116076293512,-0.04564965373447283,in_sample
2024-01-24 00:00:00+00:00,-0.011734558955280154,5.421738923760735,-0.056848534136717865,in_sample
2024-01-25 00:00:00+00:00,-0.003864408440589933,5.40078711010108,-0.060493256622154545,in_sample
2024-01-26 00:00:00+00:00,0.006115825861145167,5.433817383579575,-0.0547473969842841,in_sample
2024-01-27 00:00:00+00:00,0.001975428088784115,5.444551499068421,-0.05288011844129059,in_sample
2024-01-28 00:00:00+00:00,0.005440518915047106,5.47417268448305,-0.04772729481085347,in_sample
2024-01-29 00:00:00+00:00,0.00015574385329016754,5.475025253230507,-0.047578984190364215,in_sample
2024-01-30 00:00:00+00:00,0.008254195165452316,5.520217180206451,-0.03971751524619327,in_sample
2024-01-31 00:00:00+00:00,-0.001796785442343384,5.5102985343384825,-0.041442936835336175,in_sample
2024-02-01 00:00:00+00:00,-0.002439858440893272,5.496854185947635,-0.043781680376976384,in_sample
2024-02-02 00:00:00+00:00,0.006892667481569005,5.534742174046043,-0.037190785460030185,in_sample
2024-02-03 00:00:00+00:00,-0.00047334736930946874,5.532122318398152,-0.03764652866887963,in_sample
2024-02-04 00:00:00+00:00,0.0013958506994578685,5.539844335205774,-0.036303226902796415,in_sample
2024-02-05 00:00:00+00:00,-0.002425580110679625,5.526406998970038,-0.03864075062834704,in_sample
2024-02-06 00:00:00+00:00,0.0,5.526406998970038,-0.03864075062834704,in_sample
2024-02-07 00:00:00+00:00,-0.00095,5.5211569123210165,-0.03955404191525014,in_sample
2024-02-08 00:00:00+00:00,-0.001331175682413682,5.513807282500545,-0.040832564218925116,in_sample
2024-02-09 00:00:00+00:00,0.0018642193500901134,5.52408622872925,-0.03904446572516562,in_sample
2024-02-10 00:00:00+00:00,-0.009599797825937562,5.471056117760404,-0.048269444573919795,in_sample
2024-02-11 00:00:00+00:00,-0.013064258067768994,5.399580828734735,-0.06070309816098729,in_sample
2024-02-12 00:00:00+00:00,0.008153982942834393,5.4436089187106935,-0.053044087245134874,in_sample
2024-02-13 00:00:00+00:00,-0.017394640820847827,5.348919296800557,-0.06951604522068389,in_sample
2024-02-14 00:00:00+00:00,0.0073994794630092295,5.388498515286527,-0.06263094830663474,in_sample
2024-02-15 00:00:00+00:00,0.005380803261791895,5.417492965673741,-0.057587149855780284,in_sample
2024-02-16 00:00:00+00:00,-0.008127458545997047,5.3734625161719975,-0.06524657122854227,in_sample
2024-02-17 00:00:00+00:00,-0.014389529498307605,5.29614091878749,-0.07869723326549338,in_sample
2024-02-18 00:00:00+00:00,0.0037525772442785106,5.3160150966818245,-0.07523997346795464,in_sample
2024-02-19 00:00:00+00:00,-0.006810626882853688,5.279809701354707,-0.08153816896484234,in_sample
2024-02-20 00:00:00+00:00,-0.006417763598501297,5.245925130846339,-0.08743263987067251,in_sample
2024-02-21 00:00:00+00:00,0.00997207476916317,5.298237888484571,-0.07833244992356503,in_sample
2024-02-22 00:00:00+00:00,0.0037019833260826473,5.31785187680536,-0.07492045202099062,in_sample
2024-02-23 00:00:00+00:00,0.004982822752717386,5.344349790132687,-0.07031094460124732,in_sample
2024-02-24 00:00:00+00:00,0.012739612543425838,5.412434735755516,-0.05846706624960363,in_sample
2024-02-25 00:00:00+00:00,-0.010098348074940802,5.357778085860957,-0.06797499353863523,in_sample
2024-02-26 00:00:00+00:00,0.011899253116631476,5.421531643447358,-0.056884592075721274,in_sample
2024-02-27 00:00:00+00:00,-0.0025741439272457096,5.407575840691008,-0.05931230687572142,in_sample
2024-02-28 00:00:00+00:00,0.01804295372269423,5.505144481336555,-0.04233952236117211,in_sample
2024-02-29 00:00:00+00:00,0.0011574640597902248,5.511516488217655,-0.04123106477682359,in_sample
2024-03-01 00:00:00+00:00,0.00320816089130671,5.529198319866946,-0.038155179775040904,in_sample
2024-03-02 00:00:00+00:00,0.010283478874237367,5.586057713980767,-0.02826406888596278,in_sample
2024-03-03 00:00:00+00:00,0.010891056012721948,5.646895781434029,-0.01768083843062529,in_sample
2024-03-04 00:00:00+00:00,0.025488938498738806,5.79082916071579,0.0,in_sample
2024-03-05 00:00:00+00:00,-0.0332498235313665,5.598285113021698,-0.03324982353136652,in_sample
2024-03-06 00:00:00+00:00,0.024543854124134363,5.735688606181015,-0.00952204822563929,in_sample
2024-03-07 00:00:00+00:00,0.011611735017842519,5.802289902420848,0.0,in_sample
2024-03-08 00:00:00+00:00,0.007055038882120673,5.843225283287763,0.0,in_sample
2024-03-09 00:00:00+00:00,0.015522003740270874,5.933923847990201,0.0,in_sample
2024-03-10 00:00:00+00:00,0.006429012410494454,5.972073118051859,0.0,in_sample
2024-03-11 00:00:00+00:00,0.028521446255247874,6.142405280520785,0.0,in_sample
2024-03-12 00:00:00+00:00,0.01599214599500732,6.240635522527378,0.0,in_sample
2024-03-13 00:00:00+00:00,0.008321799004905579,6.292568837008725,0.0,in_sample
2024-03-14 00:00:00+00:00,0.016486623601438974,6.396312050910632,0.0,in_sample
2024-03-15 00:00:00+00:00,0.0004572324630330261,6.399236652423998,0.0,in_sample
2024-03-16 00:00:00+00:00,-0.009590403287784276,6.337865392193281,-0.009590403287784266,in_sample
2024-03-17 00:00:00+00:00,0.01867957263815746,6.45625400915762,0.0,in_sample
2024-03-18 00:00:00+00:00,-0.0008768295807531704,6.450592974661534,-0.0008768295807531912,in_sample
2024-03-19 00:00:00+00:00,-0.010942477629941052,6.380007505336446,-0.01180971252262153,in_sample
2024-03-20 00:00:00+00:00,0.022322711970937867,6.522426575250494,0.0,in_sample
2024-03-21 00:00:00+00:00,-0.024353812037188956,6.363580624410477,-0.024353812037189004,in_sample
2024-03-22 00:00:00+00:00,0.001977419219067001,6.376164091039268,-0.02242455051410197,in_sample
2024-03-23 00:00:00+00:00,0.0021736234555176297,6.39002347086378,-0.020299669587561242,in_sample
2024-03-24 00:00:00+00:00,0.008700375451887187,6.445619074206667,-0.011775908882634911,in_sample
2024-03-25 00:00:00+00:00,0.0014645686748189944,6.455059125992566,-0.010328586835082976,in_sample
2024-03-26 00:00:00+00:00,-0.0011878016635094991,6.44739179602466,-0.011504120185968025,in_sample
2024-03-27 00:00:00+00:00,0.0060010918607887155,6.486083186455099,-0.005572065607192922,in_sample
2024-03-28 00:00:00+00:00,0.001535863658293236,6.496044925905842,-0.004044759881967508,in_sample
2024-03-29 00:00:00+00:00,-0.006378768552532204,6.4546081588166375,-0.010397727847362037,in_sample
2024-03-30 00:00:00+00:00,0.0010650253345304117,6.461482480030243,-0.009343776356410705,in_sample
2024-03-31 00:00:00+00:00,-0.004494858633067068,6.432439029722468,-0.013796636035656729,in_sample
2024-04-01 00:00:00+00:00,-0.014150435764491489,6.341417214423372,-0.027751843388159503,in_sample
2024-04-02 00:00:00+00:00,-0.013768819548896062,6.254103385113714,-0.041138552813294815,in_sample
2024-04-03 00:00:00+00:00,-0.014945877456604294,6.1606303223188705,-0.05546957850080947,in_sample
2024-04-04 00:00:00+00:00,0.0028690422179002634,6.17830543080248,-0.05275968084543714,in_sample
2024-04-05 00:00:00+00:00,-0.0031492960248041724,6.158848118069227,-0.05574282101708494,in_sample
2024-04-06 00:00:00+00:00,-0.011954277480689238,6.085223538704407,-0.06703073334777954,in_sample
2024-04-07 00:00:00+00:00,-0.009301650701729008,6.0286209149054395,-0.07570888758162675,in_sample
2024-04-08 00:00:00+00:00,0.013397409533207939,6.10938881822289,-0.06332578102065345,in_sample
2024-04-09 00:00:00+00:00,-0.01706218502780179,6.005149295799589,-0.07930748985565073,in_sample
2024-04-10 00:00:00+00:00,0.016815834044795256,6.106130889771974,-0.0638252773987773,in_sample
2024-04-11 00:00:00+00:00,0.01852726920682164,6.219260820578869,-0.04648051628852279,in_sample
2024-04-12 00:00:00+00:00,0.018548161759683577,6.334616676304629,-0.02879448266363227,in_sample
2024-04-13 00:00:00+00:00,0.0,6.334616676304629,-0.02879448266363227,in_sample
2024-04-14 00:00:00+00:00,0.0,6.334616676304629,-0.02879448266363227,in_sample
2024-04-15 00:00:00+00:00,0.0,6.334616676304629,-0.02879448266363227,in_sample
2024-04-16 00:00:00+00:00,0.0,6.334616676304629,-0.02879448266363227,in_sample
2024-04-17 00:00:00+00:00,0.0,6.334616676304629,-0.02879448266363227,in_sample
2024-04-18 00:00:00+00:00,0.0,6.334616676304629,-0.02879448266363227,in_sample
2024-04-19 00:00:00+00:00,0.0,6.334616676304629,-0.02879448266363227,in_sample
2024-04-20 00:00:00+00:00,0.0,6.334616676304629,-0.02879448266363227,in_sample
2024-04-21 00:00:00+00:00,0.0,6.334616676304629,-0.02879448266363227,in_sample
2024-04-22 00:00:00+00:00,0.0,6.334616676304629,-0.02879448266363227,in_sample
2024-04-23 00:00:00+00:00,0.0,6.334616676304629,-0.02879448266363227,in_sample
2024-04-24 00:00:00+00:00,0.0,6.334616676304629,-0.02879448266363227,in_sample
2024-04-25 00:00:00+00:00,0.0,6.334616676304629,-0.02879448266363227,in_sample
2024-04-26 00:00:00+00:00,0.0,6.334616676304629,-0.02879448266363227,in_sample
2024-04-27 00:00:00+00:00,0.0,6.334616676304629,-0.02879448266363227,in_sample
2024-04-28 00:00:00+00:00,0.0,6.334616676304629,-0.02879448266363227,in_sample
2024-04-29 00:00:00+00:00,0.0,6.334616676304629,-0.02879448266363227,in_sample
2024-04-30 00:00:00+00:00,0.0,6.334616676304629,-0.02879448266363227,in_sample
2024-05-01 00:00:00+00:00,0.0,6.334616676304629,-0.02879448266363227,in_sample
2024-05-02 00:00:00+00:00,0.0,6.334616676304629,-0.02879448266363227,in_sample
2024-05-03 00:00:00+00:00,0.0,6.334616676304629,-0.02879448266363227,in_sample
2024-05-04 00:00:00+00:00,0.0,6.334616676304629,-0.02879448266363227,in_sample
2024-05-05 00:00:00+00:00,0.0,6.334616676304629,-0.02879448266363227,in_sample
2024-05-06 00:00:00+00:00,0.0,6.334616676304629,-0.02879448266363227,in_sample
2024-05-07 00:00:00+00:00,0.0,6.334616676304629,-0.02879448266363227,in_sample
2024-05-08 00:00:00+00:00,0.0,6.334616676304629,-0.02879448266363227,in_sample
2024-05-09 00:00:00+00:00,0.0,6.334616676304629,-0.02879448266363227,in_sample
2024-05-10 00:00:00+00:00,0.0,6.334616676304629,-0.02879448266363227,in_sample
2024-05-11 00:00:00+00:00,0.0,6.334616676304629,-0.02879448266363227,in_sample
2024-05-12 00:00:00+00:00,0.0,6.334616676304629,-0.02879448266363227,in_sample
2024-05-13 00:00:00+00:00,0.0,6.334616676304629,-0.02879448266363227,in_sample
2024-05-14 00:00:00+00:00,0.0,6.334616676304629,-0.02879448266363227,in_sample
2024-05-15 00:00:00+00:00,0.0,6.334616676304629,-0.02879448266363227,in_sample
2024-05-16 00:00:00+00:00,0.0,6.334616676304629,-0.02879448266363227,in_sample
2024-05-17 00:00:00+00:00,0.0,6.334616676304629,-0.02879448266363227,in_sample
2024-05-18 00:00:00+00:00,0.0,6.334616676304629,-0.02879448266363227,in_sample
2024-05-19 00:00:00+00:00,0.0,6.334616676304629,-0.02879448266363227,in_sample
2024-05-20 00:00:00+00:00,0.0,6.334616676304629,-0.02879448266363227,in_sample
2024-05-21 00:00:00+00:00,0.0,6.334616676304629,-0.02879448266363227,in_sample
2024-05-22 00:00:00+00:00,0.0,6.334616676304629,-0.02879448266363227,in_sample
2024-05-23 00:00:00+00:00,0.0,6.334616676304629,-0.02879448266363227,in_sample
2024-05-24 00:00:00+00:00,0.0,6.334616676304629,-0.02879448266363227,in_sample
2024-05-25 00:00:00+00:00,0.0,6.334616676304629,-0.02879448266363227,in_sample
2024-05-26 00:00:00+00:00,0.0,6.334616676304629,-0.02879448266363227,in_sample
2024-05-27 00:00:00+00:00,0.0,6.334616676304629,-0.02879448266363227,in_sample
2024-05-28 00:00:00+00:00,0.0,6.334616676304629,-0.02879448266363227,in_sample
2024-05-29 00:00:00+00:00,0.0,6.334616676304629,-0.02879448266363227,in_sample
2024-05-30 00:00:00+00:00,0.0,6.334616676304629,-0.02879448266363227,in_sample
2024-05-31 00:00:00+00:00,0.0,6.334616676304629,-0.02879448266363227,in_sample
2024-06-01 00:00:00+00:00,0.0,6.334616676304629,-0.02879448266363227,in_sample
2024-06-02 00:00:00+00:00,0.0,6.334616676304629,-0.02879448266363227,in_sample
2024-06-03 00:00:00+00:00,0.0,6.334616676304629,-0.02879448266363227,in_sample
2024-06-04 00:00:00+00:00,0.0,6.334616676304629,-0.02879448266363227,in_sample
2024-06-05 00:00:00+00:00,0.0,6.334616676304629,-0.02879448266363227,in_sample
2024-06-06 00:00:00+00:00,0.0,6.334616676304629,-0.02879448266363227,in_sample
2024-06-07 00:00:00+00:00,0.0,6.334616676304629,-0.02879448266363227,in_sample
2024-06-08 00:00:00+00:00,0.0,6.334616676304629,-0.02879448266363227,in_sample
2024-06-09 00:00:00+00:00,0.0,6.334616676304629,-0.02879448266363227,in_sample
2024-06-10 00:00:00+00:00,0.0,6.334616676304629,-0.02879448266363227,in_sample
2024-06-11 00:00:00+00:00,0.0,6.334616676304629,-0.02879448266363227,in_sample
2024-06-12 00:00:00+00:00,0.0,6.334616676304629,-0.02879448266363227,in_sample
2024-06-13 00:00:00+00:00,0.0,6.334616676304629,-0.02879448266363227,in_sample
2024-06-14 00:00:00+00:00,0.0,6.334616676304629,-0.02879448266363227,in_sample
2024-06-15 00:00:00+00:00,0.0,6.334616676304629,-0.02879448266363227,in_sample
2024-06-16 00:00:00+00:00,0.0,6.334616676304629,-0.02879448266363227,in_sample
2024-06-17 00:00:00+00:00,0.0,6.334616676304629,-0.02879448266363227,in_sample
2024-06-18 00:00:00+00:00,0.0,6.334616676304629,-0.02879448266363227,in_sample
2024-06-19 00:00:00+00:00,0.0,6.334616676304629,-0.02879448266363227,in_sample
2024-06-20 00:00:00+00:00,0.0,6.334616676304629,-0.02879448266363227,in_sample
2024-06-21 00:00:00+00:00,0.0,6.334616676304629,-0.02879448266363227,in_sample
2024-06-22 00:00:00+00:00,0.0,6.334616676304629,-0.02879448266363227,in_sample
2024-06-23 00:00:00+00:00,0.0,6.334616676304629,-0.02879448266363227,in_sample
2024-06-24 00:00:00+00:00,0.0,6.334616676304629,-0.02879448266363227,in_sample
2024-06-25 00:00:00+00:00,0.0,6.334616676304629,-0.02879448266363227,in_sample
2024-06-26 00:00:00+00:00,0.0,6.334616676304629,-0.02879448266363227,in_sample
2024-06-27 00:00:00+00:00,0.0,6.334616676304629,-0.02879448266363227,in_sample
2024-06-28 00:00:00+00:00,0.0,6.334616676304629,-0.02879448266363227,in_sample
2024-06-29 00:00:00+00:00,0.0,6.334616676304629,-0.02879448266363227,in_sample
2024-06-30 00:00:00+00:00,0.0,6.334616676304629,-0.02879448266363227,in_sample
2024-07-01 00:00:00+00:00,0.0,6.334616676304629,-0.02879448266363227,in_sample
2024-07-02 00:00:00+00:00,0.0,6.334616676304629,-0.02879448266363227,in_sample
2024-07-03 00:00:00+00:00,0.0,6.334616676304629,-0.02879448266363227,in_sample
2024-07-04 00:00:00+00:00,0.0,6.334616676304629,-0.02879448266363227,in_sample
2024-07-05 00:00:00+00:00,0.0,6.334616676304629,-0.02879448266363227,in_sample
2024-07-06 00:00:00+00:00,0.0,6.334616676304629,-0.02879448266363227,in_sample
2024-07-07 00:00:00+00:00,0.0,6.334616676304629,-0.02879448266363227,in_sample
2024-07-08 00:00:00+00:00,0.0,6.334616676304629,-0.02879448266363227,in_sample
2024-07-09 00:00:00+00:00,0.0,6.334616676304629,-0.02879448266363227,in_sample
2024-07-10 00:00:00+00:00,0.0,6.334616676304629,-0.02879448266363227,in_sample
2024-07-11 00:00:00+00:00,0.0,6.334616676304629,-0.02879448266363227,in_sample
2024-07-12 00:00:00+00:00,0.0,6.334616676304629,-0.02879448266363227,in_sample
2024-07-13 00:00:00+00:00,0.0,6.334616676304629,-0.02879448266363227,in_sample
2024-07-14 00:00:00+00:00,0.0,6.334616676304629,-0.02879448266363227,in_sample
2024-07-15 00:00:00+00:00,0.0,6.334616676304629,-0.02879448266363227,in_sample
2024-07-16 00:00:00+00:00,0.0,6.334616676304629,-0.02879448266363227,in_sample
2024-07-17 00:00:00+00:00,0.0,6.334616676304629,-0.02879448266363227,in_sample
2024-07-18 00:00:00+00:00,0.0,6.334616676304629,-0.02879448266363227,in_sample
2024-07-19 00:00:00+00:00,0.0,6.334616676304629,-0.02879448266363227,in_sample
2024-07-20 00:00:00+00:00,0.0,6.334616676304629,-0.02879448266363227,in_sample
2024-07-21 00:00:00+00:00,0.0,6.334616676304629,-0.02879448266363227,in_sample
2024-07-22 00:00:00+00:00,0.0,6.334616676304629,-0.02879448266363227,in_sample
2024-07-23 00:00:00+00:00,0.0,6.334616676304629,-0.02879448266363227,in_sample
2024-07-24 00:00:00+00:00,0.0,6.334616676304629,-0.02879448266363227,in_sample
2024-07-25 00:00:00+00:00,0.0,6.334616676304629,-0.02879448266363227,in_sample
2024-07-26 00:00:00+00:00,0.0,6.334616676304629,-0.02879448266363227,in_sample
2024-07-27 00:00:00+00:00,0.0,6.334616676304629,-0.02879448266363227,in_sample
2024-07-28 00:00:00+00:00,0.0,6.334616676304629,-0.02879448266363227,in_sample
2024-07-29 00:00:00+00:00,0.0,6.334616676304629,-0.02879448266363227,in_sample
2024-07-30 00:00:00+00:00,0.0,6.334616676304629,-0.02879448266363227,in_sample
2024-07-31 00:00:00+00:00,0.0,6.334616676304629,-0.02879448266363227,in_sample
2024-08-01 00:00:00+00:00,0.0,6.334616676304629,-0.02879448266363227,in_sample
2024-08-02 00:00:00+00:00,0.0,6.334616676304629,-0.02879448266363227,in_sample
2024-08-03 00:00:00+00:00,0.0,6.334616676304629,-0.02879448266363227,in_sample
2024-08-04 00:00:00+00:00,0.0,6.334616676304629,-0.02879448266363227,in_sample
2024-08-05 00:00:00+00:00,0.0,6.334616676304629,-0.02879448266363227,in_sample
2024-08-06 00:00:00+00:00,0.0,6.334616676304629,-0.02879448266363227,in_sample
2024-08-07 00:00:00+00:00,0.0,6.334616676304629,-0.02879448266363227,in_sample
2024-08-08 00:00:00+00:00,0.0,6.334616676304629,-0.02879448266363227,in_sample
2024-08-09 00:00:00+00:00,0.0,6.334616676304629,-0.02879448266363227,in_sample
2024-08-10 00:00:00+00:00,0.0,6.334616676304629,-0.02879448266363227,in_sample
2024-08-11 00:00:00+00:00,0.0,6.334616676304629,-0.02879448266363227,in_sample
2024-08-12 00:00:00+00:00,0.0,6.334616676304629,-0.02879448266363227,in_sample
2024-08-13 00:00:00+00:00,0.0,6.334616676304629,-0.02879448266363227,in_sample
2024-08-14 00:00:00+00:00,0.0,6.334616676304629,-0.02879448266363227,in_sample
2024-08-15 00:00:00+00:00,0.0,6.334616676304629,-0.02879448266363227,in_sample
2024-08-16 00:00:00+00:00,0.0,6.334616676304629,-0.02879448266363227,in_sample
2024-08-17 00:00:00+00:00,0.0,6.334616676304629,-0.02879448266363227,in_sample
2024-08-18 00:00:00+00:00,0.0,6.334616676304629,-0.02879448266363227,in_sample
2024-08-19 00:00:00+00:00,0.0,6.334616676304629,-0.02879448266363227,in_sample
2024-08-20 00:00:00+00:00,0.0,6.334616676304629,-0.02879448266363227,in_sample
2024-08-21 00:00:00+00:00,0.0,6.334616676304629,-0.02879448266363227,in_sample
2024-08-22 00:00:00+00:00,0.0,6.334616676304629,-0.02879448266363227,in_sample
2024-08-23 00:00:00+00:00,0.0,6.334616676304629,-0.02879448266363227,in_sample
2024-08-24 00:00:00+00:00,0.0,6.334616676304629,-0.02879448266363227,in_sample
2024-08-25 00:00:00+00:00,0.0,6.334616676304629,-0.02879448266363227,in_sample
2024-08-26 00:00:00+00:00,0.0,6.334616676304629,-0.02879448266363227,in_sample
2024-08-27 00:00:00+00:00,0.0,6.334616676304629,-0.02879448266363227,in_sample
2024-08-28 00:00:00+00:00,0.0,6.334616676304629,-0.02879448266363227,in_sample
2024-08-29 00:00:00+00:00,0.0,6.334616676304629,-0.02879448266363227,in_sample
2024-08-30 00:00:00+00:00,0.0,6.334616676304629,-0.02879448266363227,in_sample
2024-08-31 00:00:00+00:00,0.0,6.334616676304629,-0.02879448266363227,in_sample
2024-09-01 00:00:00+00:00,0.0,6.334616676304629,-0.02879448266363227,in_sample
2024-09-02 00:00:00+00:00,0.0,6.334616676304629,-0.02879448266363227,in_sample
2024-09-03 00:00:00+00:00,0.0,6.334616676304629,-0.02879448266363227,in_sample
2024-09-04 00:00:00+00:00,0.0,6.334616676304629,-0.02879448266363227,in_sample
2024-09-05 00:00:00+00:00,0.0,6.334616676304629,-0.02879448266363227,in_sample
2024-09-06 00:00:00+00:00,0.0,6.334616676304629,-0.02879448266363227,in_sample
2024-09-07 00:00:00+00:00,0.0,6.334616676304629,-0.02879448266363227,in_sample
2024-09-08 00:00:00+00:00,0.0,6.334616676304629,-0.02879448266363227,in_sample
2024-09-09 00:00:00+00:00,0.0,6.334616676304629,-0.02879448266363227,in_sample
2024-09-10 00:00:00+00:00,0.0,6.334616676304629,-0.02879448266363227,in_sample
2024-09-11 00:00:00+00:00,0.0,6.334616676304629,-0.02879448266363227,in_sample
2024-09-12 00:00:00+00:00,0.0,6.334616676304629,-0.02879448266363227,in_sample
2024-09-13 00:00:00+00:00,0.0,6.334616676304629,-0.02879448266363227,in_sample
2024-09-14 00:00:00+00:00,0.0,6.334616676304629,-0.02879448266363227,in_sample
2024-09-15 00:00:00+00:00,0.0,6.334616676304629,-0.02879448266363227,in_sample
2024-09-16 00:00:00+00:00,0.0,6.334616676304629,-0.02879448266363227,in_sample
2024-09-17 00:00:00+00:00,0.0,6.334616676304629,-0.02879448266363227,in_sample
2024-09-18 00:00:00+00:00,0.0,6.334616676304629,-0.02879448266363227,in_sample
2024-09-19 00:00:00+00:00,0.0,6.334616676304629,-0.02879448266363227,in_sample
2024-09-20 00:00:00+00:00,0.0,6.334616676304629,-0.02879448266363227,in_sample
2024-09-21 00:00:00+00:00,0.0,6.334616676304629,-0.02879448266363227,in_sample
2024-09-22 00:00:00+00:00,0.0,6.334616676304629,-0.02879448266363227,in_sample
2024-09-23 00:00:00+00:00,0.0,6.334616676304629,-0.02879448266363227,in_sample
2024-09-24 00:00:00+00:00,0.0,6.334616676304629,-0.02879448266363227,in_sample
2024-09-25 00:00:00+00:00,0.0,6.334616676304629,-0.02879448266363227,in_sample
2024-09-26 00:00:00+00:00,0.0,6.334616676304629,-0.02879448266363227,in_sample
2024-09-27 00:00:00+00:00,0.0,6.334616676304629,-0.02879448266363227,in_sample
2024-09-28 00:00:00+00:00,0.0,6.334616676304629,-0.02879448266363227,in_sample
2024-09-29 00:00:00+00:00,0.0,6.334616676304629,-0.02879448266363227,in_sample
2024-09-30 00:00:00+00:00,0.0,6.334616676304629,-0.02879448266363227,in_sample
2024-10-01 00:00:00+00:00,0.0,6.334616676304629,-0.02879448266363227,in_sample
2024-10-02 00:00:00+00:00,0.0,6.334616676304629,-0.02879448266363227,in_sample
2024-10-03 00:00:00+00:00,0.0,6.334616676304629,-0.02879448266363227,in_sample
2024-10-04 00:00:00+00:00,0.0,6.334616676304629,-0.02879448266363227,in_sample
2024-10-05 00:00:00+00:00,0.0,6.334616676304629,-0.02879448266363227,in_sample
2024-10-06 00:00:00+00:00,0.0,6.334616676304629,-0.02879448266363227,in_sample
2024-10-07 00:00:00+00:00,0.0,6.334616676304629,-0.02879448266363227,in_sample
2024-10-08 00:00:00+00:00,0.0,6.334616676304629,-0.02879448266363227,in_sample
2024-10-09 00:00:00+00:00,0.0,6.334616676304629,-0.02879448266363227,in_sample
2024-10-10 00:00:00+00:00,0.0,6.334616676304629,-0.02879448266363227,in_sample
2024-10-11 00:00:00+00:00,0.0,6.334616676304629,-0.02879448266363227,in_sample
2024-10-12 00:00:00+00:00,0.0,6.334616676304629,-0.02879448266363227,in_sample
2024-10-13 00:00:00+00:00,0.0,6.334616676304629,-0.02879448266363227,in_sample
2024-10-14 00:00:00+00:00,0.0,6.334616676304629,-0.02879448266363227,in_sample
2024-10-15 00:00:00+00:00,0.0,6.334616676304629,-0.02879448266363227,in_sample
2024-10-16 00:00:00+00:00,0.0,6.334616676304629,-0.02879448266363227,in_sample
2024-10-17 00:00:00+00:00,0.0,6.334616676304629,-0.02879448266363227,in_sample
2024-10-18 00:00:00+00:00,0.0,6.334616676304629,-0.02879448266363227,in_sample
2024-10-19 00:00:00+00:00,0.0,6.334616676304629,-0.02879448266363227,in_sample
2024-10-20 00:00:00+00:00,0.0,6.334616676304629,-0.02879448266363227,in_sample
2024-10-21 00:00:00+00:00,0.0,6.334616676304629,-0.02879448266363227,in_sample
2024-10-22 00:00:00+00:00,0.0,6.334616676304629,-0.02879448266363227,in_sample
2024-10-23 00:00:00+00:00,0.0,6.334616676304629,-0.02879448266363227,in_sample
2024-10-24 00:00:00+00:00,0.0,6.334616676304629,-0.02879448266363227,in_sample
2024-10-25 00:00:00+00:00,0.0,6.334616676304629,-0.02879448266363227,in_sample
2024-10-26 00:00:00+00:00,0.0,6.334616676304629,-0.02879448266363227,in_sample
2024-10-27 00:00:00+00:00,0.0,6.334616676304629,-0.02879448266363227,in_sample
2024-10-28 00:00:00+00:00,0.0,6.334616676304629,-0.02879448266363227,in_sample
2024-10-29 00:00:00+00:00,0.0,6.334616676304629,-0.02879448266363227,in_sample
2024-10-30 00:00:00+00:00,0.0,6.334616676304629,-0.02879448266363227,in_sample
2024-10-31 00:00:00+00:00,0.0,6.334616676304629,-0.02879448266363227,in_sample
2024-11-01 00:00:00+00:00,0.0,6.334616676304629,-0.02879448266363227,in_sample
2024-11-02 00:00:00+00:00,0.0,6.334616676304629,-0.02879448266363227,in_sample
2024-11-03 00:00:00+00:00,0.0,6.334616676304629,-0.02879448266363227,in_sample
2024-11-04 00:00:00+00:00,0.0,6.334616676304629,-0.02879448266363227,in_sample
2024-11-05 00:00:00+00:00,0.0,6.334616676304629,-0.02879448266363227,in_sample
2024-11-06 00:00:00+00:00,0.0,6.334616676304629,-0.02879448266363227,in_sample
2024-11-07 00:00:00+00:00,0.0,6.334616676304629,-0.02879448266363227,in_sample
2024-11-08 00:00:00+00:00,0.0,6.334616676304629,-0.02879448266363227,in_sample
2024-11-09 00:00:00+00:00,0.0,6.334616676304629,-0.02879448266363227,in_sample
2024-11-10 00:00:00+00:00,0.0,6.334616676304629,-0.02879448266363227,in_sample
2024-11-11 00:00:00+00:00,0.0,6.334616676304629,-0.02879448266363227,in_sample
2024-11-12 00:00:00+00:00,0.0,6.334616676304629,-0.02879448266363227,in_sample
2024-11-13 00:00:00+00:00,0.0,6.334616676304629,-0.02879448266363227,in_sample
2024-11-14 00:00:00+00:00,0.0,6.334616676304629,-0.02879448266363227,in_sample
2024-11-15 00:00:00+00:00,0.0,6.334616676304629,-0.02879448266363227,in_sample
2024-11-16 00:00:00+00:00,0.0,6.334616676304629,-0.02879448266363227,in_sample
2024-11-17 00:00:00+00:00,0.0,6.334616676304629,-0.02879448266363227,in_sample
2024-11-18 00:00:00+00:00,0.0,6.334616676304629,-0.02879448266363227,in_sample
2024-11-19 00:00:00+00:00,0.0,6.334616676304629,-0.02879448266363227,in_sample
2024-11-20 00:00:00+00:00,0.0,6.334616676304629,-0.02879448266363227,in_sample
2024-11-21 00:00:00+00:00,0.0,6.334616676304629,-0.02879448266363227,in_sample
2024-11-22 00:00:00+00:00,0.0,6.334616676304629,-0.02879448266363227,in_sample
2024-11-23 00:00:00+00:00,0.0,6.334616676304629,-0.02879448266363227,in_sample
2024-11-24 00:00:00+00:00,0.0,6.334616676304629,-0.02879448266363227,in_sample
2024-11-25 00:00:00+00:00,0.0,6.334616676304629,-0.02879448266363227,in_sample
2024-11-26 00:00:00+00:00,0.0,6.334616676304629,-0.02879448266363227,in_sample
2024-11-27 00:00:00+00:00,-0.00095,6.32859879046214,-0.029717127905101837,in_sample
2024-11-28 00:00:00+00:00,0.002812292223337421,6.346396659625179,-0.026988408929471852,in_sample
2024-11-29 00:00:00+00:00,0.00423561842270701,6.373277574234494,-0.022867103108826003,in_sample
2024-11-30 00:00:00+00:00,-0.007427738487336956,6.325938535105871,-0.030124990734307633,in_sample
2024-12-01 00:00:00+00:00,-0.004942529212422042,6.294672399100124,-0.03491862630000142,in_sample
2024-12-02 00:00:00+00:00,0.030576992077063724,6.48714454717512,-0.005409340782654759,in_sample
2024-12-03 00:00:00+00:00,0.001534290984076834,6.497097714566253,-0.0038833493013706866,in_sample
2024-12-04 00:00:00+00:00,-0.013483219976055087,6.409495916874832,-0.017314209224551513,in_sample
2024-12-05 00:00:00+00:00,-0.005210050509416958,6.376102119408013,-0.022434051829377855,in_sample
2024-12-06 00:00:00+00:00,-0.014310140809120393,6.284859200265953,-0.03642315819790076,in_sample
2024-12-07 00:00:00+00:00,-0.02867055170199476,6.104668819624971,-0.06404943785963269,in_sample
2024-12-08 00:00:00+00:00,0.0036136820154103735,6.126729151548487,-0.06066721014591259,in_sample
2024-12-09 00:00:00+00:00,0.005933882996773884,6.1630844454866995,-0.05509331927588523,in_sample
2024-12-10 00:00:00+00:00,0.00926031907733457,6.2201565739524645,-0.046343181914074716,in_sample
2024-12-11 00:00:00+00:00,-0.00464600252945533,6.191257710776273,-0.05077387390313437,in_sample
2024-12-12 00:00:00+00:00,-0.0014049312978492946,6.1825594190453526,-0.05210747139642402,in_sample
2024-12-13 00:00:00+00:00,0.010949378778971315,6.250254603947978,-0.04172863705898644,in_sample
2024-12-14 00:00:00+00:00,0.004364193888463048,6.277531926891866,-0.037546555033350026,in_sample
2024-12-15 00:00:00+00:00,-0.003954084943686996,6.252710032416228,-0.041352177709092386,in_sample
2024-12-16 00:00:00+00:00,0.0149282684048093,6.346052166037582,-0.027041225712247763,in_sample
2024-12-17 00:00:00+00:00,0.0161669204986278,6.448648286886057,-0.011311478559895227,in_sample
2024-12-18 00:00:00+00:00,-0.0003635884154809003,6.446303633073434,-0.01167095425280984,in_sample
2024-12-19 00:00:00+00:00,-0.005476631764983997,6.410999601829812,-0.017083668499005222,in_sample
2024-12-20 00:00:00+00:00,-0.003539171193437627,6.388309976717876,-0.02056237766501301,in_sample
2024-12-21 00:00:00+00:00,-0.000599991774900997,6.384477043276327,-0.021150032182442602,in_sample
2024-12-22 00:00:00+00:00,0.0,6.384477043276327,-0.021150032182442602,in_sample
2024-12-23 00:00:00+00:00,0.0,6.384477043276327,-0.021150032182442602,in_sample
2024-12-24 00:00:00+00:00,0.0,6.384477043276327,-0.021150032182442602,in_sample
2024-12-25 00:00:00+00:00,0.0,6.384477043276327,-0.021150032182442602,in_sample
2024-12-26 00:00:00+00:00,0.0,6.384477043276327,-0.021150032182442602,in_sample
2024-12-27 00:00:00+00:00,0.0,6.384477043276327,-0.021150032182442602,in_sample
2024-12-28 00:00:00+00:00,0.0,6.384477043276327,-0.021150032182442602,in_sample
2024-12-29 00:00:00+00:00,0.0,6.384477043276327,-0.021150032182442602,in_sample
2024-12-30 00:00:00+00:00,0.0,6.384477043276327,-0.021150032182442602,in_sample
2024-12-31 00:00:00+00:00,0.0,6.384477043276327,-0.021150032182442602,in_sample
2025-01-01 00:00:00+00:00,0.0,6.384477043276327,-0.021150032182442602,out_of_sample
2025-01-02 00:00:00+00:00,0.0,6.384477043276327,-0.021150032182442602,out_of_sample
2025-01-03 00:00:00+00:00,0.0,6.384477043276327,-0.021150032182442602,out_of_sample
2025-01-04 00:00:00+00:00,0.0,6.384477043276327,-0.021150032182442602,out_of_sample
2025-01-05 00:00:00+00:00,0.0,6.384477043276327,-0.021150032182442602,out_of_sample
2025-01-06 00:00:00+00:00,0.0,6.384477043276327,-0.021150032182442602,out_of_sample
2025-01-07 00:00:00+00:00,0.0,6.384477043276327,-0.021150032182442602,out_of_sample
2025-01-08 00:00:00+00:00,0.0,6.384477043276327,-0.021150032182442602,out_of_sample
2025-01-09 00:00:00+00:00,0.0,6.384477043276327,-0.021150032182442602,out_of_sample
2025-01-10 00:00:00+00:00,0.0,6.384477043276327,-0.021150032182442602,out_of_sample
2025-01-11 00:00:00+00:00,0.0,6.384477043276327,-0.021150032182442602,out_of_sample
2025-01-12 00:00:00+00:00,0.0,6.384477043276327,-0.021150032182442602,out_of_sample
2025-01-13 00:00:00+00:00,0.0,6.384477043276327,-0.021150032182442602,out_of_sample
2025-01-14 00:00:00+00:00,0.0,6.384477043276327,-0.021150032182442602,out_of_sample
2025-01-15 00:00:00+00:00,0.0,6.384477043276327,-0.021150032182442602,out_of_sample
2025-01-16 00:00:00+00:00,0.0,6.384477043276327,-0.021150032182442602,out_of_sample
2025-01-17 00:00:00+00:00,0.0,6.384477043276327,-0.021150032182442602,out_of_sample
2025-01-18 00:00:00+00:00,0.0,6.384477043276327,-0.021150032182442602,out_of_sample
2025-01-19 00:00:00+00:00,0.0,6.384477043276327,-0.021150032182442602,out_of_sample
2025-01-20 00:00:00+00:00,0.0,6.384477043276327,-0.021150032182442602,out_of_sample
2025-01-21 00:00:00+00:00,0.0,6.384477043276327,-0.021150032182442602,out_of_sample
2025-01-22 00:00:00+00:00,0.0,6.384477043276327,-0.021150032182442602,out_of_sample
2025-01-23 00:00:00+00:00,0.0,6.384477043276327,-0.021150032182442602,out_of_sample
2025-01-24 00:00:00+00:00,0.0,6.384477043276327,-0.021150032182442602,out_of_sample
2025-01-25 00:00:00+00:00,0.0,6.384477043276327,-0.021150032182442602,out_of_sample
2025-01-26 00:00:00+00:00,0.0,6.384477043276327,-0.021150032182442602,out_of_sample
2025-01-27 00:00:00+00:00,0.0,6.384477043276327,-0.021150032182442602,out_of_sample
2025-01-28 00:00:00+00:00,0.0,6.384477043276327,-0.021150032182442602,out_of_sample
2025-01-29 00:00:00+00:00,0.0,6.384477043276327,-0.021150032182442602,out_of_sample
2025-01-30 00:00:00+00:00,0.0,6.384477043276327,-0.021150032182442602,out_of_sample
2025-01-31 00:00:00+00:00,0.0,6.384477043276327,-0.021150032182442602,out_of_sample
2025-02-01 00:00:00+00:00,0.0,6.384477043276327,-0.021150032182442602,out_of_sample
2025-02-02 00:00:00+00:00,0.0,6.384477043276327,-0.021150032182442602,out_of_sample
2025-02-03 00:00:00+00:00,0.0,6.384477043276327,-0.021150032182442602,out_of_sample
2025-02-04 00:00:00+00:00,0.0,6.384477043276327,-0.021150032182442602,out_of_sample
2025-02-05 00:00:00+00:00,0.0,6.384477043276327,-0.021150032182442602,out_of_sample
2025-02-06 00:00:00+00:00,0.0,6.384477043276327,-0.021150032182442602,out_of_sample
2025-02-07 00:00:00+00:00,0.0,6.384477043276327,-0.021150032182442602,out_of_sample
2025-02-08 00:00:00+00:00,0.0,6.384477043276327,-0.021150032182442602,out_of_sample
2025-02-09 00:00:00+00:00,0.0,6.384477043276327,-0.021150032182442602,out_of_sample
2025-02-10 00:00:00+00:00,0.0,6.384477043276327,-0.021150032182442602,out_of_sample
2025-02-11 00:00:00+00:00,0.0,6.384477043276327,-0.021150032182442602,out_of_sample
2025-02-12 00:00:00+00:00,0.0,6.384477043276327,-0.021150032182442602,out_of_sample
2025-02-13 00:00:00+00:00,0.0,6.384477043276327,-0.021150032182442602,out_of_sample
2025-02-14 00:00:00+00:00,0.0,6.384477043276327,-0.021150032182442602,out_of_sample
2025-02-15 00:00:00+00:00,0.0,6.384477043276327,-0.021150032182442602,out_of_sample
2025-02-16 00:00:00+00:00,0.0,6.384477043276327,-0.021150032182442602,out_of_sample
2025-02-17 00:00:00+00:00,0.0,6.384477043276327,-0.021150032182442602,out_of_sample
2025-02-18 00:00:00+00:00,0.0,6.384477043276327,-0.021150032182442602,out_of_sample
2025-02-19 00:00:00+00:00,0.0,6.384477043276327,-0.021150032182442602,out_of_sample
2025-02-20 00:00:00+00:00,0.0,6.384477043276327,-0.021150032182442602,out_of_sample
2025-02-21 00:00:00+00:00,0.0,6.384477043276327,-0.021150032182442602,out_of_sample
2025-02-22 00:00:00+00:00,0.0,6.384477043276327,-0.021150032182442602,out_of_sample
2025-02-23 00:00:00+00:00,0.0,6.384477043276327,-0.021150032182442602,out_of_sample
2025-02-24 00:00:00+00:00,0.0,6.384477043276327,-0.021150032182442602,out_of_sample
2025-02-25 00:00:00+00:00,0.0,6.384477043276327,-0.021150032182442602,out_of_sample
2025-02-26 00:00:00+00:00,0.0,6.384477043276327,-0.021150032182442602,out_of_sample
2025-02-27 00:00:00+00:00,0.0,6.384477043276327,-0.021150032182442602,out_of_sample
2025-02-28 00:00:00+00:00,0.0,6.384477043276327,-0.021150032182442602,out_of_sample
2025-03-01 00:00:00+00:00,0.0,6.384477043276327,-0.021150032182442602,out_of_sample
2025-03-02 00:00:00+00:00,0.0,6.384477043276327,-0.021150032182442602,out_of_sample
2025-03-03 00:00:00+00:00,0.0,6.384477043276327,-0.021150032182442602,out_of_sample
2025-03-04 00:00:00+00:00,0.0,6.384477043276327,-0.021150032182442602,out_of_sample
2025-03-05 00:00:00+00:00,0.0,6.384477043276327,-0.021150032182442602,out_of_sample
2025-03-06 00:00:00+00:00,0.0,6.384477043276327,-0.021150032182442602,out_of_sample
2025-03-07 00:00:00+00:00,0.0,6.384477043276327,-0.021150032182442602,out_of_sample
2025-03-08 00:00:00+00:00,0.0,6.384477043276327,-0.021150032182442602,out_of_sample
2025-03-09 00:00:00+00:00,0.0,6.384477043276327,-0.021150032182442602,out_of_sample
2025-03-10 00:00:00+00:00,0.0,6.384477043276327,-0.021150032182442602,out_of_sample
2025-03-11 00:00:00+00:00,0.0,6.384477043276327,-0.021150032182442602,out_of_sample
2025-03-12 00:00:00+00:00,0.0,6.384477043276327,-0.021150032182442602,out_of_sample
2025-03-13 00:00:00+00:00,0.0,6.384477043276327,-0.021150032182442602,out_of_sample
2025-03-14 00:00:00+00:00,0.0,6.384477043276327,-0.021150032182442602,out_of_sample
2025-03-15 00:00:00+00:00,0.0,6.384477043276327,-0.021150032182442602,out_of_sample
2025-03-16 00:00:00+00:00,0.0,6.384477043276327,-0.021150032182442602,out_of_sample
2025-03-17 00:00:00+00:00,0.0,6.384477043276327,-0.021150032182442602,out_of_sample
2025-03-18 00:00:00+00:00,0.0,6.384477043276327,-0.021150032182442602,out_of_sample
2025-03-19 00:00:00+00:00,0.0,6.384477043276327,-0.021150032182442602,out_of_sample
2025-03-20 00:00:00+00:00,0.0,6.384477043276327,-0.021150032182442602,out_of_sample
2025-03-21 00:00:00+00:00,0.0,6.384477043276327,-0.021150032182442602,out_of_sample
2025-03-22 00:00:00+00:00,0.0,6.384477043276327,-0.021150032182442602,out_of_sample
2025-03-23 00:00:00+00:00,0.0,6.384477043276327,-0.021150032182442602,out_of_sample
2025-03-24 00:00:00+00:00,0.0,6.384477043276327,-0.021150032182442602,out_of_sample
2025-03-25 00:00:00+00:00,0.0,6.384477043276327,-0.021150032182442602,out_of_sample
2025-03-26 00:00:00+00:00,0.0,6.384477043276327,-0.021150032182442602,out_of_sample
2025-03-27 00:00:00+00:00,0.0,6.384477043276327,-0.021150032182442602,out_of_sample
2025-03-28 00:00:00+00:00,0.0,6.384477043276327,-0.021150032182442602,out_of_sample
2025-03-29 00:00:00+00:00,0.0,6.384477043276327,-0.021150032182442602,out_of_sample
2025-03-30 00:00:00+00:00,0.0,6.384477043276327,-0.021150032182442602,out_of_sample
2025-03-31 00:00:00+00:00,0.0,6.384477043276327,-0.021150032182442602,out_of_sample
2025-04-01 00:00:00+00:00,0.0,6.384477043276327,-0.021150032182442602,out_of_sample
2025-04-02 00:00:00+00:00,0.0,6.384477043276327,-0.021150032182442602,out_of_sample
2025-04-03 00:00:00+00:00,0.0,6.384477043276327,-0.021150032182442602,out_of_sample
2025-04-04 00:00:00+00:00,0.0,6.384477043276327,-0.021150032182442602,out_of_sample
2025-04-05 00:00:00+00:00,0.0,6.384477043276327,-0.021150032182442602,out_of_sample
2025-04-06 00:00:00+00:00,0.0,6.384477043276327,-0.021150032182442602,out_of_sample
2025-04-07 00:00:00+00:00,0.0,6.384477043276327,-0.021150032182442602,out_of_sample
2025-04-08 00:00:00+00:00,0.0,6.384477043276327,-0.021150032182442602,out_of_sample
2025-04-09 00:00:00+00:00,0.0,6.384477043276327,-0.021150032182442602,out_of_sample
2025-04-10 00:00:00+00:00,0.0,6.384477043276327,-0.021150032182442602,out_of_sample
2025-04-11 00:00:00+00:00,0.0,6.384477043276327,-0.021150032182442602,out_of_sample
2025-04-12 00:00:00+00:00,0.0,6.384477043276327,-0.021150032182442602,out_of_sample
2025-04-13 00:00:00+00:00,0.0,6.384477043276327,-0.021150032182442602,out_of_sample
2025-04-14 00:00:00+00:00,0.0,6.384477043276327,-0.021150032182442602,out_of_sample
2025-04-15 00:00:00+00:00,0.0,6.384477043276327,-0.021150032182442602,out_of_sample
2025-04-16 00:00:00+00:00,0.0,6.384477043276327,-0.021150032182442602,out_of_sample
2025-04-17 00:00:00+00:00,0.0,6.384477043276327,-0.021150032182442602,out_of_sample
2025-04-18 00:00:00+00:00,0.0,6.384477043276327,-0.021150032182442602,out_of_sample
2025-04-19 00:00:00+00:00,0.0,6.384477043276327,-0.021150032182442602,out_of_sample
2025-04-20 00:00:00+00:00,0.0,6.384477043276327,-0.021150032182442602,out_of_sample
2025-04-21 00:00:00+00:00,0.0,6.384477043276327,-0.021150032182442602,out_of_sample
2025-04-22 00:00:00+00:00,0.0,6.384477043276327,-0.021150032182442602,out_of_sample
2025-04-23 00:00:00+00:00,0.0,6.384477043276327,-0.021150032182442602,out_of_sample
2025-04-24 00:00:00+00:00,0.0,6.384477043276327,-0.021150032182442602,out_of_sample
2025-04-25 00:00:00+00:00,0.0,6.384477043276327,-0.021150032182442602,out_of_sample
2025-04-26 00:00:00+00:00,0.0,6.384477043276327,-0.021150032182442602,out_of_sample
2025-04-27 00:00:00+00:00,0.0,6.384477043276327,-0.021150032182442602,out_of_sample
2025-04-28 00:00:00+00:00,0.0,6.384477043276327,-0.021150032182442602,out_of_sample
2025-04-29 00:00:00+00:00,0.0,6.384477043276327,-0.021150032182442602,out_of_sample
2025-04-30 00:00:00+00:00,0.0,6.384477043276327,-0.021150032182442602,out_of_sample
2025-05-01 00:00:00+00:00,0.0,6.384477043276327,-0.021150032182442602,out_of_sample
2025-05-02 00:00:00+00:00,0.0,6.384477043276327,-0.021150032182442602,out_of_sample
2025-05-03 00:00:00+00:00,0.0,6.384477043276327,-0.021150032182442602,out_of_sample
2025-05-04 00:00:00+00:00,0.0,6.384477043276327,-0.021150032182442602,out_of_sample
2025-05-05 00:00:00+00:00,0.0,6.384477043276327,-0.021150032182442602,out_of_sample
2025-05-06 00:00:00+00:00,0.0,6.384477043276327,-0.021150032182442602,out_of_sample
2025-05-07 00:00:00+00:00,0.0,6.384477043276327,-0.021150032182442602,out_of_sample
2025-05-08 00:00:00+00:00,0.0,6.384477043276327,-0.021150032182442602,out_of_sample
2025-05-09 00:00:00+00:00,-0.00095,6.378411790085214,-0.022079939651869385,out_of_sample
2025-05-10 00:00:00+00:00,0.015598377333530738,6.477904663975604,-0.006825973548530095,out_of_sample
2025-05-11 00:00:00+00:00,-0.005062454406763518,6.4451105669628665,-0.011853871775422409,out_of_sample
2025-05-12 00:00:00+00:00,-0.006202736382597495,6.405133245159303,-0.017983081716283822,out_of_sample
2025-05-13 00:00:00+00:00,-0.010265219358497162,6.33938314737734,-0.028063700796221447,out_of_sample
2025-05-14 00:00:00+00:00,0.006764679687708465,6.382267043787006,-0.021488863055251106,out_of_sample
2025-05-15 00:00:00+00:00,0.01712891167609965,6.491588332273316,-0.004728032216444467,out_of_sample
2025-05-16 00:00:00+00:00,0.0018807756390885897,6.503797553467647,-0.00285614894516939,out_of_sample
2025-05-17 00:00:00+00:00,0.005504079612894979,6.539594972988084,0.0,out_of_sample
2025-05-18 00:00:00+00:00,-0.002287791924259673,6.524633740420953,-0.0022877919242596523,out_of_sample
2025-05-19 00:00:00+00:00,0.0005668139861116524,6.52833199407928,-0.0017222746906079278,out_of_sample
2025-05-20 00:00:00+00:00,-0.004640417740803731,6.498037806476098,-0.006354700357382725,out_of_sample
2025-05-21 00:00:00+00:00,0.00848643046323172,6.553182952468209,0.0,out_of_sample
2025-05-22 00:00:00+00:00,2.649164408812226e-05,6.55335655705863,0.0,out_of_sample
2025-05-23 00:00:00+00:00,0.005753793193944153,6.591063215414124,0.0,out_of_sample
2025-05-24 00:00:00+00:00,-0.003173875635275936,6.570144000464158,-0.0031738756352759356,out_of_sample
2025-05-25 00:00:00+00:00,0.01543600772516023,6.6715607940107375,0.0,out_of_sample
2025-05-26 00:00:00+00:00,0.0018582553959686234,6.683958257855742,0.0,out_of_sample
2025-05-27 00:00:00+00:00,0.0,6.683958257855742,0.0,out_of_sample
2025-05-28 00:00:00+00:00,0.0,6.683958257855742,0.0,out_of_sample
2025-05-29 00:00:00+00:00,0.0,6.683958257855742,0.0,out_of_sample
2025-05-30 00:00:00+00:00,0.0,6.683958257855742,0.0,out_of_sample
2025-05-31 00:00:00+00:00,0.0,6.683958257855742,0.0,out_of_sample
2025-06-01 00:00:00+00:00,0.0,6.683958257855742,0.0,out_of_sample
2025-06-02 00:00:00+00:00,0.0,6.683958257855742,0.0,out_of_sample
2025-06-03 00:00:00+00:00,0.0,6.683958257855742,0.0,out_of_sample
2025-06-04 00:00:00+00:00,0.0,6.683958257855742,0.0,out_of_sample
2025-06-05 00:00:00+00:00,0.0,6.683958257855742,0.0,out_of_sample
2025-06-06 00:00:00+00:00,0.0,6.683958257855742,0.0,out_of_sample
2025-06-07 00:00:00+00:00,0.0,6.683958257855742,0.0,out_of_sample
2025-06-08 00:00:00+00:00,0.0,6.683958257855742,0.0,out_of_sample
2025-06-09 00:00:00+00:00,0.0,6.683958257855742,0.0,out_of_sample
2025-06-10 00:00:00+00:00,0.0,6.683958257855742,0.0,out_of_sample
2025-06-11 00:00:00+00:00,0.0,6.683958257855742,0.0,out_of_sample
2025-06-12 00:00:00+00:00,0.0,6.683958257855742,0.0,out_of_sample
2025-06-13 00:00:00+00:00,0.0,6.683958257855742,0.0,out_of_sample
2025-06-14 00:00:00+00:00,0.0,6.683958257855742,0.0,out_of_sample
2025-06-15 00:00:00+00:00,0.0,6.683958257855742,0.0,out_of_sample
2025-06-16 00:00:00+00:00,0.0,6.683958257855742,0.0,out_of_sample
2025-06-17 00:00:00+00:00,0.0,6.683958257855742,0.0,out_of_sample
2025-06-18 00:00:00+00:00,0.0,6.683958257855742,0.0,out_of_sample
2025-06-19 00:00:00+00:00,0.0,6.683958257855742,0.0,out_of_sample
2025-06-20 00:00:00+00:00,0.0,6.683958257855742,0.0,out_of_sample
2025-06-21 00:00:00+00:00,0.0,6.683958257855742,0.0,out_of_sample
2025-06-22 00:00:00+00:00,0.0,6.683958257855742,0.0,out_of_sample
2025-06-23 00:00:00+00:00,0.0,6.683958257855742,0.0,out_of_sample
2025-06-24 00:00:00+00:00,0.0,6.683958257855742,0.0,out_of_sample
2025-06-25 00:00:00+00:00,0.0,6.683958257855742,0.0,out_of_sample
2025-06-26 00:00:00+00:00,0.0,6.683958257855742,0.0,out_of_sample
2025-06-27 00:00:00+00:00,0.0,6.683958257855742,0.0,out_of_sample
2025-06-28 00:00:00+00:00,0.0,6.683958257855742,0.0,out_of_sample
2025-06-29 00:00:00+00:00,0.0,6.683958257855742,0.0,out_of_sample
2025-06-30 00:00:00+00:00,0.0,6.683958257855742,0.0,out_of_sample
2025-07-01 00:00:00+00:00,0.0,6.683958257855742,0.0,out_of_sample
2025-07-02 00:00:00+00:00,0.0,6.683958257855742,0.0,out_of_sample
2025-07-03 00:00:00+00:00,0.0,6.683958257855742,0.0,out_of_sample
2025-07-04 00:00:00+00:00,0.0,6.683958257855742,0.0,out_of_sample
2025-07-05 00:00:00+00:00,0.0,6.683958257855742,0.0,out_of_sample
2025-07-06 00:00:00+00:00,0.0,6.683958257855742,0.0,out_of_sample
2025-07-07 00:00:00+00:00,0.0,6.683958257855742,0.0,out_of_sample
2025-07-08 00:00:00+00:00,0.0,6.683958257855742,0.0,out_of_sample
2025-07-09 00:00:00+00:00,0.0,6.683958257855742,0.0,out_of_sample
2025-07-10 00:00:00+00:00,0.0,6.683958257855742,0.0,out_of_sample
2025-07-11 00:00:00+00:00,0.0,6.683958257855742,0.0,out_of_sample
2025-07-12 00:00:00+00:00,0.0,6.683958257855742,0.0,out_of_sample
2025-07-13 00:00:00+00:00,0.0,6.683958257855742,0.0,out_of_sample
2025-07-14 00:00:00+00:00,0.0,6.683958257855742,0.0,out_of_sample
2025-07-15 00:00:00+00:00,0.0,6.683958257855742,0.0,out_of_sample
2025-07-16 00:00:00+00:00,0.0,6.683958257855742,0.0,out_of_sample
2025-07-17 00:00:00+00:00,0.0,6.683958257855742,0.0,out_of_sample
2025-07-18 00:00:00+00:00,0.0,6.683958257855742,0.0,out_of_sample
2025-07-19 00:00:00+00:00,0.0,6.683958257855742,0.0,out_of_sample
2025-07-20 00:00:00+00:00,-0.00095,6.677608497510779,-0.0009500000000000064,out_of_sample
2025-07-21 00:00:00+00:00,-0.012780701456452005,6.592263976861026,-0.013718559790068419,out_of_sample
2025-07-22 00:00:00+00:00,0.0054643382282337245,6.628286336920396,-0.008329184412531943,out_of_sample
2025-07-23 00:00:00+00:00,-0.0012481671896344836,6.620013127391149,-0.009566955387466214,out_of_sample
2025-07-24 00:00:00+00:00,0.0038465229333995207,6.645477159705065,-0.005757231967367438,out_of_sample
2025-07-25 00:00:00+00:00,0.00019957098026270373,6.646803404096141,-0.005558809963532085,out_of_sample
2025-07-26 00:00:00+00:00,0.002138366018605137,6.661016702627809,-0.003432330715256726,out_of_sample
2025-07-27 00:00:00+00:00,-0.007582181945055777,6.61051166204943,-0.010988488104333838,out_of_sample
2025-07-28 00:00:00+00:00,0.007084248780386408,6.6573421712290335,-0.0039820845073988975,out_of_sample
2025-07-29 00:00:00+00:00,0.002966622407640828,6.677091991689534,-0.0010272754408867657,out_of_sample
2025-07-30 00:00:00+00:00,-0.0039914455544526155,6.650440742542633,-0.005014620681347726,out_of_sample
2025-07-31 00:00:00+00:00,0.00702513151054634,6.697160963362091,0.0,out_of_sample
2025-08-01 00:00:00+00:00,-0.0015017103484495744,6.6871037674381775,-0.001501710348449592,out_of_sample
2025-08-02 00:00:00+00:00,0.0,6.6871037674381775,-0.001501710348449592,out_of_sample
2025-08-03 00:00:00+00:00,0.0,6.6871037674381775,-0.001501710348449592,out_of_sample
2025-08-04 00:00:00+00:00,0.0,6.6871037674381775,-0.001501710348449592,out_of_sample
2025-08-05 00:00:00+00:00,-0.00095,6.6807510188591115,-0.0024502837236184405,out_of_sample
2025-08-06 00:00:00+00:00,-0.0014381996136071658,6.6711427653251825,-0.003884959340121119,out_of_sample
2025-08-07 00:00:00+00:00,0.0,6.6711427653251825,-0.003884959340121119,out_of_sample
2025-08-08 00:00:00+00:00,-0.00095,6.664805179698123,-0.004831268628748053,out_of_sample
2025-08-09 00:00:00+00:00,-0.005328929576505904,6.62928890225438,-0.010134452714966158,out_of_sample
2025-08-10 00:00:00+00:00,0.0005080765001530928,6.632657088158341,-0.009631525292079557,out_of_sample
2025-08-11 00:00:00+00:00,0.004027905766907732,6.659372805893655,-0.005642414401439977,out_of_sample
2025-08-12 00:00:00+00:00,0.005875244544338897,6.698498249640201,0.0,out_of_sample
2025-08-13 00:00:00+00:00,0.002284773891830049,6.713802803555448,0.0,out_of_sample
2025-08-14 00:00:00+00:00,0.01686648288261676,6.827041043618881,0.0,out_of_sample
2025-08-15 00:00:00+00:00,-0.0055006769630619855,6.789487696224368,-0.005500676963062001,out_of_sample
2025-08-16 00:00:00+00:00,-0.0009795072643550185,6.782837343704667,-0.006474796274372863,out_of_sample
2025-08-17 00:00:00+00:00,0.0057211847668037,6.821643209391178,-0.0007906550133821577,out_of_sample
2025-08-18 00:00:00+00:00,0.0001689463143561428,6.822795700869257,-0.0006218422772765742,out_of_sample
2025-08-19 00:00:00+00:00,0.0008781313668639055,6.828787011783895,0.0,out_of_sample
2025-08-20 00:00:00+00:00,0.0036500649390901136,6.853712527832121,0.0,out_of_sample
2025-08-21 00:00:00+00:00,0.012014185884683844,6.936054304141682,0.0,out_of_sample
2025-08-22 00:00:00+00:00,-0.004367434679636638,6.9057615400339305,-0.004367434679636628,out_of_sample
2025-08-23 00:00:00+00:00,0.012451668416342227,6.9917497928927625,0.0,out_of_sample
2025-08-24 00:00:00+00:00,0.015914951854690045,7.1030231542266895,0.0,out_of_sample
2025-08-25 00:00:00+00:00,0.0,7.1030231542266895,0.0,out_of_sample
2025-08-26 00:00:00+00:00,0.0,7.1030231542266895,0.0,out_of_sample
2025-08-27 00:00:00+00:00,0.0,7.1030231542266895,0.0,out_of_sample
2025-08-28 00:00:00+00:00,0.0,7.1030231542266895,0.0,out_of_sample
2025-08-29 00:00:00+00:00,0.0,7.1030231542266895,0.0,out_of_sample
2025-08-30 00:00:00+00:00,0.0,7.1030231542266895,0.0,out_of_sample
2025-08-31 00:00:00+00:00,0.0,7.1030231542266895,0.0,out_of_sample
2025-09-01 00:00:00+00:00,0.0,7.1030231542266895,0.0,out_of_sample
2025-09-02 00:00:00+00:00,0.0,7.1030231542266895,0.0,out_of_sample
2025-09-03 00:00:00+00:00,0.0,7.1030231542266895,0.0,out_of_sample
2025-09-04 00:00:00+00:00,0.0,7.1030231542266895,0.0,out_of_sample
2025-09-05 00:00:00+00:00,0.0,7.1030231542266895,0.0,out_of_sample
2025-09-06 00:00:00+00:00,0.0,7.1030231542266895,0.0,out_of_sample
2025-09-07 00:00:00+00:00,0.0,7.1030231542266895,0.0,out_of_sample
2025-09-08 00:00:00+00:00,0.0,7.1030231542266895,0.0,out_of_sample
2025-09-09 00:00:00+00:00,0.0,7.1030231542266895,0.0,out_of_sample
2025-09-10 00:00:00+00:00,0.0,7.1030231542266895,0.0,out_of_sample
2025-09-11 00:00:00+00:00,0.0,7.1030231542266895,0.0,out_of_sample
2025-09-12 00:00:00+00:00,0.0,7.1030231542266895,0.0,out_of_sample
2025-09-13 00:00:00+00:00,0.0,7.1030231542266895,0.0,out_of_sample
2025-09-14 00:00:00+00:00,0.0,7.1030231542266895,0.0,out_of_sample
2025-09-15 00:00:00+00:00,0.0,7.1030231542266895,0.0,out_of_sample
2025-09-16 00:00:00+00:00,-0.00095,7.096275282230174,-0.0009500000000000064,out_of_sample
2025-09-17 00:00:00+00:00,0.0038208802572872666,7.1233893003563225,0.0,out_of_sample
2025-09-18 00:00:00+00:00,0.0038771399501366433,7.15100767759311,0.0,out_of_sample
2025-09-19 00:00:00+00:00,0.0,7.15100767759311,0.0,out_of_sample
2025-09-20 00:00:00+00:00,-0.00095,7.144214220299397,-0.0009500000000000064,out_of_sample
2025-09-21 00:00:00+00:00,0.006003042524774982,7.187101242069957,0.0,out_of_sample
2025-09-22 00:00:00+00:00,0.014853133393213978,7.293852215528957,0.0,out_of_sample
2025-09-23 00:00:00+00:00,0.004531440218113365,7.32690387080338,0.0,out_of_sample
2025-09-24 00:00:00+00:00,0.0,7.32690387080338,0.0,out_of_sample
2025-09-25 00:00:00+00:00,0.0,7.32690387080338,0.0,out_of_sample
2025-09-26 00:00:00+00:00,0.0,7.32690387080338,0.0,out_of_sample
2025-09-27 00:00:00+00:00,0.0,7.32690387080338,0.0,out_of_sample
2025-09-28 00:00:00+00:00,0.0,7.32690387080338,0.0,out_of_sample
2025-09-29 00:00:00+00:00,0.0,7.32690387080338,0.0,out_of_sample
2025-09-30 00:00:00+00:00,0.0,7.32690387080338,0.0,out_of_sample
2025-10-01 00:00:00+00:00,0.0,7.32690387080338,0.0,out_of_sample
2025-10-02 00:00:00+00:00,0.0,7.32690387080338,0.0,out_of_sample
2025-10-03 00:00:00+00:00,-0.00095,7.319943312126117,-0.0009500000000000064,out_of_sample
2025-10-04 00:00:00+00:00,0.012015006986401788,7.407892482161378,0.0,out_of_sample
2025-10-05 00:00:00+00:00,0.00870335912398872,7.472366030785524,0.0,out_of_sample
2025-10-06 00:00:00+00:00,0.0,7.472366030785524,0.0,out_of_sample
2025-10-07 00:00:00+00:00,-0.00095,7.465267283056278,-0.0009500000000000064,out_of_sample
2025-10-08 00:00:00+00:00,0.021961625308855058,7.629216685957214,0.0,out_of_sample
2025-10-09 00:00:00+00:00,0.0,7.629216685957214,0.0,out_of_sample
2025-10-10 00:00:00+00:00,0.0,7.629216685957214,0.0,out_of_sample
2025-10-11 00:00:00+00:00,0.0,7.629216685957214,0.0,out_of_sample
2025-10-12 00:00:00+00:00,0.0,7.629216685957214,0.0,out_of_sample
2025-10-13 00:00:00+00:00,0.0,7.629216685957214,0.0,out_of_sample
2025-10-14 00:00:00+00:00,0.0,7.629216685957214,0.0,out_of_sample
2025-10-15 00:00:00+00:00,0.0,7.629216685957214,0.0,out_of_sample
2025-10-16 00:00:00+00:00,0.0,7.629216685957214,0.0,out_of_sample
2025-10-17 00:00:00+00:00,0.0,7.629216685957214,0.0,out_of_sample
2025-10-18 00:00:00+00:00,0.0,7.629216685957214,0.0,out_of_sample
2025-10-19 00:00:00+00:00,0.0,7.629216685957214,0.0,out_of_sample
2025-10-20 00:00:00+00:00,0.0,7.629216685957214,0.0,out_of_sample
2025-10-21 00:00:00+00:00,0.0,7.629216685957214,0.0,out_of_sample
2025-10-22 00:00:00+00:00,0.0,7.629216685957214,0.0,out_of_sample
2025-10-23 00:00:00+00:00,0.0,7.629216685957214,0.0,out_of_sample
2025-10-24 00:00:00+00:00,0.0,7.629216685957214,0.0,out_of_sample
2025-10-25 00:00:00+00:00,0.0,7.629216685957214,0.0,out_of_sample
2025-10-26 00:00:00+00:00,0.0,7.629216685957214,0.0,out_of_sample
2025-10-27 00:00:00+00:00,0.0,7.629216685957214,0.0,out_of_sample
2025-10-28 00:00:00+00:00,0.0,7.629216685957214,0.0,out_of_sample
2025-10-29 00:00:00+00:00,0.0,7.629216685957214,0.0,out_of_sample
2025-10-30 00:00:00+00:00,0.0,7.629216685957214,0.0,out_of_sample
2025-10-31 00:00:00+00:00,0.0,7.629216685957214,0.0,out_of_sample
2025-11-01 00:00:00+00:00,0.0,7.629216685957214,0.0,out_of_sample
2025-11-02 00:00:00+00:00,0.0,7.629216685957214,0.0,out_of_sample
2025-11-03 00:00:00+00:00,0.0,7.629216685957214,0.0,out_of_sample
2025-11-04 00:00:00+00:00,0.0,7.629216685957214,0.0,out_of_sample
2025-11-05 00:00:00+00:00,0.0,7.629216685957214,0.0,out_of_sample
2025-11-06 00:00:00+00:00,0.0,7.629216685957214,0.0,out_of_sample
2025-11-07 00:00:00+00:00,0.0,7.629216685957214,0.0,out_of_sample
2025-11-08 00:00:00+00:00,0.0,7.629216685957214,0.0,out_of_sample
2025-11-09 00:00:00+00:00,0.0,7.629216685957214,0.0,out_of_sample
2025-11-10 00:00:00+00:00,0.0,7.629216685957214,0.0,out_of_sample
2025-11-11 00:00:00+00:00,0.0,7.629216685957214,0.0,out_of_sample
2025-11-12 00:00:00+00:00,0.0,7.629216685957214,0.0,out_of_sample
2025-11-13 00:00:00+00:00,0.0,7.629216685957214,0.0,out_of_sample
2025-11-14 00:00:00+00:00,0.0,7.629216685957214,0.0,out_of_sample
2025-11-15 00:00:00+00:00,0.0,7.629216685957214,0.0,out_of_sample
2025-11-16 00:00:00+00:00,0.0,7.629216685957214,0.0,out_of_sample
2025-11-17 00:00:00+00:00,0.0,7.629216685957214,0.0,out_of_sample
2025-11-18 00:00:00+00:00,0.0,7.629216685957214,0.0,out_of_sample
2025-11-19 00:00:00+00:00,0.0,7.629216685957214,0.0,out_of_sample
2025-11-20 00:00:00+00:00,0.0,7.629216685957214,0.0,out_of_sample
2025-11-21 00:00:00+00:00,0.0,7.629216685957214,0.0,out_of_sample
2025-11-22 00:00:00+00:00,0.0,7.629216685957214,0.0,out_of_sample
2025-11-23 00:00:00+00:00,0.0,7.629216685957214,0.0,out_of_sample
2025-11-24 00:00:00+00:00,0.0,7.629216685957214,0.0,out_of_sample
2025-11-25 00:00:00+00:00,0.0,7.629216685957214,0.0,out_of_sample
2025-11-26 00:00:00+00:00,0.0,7.629216685957214,0.0,out_of_sample
2025-11-27 00:00:00+00:00,0.0,7.629216685957214,0.0,out_of_sample
2025-11-28 00:00:00+00:00,0.0,7.629216685957214,0.0,out_of_sample
2025-11-29 00:00:00+00:00,0.0,7.629216685957214,0.0,out_of_sample
2025-11-30 00:00:00+00:00,0.0,7.629216685957214,0.0,out_of_sample
2025-12-01 00:00:00+00:00,0.0,7.629216685957214,0.0,out_of_sample
2025-12-02 00:00:00+00:00,0.0,7.629216685957214,0.0,out_of_sample
2025-12-03 00:00:00+00:00,0.0,7.629216685957214,0.0,out_of_sample
2025-12-04 00:00:00+00:00,0.0,7.629216685957214,0.0,out_of_sample
2025-12-05 00:00:00+00:00,0.0,7.629216685957214,0.0,out_of_sample
2025-12-06 00:00:00+00:00,0.0,7.629216685957214,0.0,out_of_sample
2025-12-07 00:00:00+00:00,0.0,7.629216685957214,0.0,out_of_sample
2025-12-08 00:00:00+00:00,0.0,7.629216685957214,0.0,out_of_sample
2025-12-09 00:00:00+00:00,0.0,7.629216685957214,0.0,out_of_sample
2025-12-10 00:00:00+00:00,0.0,7.629216685957214,0.0,out_of_sample
2025-12-11 00:00:00+00:00,0.0,7.629216685957214,0.0,out_of_sample
2025-12-12 00:00:00+00:00,0.0,7.629216685957214,0.0,out_of_sample
2025-12-13 00:00:00+00:00,0.0,7.629216685957214,0.0,out_of_sample
2025-12-14 00:00:00+00:00,0.0,7.629216685957214,0.0,out_of_sample
2025-12-15 00:00:00+00:00,0.0,7.629216685957214,0.0,out_of_sample
2025-12-16 00:00:00+00:00,0.0,7.629216685957214,0.0,out_of_sample
2025-12-17 00:00:00+00:00,0.0,7.629216685957214,0.0,out_of_sample
2025-12-18 00:00:00+00:00,0.0,7.629216685957214,0.0,out_of_sample
2025-12-19 00:00:00+00:00,0.0,7.629216685957214,0.0,out_of_sample
2025-12-20 00:00:00+00:00,0.0,7.629216685957214,0.0,out_of_sample
2025-12-21 00:00:00+00:00,0.0,7.629216685957214,0.0,out_of_sample
2025-12-22 00:00:00+00:00,0.0,7.629216685957214,0.0,out_of_sample
2025-12-23 00:00:00+00:00,0.0,7.629216685957214,0.0,out_of_sample
2025-12-24 00:00:00+00:00,0.0,7.629216685957214,0.0,out_of_sample
2025-12-25 00:00:00+00:00,0.0,7.629216685957214,0.0,out_of_sample
2025-12-26 00:00:00+00:00,0.0,7.629216685957214,0.0,out_of_sample
2025-12-27 00:00:00+00:00,0.0,7.629216685957214,0.0,out_of_sample
2025-12-28 00:00:00+00:00,0.0,7.629216685957214,0.0,out_of_sample
2025-12-29 00:00:00+00:00,0.0,7.629216685957214,0.0,out_of_sample
2025-12-30 00:00:00+00:00,0.0,7.629216685957214,0.0,out_of_sample
2025-12-31 00:00:00+00:00,0.0,7.629216685957214,0.0,out_of_sample
2026-01-01 00:00:00+00:00,0.0,7.629216685957214,0.0,out_of_sample
2026-01-02 00:00:00+00:00,0.0,7.629216685957214,0.0,out_of_sample
2026-01-03 00:00:00+00:00,0.0,7.629216685957214,0.0,out_of_sample
2026-01-04 00:00:00+00:00,0.0,7.629216685957214,0.0,out_of_sample
2026-01-05 00:00:00+00:00,0.0,7.629216685957214,0.0,out_of_sample
2026-01-06 00:00:00+00:00,0.0,7.629216685957214,0.0,out_of_sample
2026-01-07 00:00:00+00:00,0.0,7.629216685957214,0.0,out_of_sample
2026-01-08 00:00:00+00:00,0.0,7.629216685957214,0.0,out_of_sample
2026-01-09 00:00:00+00:00,0.0,7.629216685957214,0.0,out_of_sample
2026-01-10 00:00:00+00:00,0.0,7.629216685957214,0.0,out_of_sample
2026-01-11 00:00:00+00:00,0.0,7.629216685957214,0.0,out_of_sample
2026-01-12 00:00:00+00:00,0.0,7.629216685957214,0.0,out_of_sample
2026-01-13 00:00:00+00:00,0.0,7.629216685957214,0.0,out_of_sample
2026-01-14 00:00:00+00:00,0.0,7.629216685957214,0.0,out_of_sample
2026-01-15 00:00:00+00:00,0.0,7.629216685957214,0.0,out_of_sample
2026-01-16 00:00:00+00:00,0.0,7.629216685957214,0.0,out_of_sample
2026-01-17 00:00:00+00:00,0.0,7.629216685957214,0.0,out_of_sample
2026-01-18 00:00:00+00:00,0.0,7.629216685957214,0.0,out_of_sample
2026-01-19 00:00:00+00:00,0.0,7.629216685957214,0.0,out_of_sample
2026-01-20 00:00:00+00:00,0.0,7.629216685957214,0.0,out_of_sample
2026-01-21 00:00:00+00:00,0.0,7.629216685957214,0.0,out_of_sample
2026-01-22 00:00:00+00:00,0.0,7.629216685957214,0.0,out_of_sample
2026-01-23 00:00:00+00:00,0.0,7.629216685957214,0.0,out_of_sample
2026-01-24 00:00:00+00:00,0.0,7.629216685957214,0.0,out_of_sample
2026-01-25 00:00:00+00:00,0.0,7.629216685957214,0.0,out_of_sample
2026-01-26 00:00:00+00:00,0.0,7.629216685957214,0.0,out_of_sample
2026-01-27 00:00:00+00:00,0.0,7.629216685957214,0.0,out_of_sample
2026-01-28 00:00:00+00:00,0.0,7.629216685957214,0.0,out_of_sample
2026-01-29 00:00:00+00:00,0.0,7.629216685957214,0.0,out_of_sample
2026-01-30 00:00:00+00:00,0.0,7.629216685957214,0.0,out_of_sample
2026-01-31 00:00:00+00:00,0.0,7.629216685957214,0.0,out_of_sample
2026-02-01 00:00:00+00:00,0.0,7.629216685957214,0.0,out_of_sample
2026-02-02 00:00:00+00:00,0.0,7.629216685957214,0.0,out_of_sample
2026-02-03 00:00:00+00:00,0.0,7.629216685957214,0.0,out_of_sample
2026-02-04 00:00:00+00:00,0.0,7.629216685957214,0.0,out_of_sample
2026-02-05 00:00:00+00:00,0.0,7.629216685957214,0.0,out_of_sample
2026-02-06 00:00:00+00:00,0.0,7.629216685957214,0.0,out_of_sample
2026-02-07 00:00:00+00:00,0.0,7.629216685957214,0.0,out_of_sample
2026-02-08 00:00:00+00:00,0.0,7.629216685957214,0.0,out_of_sample
2026-02-09 00:00:00+00:00,0.0,7.629216685957214,0.0,out_of_sample
2026-02-10 00:00:00+00:00,0.0,7.629216685957214,0.0,out_of_sample
2026-02-11 00:00:00+00:00,0.0,7.629216685957214,0.0,out_of_sample
2026-02-12 00:00:00+00:00,0.0,7.629216685957214,0.0,out_of_sample
2026-02-13 00:00:00+00:00,0.0,7.629216685957214,0.0,out_of_sample
2026-02-14 00:00:00+00:00,0.0,7.629216685957214,0.0,out_of_sample
2026-02-15 00:00:00+00:00,0.0,7.629216685957214,0.0,out_of_sample
2026-02-16 00:00:00+00:00,0.0,7.629216685957214,0.0,out_of_sample
2026-02-17 00:00:00+00:00,0.0,7.629216685957214,0.0,out_of_sample
2026-02-18 00:00:00+00:00,0.0,7.629216685957214,0.0,out_of_sample
2026-02-19 00:00:00+00:00,0.0,7.629216685957214,0.0,out_of_sample
2026-02-20 00:00:00+00:00,0.0,7.629216685957214,0.0,out_of_sample
2026-02-21 00:00:00+00:00,0.0,7.629216685957214,0.0,out_of_sample
2026-02-22 00:00:00+00:00,0.0,7.629216685957214,0.0,out_of_sample
2026-02-23 00:00:00+00:00,0.0,7.629216685957214,0.0,out_of_sample
2026-02-24 00:00:00+00:00,0.0,7.629216685957214,0.0,out_of_sample
2026-02-25 00:00:00+00:00,0.0,7.629216685957214,0.0,out_of_sample
2026-02-26 00:00:00+00:00,0.0,7.629216685957214,0.0,out_of_sample
2026-02-27 00:00:00+00:00,0.0,7.629216685957214,0.0,out_of_sample
2026-02-28 00:00:00+00:00,0.0,7.629216685957214,0.0,out_of_sample
2026-03-01 00:00:00+00:00,0.0,7.629216685957214,0.0,out_of_sample
2026-03-02 00:00:00+00:00,0.0,7.629216685957214,0.0,out_of_sample
2026-03-03 00:00:00+00:00,0.0,7.629216685957214,0.0,out_of_sample
2026-03-04 00:00:00+00:00,0.0,7.629216685957214,0.0,out_of_sample
2026-03-05 00:00:00+00:00,0.0,7.629216685957214,0.0,out_of_sample
2026-03-06 00:00:00+00:00,0.0,7.629216685957214,0.0,out_of_sample
2026-03-07 00:00:00+00:00,0.0,7.629216685957214,0.0,out_of_sample
2026-03-08 00:00:00+00:00,0.0,7.629216685957214,0.0,out_of_sample
2026-03-09 00:00:00+00:00,0.0,7.629216685957214,0.0,out_of_sample
2026-03-10 00:00:00+00:00,0.0,7.629216685957214,0.0,out_of_sample
2026-03-11 00:00:00+00:00,0.0,7.629216685957214,0.0,out_of_sample
2026-03-12 00:00:00+00:00,0.0,7.629216685957214,0.0,out_of_sample
2026-03-13 00:00:00+00:00,0.0,7.629216685957214,0.0,out_of_sample
2026-03-14 00:00:00+00:00,0.0,7.629216685957214,0.0,out_of_sample
2026-03-15 00:00:00+00:00,0.0,7.629216685957214,0.0,out_of_sample
2026-03-16 00:00:00+00:00,0.0,7.629216685957214,0.0,out_of_sample
2026-03-17 00:00:00+00:00,0.0,7.629216685957214,0.0,out_of_sample
2026-03-18 00:00:00+00:00,0.0,7.629216685957214,0.0,out_of_sample
2026-03-19 00:00:00+00:00,0.0,7.629216685957214,0.0,out_of_sample
2026-03-20 00:00:00+00:00,0.0,7.629216685957214,0.0,out_of_sample
2026-03-21 00:00:00+00:00,0.0,7.629216685957214,0.0,out_of_sample
2026-03-22 00:00:00+00:00,0.0,7.629216685957214,0.0,out_of_sample
2026-03-23 00:00:00+00:00,0.0,7.629216685957214,0.0,out_of_sample
2026-03-24 00:00:00+00:00,0.0,7.629216685957214,0.0,out_of_sample
2026-03-25 00:00:00+00:00,0.0,7.629216685957214,0.0,out_of_sample
2026-03-26 00:00:00+00:00,0.0,7.629216685957214,0.0,out_of_sample
2026-03-27 00:00:00+00:00,0.0,7.629216685957214,0.0,out_of_sample
2026-03-28 00:00:00+00:00,0.0,7.629216685957214,0.0,out_of_sample
2026-03-29 00:00:00+00:00,0.0,7.629216685957214,0.0,out_of_sample
2026-03-30 00:00:00+00:00,0.0,7.629216685957214,0.0,out_of_sample
2026-03-31 00:00:00+00:00,0.0,7.629216685957214,0.0,out_of_sample
2026-04-01 00:00:00+00:00,0.0,7.629216685957214,0.0,out_of_sample
2026-04-02 00:00:00+00:00,0.0,7.629216685957214,0.0,out_of_sample
2026-04-03 00:00:00+00:00,0.0,7.629216685957214,0.0,out_of_sample
2026-04-04 00:00:00+00:00,0.0,7.629216685957214,0.0,out_of_sample
2026-04-05 00:00:00+00:00,0.0,7.629216685957214,0.0,out_of_sample
2026-04-06 00:00:00+00:00,0.0,7.629216685957214,0.0,out_of_sample
2026-04-07 00:00:00+00:00,0.0,7.629216685957214,0.0,out_of_sample
2026-04-08 00:00:00+00:00,0.0,7.629216685957214,0.0,out_of_sample
2026-04-09 00:00:00+00:00,0.0,7.629216685957214,0.0,out_of_sample
2026-04-10 00:00:00+00:00,0.0,7.629216685957214,0.0,out_of_sample
2026-04-11 00:00:00+00:00,0.0,7.629216685957214,0.0,out_of_sample
2026-04-12 00:00:00+00:00,0.0,7.629216685957214,0.0,out_of_sample
2026-04-13 00:00:00+00:00,0.0,7.629216685957214,0.0,out_of_sample
2026-04-14 00:00:00+00:00,0.0,7.629216685957214,0.0,out_of_sample
2026-04-15 00:00:00+00:00,0.0,7.629216685957214,0.0,out_of_sample
2026-04-16 00:00:00+00:00,-0.00095,7.621968930105555,-0.0009500000000000064,out_of_sample
2026-04-17 00:00:00+00:00,-0.025822360392312088,7.4251517014933635,-0.02674782914993945,out_of_sample
2026-04-18 00:00:00+00:00,0.006763826616981166,7.475374140207047,-0.020164920211709125,out_of_sample
2026-04-19 00:00:00+00:00,0.006453099072785932,7.523613470139946,-0.013841947366844076,out_of_sample
2026-04-20 00:00:00+00:00,-0.012741006483733676,7.427755062135787,-0.02640659350942931,out_of_sample
2026-04-21 00:00:00+00:00,0.01114942391584648,7.510570252066613,-0.015551587898792851,out_of_sample
2026-04-22 00:00:00+00:00,0.005376933496250869,7.5509540888308955,-0.010258274256434885,out_of_sample
2026-04-23 00:00:00+00:00,0.0026460106290441825,7.570933993609367,-0.0076394071301088,out_of_sample
2026-04-24 00:00:00+00:00,0.00018805080173809339,7.572357713816771,-0.007452792925006446,out_of_sample
2026-04-25 00:00:00+00:00,0.003196383945768627,7.596561876444833,-0.004280230966894449,out_of_sample
2026-04-26 00:00:00+00:00,-0.002042383143761956,7.581046786517837,-0.006313872239078089,out_of_sample
2026-04-27 00:00:00+00:00,-0.004391369855796711,7.547755606184139,-0.010677515546650751,out_of_sample
2026-04-28 00:00:00+00:00,-0.005148892896212559,7.508893020961109,-0.015771431058915875,out_of_sample
2026-04-29 00:00:00+00:00,0.007730071407168123,7.566937300201925,-0.008163273940026472,out_of_sample
2026-04-30 00:00:00+00:00,0.005546963833081559,7.608910827733341,-0.0026615914922496486,out_of_sample
2026-05-01 00:00:00+00:00,0.004982941169692073,7.646825582753369,0.0,out_of_sample
2026-05-02 00:00:00+00:00,-0.007361517339952829,7.5905333436303355,-0.007361517339952717,out_of_sample
2026-05-03 00:00:00+00:00,0.0035540743550313116,7.617510663527942,-0.0038336063649134777,out_of_sample
2026-05-04 00:00:00+00:00,-0.004807488599842718,7.580889567853851,-0.008622664945860614,out_of_sample
2026-05-05 00:00:00+00:00,0.009748288986039454,7.654790270132541,0.0,out_of_sample
2026-05-06 00:00:00+00:00,0.005783427075144448,7.699061191435378,0.0,out_of_sample
2026-05-07 00:00:00+00:00,-0.005113389393495782,7.6596928935992175,-0.005113389393495815,out_of_sample
2026-05-08 00:00:00+00:00,0.008493066414859491,7.724747174061982,0.0,out_of_sample
2026-05-09 00:00:00+00:00,-0.0019347513994015463,7.709801708656943,-0.0019347513994015797,out_of_sample
2026-05-10 00:00:00+00:00,-0.004069478633933317,7.6784268353317,-0.005996356603853115,out_of_sample
2026-05-11 00:00:00+00:00,-0.01028693176349289,7.599439382425669,-0.016221604256132727,out_of_sample
2026-05-12 00:00:00+00:00,0.01594558528956485,7.720616891251016,-0.0005346819407676673,out_of_sample
2026-05-13 00:00:00+00:00,0.01033969890638471,7.800445745278099,0.0,out_of_sample
2026-05-14 00:00:00+00:00,0.0014559509507699078,7.8118028116773655,0.0,out_of_sample
2026-05-15 00:00:00+00:00,0.0014693843302610267,7.823281352319934,0.0,out_of_sample
2026-05-16 00:00:00+00:00,-0.0020405261018467398,7.807317742518435,-0.0020405261018466847,out_of_sample
2026-05-17 00:00:00+00:00,0.010161360455018326,7.886650712287024,0.0,out_of_sample
2026-05-18 00:00:00+00:00,0.003006674350052064,7.9103633026914775,0.0,out_of_sample
2026-05-19 00:00:00+00:00,0.012220469013521296,8.007031652317714,0.0,out_of_sample
2026-05-20 00:00:00+00:00,-0.0006700336385480257,8.001666671765742,-0.0006700336385481176,out_of_sample
2026-05-21 00:00:00+00:00,0.0019423504042499662,8.01720871226032,0.0,out_of_sample
2026-05-22 00:00:00+00:00,0.009984158697157849,8.097253796351763,0.0,out_of_sample
2026-05-23 00:00:00+00:00,0.004469390491219661,8.13344358547417,0.0,out_of_sample
2026-05-24 00:00:00+00:00,0.0040424418834853195,8.166322558481056,0.0,out_of_sample
2026-05-25 00:00:00+00:00,0.00750154715025802,8.227582612197716,0.0,out_of_sample
2026-05-26 00:00:00+00:00,-0.009150467844330141,8.152296382068231,-0.009150467844330157,out_of_sample
2026-05-27 00:00:00+00:00,-0.0025273951048744026,8.131692308098707,-0.011654736101567531,out_of_sample
2026-05-28 00:00:00+00:00,0.01008720286221525,8.213718338023613,-0.00168509692671448,out_of_sample
2026-05-29 00:00:00+00:00,-0.005165134751281175,8.171293375998651,-0.006841527925300239,out_of_sample
2026-05-30 00:00:00+00:00,-0.004524058099320028,8.134325970019045,-0.011334634554797995,out_of_sample
2026-05-31 00:00:00+00:00,-0.007690925936871967,8.071765471437255,-0.018938386656787487,out_of_sample
2026-06-01 00:00:00+00:00,0.002233171351559098,8.089791106844572,-0.016747507967755038,out_of_sample
2026-06-02 00:00:00+00:00,0.015098743215502499,8.211936785433874,-0.0019016310745573195,out_of_sample
2026-06-03 00:00:00+00:00,-0.0106199784483404,8.124726193753432,-0.012501414241869235,out_of_sample
2026-06-04 00:00:00+00:00,0.0,8.124726193753432,-0.012501414241869235,out_of_sample
2026-06-05 00:00:00+00:00,0.0,8.124726193753432,-0.012501414241869235,out_of_sample
2026-06-06 00:00:00+00:00,0.0,8.124726193753432,-0.012501414241869235,out_of_sample
2026-06-07 00:00:00+00:00,0.0,8.124726193753432,-0.012501414241869235,out_of_sample
2026-06-08 00:00:00+00:00,0.0,8.124726193753432,-0.012501414241869235,out_of_sample
2026-06-09 00:00:00+00:00,0.0,8.124726193753432,-0.012501414241869235,out_of_sample
2026-06-10 00:00:00+00:00,0.0,8.124726193753432,-0.012501414241869235,out_of_sample
2026-06-11 00:00:00+00:00,0.0,8.124726193753432,-0.012501414241869235,out_of_sample
2026-06-12 00:00:00+00:00,0.0,8.124726193753432,-0.012501414241869235,out_of_sample
2026-06-13 00:00:00+00:00,0.0,8.124726193753432,-0.012501414241869235,out_of_sample
2026-06-14 00:00:00+00:00,0.0,8.124726193753432,-0.012501414241869235,out_of_sample
2026-06-15 00:00:00+00:00,0.0,8.124726193753432,-0.012501414241869235,out_of_sample
2026-06-16 00:00:00+00:00,0.0,8.124726193753432,-0.012501414241869235,out_of_sample
2026-06-17 00:00:00+00:00,0.0,8.124726193753432,-0.012501414241869235,out_of_sample
2026-06-18 00:00:00+00:00,0.0,8.124726193753432,-0.012501414241869235,out_of_sample
2026-06-19 00:00:00+00:00,0.0,8.124726193753432,-0.012501414241869235,out_of_sample
2026-06-20 00:00:00+00:00,0.0,8.124726193753432,-0.012501414241869235,out_of_sample
2026-06-21 00:00:00+00:00,0.0,8.124726193753432,-0.012501414241869235,out_of_sample
2026-06-22 00:00:00+00:00,0.0,8.124726193753432,-0.012501414241869235,out_of_sample
2026-06-23 00:00:00+00:00,0.0,8.124726193753432,-0.012501414241869235,out_of_sample
2026-06-24 00:00:00+00:00,0.0,8.124726193753432,-0.012501414241869235,out_of_sample
2026-06-25 00:00:00+00:00,0.0,8.124726193753432,-0.012501414241869235,out_of_sample
2026-06-26 00:00:00+00:00,0.0,8.124726193753432,-0.012501414241869235,out_of_sample
2026-06-27 00:00:00+00:00,0.0,8.124726193753432,-0.012501414241869235,out_of_sample
2026-06-28 00:00:00+00:00,0.0,8.124726193753432,-0.012501414241869235,out_of_sample
2026-06-29 00:00:00+00:00,0.0,8.124726193753432,-0.012501414241869235,out_of_sample
2026-06-30 00:00:00+00:00,0.0,8.124726193753432,-0.012501414241869235,out_of_sample
2026-07-01 00:00:00+00:00,0.0,8.124726193753432,-0.012501414241869235,out_of_sample
2026-07-02 00:00:00+00:00,0.0,8.124726193753432,-0.012501414241869235,out_of_sample
2026-07-03 00:00:00+00:00,0.0,8.124726193753432,-0.012501414241869235,out_of_sample
2026-07-04 00:00:00+00:00,0.0,8.124726193753432,-0.012501414241869235,out_of_sample
2026-07-05 00:00:00+00:00,0.0,8.124726193753432,-0.012501414241869235,out_of_sample
2026-07-06 00:00:00+00:00,0.0,8.124726193753432,-0.012501414241869235,out_of_sample
2026-07-07 00:00:00+00:00,0.0,8.124726193753432,-0.012501414241869235,out_of_sample
2026-07-08 00:00:00+00:00,0.0,8.124726193753432,-0.012501414241869235,out_of_sample
2026-07-09 00:00:00+00:00,0.0,8.124726193753432,-0.012501414241869235,out_of_sample
2026-07-10 00:00:00+00:00,0.0,8.124726193753432,-0.012501414241869235,out_of_sample
2026-07-11 00:00:00+00:00,0.0,8.124726193753432,-0.012501414241869235,out_of_sample
2026-07-12 00:00:00+00:00,0.0,8.124726193753432,-0.012501414241869235,out_of_sample
2026-07-13 00:00:00+00:00,0.0,8.124726193753432,-0.012501414241869235,out_of_sample
2026-07-14 00:00:00+00:00,0.0,8.124726193753432,-0.012501414241869235,out_of_sample
2026-07-15 00:00:00+00:00,0.0,8.124726193753432,-0.012501414241869235,out_of_sample
2026-07-16 00:00:00+00:00,0.0,8.124726193753432,-0.012501414241869235,out_of_sample
2026-07-17 00:00:00+00:00,0.0,8.124726193753432,-0.012501414241869235,out_of_sample
2026-07-18 00:00:00+00:00,0.0,8.124726193753432,-0.012501414241869235,out_of_sample
2026-07-19 00:00:00+00:00,0.0,8.124726193753432,-0.012501414241869235,out_of_sample
2026-07-20 00:00:00+00:00,0.0,8.124726193753432,-0.012501414241869235,out_of_sample
2026-07-21 00:00:00+00:00,0.0,8.124726193753432,-0.012501414241869235,out_of_sample
2026-07-22 00:00:00+00:00,0.0,8.124726193753432,-0.012501414241869235,out_of_sample
2026-07-23 00:00:00+00:00,0.0,8.124726193753432,-0.012501414241869235,out_of_sample
2026-07-24 00:00:00+00:00,0.0,8.124726193753432,-0.012501414241869235,out_of_sample
2026-07-25 00:00:00+00:00,0.0,8.124726193753432,-0.012501414241869235,out_of_sample
2026-07-26 00:00:00+00:00,0.0,8.124726193753432,-0.012501414241869235,out_of_sample
2026-07-27 00:00:00+00:00,0.0,8.124726193753432,-0.012501414241869235,out_of_sample
