time,daily_return,equity,drawdown,sample
2020-01-01 00:00:00+00:00,0.0,1.0,0.0,in_sample
2020-01-02 00:00:00+00:00,0.0,1.0,0.0,in_sample
2020-01-03 00:00:00+00:00,0.0,1.0,0.0,in_sample
2020-01-04 00:00:00+00:00,0.0,1.0,0.0,in_sample
2020-01-05 00:00:00+00:00,0.0,1.0,0.0,in_sample
2020-01-06 00:00:00+00:00,0.0,1.0,0.0,in_sample
2020-01-07 00:00:00+00:00,0.0,1.0,0.0,in_sample
2020-01-08 00:00:00+00:00,0.0,1.0,0.0,in_sample
2020-01-09 00:00:00+00:00,0.0,1.0,0.0,in_sample
2020-01-10 00:00:00+00:00,0.0,1.0,0.0,in_sample
2020-01-11 00:00:00+00:00,0.0,1.0,0.0,in_sample
2020-01-12 00:00:00+00:00,0.0,1.0,0.0,in_sample
2020-01-13 00:00:00+00:00,0.0,1.0,0.0,in_sample
2020-01-14 00:00:00+00:00,0.0,1.0,0.0,in_sample
2020-01-15 00:00:00+00:00,0.0,1.0,0.0,in_sample
2020-01-16 00:00:00+00:00,0.0,1.0,0.0,in_sample
2020-01-17 00:00:00+00:00,0.0,1.0,0.0,in_sample
2020-01-18 00:00:00+00:00,0.0,1.0,0.0,in_sample
2020-01-19 00:00:00+00:00,0.0,1.0,0.0,in_sample
2020-01-20 00:00:00+00:00,0.0,1.0,0.0,in_sample
2020-01-21 00:00:00+00:00,0.0,1.0,0.0,in_sample
2020-01-22 00:00:00+00:00,0.0,1.0,0.0,in_sample
2020-01-23 00:00:00+00:00,0.0,1.0,0.0,in_sample
2020-01-24 00:00:00+00:00,0.0,1.0,0.0,in_sample
2020-01-25 00:00:00+00:00,0.0,1.0,0.0,in_sample
2020-01-26 00:00:00+00:00,0.0,1.0,0.0,in_sample
2020-01-27 00:00:00+00:00,0.0,1.0,0.0,in_sample
2020-01-28 00:00:00+00:00,0.0,1.0,0.0,in_sample
2020-01-29 00:00:00+00:00,0.0,1.0,0.0,in_sample
2020-01-30 00:00:00+00:00,0.0,1.0,0.0,in_sample
2020-01-31 00:00:00+00:00,0.0,1.0,0.0,in_sample
2020-02-01 00:00:00+00:00,0.0,1.0,0.0,in_sample
2020-02-02 00:00:00+00:00,0.0,1.0,0.0,in_sample
2020-02-03 00:00:00+00:00,0.0,1.0,0.0,in_sample
2020-02-04 00:00:00+00:00,0.0,1.0,0.0,in_sample
2020-02-05 00:00:00+00:00,0.0,1.0,0.0,in_sample
2020-02-06 00:00:00+00:00,0.0,1.0,0.0,in_sample
2020-02-07 00:00:00+00:00,0.0,1.0,0.0,in_sample
2020-02-08 00:00:00+00:00,0.0,1.0,0.0,in_sample
2020-02-09 00:00:00+00:00,0.0,1.0,0.0,in_sample
2020-02-10 00:00:00+00:00,0.0,1.0,0.0,in_sample
2020-02-11 00:00:00+00:00,0.0,1.0,0.0,in_sample
2020-02-12 00:00:00+00:00,0.0,1.0,0.0,in_sample
2020-02-13 00:00:00+00:00,0.0,1.0,0.0,in_sample
2020-02-14 00:00:00+00:00,0.0,1.0,0.0,in_sample
2020-02-15 00:00:00+00:00,0.0,1.0,0.0,in_sample
2020-02-16 00:00:00+00:00,0.0,1.0,0.0,in_sample
2020-02-17 00:00:00+00:00,0.0,1.0,0.0,in_sample
2020-02-18 00:00:00+00:00,0.0,1.0,0.0,in_sample
2020-02-19 00:00:00+00:00,0.0,1.0,0.0,in_sample
2020-02-20 00:00:00+00:00,0.0,1.0,0.0,in_sample
2020-02-21 00:00:00+00:00,0.0,1.0,0.0,in_sample
2020-02-22 00:00:00+00:00,0.0,1.0,0.0,in_sample
2020-02-23 00:00:00+00:00,0.0,1.0,0.0,in_sample
2020-02-24 00:00:00+00:00,0.0,1.0,0.0,in_sample
2020-02-25 00:00:00+00:00,0.0,1.0,0.0,in_sample
2020-02-26 00:00:00+00:00,0.0,1.0,0.0,in_sample
2020-02-27 00:00:00+00:00,0.0,1.0,0.0,in_sample
2020-02-28 00:00:00+00:00,0.0,1.0,0.0,in_sample
2020-02-29 00:00:00+00:00,0.0,1.0,0.0,in_sample
2020-03-01 00:00:00+00:00,0.0,1.0,0.0,in_sample
2020-03-02 00:00:00+00:00,0.0,1.0,0.0,in_sample
2020-03-03 00:00:00+00:00,0.0,1.0,0.0,in_sample
2020-03-04 00:00:00+00:00,0.0,1.0,0.0,in_sample
2020-03-05 00:00:00+00:00,0.0,1.0,0.0,in_sample
2020-03-06 00:00:00+00:00,0.0,1.0,0.0,in_sample
2020-03-07 00:00:00+00:00,0.0,1.0,0.0,in_sample
2020-03-08 00:00:00+00:00,0.0,1.0,0.0,in_sample
2020-03-09 00:00:00+00:00,0.0,1.0,0.0,in_sample
2020-03-10 00:00:00+00:00,0.0,1.0,0.0,in_sample
2020-03-11 00:00:00+00:00,0.0,1.0,0.0,in_sample
2020-03-12 00:00:00+00:00,0.0,1.0,0.0,in_sample
2020-03-13 00:00:00+00:00,0.0,1.0,0.0,in_sample
2020-03-14 00:00:00+00:00,0.0,1.0,0.0,in_sample
2020-03-15 00:00:00+00:00,0.0,1.0,0.0,in_sample
2020-03-16 00:00:00+00:00,0.0,1.0,0.0,in_sample
2020-03-17 00:00:00+00:00,0.0,1.0,0.0,in_sample
2020-03-18 00:00:00+00:00,0.0,1.0,0.0,in_sample
2020-03-19 00:00:00+00:00,0.0,1.0,0.0,in_sample
2020-03-20 00:00:00+00:00,0.0,1.0,0.0,in_sample
2020-03-21 00:00:00+00:00,0.0,1.0,0.0,in_sample
2020-03-22 00:00:00+00:00,0.0,1.0,0.0,in_sample
2020-03-23 00:00:00+00:00,0.0,1.0,0.0,in_sample
2020-03-24 00:00:00+00:00,0.0,1.0,0.0,in_sample
2020-03-25 00:00:00+00:00,0.0,1.0,0.0,in_sample
2020-03-26 00:00:00+00:00,0.0,1.0,0.0,in_sample
2020-03-27 00:00:00+00:00,0.0,1.0,0.0,in_sample
2020-03-28 00:00:00+00:00,0.0,1.0,0.0,in_sample
2020-03-29 00:00:00+00:00,0.0,1.0,0.0,in_sample
2020-03-30 00:00:00+00:00,0.0,1.0,0.0,in_sample
2020-03-31 00:00:00+00:00,0.0,1.0,0.0,in_sample
2020-04-01 00:00:00+00:00,0.0,1.0,0.0,in_sample
2020-04-02 00:00:00+00:00,0.0,1.0,0.0,in_sample
2020-04-03 00:00:00+00:00,0.0,1.0,0.0,in_sample
2020-04-04 00:00:00+00:00,0.0,1.0,0.0,in_sample
2020-04-05 00:00:00+00:00,0.0,1.0,0.0,in_sample
2020-04-06 00:00:00+00:00,0.0,1.0,0.0,in_sample
2020-04-07 00:00:00+00:00,0.0,1.0,0.0,in_sample
2020-04-08 00:00:00+00:00,0.0,1.0,0.0,in_sample
2020-04-09 00:00:00+00:00,0.0,1.0,0.0,in_sample
2020-04-10 00:00:00+00:00,0.0,1.0,0.0,in_sample
2020-04-11 00:00:00+00:00,0.0,1.0,0.0,in_sample
2020-04-12 00:00:00+00:00,0.0,1.0,0.0,in_sample
2020-04-13 00:00:00+00:00,0.0,1.0,0.0,in_sample
2020-04-14 00:00:00+00:00,0.0,1.0,0.0,in_sample
2020-04-15 00:00:00+00:00,0.0,1.0,0.0,in_sample
2020-04-16 00:00:00+00:00,0.0,1.0,0.0,in_sample
2020-04-17 00:00:00+00:00,0.0,1.0,0.0,in_sample
2020-04-18 00:00:00+00:00,0.0,1.0,0.0,in_sample
2020-04-19 00:00:00+00:00,0.0,1.0,0.0,in_sample
2020-04-20 00:00:00+00:00,0.0,1.0,0.0,in_sample
2020-04-21 00:00:00+00:00,0.0,1.0,0.0,in_sample
2020-04-22 00:00:00+00:00,0.0,1.0,0.0,in_sample
2020-04-23 00:00:00+00:00,0.0,1.0,0.0,in_sample
2020-04-24 00:00:00+00:00,0.0,1.0,0.0,in_sample
2020-04-25 00:00:00+00:00,0.0,1.0,0.0,in_sample
2020-04-26 00:00:00+00:00,0.0,1.0,0.0,in_sample
2020-04-27 00:00:00+00:00,0.0,1.0,0.0,in_sample
2020-04-28 00:00:00+00:00,0.0,1.0,0.0,in_sample
2020-04-29 00:00:00+00:00,0.0,1.0,0.0,in_sample
2020-04-30 00:00:00+00:00,0.0,1.0,0.0,in_sample
2020-05-01 00:00:00+00:00,0.0,1.0,0.0,in_sample
2020-05-02 00:00:00+00:00,0.0,1.0,0.0,in_sample
2020-05-03 00:00:00+00:00,0.0,1.0,0.0,in_sample
2020-05-04 00:00:00+00:00,0.0,1.0,0.0,in_sample
2020-05-05 00:00:00+00:00,0.0,1.0,0.0,in_sample
2020-05-06 00:00:00+00:00,0.0,1.0,0.0,in_sample
2020-05-07 00:00:00+00:00,0.0,1.0,0.0,in_sample
2020-05-08 00:00:00+00:00,0.0,1.0,0.0,in_sample
2020-05-09 00:00:00+00:00,0.0,1.0,0.0,in_sample
2020-05-10 00:00:00+00:00,0.0,1.0,0.0,in_sample
2020-05-11 00:00:00+00:00,0.0,1.0,0.0,in_sample
2020-05-12 00:00:00+00:00,0.0,1.0,0.0,in_sample
2020-05-13 00:00:00+00:00,0.0,1.0,0.0,in_sample
2020-05-14 00:00:00+00:00,0.0,1.0,0.0,in_sample
2020-05-15 00:00:00+00:00,0.0,1.0,0.0,in_sample
2020-05-16 00:00:00+00:00,0.0,1.0,0.0,in_sample
2020-05-17 00:00:00+00:00,0.0,1.0,0.0,in_sample
2020-05-18 00:00:00+00:00,0.0,1.0,0.0,in_sample
2020-05-19 00:00:00+00:00,0.0,1.0,0.0,in_sample
2020-05-20 00:00:00+00:00,0.0,1.0,0.0,in_sample
2020-05-21 00:00:00+00:00,0.0,1.0,0.0,in_sample
2020-05-22 00:00:00+00:00,0.0,1.0,0.0,in_sample
2020-05-23 00:00:00+00:00,0.0,1.0,0.0,in_sample
2020-05-24 00:00:00+00:00,0.0,1.0,0.0,in_sample
2020-05-25 00:00:00+00:00,0.0,1.0,0.0,in_sample
2020-05-26 00:00:00+00:00,0.0,1.0,0.0,in_sample
2020-05-27 00:00:00+00:00,0.0,1.0,0.0,in_sample
2020-05-28 00:00:00+00:00,0.0,1.0,0.0,in_sample
2020-05-29 00:00:00+00:00,0.0,1.0,0.0,in_sample
2020-05-30 00:00:00+00:00,0.0,1.0,0.0,in_sample
2020-05-31 00:00:00+00:00,0.0,1.0,0.0,in_sample
2020-06-01 00:00:00+00:00,-0.00095,0.99905,-0.0009500000000000064,in_sample
2020-06-02 00:00:00+00:00,-0.007454817335183966,0.9916022647412844,-0.008397735258715566,in_sample
2020-06-03 00:00:00+00:00,0.003293285918081712,0.9948678945160948,-0.005132105483905192,in_sample
2020-06-04 00:00:00+00:00,-0.0005946924531284538,0.9942762540873663,-0.005723745912633693,in_sample
2020-06-05 00:00:00+00:00,-0.0003556896428332069,0.9939226003216725,-0.006077399678327544,in_sample
2020-06-06 00:00:00+00:00,0.0014042131786686453,0.9953182795356208,-0.004681720464379202,in_sample
2020-06-07 00:00:00+00:00,-0.0021359755652179072,0.993192304010918,-0.006807695989082041,in_sample
2020-06-08 00:00:00+00:00,0.0008743514043575763,0.9940607030967271,-0.005939296903272884,in_sample
2020-06-09 00:00:00+00:00,-0.001261484877354141,0.9928067105525986,-0.007193289447401385,in_sample
2020-06-10 00:00:00+00:00,0.004841227390440895,0.9976131135931393,-0.0023868864068606888,in_sample
2020-06-11 00:00:00+00:00,-0.013219584684395075,0.9844250825557317,-0.01557491744426831,in_sample
2020-06-12 00:00:00+00:00,0.004979538332342404,0.9893270649896372,-0.010672935010362816,in_sample
2020-06-13 00:00:00+00:00,0.002598538720238375,0.9918978696749925,-0.008102130325007506,in_sample
2020-06-14 00:00:00+00:00,-0.004011283951946448,0.9879190856683953,-0.012080914331604742,in_sample
2020-06-15 00:00:00+00:00,-0.0007981051652683703,0.9871306223432561,-0.012869377656743897,in_sample
2020-06-16 00:00:00+00:00,0.00172480581348456,0.9888332309793425,-0.011166769020657497,in_sample
2020-06-17 00:00:00+00:00,0.0,0.9888332309793425,-0.011166769020657497,in_sample
2020-06-18 00:00:00+00:00,0.0,0.9888332309793425,-0.011166769020657497,in_sample
2020-06-19 00:00:00+00:00,0.0,0.9888332309793425,-0.011166769020657497,in_sample
2020-06-20 00:00:00+00:00,0.0,0.9888332309793425,-0.011166769020657497,in_sample
2020-06-21 00:00:00+00:00,0.0,0.9888332309793425,-0.011166769020657497,in_sample
2020-06-22 00:00:00+00:00,0.0,0.9888332309793425,-0.011166769020657497,in_sample
2020-06-23 00:00:00+00:00,0.0,0.9888332309793425,-0.011166769020657497,in_sample
2020-06-24 00:00:00+00:00,-0.00095,0.9878938394099122,-0.012106160590087844,in_sample
2020-06-25 00:00:00+00:00,-0.0011803118405214299,0.9867278166140784,-0.013272183385921621,in_sample
2020-06-26 00:00:00+00:00,-0.00095,0.985790425188295,-0.014209574811705039,in_sample
2020-06-27 00:00:00+00:00,-0.00813640991344123,0.9777696302002175,-0.022230369799782546,in_sample
2020-06-28 00:00:00+00:00,0.0017233491063053167,0.9794546686185955,-0.020545331381404464,in_sample
2020-06-29 00:00:00+00:00,0.002471087856771426,0.9818749871564771,-0.01812501284352286,in_sample
2020-06-30 00:00:00+00:00,-0.002016601753142078,0.979894936336011,-0.02010506366398901,in_sample
2020-07-01 00:00:00+00:00,0.002259029109575661,0.9821085475215198,-0.01789145247848023,in_sample
2020-07-02 00:00:00+00:00,-0.0023982700594062326,0.979753185996912,-0.02024681400308803,in_sample
2020-07-03 00:00:00+00:00,-0.0007660317223816271,0.9790026639763338,-0.020997336023666158,in_sample
2020-07-04 00:00:00+00:00,0.0031235244004746312,0.9820606026853935,-0.017939397314606476,in_sample
2020-07-05 00:00:00+00:00,0.0019242909392302057,0.9839503730049161,-0.016049626995083943,in_sample
2020-07-06 00:00:00+00:00,0.008235807363342285,0.9920539987320734,-0.00794600126792655,in_sample
2020-07-07 00:00:00+00:00,0.0008097003694649496,0.992857265221376,-0.007142734778624038,in_sample
2020-07-08 00:00:00+00:00,0.009876074970168881,1.0026627980073792,0.0,in_sample
2020-07-09 00:00:00+00:00,0.00043895790982967386,1.0031029247734564,0.0,in_sample
2020-07-10 00:00:00+00:00,-0.001463619972678043,1.0016347632981062,-0.0014636199726780763,in_sample
2020-07-11 00:00:00+00:00,0.005583245076635457,1.0072271356588773,0.0,in_sample
2020-07-12 00:00:00+00:00,0.00158588525495571,1.00882448232171,0.0,in_sample
2020-07-13 00:00:00+00:00,-0.00030232398813632164,1.008519490480885,-0.00030232398813634376,in_sample
2020-07-14 00:00:00+00:00,0.004986108336226652,1.0135480779196187,0.0,in_sample
2020-07-15 00:00:00+00:00,-0.00613133736085773,1.0073336727224447,-0.0061313373608575805,in_sample
2020-07-16 00:00:00+00:00,-0.0044908291924409816,1.002809909258454,-0.010594631764489715,in_sample
2020-07-17 00:00:00+00:00,0.0031288671957032557,1.005947568287059,-0.007498913764564907,in_sample
2020-07-18 00:00:00+00:00,0.005503989524180969,1.0114842931647863,-0.002036198183186788,in_sample
2020-07-19 00:00:00+00:00,0.0008502360066791619,1.0123442935310254,-0.0011876934255197202,in_sample
2020-07-20 00:00:00+00:00,-0.007827328515224458,1.0044203421750453,-0.009005725474127257,in_sample
2020-07-21 00:00:00+00:00,0.009793040359765314,1.0142566711241348,0.0,in_sample
2020-07-22 00:00:00+00:00,0.0028216497197650126,1.017118548175982,0.0,in_sample
2020-07-23 00:00:00+00:00,0.0011386790539648032,1.018276719762189,0.0,in_sample
2020-07-24 00:00:00+00:00,-0.002066432350589509,1.0161725198066203,-0.0020664323505894533,in_sample
2020-07-25 00:00:00+00:00,0.007051330794649158,1.023337888388209,0.0,in_sample
2020-07-26 00:00:00+00:00,-0.0016263275503459577,1.0216736057870104,-0.001626327550345863,in_sample
2020-07-27 00:00:00+00:00,0.0020862082998661046,1.0238050297431573,0.0,in_sample
2020-07-28 00:00:00+00:00,0.0024111953106551284,1.0262736236298993,0.0,in_sample
2020-07-29 00:00:00+00:00,-0.0003593135266610815,1.0259048696348736,-0.00035931352666107585,in_sample
2020-07-30 00:00:00+00:00,0.00045414584382989526,1.026370780067583,0.0,in_sample
2020-07-31 00:00:00+00:00,0.005860525125299044,1.0323858518120417,0.0,in_sample
2020-08-01 00:00:00+00:00,0.02464154921710373,1.0578254385905097,0.0,in_sample
2020-08-02 00:00:00+00:00,-0.014411834501080235,1.0425802334385108,-0.014411834501080079,in_sample
2020-08-03 00:00:00+00:00,0.006636626730013573,1.0494994492839325,-0.007870853737145023,in_sample
2020-08-04 00:00:00+00:00,0.008948380158214043,1.0588907693319614,0.0,in_sample
2020-08-05 00:00:00+00:00,0.007405506301329834,1.066732391596669,0.0,in_sample
2020-08-06 00:00:00+00:00,-0.0006979748148181696,1.0659878392531839,-0.0006979748148181475,in_sample
2020-08-07 00:00:00+00:00,-0.005235572406875217,1.0604067827359254,-0.005929892924012248,in_sample
2020-08-08 00:00:00+00:00,0.005228292844963123,1.065950899930854,-0.0007326032957950535,in_sample
2020-08-09 00:00:00+00:00,-0.005125521924832361,1.0604873452224637,-0.005854370246372587,in_sample
2020-08-10 00:00:00+00:00,0.003258614505580077,1.06394306466859,-0.00261483287659825,in_sample
2020-08-11 00:00:00+00:00,-0.012619191918681296,1.050516962944987,-0.015201027717374416,in_sample
2020-08-12 00:00:00+00:00,0.004577496350072175,1.0553257005085568,-0.01069311401619577,in_sample
2020-08-13 00:00:00+00:00,0.004432026928720868,1.060002932431782,-0.006308479256746491,in_sample
2020-08-14 00:00:00+00:00,0.007201924850546755,1.0676369938925148,0.0,in_sample
2020-08-15 00:00:00+00:00,-0.0006407944220975959,1.0669528580620034,-0.0006407944220976347,in_sample
2020-08-16 00:00:00+00:00,0.004936811618766019,1.0722202033283594,0.0,in_sample
2020-08-17 00:00:00+00:00,0.0025746247288331806,1.0749807679786032,0.0,in_sample
2020-08-18 00:00:00+00:00,-0.006411771982102632,1.0680882364091788,-0.006411771982102632,in_sample
2020-08-19 00:00:00+00:00,-0.006353481797004524,1.0613021572415584,-0.012724516702532385,in_sample
2020-08-20 00:00:00+00:00,0.01567737831629128,1.0779405926685304,0.0,in_sample
2020-08-21 00:00:00+00:00,-0.010253354509332702,1.0668880856318996,-0.010253354509332846,in_sample
2020-08-22 00:00:00+00:00,0.008383634196111678,1.0758324850700274,-0.0019556806867103704,in_sample
2020-08-23 00:00:00+00:00,0.0014595552793820075,1.077402722053342,-0.0004989798313994598,in_sample
2020-08-24 00:00:00+00:00,-0.0026040295347438515,1.0745971335443016,-0.0031017100079251403,in_sample
2020-08-25 00:00:00+00:00,-0.013444059747525234,1.0601501854764126,-0.01650407018078437,in_sample
2020-08-26 00:00:00+00:00,0.00746792559573683,1.068067308181857,-0.009159395753184474,in_sample
2020-08-27 00:00:00+00:00,-0.006584581516411204,1.0610345319261196,-0.015683666481617897,in_sample
2020-08-28 00:00:00+00:00,0.0031959104004725125,1.064425503221963,-0.012537879673971353,in_sample
2020-08-29 00:00:00+00:00,0.0029595047638385445,1.0675756755694994,-0.009615480824756606,in_sample
2020-08-30 00:00:00+00:00,0.003782230939791198,1.0716134933202068,-0.00586961785404172,in_sample
2020-08-31 00:00:00+00:00,-0.005535888367626958,1.0656811606479435,-0.011373012672468041,in_sample
2020-09-01 00:00:00+00:00,0.009531817999589088,1.0758390395168307,-0.0019496001597797408,in_sample
2020-09-02 00:00:00+00:00,-0.010272074921185665,1.0647879402997773,-0.01220164864205786,in_sample
2020-09-03 00:00:00+00:00,-0.040328067162463836,1.0218471007295864,-0.05203764689859203,in_sample
2020-09-04 00:00:00+00:00,0.00995442246664382,1.032018998466564,-0.04260122915334663,in_sample
2020-09-05 00:00:00+00:00,-0.0237972330324143,1.0074598018661762,-0.0653846708081316,in_sample
2020-09-06 00:00:00+00:00,0.02510816239646325,1.0327552661793409,-0.04191819734455826,in_sample
2020-09-07 00:00:00+00:00,-0.002338434227438513,1.0303402359163398,-0.04415860862457355,in_sample
2020-09-08 00:00:00+00:00,-0.004972243029101891,1.0252171338607017,-0.0489112843197671,in_sample
2020-09-09 00:00:00+00:00,0.008465727503996268,1.0338963427483945,-0.04085962642069241,in_sample
2020-09-10 00:00:00+00:00,0.006030523667714883,1.0401312791133026,-0.03507550769716139,in_sample
2020-09-11 00:00:00+00:00,0.0075225248563100654,1.047955692514258,-0.027816839219351075,in_sample
2020-09-12 00:00:00+00:00,0.012752391985349632,1.0613196342884783,-0.015419178471519968,in_sample
2020-09-13 00:00:00+00:00,-0.007355661692275995,1.053512926111282,-0.022661421903386714,in_sample
2020-09-14 00:00:00+00:00,-0.004737021315707824,1.0485224129239192,-0.027291095580493918,in_sample
2020-09-15 00:00:00+00:00,-0.024967101309193662,1.0223438476154876,-0.051576817341490444,in_sample
2020-09-16 00:00:00+00:00,-0.007817078772527287,1.0143521052260687,-0.05899071607002315,in_sample
2020-09-17 00:00:00+00:00,0.0002108266184708172,1.0145659576503523,-0.0587923262647424,in_sample
2020-09-18 00:00:00+00:00,0.00523527570192896,1.0198774901564434,-0.05386484459996732,in_sample
2020-09-19 00:00:00+00:00,-0.004655502747141627,1.015129447699272,-0.05826957941509947,in_sample
2020-09-20 00:00:00+00:00,-0.01638313468600598,0.9984984452338841,-0.07369807573345089,in_sample
2020-09-21 00:00:00+00:00,-0.038043163493975164,0.9605124056333714,-0.10893753128310713,in_sample
2020-09-22 00:00:00+00:00,0.00922232679996108,0.9693705649335391,-0.10071986199741978,in_sample
2020-09-23 00:00:00+00:00,-0.017110093446799354,0.9527845439829495,-0.11610662919349457,in_sample
2020-09-24 00:00:00+00:00,0.044299083628770164,0.99499202617705,-0.07695096284122149,in_sample
2020-09-25 00:00:00+00:00,0.017748132637207734,1.0126512766306044,-0.06056856609908057,in_sample
2020-09-26 00:00:00+00:00,0.009659631449634781,1.0224331147498582,-0.05149400467539578,in_sample
2020-09-27 00:00:00+00:00,0.008308253666401984,1.0309277484241297,-0.04361357626213569,in_sample
2020-09-28 00:00:00+00:00,-0.01138817250564968,1.0191873653842147,-0.05450506983772385,in_sample
2020-09-29 00:00:00+00:00,0.0072049684399931755,1.0265305781862477,-0.047692808705731116,in_sample
2020-09-30 00:00:00+00:00,6.456312242289442e-05,1.026596854205638,-0.04763132477995535,in_sample
2020-10-01 00:00:00+00:00,-0.009348689016324576,1.0169995194705324,-0.056534723353476646,in_sample
2020-10-02 00:00:00+00:00,-0.01904042056406586,0.9976354209063606,-0.0744986990084191,in_sample
2020-10-03 00:00:00+00:00,-0.002377402338246959,0.9952636401239797,-0.07669898796544716,in_sample
2020-10-04 00:00:00+00:00,0.003350578746930938,0.9985983493241724,-0.07360539521750431,in_sample
2020-10-05 00:00:00+00:00,-0.003383321953741496,0.9952197696059338,-0.0767396864216926,in_sample
2020-10-06 00:00:00+00:00,-0.03864180742666059,0.9567626789216158,-0.11241613366366388,in_sample
2020-10-07 00:00:00+00:00,0.016354062111660954,0.972409635198819,-0.09790053198429138,in_sample
2020-10-08 00:00:00+00:00,0.013786357309142145,0.9858156218805224,-0.08546386638983972,in_sample
2020-10-09 00:00:00+00:00,0.018195048514563616,1.0037525849470532,-0.06882383707048145,in_sample
2020-10-10 00:00:00+00:00,0.0030717282380916086,1.0068358401062927,-0.06596351695617297,in_sample
2020-10-11 00:00:00+00:00,0.009823453567637187,1.0167264452318099,-0.05678805293451272,in_sample
2020-10-12 00:00:00+00:00,0.0162794604180934,1.03327820315299,-0.0414330713763873,in_sample
2020-10-13 00:00:00+00:00,-0.0075897086384244805,1.025435922648624,-0.0487083150750699,in_sample
2020-10-14 00:00:00+00:00,-0.012089616770359246,1.0130387953212425,-0.0602090669826415,in_sample
2020-10-15 00:00:00+00:00,-0.005376287155648857,1.007592407857783,-0.065261652904818,in_sample
2020-10-16 00:00:00+00:00,-0.033623010972066714,0.9737141172730095,-0.0966903706052109,in_sample
2020-10-17 00:00:00+00:00,0.006934379368144378,0.9804662203582984,-0.09042647894808942,in_sample
2020-10-18 00:00:00+00:00,0.012927476591573074,0.9931411744708084,-0.07866798854637624,in_sample
2020-10-19 00:00:00+00:00,-0.013327461073296182,0.9799051241277611,-0.09094700506460607,in_sample
2020-10-20 00:00:00+00:00,-0.03575165544740311,0.9448718937588007,-0.12344715452296606,in_sample
2020-10-21 00:00:00+00:00,0.020340013110245834,0.9640906004653574,-0.10561805815413994,in_sample
2020-10-22 00:00:00+00:00,0.022287480537956067,0.9855777509600554,-0.08568453803175102,in_sample
2020-10-23 00:00:00+00:00,-0.0009803559016324515,0.984611533995384,-0.08658089259084545,in_sample
2020-10-24 00:00:00+00:00,-0.0008883269635720555,0.9837368770210918,-0.08739230741299897,in_sample
2020-10-25 00:00:00+00:00,-0.001368366395618148,0.9823907645364458,-0.0886410891119177,in_sample
2020-10-26 00:00:00+00:00,-0.016407440044367373,0.9662722469671738,-0.1035941558012139,in_sample
2020-10-27 00:00:00+00:00,0.001234459382514408,0.9674650708085057,-0.10248757919630191,in_sample
2020-10-28 00:00:00+00:00,-0.029927035677531598,0.9385117091176539,-0.12934746543472198,in_sample
2020-10-29 00:00:00+00:00,-0.013526659373316638,0.9258167809105502,-0.1411244857023013,in_sample
2020-10-30 00:00:00+00:00,-0.009374218584390788,0.9171379720371976,-0.14917577251010905,in_sample
2020-10-31 00:00:00+00:00,0.0037401672898358,0.9205682214804775,-0.14599354756505156,in_sample
2020-11-01 00:00:00+00:00,0.004749272614543276,0.9249402509245735,-0.14193763810785887,in_sample
2020-11-02 00:00:00+00:00,-0.021793476153948863,0.9047825876222213,-0.1606377997303564,in_sample
2020-11-03 00:00:00+00:00,-0.016721033549476915,0.8896536876196076,-0.17467280324122791,in_sample
2020-11-04 00:00:00+00:00,-0.005004675486132894,0.88520125961803,-0.17880329803088535,in_sample
2020-11-05 00:00:00+00:00,0.035837968781955144,0.9169250747259684,-0.14937327626187158,in_sample
2020-11-06 00:00:00+00:00,0.06077570563747058,0.9726518431591294,-0.09767583689259718,in_sample
2020-11-07 00:00:00+00:00,-0.020502866491297962,0.952709692276323,-0.11617606874066044,in_sample
2020-11-08 00:00:00+00:00,0.034502566267519075,0.9855806215677946,-0.08568187498356572,in_sample
2020-11-09 00:00:00+00:00,-0.001763458410723201,0.9838425911312451,-0.08729423697120264,in_sample
2020-11-10 00:00:00+00:00,0.02437220884602685,1.0078210082339119,-0.06504958149969264,in_sample
2020-11-11 00:00:00+00:00,-0.020331297654793724,0.9873306993327539,-0.0840583367506963,in_sample
2020-11-12 00:00:00+00:00,-0.011854973566840035,0.9756259199904344,-0.09491680095728439,in_sample
2020-11-13 00:00:00+00:00,0.036578097089662295,1.0113124596150356,-0.06181057982847771,in_sample
2020-11-14 00:00:00+00:00,-0.00575510495482491,1.005492250267829,-0.06720995840907118,in_sample
2020-11-15 00:00:00+00:00,0.0030363250231052073,1.0085452515478555,-0.06437770466448534,in_sample
2020-11-16 00:00:00+00:00,0.020743268540917705,1.02946577653638,-0.04496984013947103,in_sample
2020-11-17 00:00:00+00:00,0.017799110981254307,1.0477893521443542,-0.027971152333668314,in_sample
2020-11-18 00:00:00+00:00,-0.024889426584913943,1.0217104759877027,-0.052164392976078,in_sample
2020-11-19 00:00:00+00:00,8.541996810823018e-05,1.0217977504639775,-0.05208342888875417,in_sample
2020-11-20 00:00:00+00:00,0.014281404563429433,1.0363904575203555,-0.03854584884433576,in_sample
2020-11-21 00:00:00+00:00,0.06055451147537309,1.099148575373239,0.0,in_sample
2020-11-22 00:00:00+00:00,-0.021744251690333397,1.075248412105252,-0.02174425169033345,in_sample
2020-11-23 00:00:00+00:00,0.042078635128681936,1.1204933977109235,0.0,in_sample
2020-11-24 00:00:00+00:00,0.03159650198501368,1.1558970695758914,0.0,in_sample
2020-11-25 00:00:00+00:00,-0.02186610024792398,1.1306221083762633,-0.021866100247924125,in_sample
2020-11-26 00:00:00+00:00,-0.047275498396773946,1.077171384704364,-0.06810786785748368,in_sample
2020-11-27 00:00:00+00:00,-0.0019221503789708272,1.075100899319038,-0.06989910467244131,in_sample
2020-11-28 00:00:00+00:00,0.01226874034396469,1.0882910330963462,-0.05848793829397847,in_sample
2020-11-29 00:00:00+00:00,0.006502660739081723,1.0953678204699564,-0.05236560477495089,in_sample
2020-11-30 00:00:00+00:00,0.01348887175295849,1.1101430965225931,-0.03958308594906801,in_sample
2020-12-01 00:00:00+00:00,-0.0130521270922288,1.09565336773622,-0.05211856957278682,in_sample
2020-12-02 00:00:00+00:00,0.031246550643995025,1.1298887561794533,-0.02250054445244054,in_sample
2020-12-03 00:00:00+00:00,0.01108444473003744,1.1424129456484151,-0.011665505763782003,in_sample
2020-12-04 00:00:00+00:00,-0.03256766712079891,1.105207221120046,-0.043853254576070366,in_sample
2020-12-05 00:00:00+00:00,0.024316869769880657,1.132082401184754,-0.020602758686701583,in_sample
2020-12-06 00:00:00+00:00,-0.015455683346780286,1.1145852940695797,-0.035740012319149916,in_sample
2020-12-07 00:00:00+00:00,-0.00944077108976913,1.1040627494482458,-0.04484337013386852,in_sample
2020-12-08 00:00:00+00:00,-0.04441095826188775,1.0550302647639946,-0.08726279135641868,in_sample
2020-12-09 00:00:00+00:00,0.01542262715549417,1.071301603175212,-0.0731859856965622,in_sample
2020-12-10 00:00:00+00:00,-0.00949868421298562,1.0611256475497854,-0.08198949934260014,in_sample
2020-12-11 00:00:00+00:00,-0.007579524009602623,1.0530828202269766,-0.08894758197340036,in_sample
2020-12-12 00:00:00+00:00,0.025803182261373583,1.0802557081736146,-0.06543953038139483,in_sample
2020-12-13 00:00:00+00:00,0.012851882113255348,1.0941390271872329,-0.053428669398148165,in_sample
2020-12-14 00:00:00+00:00,0.013566547409216503,1.1089827161718426,-0.04058696456533284,in_sample
2020-12-15 00:00:00+00:00,0.020566502543036526,1.1317906120241745,-0.020855193932243332,in_sample
2020-12-16 00:00:00+00:00,0.0,1.1317906120241745,-0.020855193932243332,in_sample
2020-12-17 00:00:00+00:00,0.0,1.1317906120241745,-0.020855193932243332,in_sample
2020-12-18 00:00:00+00:00,-0.00095,1.1307154109427515,-0.021785381498007683,in_sample
2020-12-19 00:00:00+00:00,0.0135448567577151,1.146030789217712,-0.008535604612095349,in_sample
2020-12-20 00:00:00+00:00,-0.00095,1.1449420599679552,-0.009477495787713841,in_sample
2020-12-21 00:00:00+00:00,-0.0057927156422934115,1.138309736187659,-0.015215310991908093,in_sample
2020-12-22 00:00:00+00:00,-0.0032771687326435595,1.1345793031121612,-0.018442616583111526,in_sample
2020-12-23 00:00:00+00:00,-0.06261384081938405,1.0635389352301285,-0.07990169434346772,in_sample
2020-12-24 00:00:00+00:00,0.054449225492757984,1.1214478065348015,-0.029803054223270675,in_sample
2020-12-25 00:00:00+00:00,-0.0013638175061800703,1.119918356383982,-0.03112622580236346,in_sample
2020-12-26 00:00:00+00:00,-0.0057154079461233685,1.1135175661108956,-0.03666373467020312,in_sample
2020-12-27 00:00:00+00:00,0.0,1.1135175661108956,-0.03666373467020312,in_sample
2020-12-28 00:00:00+00:00,0.0,1.1135175661108956,-0.03666373467020312,in_sample
2020-12-29 00:00:00+00:00,0.0,1.1135175661108956,-0.03666373467020312,in_sample
2020-12-30 00:00:00+00:00,0.0,1.1135175661108956,-0.03666373467020312,in_sample
2020-12-31 00:00:00+00:00,0.0,1.1135175661108956,-0.03666373467020312,in_sample
2021-01-01 00:00:00+00:00,-0.00095,1.1124597244230903,-0.0375789041222665,in_sample
2021-01-02 00:00:00+00:00,0.04463388852728456,1.1621131277540842,0.0,in_sample
2021-01-03 00:00:00+00:00,0.028345512998193656,1.195053820522209,0.0,in_sample
2021-01-04 00:00:00+00:00,0.019926513712511966,1.2188670768640346,0.0,in_sample
2021-01-05 00:00:00+00:00,0.012754178208344057,1.234412724774642,0.0,in_sample
2021-01-06 00:00:00+00:00,0.022745074505231,1.2624895341698463,0.0,in_sample
2021-01-07 00:00:00+00:00,0.006067574346919107,1.2701497832806292,0.0,in_sample
2021-01-08 00:00:00+00:00,0.047311696890528464,1.3302427248327728,0.0,in_sample
2021-01-09 00:00:00+00:00,0.03458038952252847,1.3762430364169997,0.0,in_sample
2021-01-10 00:00:00+00:00,0.00025543286282258583,1.3765945741157315,0.0,in_sample
2021-01-11 00:00:00+00:00,-0.045121517397362684,1.3144805380906535,-0.0451215173973627,in_sample
2021-01-12 00:00:00+00:00,0.017860939291652254,1.337958395181549,-0.028066490788691945,in_sample
2021-01-13 00:00:00+00:00,0.0521221468886049,1.4076956591860437,0.0,in_sample
2021-01-14 00:00:00+00:00,0.017608671046097875,1.4324833089816706,0.0,in_sample
2021-01-15 00:00:00+00:00,-0.00625361724696092,1.4235251066546393,-0.00625361724696083,in_sample
2021-01-16 00:00:00+00:00,0.032736388986048415,1.4701261782774915,0.0,in_sample
2021-01-17 00:00:00+00:00,0.020547169873295735,1.5003331105977382,0.0,in_sample
2021-01-18 00:00:00+00:00,0.004559675300089433,1.507174142424037,0.0,in_sample
2021-01-19 00:00:00+00:00,0.005477579525405055,1.5154298086477986,0.0,in_sample
2021-01-20 00:00:00+00:00,0.017453143953319424,1.54187882324928,0.0,in_sample
2021-01-21 00:00:00+00:00,-0.07152229508107566,1.4316001110735832,-0.07152229508107566,in_sample
2021-01-22 00:00:00+00:00,0.040947997494663116,1.4902212688351837,-0.03350299234620502,in_sample
2021-01-23 00:00:00+00:00,0.03360575253066637,1.5403012760115944,-0.0010231330853621712,in_sample
2021-01-24 00:00:00+00:00,0.013514160200792047,1.5611171542130995,0.0,in_sample
2021-01-25 00:00:00+00:00,0.006698101784256517,1.5715736758091676,0.0,in_sample
2021-01-26 00:00:00+00:00,0.0008676773267717932,1.5729372946550186,0.0,in_sample
2021-01-27 00:00:00+00:00,-0.02709434810671064,1.530319584043608,-0.02709434810671063,in_sample
2021-01-28 00:00:00+00:00,0.22719054936548075,1.877993731047229,0.0,in_sample
2021-01-29 00:00:00+00:00,0.021611917302888296,1.9185807762579645,0.0,in_sample
2021-01-30 00:00:00+00:00,-0.011887421539799537,1.8957737978124303,-0.011887421539799492,in_sample
2021-01-31 00:00:00+00:00,0.015498545524383244,1.925155534321759,0.0,in_sample
2021-02-01 00:00:00+00:00,0.010444909442273463,1.9452636095400413,0.0,in_sample
2021-02-02 00:00:00+00:00,0.004066437870625193,1.953173903150224,0.0,in_sample
2021-02-03 00:00:00+00:00,0.0318701926372775,2.0154219316977247,0.0,in_sample
2021-02-04 00:00:00+00:00,0.03027993426378426,2.0764487753033207,0.0,in_sample
2021-02-05 00:00:00+00:00,0.04556489541636877,2.1710619465874634,0.0,in_sample
2021-02-06 00:00:00+00:00,0.015758293247126846,2.2052741773994664,0.0,in_sample
2021-02-07 00:00:00+00:00,0.06498513964868544,2.3485842277814104,0.0,in_sample
2021-02-08 00:00:00+00:00,0.059991719438253176,2.489479833851579,0.0,in_sample
2021-02-09 00:00:00+00:00,0.021960732644672333,2.544150634907097,0.0,in_sample
2021-02-10 00:00:00+00:00,0.08083322577893834,2.7498025375941717,0.0,in_sample
2021-02-11 00:00:00+00:00,0.01183770457981831,2.782353887687046,0.0,in_sample
2021-02-12 00:00:00+00:00,0.02260052594933684,2.8452365489259557,0.0,in_sample
2021-02-13 00:00:00+00:00,0.003204504411768552,2.854354121999514,0.0,in_sample
2021-02-14 00:00:00+00:00,-0.026771277269859527,2.7779394163730986,-0.026771277269859506,in_sample
2021-02-15 00:00:00+00:00,-0.017546182922160595,2.729197183226736,-0.04384772646398327,in_sample
2021-02-16 00:00:00+00:00,-0.016102497002575374,2.6852502937643905,-0.05924416558260259,in_sample
2021-02-17 00:00:00+00:00,0.021539439353183813,2.7430890796150478,-0.038980812341015136,in_sample
2021-02-18 00:00:00+00:00,0.03783179226823811,2.846865055848317,-0.002623734067709438,in_sample
2021-02-19 00:00:00+00:00,0.053906779052781614,3.000330381407017,0.0,in_sample
2021-02-20 00:00:00+00:00,-0.0323318391858541,2.903324182010933,-0.03233183918585414,in_sample
2021-02-21 00:00:00+00:00,0.01958432923344768,2.960183838662865,-0.013380707335745146,in_sample
2021-02-22 00:00:00+00:00,-0.01668204857463447,2.910801908076443,-0.029839538300641788,in_sample
2021-02-23 00:00:00+00:00,-0.03703094371713439,2.803012166446737,-0.06576549575441981,in_sample
2021-02-24 00:00:00+00:00,0.03302211021841757,2.895573543150707,-0.03491510098537354,in_sample
2021-02-25 00:00:00+00:00,-0.020903122378369395,2.835047015022659,-0.055088388734992444,in_sample
2021-02-26 00:00:00+00:00,0.007889611486528864,2.857414434517231,-0.04763340323300169,in_sample
2021-02-27 00:00:00+00:00,-0.0009426225228661278,2.854720971314092,-0.048531125437139555,in_sample
2021-02-28 00:00:00+00:00,-0.01888956822712136,2.8007965247570605,-0.06650396165917716,in_sample
2021-03-01 00:00:00+00:00,0.060435755919808154,2.970064779908325,-0.010087422933903412,in_sample
2021-03-02 00:00:00+00:00,-0.005238597018629626,2.9545058074071604,-0.015273176008825717,in_sample
2021-03-03 00:00:00+00:00,0.03489216726838433,3.0575949182346243,0.0,in_sample
2021-03-04 00:00:00+00:00,0.0029879070292929914,3.0667307275835483,0.0,in_sample
2021-03-05 00:00:00+00:00,-0.01365429225909129,3.024856689949187,-0.013654292259091316,in_sample
2021-03-06 00:00:00+00:00,-0.0068770050119538375,3.004054735331964,-0.020437396634744642,in_sample
2021-03-07 00:00:00+00:00,0.03269690688141657,3.1022780332797915,0.0,in_sample
2021-03-08 00:00:00+00:00,0.02537810671744153,3.1810079762755405,0.0,in_sample
2021-03-09 00:00:00+00:00,0.04032704418551883,3.309288625489292,0.0,in_sample
2021-03-10 00:00:00+00:00,-0.013255372778345426,3.265422771127293,-0.013255372778345431,in_sample
2021-03-11 00:00:00+00:00,0.027228459880047292,3.354335204042325,0.0,in_sample
2021-03-12 00:00:00+00:00,-0.007442990965265096,3.3293689174241674,-0.007442990965265128,in_sample
2021-03-13 00:00:00+00:00,0.018058737525723442,3.3894931168302325,0.0,in_sample
2021-03-14 00:00:00+00:00,-0.03302450215626026,3.277556794084843,-0.033024502156260294,in_sample
2021-03-15 00:00:00+00:00,-1.2245470100658191e-05,3.2775166588611175,-0.033036343225807285,in_sample
2021-03-16 00:00:00+00:00,0.004365388371822309,3.2918242919721634,-0.028815171322550515,in_sample
2021-03-17 00:00:00+00:00,0.007030263780967022,3.3149666850653223,-0.021987485796874928,in_sample
2021-03-18 00:00:00+00:00,-0.0038950368877237245,3.3020547675454175,-0.025796880616351547,in_sample
2021-03-19 00:00:00+00:00,0.015200518243482902,3.352247711280471,-0.010988488327302481,in_sample
2021-03-20 00:00:00+00:00,-0.0022125607226864586,3.3448306596617763,-0.013176736352314311,in_sample
2021-03-21 00:00:00+00:00,-0.0030611829124233382,3.33459152120147,-0.0161975828645744,in_sample
2021-03-22 00:00:00+00:00,-0.02605938952970575,3.247694101828027,-0.04183487327297253,in_sample
2021-03-23 00:00:00+00:00,-0.004128810225363438,3.2342849892115466,-0.0457909552457898,in_sample
2021-03-24 00:00:00+00:00,-0.016695137397527166,3.1802881569339,-0.06172160635392454,in_sample
2021-03-25 00:00:00+00:00,0.0016781171422442839,3.185625053007327,-0.06014706529734981,in_sample
2021-03-26 00:00:00+00:00,0.05206563165496529,3.3514866336080353,-0.011213028589283525,in_sample
2021-03-27 00:00:00+00:00,0.0029895525159354024,3.361506078905662,-0.008256998011178518,in_sample
2021-03-28 00:00:00+00:00,0.013894405418969653,3.4082122071843077,0.0,in_sample
2021-03-29 00:00:00+00:00,0.010484205717534612,3.4439446050934404,0.0,in_sample
2021-03-30 00:00:00+00:00,0.011902624790744783,3.4849365855279775,0.0,in_sample
2021-03-31 00:00:00+00:00,-0.0018910841742684641,3.4783462771027565,-0.0018910841742684203,in_sample
2021-04-01 00:00:00+00:00,0.024607401008862537,3.5639393387911085,0.0,in_sample
2021-04-02 00:00:00+00:00,0.016332771705019875,3.622148346382123,0.0,in_sample
2021-04-03 00:00:00+00:00,-0.02467185414995059,3.5327832306706988,-0.024671854149950545,in_sample
2021-04-04 00:00:00+00:00,0.03231023651517421,3.64692829241051,0.0,in_sample
2021-04-05 00:00:00+00:00,0.02601956166027916,3.741819767985502,0.0,in_sample
2021-04-06 00:00:00+00:00,0.036560955571413006,3.878624274279055,0.0,in_sample
2021-04-07 00:00:00+00:00,-0.010588907345172576,3.8375538812119765,-0.010588907345172593,in_sample
2021-04-08 00:00:00+00:00,0.031663391236825704,3.95906385114519,0.0,in_sample
2021-04-09 00:00:00+00:00,0.019010600922894146,4.034328034047567,0.0,in_sample
2021-04-10 00:00:00+00:00,0.01292111176006153,4.086456037452245,0.0,in_sample
2021-04-11 00:00:00+00:00,0.021348574151951197,4.173696047186483,0.0,in_sample
2021-04-12 00:00:00+00:00,0.007134974132135241,4.2034752605185535,0.0,in_sample
2021-04-13 00:00:00+00:00,0.0188678817987656,4.282785934878053,0.0,in_sample
2021-04-14 00:00:00+00:00,0.03486058011871187,4.432086337092161,0.0,in_sample
2021-04-15 00:00:00+00:00,0.0350853892606562,4.587587811465876,0.0,in_sample
2021-04-16 00:00:00+00:00,0.041528259358275144,4.778102347929292,0.0,in_sample
2021-04-17 00:00:00+00:00,-0.01935748883284742,4.685610285087049,-0.01935748883284749,in_sample
2021-04-18 00:00:00+00:00,0.01922153024471433,4.775674884896794,-0.0005080391451954824,in_sample
2021-04-19 00:00:00+00:00,-0.020004636840453074,4.68013924315636,-0.020502512847048293,in_sample
2021-04-20 00:00:00+00:00,0.011990936547138415,4.736258495852821,-0.008757420630515544,in_sample
2021-04-21 00:00:00+00:00,-0.032530762405641254,4.582184396032534,-0.04100329746633913,in_sample
2021-04-22 00:00:00+00:00,-0.011677200453570721,4.528677310324838,-0.05220169419613807,in_sample
2021-04-23 00:00:00+00:00,-0.00042358711600789525,4.5267590209636275,-0.05260316934705056,in_sample
2021-04-24 00:00:00+00:00,-0.016782036029295542,4.450790787977877,-0.06850241709310878,in_sample
2021-04-25 00:00:00+00:00,0.009759282781208606,4.494227313877751,-0.059411668771508275,in_sample
2021-04-26 00:00:00+00:00,0.04360609893298504,4.6902030347540276,-0.018396280944747434,in_sample
2021-04-27 00:00:00+00:00,0.01611195859826264,4.76577139186743,-0.002580722463428553,in_sample
2021-04-28 00:00:00+00:00,0.01073964562453103,4.816954087743614,0.0,in_sample
2021-04-29 00:00:00+00:00,-0.0053868104788776915,4.7910060689874845,-0.005386810478877568,in_sample
2021-04-30 00:00:00+00:00,0.028208266768289473,4.926152046269977,0.0,in_sample
2021-05-01 00:00:00+00:00,0.013786814083462896,4.994067988678772,0.0,in_sample
2021-05-02 00:00:00+00:00,-0.01632081249280722,4.912560741459215,-0.016320812492807257,in_sample
2021-05-03 00:00:00+00:00,0.03688222990986767,5.093746936171904,0.0,in_sample
2021-05-04 00:00:00+00:00,-0.021876505491039602,4.982313553352773,-0.02187650549103959,in_sample
2021-05-05 00:00:00+00:00,0.06247554071157159,5.2935862865930785,0.0,in_sample
2021-05-06 00:00:00+00:00,0.012954106765152434,5.362159968520152,0.0,in_sample
2021-05-07 00:00:00+00:00,0.014710230870876145,5.441038579623654,0.0,in_sample
2021-05-08 00:00:00+00:00,-0.00015479433671777224,5.4401963376656655,-0.0001547943367177229,in_sample
2021-05-09 00:00:00+00:00,-0.004508201829793779,5.415670834581764,-0.004662298322399394,in_sample
2021-05-10 00:00:00+00:00,-0.03692601847245801,5.215691673303246,-0.04141615668088039,in_sample
2021-05-11 00:00:00+00:00,0.025767465697977013,5.350086829586311,-0.0167158803795201,in_sample
2021-05-12 00:00:00+00:00,-0.03397927516456713,5.1682947570494715,-0.05012716204505341,in_sample
2021-05-13 00:00:00+00:00,0.020922584842599158,5.276428842595399,-0.030253367003260756,in_sample
2021-05-14 00:00:00+00:00,0.022864965406414264,5.39707420555075,-0.00808014378680344,in_sample
2021-05-15 00:00:00+00:00,-0.018769930201961604,5.2957714994177545,-0.02669841025386499,in_sample
2021-05-16 00:00:00+00:00,0.005288355209301137,5.323777420213968,-0.021551245721510126,in_sample
2021-05-17 00:00:00+00:00,-0.02501997343982648,5.190576650560667,-0.04603200756578918,in_sample
2021-05-18 00:00:00+00:00,0.0,5.190576650560667,-0.04603200756578918,in_sample
2021-05-19 00:00:00+00:00,0.0,5.190576650560667,-0.04603200756578918,in_sample
2021-05-20 00:00:00+00:00,0.0,5.190576650560667,-0.04603200756578918,in_sample
2021-05-21 00:00:00+00:00,0.0,5.190576650560667,-0.04603200756578918,in_sample
2021-05-22 00:00:00+00:00,0.0,5.190576650560667,-0.04603200756578918,in_sample
2021-05-23 00:00:00+00:00,0.0,5.190576650560667,-0.04603200756578918,in_sample
2021-05-24 00:00:00+00:00,0.0,5.190576650560667,-0.04603200756578918,in_sample
2021-05-25 00:00:00+00:00,0.0,5.190576650560667,-0.04603200756578918,in_sample
2021-05-26 00:00:00+00:00,0.0,5.190576650560667,-0.04603200756578918,in_sample
2021-05-27 00:00:00+00:00,0.0,5.190576650560667,-0.04603200756578918,in_sample
2021-05-28 00:00:00+00:00,0.0,5.190576650560667,-0.04603200756578918,in_sample
2021-05-29 00:00:00+00:00,0.0,5.190576650560667,-0.04603200756578918,in_sample
2021-05-30 00:00:00+00:00,0.0,5.190576650560667,-0.04603200756578918,in_sample
2021-05-31 00:00:00+00:00,0.0,5.190576650560667,-0.04603200756578918,in_sample
2021-06-01 00:00:00+00:00,0.0,5.190576650560667,-0.04603200756578918,in_sample
2021-06-02 00:00:00+00:00,0.0,5.190576650560667,-0.04603200756578918,in_sample
2021-06-03 00:00:00+00:00,0.0,5.190576650560667,-0.04603200756578918,in_sample
2021-06-04 00:00:00+00:00,0.0,5.190576650560667,-0.04603200756578918,in_sample
2021-06-05 00:00:00+00:00,0.0,5.190576650560667,-0.04603200756578918,in_sample
2021-06-06 00:00:00+00:00,0.0,5.190576650560667,-0.04603200756578918,in_sample
2021-06-07 00:00:00+00:00,0.0,5.190576650560667,-0.04603200756578918,in_sample
2021-06-08 00:00:00+00:00,0.0,5.190576650560667,-0.04603200756578918,in_sample
2021-06-09 00:00:00+00:00,0.0,5.190576650560667,-0.04603200756578918,in_sample
2021-06-10 00:00:00+00:00,0.0,5.190576650560667,-0.04603200756578918,in_sample
2021-06-11 00:00:00+00:00,0.0,5.190576650560667,-0.04603200756578918,in_sample
2021-06-12 00:00:00+00:00,0.0,5.190576650560667,-0.04603200756578918,in_sample
2021-06-13 00:00:00+00:00,0.0,5.190576650560667,-0.04603200756578918,in_sample
2021-06-14 00:00:00+00:00,0.0,5.190576650560667,-0.04603200756578918,in_sample
2021-06-15 00:00:00+00:00,0.0,5.190576650560667,-0.04603200756578918,in_sample
2021-06-16 00:00:00+00:00,0.0,5.190576650560667,-0.04603200756578918,in_sample
2021-06-17 00:00:00+00:00,0.0,5.190576650560667,-0.04603200756578918,in_sample
2021-06-18 00:00:00+00:00,0.0,5.190576650560667,-0.04603200756578918,in_sample
2021-06-19 00:00:00+00:00,0.0,5.190576650560667,-0.04603200756578918,in_sample
2021-06-20 00:00:00+00:00,0.0,5.190576650560667,-0.04603200756578918,in_sample
2021-06-21 00:00:00+00:00,0.0,5.190576650560667,-0.04603200756578918,in_sample
2021-06-22 00:00:00+00:00,0.0,5.190576650560667,-0.04603200756578918,in_sample
2021-06-23 00:00:00+00:00,0.0,5.190576650560667,-0.04603200756578918,in_sample
2021-06-24 00:00:00+00:00,0.0,5.190576650560667,-0.04603200756578918,in_sample
2021-06-25 00:00:00+00:00,0.0,5.190576650560667,-0.04603200756578918,in_sample
2021-06-26 00:00:00+00:00,0.0,5.190576650560667,-0.04603200756578918,in_sample
2021-06-27 00:00:00+00:00,0.0,5.190576650560667,-0.04603200756578918,in_sample
2021-06-28 00:00:00+00:00,0.0,5.190576650560667,-0.04603200756578918,in_sample
2021-06-29 00:00:00+00:00,0.0,5.190576650560667,-0.04603200756578918,in_sample
2021-06-30 00:00:00+00:00,0.0,5.190576650560667,-0.04603200756578918,in_sample
2021-07-01 00:00:00+00:00,0.0,5.190576650560667,-0.04603200756578918,in_sample
2021-07-02 00:00:00+00:00,0.0,5.190576650560667,-0.04603200756578918,in_sample
2021-07-03 00:00:00+00:00,0.0,5.190576650560667,-0.04603200756578918,in_sample
2021-07-04 00:00:00+00:00,0.0,5.190576650560667,-0.04603200756578918,in_sample
2021-07-05 00:00:00+00:00,0.0,5.190576650560667,-0.04603200756578918,in_sample
2021-07-06 00:00:00+00:00,0.0,5.190576650560667,-0.04603200756578918,in_sample
2021-07-07 00:00:00+00:00,0.0,5.190576650560667,-0.04603200756578918,in_sample
2021-07-08 00:00:00+00:00,0.0,5.190576650560667,-0.04603200756578918,in_sample
2021-07-09 00:00:00+00:00,0.0,5.190576650560667,-0.04603200756578918,in_sample
2021-07-10 00:00:00+00:00,0.0,5.190576650560667,-0.04603200756578918,in_sample
2021-07-11 00:00:00+00:00,0.0,5.190576650560667,-0.04603200756578918,in_sample
2021-07-12 00:00:00+00:00,0.0,5.190576650560667,-0.04603200756578918,in_sample
2021-07-13 00:00:00+00:00,0.0,5.190576650560667,-0.04603200756578918,in_sample
2021-07-14 00:00:00+00:00,0.0,5.190576650560667,-0.04603200756578918,in_sample
2021-07-15 00:00:00+00:00,0.0,5.190576650560667,-0.04603200756578918,in_sample
2021-07-16 00:00:00+00:00,0.0,5.190576650560667,-0.04603200756578918,in_sample
2021-07-17 00:00:00+00:00,0.0,5.190576650560667,-0.04603200756578918,in_sample
2021-07-18 00:00:00+00:00,0.0,5.190576650560667,-0.04603200756578918,in_sample
2021-07-19 00:00:00+00:00,0.0,5.190576650560667,-0.04603200756578918,in_sample
2021-07-20 00:00:00+00:00,0.0,5.190576650560667,-0.04603200756578918,in_sample
2021-07-21 00:00:00+00:00,0.0,5.190576650560667,-0.04603200756578918,in_sample
2021-07-22 00:00:00+00:00,0.0,5.190576650560667,-0.04603200756578918,in_sample
2021-07-23 00:00:00+00:00,0.0,5.190576650560667,-0.04603200756578918,in_sample
2021-07-24 00:00:00+00:00,0.0,5.190576650560667,-0.04603200756578918,in_sample
2021-07-25 00:00:00+00:00,0.0,5.190576650560667,-0.04603200756578918,in_sample
2021-07-26 00:00:00+00:00,0.0,5.190576650560667,-0.04603200756578918,in_sample
2021-07-27 00:00:00+00:00,0.0,5.190576650560667,-0.04603200756578918,in_sample
2021-07-28 00:00:00+00:00,-0.00095,5.185645602742634,-0.04693827715860177,in_sample
2021-07-29 00:00:00+00:00,0.01688285342514987,5.273194097368511,-0.030847875786749634,in_sample
2021-07-30 00:00:00+00:00,0.020577733682688195,5.381704481161283,-0.010904921476677765,in_sample
2021-07-31 00:00:00+00:00,0.008692262057954925,5.428483666830007,-0.0023074478539196752,in_sample
2021-08-01 00:00:00+00:00,-0.007589194933709044,5.387285846087979,-0.009879131116065865,in_sample
2021-08-02 00:00:00+00:00,0.022543359087166835,5.508733365421551,0.0,in_sample
2021-08-03 00:00:00+00:00,-0.013779672696420648,5.43282482267419,-0.013779672696420664,in_sample
2021-08-04 00:00:00+00:00,0.026419378310546575,5.576356676959348,0.0,in_sample
2021-08-05 00:00:00+00:00,0.00847045733722877,5.623590968288703,0.0,in_sample
2021-08-06 00:00:00+00:00,0.012148875419322924,5.691911274371671,0.0,in_sample
2021-08-07 00:00:00+00:00,0.03944086607248608,5.916405184640638,0.0,in_sample
2021-08-08 00:00:00+00:00,-0.027424712091721603,5.754149475833899,-0.027424712091721593,in_sample
2021-08-09 00:00:00+00:00,0.02571243798344013,5.902102687378723,-0.0024174303171535794,in_sample
2021-08-10 00:00:00+00:00,0.014559256390966875,5.988032913650085,0.0,in_sample
2021-08-11 00:00:00+00:00,-0.004966039068829708,5.95829610825546,-0.004966039068829753,in_sample
2021-08-12 00:00:00+00:00,0.00192479149731496,5.969764585943116,-0.003050806161289721,in_sample
2021-08-13 00:00:00+00:00,0.04078696204655809,6.213253147536865,0.0,in_sample
2021-08-14 00:00:00+00:00,-0.0019112916479032578,6.20137780868967,-0.0019112916479031572,in_sample
2021-08-15 00:00:00+00:00,0.024019025518871303,6.350328860528749,0.0,in_sample
2021-08-16 00:00:00+00:00,0.009392776847405249,6.409976082423332,0.0,in_sample
2021-08-17 00:00:00+00:00,0.007770535873996029,6.459785031523259,0.0,in_sample
2021-08-18 00:00:00+00:00,0.03486721506518795,6.685019745492261,0.0,in_sample
2021-08-19 00:00:00+00:00,0.010689948782040644,6.756482264178504,0.0,in_sample
2021-08-20 00:00:00+00:00,0.02998163112114353,6.9590526230996534,0.0,in_sample
2021-08-21 00:00:00+00:00,0.03545367634425003,7.2057766224616335,0.0,in_sample
2021-08-22 00:00:00+00:00,-0.01557463917558486,7.0935492515869285,-0.015574639175584881,in_sample
2021-08-23 00:00:00+00:00,0.026157245502843054,7.279096960847197,0.0,in_sample
2021-08-24 00:00:00+00:00,-0.024257211394163255,7.1025263671093155,-0.02425721139416326,in_sample
2021-08-25 00:00:00+00:00,0.00753157663243479,7.156019588727088,-0.016908329808232758,in_sample
2021-08-26 00:00:00+00:00,-0.028196315271737743,6.954246204312608,-0.04462789248197907,in_sample
2021-08-27 00:00:00+00:00,0.03913392491287789,7.2263931530978445,-0.0072404321625108015,in_sample
2021-08-28 00:00:00+00:00,0.009525028269064578,7.295224752164477,0.0,in_sample
2021-08-29 00:00:00+00:00,-0.0005910026618149429,7.29091325491741,-0.0005910026618148878,in_sample
2021-08-30 00:00:00+00:00,0.0010207622256874064,7.2983555437587935,0.0,in_sample
2021-08-31 00:00:00+00:00,-0.034410120449218345,7.047218250416833,-0.03441012044921832,in_sample
2021-09-01 00:00:00+00:00,0.02669520009824676,7.235345151747727,-0.008633505401768216,in_sample
2021-09-02 00:00:00+00:00,0.008310354820799254,7.2954734372097,-0.0003948980742050079,in_sample
2021-09-03 00:00:00+00:00,0.014925170527005512,7.404359622335294,0.0,in_sample
2021-09-04 00:00:00+00:00,0.003534513482235469,7.4305304312477585,0.0,in_sample
2021-09-05 00:00:00+00:00,0.01813353084621312,7.565272184026515,0.0,in_sample
2021-09-06 00:00:00+00:00,0.01527094589593288,7.680801046236789,0.0,in_sample
2021-09-07 00:00:00+00:00,-0.01307384368160653,7.58038345400877,-0.013073843681606578,in_sample
2021-09-08 00:00:00+00:00,0.008619186286089877,7.645720191118864,-0.0045673432896837785,in_sample
2021-09-09 00:00:00+00:00,0.006577824313020177,7.696012395282554,0.0,in_sample
2021-09-10 00:00:00+00:00,0.011934082471669114,7.787857241910844,0.0,in_sample
2021-09-11 00:00:00+00:00,-0.00095,7.780458777531028,-0.0009500000000000064,in_sample
2021-09-12 00:00:00+00:00,0.014196041973375748,7.890910496908979,0.0,in_sample
2021-09-13 00:00:00+00:00,0.0,7.890910496908979,0.0,in_sample
2021-09-14 00:00:00+00:00,0.0,7.890910496908979,0.0,in_sample
2021-09-15 00:00:00+00:00,-0.00095,7.883414131936915,-0.0009500000000000064,in_sample
2021-09-16 00:00:00+00:00,0.0003970523743010893,7.886544260235599,-0.0005533248254545597,in_sample
2021-09-17 00:00:00+00:00,0.0,7.886544260235599,-0.0005533248254545597,in_sample
2021-09-18 00:00:00+00:00,0.0,7.886544260235599,-0.0005533248254545597,in_sample
2021-09-19 00:00:00+00:00,-0.00095,7.879052043188375,-0.00150279916687035,in_sample
2021-09-20 00:00:00+00:00,-0.0532579709906325,7.459429718038566,-0.05468073412306884,in_sample
2021-09-21 00:00:00+00:00,-0.00095,7.452343259806429,-0.05557878742565203,in_sample
2021-09-22 00:00:00+00:00,0.059738857780620276,7.89753773393637,0.0,in_sample
2021-09-23 00:00:00+00:00,0.022710981538868396,8.076898567614316,0.0,in_sample
2021-09-24 00:00:00+00:00,0.0,8.076898567614316,0.0,in_sample
2021-09-25 00:00:00+00:00,0.0,8.076898567614316,0.0,in_sample
2021-09-26 00:00:00+00:00,0.0,8.076898567614316,0.0,in_sample
2021-09-27 00:00:00+00:00,0.0,8.076898567614316,0.0,in_sample
2021-09-28 00:00:00+00:00,0.0,8.076898567614316,0.0,in_sample
2021-09-29 00:00:00+00:00,0.0,8.076898567614316,0.0,in_sample
2021-09-30 00:00:00+00:00,0.0,8.076898567614316,0.0,in_sample
2021-10-01 00:00:00+00:00,0.0,8.076898567614316,0.0,in_sample
2021-10-02 00:00:00+00:00,0.0,8.076898567614316,0.0,in_sample
2021-10-03 00:00:00+00:00,0.0,8.076898567614316,0.0,in_sample
2021-10-04 00:00:00+00:00,0.0,8.076898567614316,0.0,in_sample
2021-10-05 00:00:00+00:00,0.0,8.076898567614316,0.0,in_sample
2021-10-06 00:00:00+00:00,0.0,8.076898567614316,0.0,in_sample
2021-10-07 00:00:00+00:00,0.0,8.076898567614316,0.0,in_sample
2021-10-08 00:00:00+00:00,0.0,8.076898567614316,0.0,in_sample
2021-10-09 00:00:00+00:00,0.0,8.076898567614316,0.0,in_sample
2021-10-10 00:00:00+00:00,0.0,8.076898567614316,0.0,in_sample
2021-10-11 00:00:00+00:00,0.0,8.076898567614316,0.0,in_sample
2021-10-12 00:00:00+00:00,0.0,8.076898567614316,0.0,in_sample
2021-10-13 00:00:00+00:00,0.0,8.076898567614316,0.0,in_sample
2021-10-14 00:00:00+00:00,0.0,8.076898567614316,0.0,in_sample
2021-10-15 00:00:00+00:00,0.0,8.076898567614316,0.0,in_sample
2021-10-16 00:00:00+00:00,0.0,8.076898567614316,0.0,in_sample
2021-10-17 00:00:00+00:00,0.0,8.076898567614316,0.0,in_sample
2021-10-18 00:00:00+00:00,0.0,8.076898567614316,0.0,in_sample
2021-10-19 00:00:00+00:00,0.0,8.076898567614316,0.0,in_sample
2021-10-20 00:00:00+00:00,0.0,8.076898567614316,0.0,in_sample
2021-10-21 00:00:00+00:00,0.0,8.076898567614316,0.0,in_sample
2021-10-22 00:00:00+00:00,0.0,8.076898567614316,0.0,in_sample
2021-10-23 00:00:00+00:00,-0.00095,8.069225513975082,-0.0009500000000000064,in_sample
2021-10-24 00:00:00+00:00,0.016179926916755107,8.199784993066014,0.0,in_sample
2021-10-25 00:00:00+00:00,0.023112914631108216,8.38930592360419,0.0,in_sample
2021-10-26 00:00:00+00:00,-0.016959496071043655,8.247027522754042,-0.016959496071043634,in_sample
2021-10-27 00:00:00+00:00,-0.012891845166991812,8.140708120842776,-0.029632702040577552,in_sample
2021-10-28 00:00:00+00:00,0.038771376154975314,8.456334577563833,0.0,in_sample
2021-10-29 00:00:00+00:00,0.007491915416342499,8.519688720951233,0.0,in_sample
2021-10-30 00:00:00+00:00,-0.004483974117056982,8.481486657241105,-0.0044839741170571434,in_sample
2021-10-31 00:00:00+00:00,0.008193066323829889,8.550976039948559,0.0,in_sample
2021-11-01 00:00:00+00:00,0.007748495644654679,8.617233240551647,0.0,in_sample
2021-11-02 00:00:00+00:00,0.019599531629181842,8.786126976005876,0.0,in_sample
2021-11-03 00:00:00+00:00,0.004340812885912815,8.824265909200589,0.0,in_sample
2021-11-04 00:00:00+00:00,-0.0008287265663505957,8.816953005613092,-0.0008287265663506904,in_sample
2021-11-05 00:00:00+00:00,-0.002600323449366476,8.794026075960634,-0.0034268950585936153,in_sample
2021-11-06 00:00:00+00:00,0.024001386761853268,9.00509489700359,0.0,in_sample
2021-11-07 00:00:00+00:00,0.0029489339971901177,9.031650327493287,0.0,in_sample
2021-11-08 00:00:00+00:00,0.0034953300378568536,9.063218926174393,0.0,in_sample
2021-11-09 00:00:00+00:00,0.0008671119878894129,9.071077751954144,0.0,in_sample
2021-11-10 00:00:00+00:00,-0.01216846653701319,8.960696645874846,-0.0121684665370132,in_sample
2021-11-11 00:00:00+00:00,0.016244076672808562,9.106254889232215,0.0,in_sample
2021-11-12 00:00:00+00:00,-0.002477773520919979,9.083691651992927,-0.0024777735209199347,in_sample
2021-11-13 00:00:00+00:00,0.01311245655612293,9.202801164148902,0.0,in_sample
2021-11-14 00:00:00+00:00,0.003682203173753279,9.236687747802952,0.0,in_sample
2021-11-15 00:00:00+00:00,-0.012288341626952031,9.123184173256467,-0.012288341626952026,in_sample
2021-11-16 00:00:00+00:00,-0.022283304862075456,8.919889479010932,-0.03429782162630479,in_sample
2021-11-17 00:00:00+00:00,-0.0018626233824024453,8.903275084298881,-0.03609656108418047,in_sample
2021-11-18 00:00:00+00:00,-0.016682587513183827,8.754745418551115,-0.05217696455815257,in_sample
2021-11-19 00:00:00+00:00,0.04271270641103892,9.128684289317077,-0.011692877515705247,in_sample
2021-11-20 00:00:00+00:00,0.022686265596134778,9.335780045647788,0.0,in_sample
2021-11-21 00:00:00+00:00,0.012707966320115428,9.454418824039886,0.0,in_sample
2021-11-22 00:00:00+00:00,-0.0009410902555523296,9.445521362612672,-0.0009410902555522238,in_sample
2021-11-23 00:00:00+00:00,0.005923560290077855,9.501472477875325,0.0,in_sample
2021-11-24 00:00:00+00:00,0.006142722612301676,9.559837387715332,0.0,in_sample
2021-11-25 00:00:00+00:00,0.01735420278989927,9.725740744380204,0.0,in_sample
2021-11-26 00:00:00+00:00,-0.04065402597701336,9.330350227512474,-0.040654025977013286,in_sample
2021-11-27 00:00:00+00:00,0.006219690655405192,9.388382119634192,-0.03468719078708182,in_sample
2021-11-28 00:00:00+00:00,0.0050138749048053936,9.43545429314055,-0.029847233117682004,in_sample
2021-11-29 00:00:00+00:00,0.0028347788766172437,9.462201719662032,-0.027097064547032312,in_sample
2021-11-30 00:00:00+00:00,7.284249664528657e-05,9.462890970059052,-0.027026195868220526,in_sample
2021-12-01 00:00:00+00:00,0.002675827732613429,9.488212036147432,-0.024422685580018366,in_sample
2021-12-02 00:00:00+00:00,-0.020947198289175063,9.289460577216515,-0.04485829703159461,in_sample
2021-12-03 00:00:00+00:00,-0.02017596008954607,9.102036791357182,-0.06412919791054628,in_sample
2021-12-04 00:00:00+00:00,-0.01947134813983639,8.924807864211067,-0.08235186411193796,in_sample
2021-12-05 00:00:00+00:00,-0.017414304687288246,8.769388540788189,-0.09833206834601482,in_sample
2021-12-06 00:00:00+00:00,0.006380926148242105,8.825345361432198,-0.0925785918638925,in_sample
2021-12-07 00:00:00+00:00,-0.005025439035853091,8.780994126347972,-0.09713878283030852,in_sample
2021-12-08 00:00:00+00:00,0.023109736650363814,8.983920588136266,-0.07627389786968986,in_sample
2021-12-09 00:00:00+00:00,-0.025432732436031443,8.755434939591643,-0.0997667766693483,in_sample
2021-12-10 00:00:00+00:00,-0.021840394150705853,8.5642127895501,-0.11942822509445017,in_sample
2021-12-11 00:00:00+00:00,0.02406625799264776,8.770321344047346,-0.09823615757852944,in_sample
2021-12-12 00:00:00+00:00,0.0014249860268551295,8.782818929413644,-0.09695115670355559,in_sample
2021-12-13 00:00:00+00:00,-0.03787950474631658,8.45013009809088,-0.13115819964935904,in_sample
2021-12-14 00:00:00+00:00,0.021360850615182635,8.630632064795057,-0.11259899974384269,in_sample
2021-12-15 00:00:00+00:00,0.03145576311299663,8.902115182540683,-0.08468512409354878,in_sample
2021-12-16 00:00:00+00:00,-0.017508661745767352,8.746251058987719,-0.10071106264666374,in_sample
2021-12-17 00:00:00+00:00,0.0,8.746251058987719,-0.10071106264666374,in_sample
2021-12-18 00:00:00+00:00,0.0,8.746251058987719,-0.10071106264666374,in_sample
2021-12-19 00:00:00+00:00,0.0,8.746251058987719,-0.10071106264666374,in_sample
2021-12-20 00:00:00+00:00,0.0,8.746251058987719,-0.10071106264666374,in_sample
2021-12-21 00:00:00+00:00,0.0,8.746251058987719,-0.10071106264666374,in_sample
2021-12-22 00:00:00+00:00,-0.00095,8.73794212048168,-0.10156538713714947,in_sample
2021-12-23 00:00:00+00:00,0.030988577754293527,9.008718519294742,-0.0737241762793005,in_sample
2021-12-24 00:00:00+00:00,-0.005254063551580634,8.961386139676065,-0.07859088832342187,in_sample
2021-12-25 00:00:00+00:00,0.0,8.961386139676065,-0.07859088832342187,in_sample
2021-12-26 00:00:00+00:00,0.0,8.961386139676065,-0.07859088832342187,in_sample
2021-12-27 00:00:00+00:00,0.0,8.961386139676065,-0.07859088832342187,in_sample
2021-12-28 00:00:00+00:00,0.0,8.961386139676065,-0.07859088832342187,in_sample
2021-12-29 00:00:00+00:00,0.0,8.961386139676065,-0.07859088832342187,in_sample
2021-12-30 00:00:00+00:00,0.0,8.961386139676065,-0.07859088832342187,in_sample
2021-12-31 00:00:00+00:00,0.0,8.961386139676065,-0.07859088832342187,in_sample
2022-01-01 00:00:00+00:00,0.0,8.961386139676065,-0.07859088832342187,in_sample
2022-01-02 00:00:00+00:00,0.0,8.961386139676065,-0.07859088832342187,in_sample
2022-01-03 00:00:00+00:00,0.0,8.961386139676065,-0.07859088832342187,in_sample
2022-01-04 00:00:00+00:00,0.0,8.961386139676065,-0.07859088832342187,in_sample
2022-01-05 00:00:00+00:00,0.0,8.961386139676065,-0.07859088832342187,in_sample
2022-01-06 00:00:00+00:00,0.0,8.961386139676065,-0.07859088832342187,in_sample
2022-01-07 00:00:00+00:00,0.0,8.961386139676065,-0.07859088832342187,in_sample
2022-01-08 00:00:00+00:00,0.0,8.961386139676065,-0.07859088832342187,in_sample
2022-01-09 00:00:00+00:00,0.0,8.961386139676065,-0.07859088832342187,in_sample
2022-01-10 00:00:00+00:00,0.0,8.961386139676065,-0.07859088832342187,in_sample
2022-01-11 00:00:00+00:00,0.0,8.961386139676065,-0.07859088832342187,in_sample
2022-01-12 00:00:00+00:00,0.0,8.961386139676065,-0.07859088832342187,in_sample
2022-01-13 00:00:00+00:00,0.0,8.961386139676065,-0.07859088832342187,in_sample
2022-01-14 00:00:00+00:00,0.0,8.961386139676065,-0.07859088832342187,in_sample
2022-01-15 00:00:00+00:00,0.0,8.961386139676065,-0.07859088832342187,in_sample
2022-01-16 00:00:00+00:00,0.0,8.961386139676065,-0.07859088832342187,in_sample
2022-01-17 00:00:00+00:00,0.0,8.961386139676065,-0.07859088832342187,in_sample
2022-01-18 00:00:00+00:00,0.0,8.961386139676065,-0.07859088832342187,in_sample
2022-01-19 00:00:00+00:00,0.0,8.961386139676065,-0.07859088832342187,in_sample
2022-01-20 00:00:00+00:00,0.0,8.961386139676065,-0.07859088832342187,in_sample
2022-01-21 00:00:00+00:00,0.0,8.961386139676065,-0.07859088832342187,in_sample
2022-01-22 00:00:00+00:00,0.0,8.961386139676065,-0.07859088832342187,in_sample
2022-01-23 00:00:00+00:00,0.0,8.961386139676065,-0.07859088832342187,in_sample
2022-01-24 00:00:00+00:00,0.0,8.961386139676065,-0.07859088832342187,in_sample
2022-01-25 00:00:00+00:00,0.0,8.961386139676065,-0.07859088832342187,in_sample
2022-01-26 00:00:00+00:00,0.0,8.961386139676065,-0.07859088832342187,in_sample
2022-01-27 00:00:00+00:00,0.0,8.961386139676065,-0.07859088832342187,in_sample
2022-01-28 00:00:00+00:00,0.0,8.961386139676065,-0.07859088832342187,in_sample
2022-01-29 00:00:00+00:00,0.0,8.961386139676065,-0.07859088832342187,in_sample
2022-01-30 00:00:00+00:00,0.0,8.961386139676065,-0.07859088832342187,in_sample
2022-01-31 00:00:00+00:00,0.0,8.961386139676065,-0.07859088832342187,in_sample
2022-02-01 00:00:00+00:00,0.0,8.961386139676065,-0.07859088832342187,in_sample
2022-02-02 00:00:00+00:00,0.0,8.961386139676065,-0.07859088832342187,in_sample
2022-02-03 00:00:00+00:00,0.0,8.961386139676065,-0.07859088832342187,in_sample
2022-02-04 00:00:00+00:00,0.0,8.961386139676065,-0.07859088832342187,in_sample
2022-02-05 00:00:00+00:00,0.0,8.961386139676065,-0.07859088832342187,in_sample
2022-02-06 00:00:00+00:00,0.0,8.961386139676065,-0.07859088832342187,in_sample
2022-02-07 00:00:00+00:00,0.0,8.961386139676065,-0.07859088832342187,in_sample
2022-02-08 00:00:00+00:00,0.0,8.961386139676065,-0.07859088832342187,in_sample
2022-02-09 00:00:00+00:00,0.0,8.961386139676065,-0.07859088832342187,in_sample
2022-02-10 00:00:00+00:00,0.0,8.961386139676065,-0.07859088832342187,in_sample
2022-02-11 00:00:00+00:00,0.0,8.961386139676065,-0.07859088832342187,in_sample
2022-02-12 00:00:00+00:00,0.0,8.961386139676065,-0.07859088832342187,in_sample
2022-02-13 00:00:00+00:00,0.0,8.961386139676065,-0.07859088832342187,in_sample
2022-02-14 00:00:00+00:00,0.0,8.961386139676065,-0.07859088832342187,in_sample
2022-02-15 00:00:00+00:00,0.0,8.961386139676065,-0.07859088832342187,in_sample
2022-02-16 00:00:00+00:00,0.0,8.961386139676065,-0.07859088832342187,in_sample
2022-02-17 00:00:00+00:00,0.0,8.961386139676065,-0.07859088832342187,in_sample
2022-02-18 00:00:00+00:00,0.0,8.961386139676065,-0.07859088832342187,in_sample
2022-02-19 00:00:00+00:00,0.0,8.961386139676065,-0.07859088832342187,in_sample
2022-02-20 00:00:00+00:00,0.0,8.961386139676065,-0.07859088832342187,in_sample
2022-02-21 00:00:00+00:00,0.0,8.961386139676065,-0.07859088832342187,in_sample
2022-02-22 00:00:00+00:00,0.0,8.961386139676065,-0.07859088832342187,in_sample
2022-02-23 00:00:00+00:00,0.0,8.961386139676065,-0.07859088832342187,in_sample
2022-02-24 00:00:00+00:00,0.0,8.961386139676065,-0.07859088832342187,in_sample
2022-02-25 00:00:00+00:00,0.0,8.961386139676065,-0.07859088832342187,in_sample
2022-02-26 00:00:00+00:00,0.0,8.961386139676065,-0.07859088832342187,in_sample
2022-02-27 00:00:00+00:00,0.0,8.961386139676065,-0.07859088832342187,in_sample
2022-02-28 00:00:00+00:00,0.0,8.961386139676065,-0.07859088832342187,in_sample
2022-03-01 00:00:00+00:00,0.0,8.961386139676065,-0.07859088832342187,in_sample
2022-03-02 00:00:00+00:00,0.0,8.961386139676065,-0.07859088832342187,in_sample
2022-03-03 00:00:00+00:00,0.0,8.961386139676065,-0.07859088832342187,in_sample
2022-03-04 00:00:00+00:00,0.0,8.961386139676065,-0.07859088832342187,in_sample
2022-03-05 00:00:00+00:00,0.0,8.961386139676065,-0.07859088832342187,in_sample
2022-03-06 00:00:00+00:00,0.0,8.961386139676065,-0.07859088832342187,in_sample
2022-03-07 00:00:00+00:00,0.0,8.961386139676065,-0.07859088832342187,in_sample
2022-03-08 00:00:00+00:00,0.0,8.961386139676065,-0.07859088832342187,in_sample
2022-03-09 00:00:00+00:00,0.0,8.961386139676065,-0.07859088832342187,in_sample
2022-03-10 00:00:00+00:00,0.0,8.961386139676065,-0.07859088832342187,in_sample
2022-03-11 00:00:00+00:00,0.0,8.961386139676065,-0.07859088832342187,in_sample
2022-03-12 00:00:00+00:00,0.0,8.961386139676065,-0.07859088832342187,in_sample
2022-03-13 00:00:00+00:00,0.0,8.961386139676065,-0.07859088832342187,in_sample
2022-03-14 00:00:00+00:00,0.0,8.961386139676065,-0.07859088832342187,in_sample
2022-03-15 00:00:00+00:00,0.0,8.961386139676065,-0.07859088832342187,in_sample
2022-03-16 00:00:00+00:00,0.0,8.961386139676065,-0.07859088832342187,in_sample
2022-03-17 00:00:00+00:00,0.0,8.961386139676065,-0.07859088832342187,in_sample
2022-03-18 00:00:00+00:00,0.0,8.961386139676065,-0.07859088832342187,in_sample
2022-03-19 00:00:00+00:00,0.0,8.961386139676065,-0.07859088832342187,in_sample
2022-03-20 00:00:00+00:00,0.0,8.961386139676065,-0.07859088832342187,in_sample
2022-03-21 00:00:00+00:00,0.0,8.961386139676065,-0.07859088832342187,in_sample
2022-03-22 00:00:00+00:00,0.0,8.961386139676065,-0.07859088832342187,in_sample
2022-03-23 00:00:00+00:00,0.0,8.961386139676065,-0.07859088832342187,in_sample
2022-03-24 00:00:00+00:00,0.0,8.961386139676065,-0.07859088832342187,in_sample
2022-03-25 00:00:00+00:00,0.0,8.961386139676065,-0.07859088832342187,in_sample
2022-03-26 00:00:00+00:00,0.0,8.961386139676065,-0.07859088832342187,in_sample
2022-03-27 00:00:00+00:00,0.0,8.961386139676065,-0.07859088832342187,in_sample
2022-03-28 00:00:00+00:00,0.0,8.961386139676065,-0.07859088832342187,in_sample
2022-03-29 00:00:00+00:00,0.0,8.961386139676065,-0.07859088832342187,in_sample
2022-03-30 00:00:00+00:00,0.0,8.961386139676065,-0.07859088832342187,in_sample
2022-03-31 00:00:00+00:00,0.0,8.961386139676065,-0.07859088832342187,in_sample
2022-04-01 00:00:00+00:00,0.0,8.961386139676065,-0.07859088832342187,in_sample
2022-04-02 00:00:00+00:00,-0.00095,8.952872822843373,-0.07946622697951455,in_sample
2022-04-03 00:00:00+00:00,0.01095999320029016,9.050996248104799,-0.0693771830865727,in_sample
2022-04-04 00:00:00+00:00,-0.001248722857206513,9.0396940622093,-0.07053927306949037,in_sample
2022-04-05 00:00:00+00:00,-0.0036264594878436486,9.006911977910196,-0.07390992474124569,in_sample
2022-04-06 00:00:00+00:00,-0.028988795354261125,8.745812449808714,-0.10075616041253399,in_sample
2022-04-07 00:00:00+00:00,0.02179694991832042,8.936444485772217,-0.08115538747668793,in_sample
2022-04-08 00:00:00+00:00,-0.0113023828797862,8.835441368610065,-0.09154052109445532,in_sample
2022-04-09 00:00:00+00:00,0.008566029499629313,8.911126020015823,-0.0837586303989325,in_sample
2022-04-10 00:00:00+00:00,-0.011999019701786134,8.804201243336554,-0.09475262864436729,in_sample
2022-04-11 00:00:00+00:00,-0.026743236756509085,8.568748405034052,-0.11896187341973863,in_sample
2022-04-12 00:00:00+00:00,-0.02173105191358863,8.382540488609777,-0.1381077586863051,in_sample
2022-04-13 00:00:00+00:00,0.015794776880661984,8.514940845320483,-0.12449436303958172,in_sample
2022-04-14 00:00:00+00:00,-0.008893793540445854,8.439210719433094,-0.13228092941820413,in_sample
2022-04-15 00:00:00+00:00,0.0,8.439210719433094,-0.13228092941820413,in_sample
2022-04-16 00:00:00+00:00,0.0,8.439210719433094,-0.13228092941820413,in_sample
2022-04-17 00:00:00+00:00,0.0,8.439210719433094,-0.13228092941820413,in_sample
2022-04-18 00:00:00+00:00,0.0,8.439210719433094,-0.13228092941820413,in_sample
2022-04-19 00:00:00+00:00,0.0,8.439210719433094,-0.13228092941820413,in_sample
2022-04-20 00:00:00+00:00,0.0,8.439210719433094,-0.13228092941820413,in_sample
2022-04-21 00:00:00+00:00,0.0,8.439210719433094,-0.13228092941820413,in_sample
2022-04-22 00:00:00+00:00,0.0,8.439210719433094,-0.13228092941820413,in_sample
2022-04-23 00:00:00+00:00,0.0,8.439210719433094,-0.13228092941820413,in_sample
2022-04-24 00:00:00+00:00,0.0,8.439210719433094,-0.13228092941820413,in_sample
2022-04-25 00:00:00+00:00,0.0,8.439210719433094,-0.13228092941820413,in_sample
2022-04-26 00:00:00+00:00,0.0,8.439210719433094,-0.13228092941820413,in_sample
2022-04-27 00:00:00+00:00,0.0,8.439210719433094,-0.13228092941820413,in_sample
2022-04-28 00:00:00+00:00,0.0,8.439210719433094,-0.13228092941820413,in_sample
2022-04-29 00:00:00+00:00,0.0,8.439210719433094,-0.13228092941820413,in_sample
2022-04-30 00:00:00+00:00,0.0,8.439210719433094,-0.13228092941820413,in_sample
2022-05-01 00:00:00+00:00,0.0,8.439210719433094,-0.13228092941820413,in_sample
2022-05-02 00:00:00+00:00,0.0,8.439210719433094,-0.13228092941820413,in_sample
2022-05-03 00:00:00+00:00,0.0,8.439210719433094,-0.13228092941820413,in_sample
2022-05-04 00:00:00+00:00,0.0,8.439210719433094,-0.13228092941820413,in_sample
2022-05-05 00:00:00+00:00,0.0,8.439210719433094,-0.13228092941820413,in_sample
2022-05-06 00:00:00+00:00,0.0,8.439210719433094,-0.13228092941820413,in_sample
2022-05-07 00:00:00+00:00,0.0,8.439210719433094,-0.13228092941820413,in_sample
2022-05-08 00:00:00+00:00,0.0,8.439210719433094,-0.13228092941820413,in_sample
2022-05-09 00:00:00+00:00,0.0,8.439210719433094,-0.13228092941820413,in_sample
2022-05-10 00:00:00+00:00,0.0,8.439210719433094,-0.13228092941820413,in_sample
2022-05-11 00:00:00+00:00,0.0,8.439210719433094,-0.13228092941820413,in_sample
2022-05-12 00:00:00+00:00,0.0,8.439210719433094,-0.13228092941820413,in_sample
2022-05-13 00:00:00+00:00,0.0,8.439210719433094,-0.13228092941820413,in_sample
2022-05-14 00:00:00+00:00,0.0,8.439210719433094,-0.13228092941820413,in_sample
2022-05-15 00:00:00+00:00,0.0,8.439210719433094,-0.13228092941820413,in_sample
2022-05-16 00:00:00+00:00,0.0,8.439210719433094,-0.13228092941820413,in_sample
2022-05-17 00:00:00+00:00,0.0,8.439210719433094,-0.13228092941820413,in_sample
2022-05-18 00:00:00+00:00,0.0,8.439210719433094,-0.13228092941820413,in_sample
2022-05-19 00:00:00+00:00,0.0,8.439210719433094,-0.13228092941820413,in_sample
2022-05-20 00:00:00+00:00,0.0,8.439210719433094,-0.13228092941820413,in_sample
2022-05-21 00:00:00+00:00,0.0,8.439210719433094,-0.13228092941820413,in_sample
2022-05-22 00:00:00+00:00,0.0,8.439210719433094,-0.13228092941820413,in_sample
2022-05-23 00:00:00+00:00,0.0,8.439210719433094,-0.13228092941820413,in_sample
2022-05-24 00:00:00+00:00,0.0,8.439210719433094,-0.13228092941820413,in_sample
2022-05-25 00:00:00+00:00,0.0,8.439210719433094,-0.13228092941820413,in_sample
2022-05-26 00:00:00+00:00,0.0,8.439210719433094,-0.13228092941820413,in_sample
2022-05-27 00:00:00+00:00,0.0,8.439210719433094,-0.13228092941820413,in_sample
2022-05-28 00:00:00+00:00,0.0,8.439210719433094,-0.13228092941820413,in_sample
2022-05-29 00:00:00+00:00,0.0,8.439210719433094,-0.13228092941820413,in_sample
2022-05-30 00:00:00+00:00,0.0,8.439210719433094,-0.13228092941820413,in_sample
2022-05-31 00:00:00+00:00,0.0,8.439210719433094,-0.13228092941820413,in_sample
2022-06-01 00:00:00+00:00,0.0,8.439210719433094,-0.13228092941820413,in_sample
2022-06-02 00:00:00+00:00,0.0,8.439210719433094,-0.13228092941820413,in_sample
2022-06-03 00:00:00+00:00,0.0,8.439210719433094,-0.13228092941820413,in_sample
2022-06-04 00:00:00+00:00,0.0,8.439210719433094,-0.13228092941820413,in_sample
2022-06-05 00:00:00+00:00,0.0,8.439210719433094,-0.13228092941820413,in_sample
2022-06-06 00:00:00+00:00,0.0,8.439210719433094,-0.13228092941820413,in_sample
2022-06-07 00:00:00+00:00,0.0,8.439210719433094,-0.13228092941820413,in_sample
2022-06-08 00:00:00+00:00,0.0,8.439210719433094,-0.13228092941820413,in_sample
2022-06-09 00:00:00+00:00,0.0,8.439210719433094,-0.13228092941820413,in_sample
2022-06-10 00:00:00+00:00,0.0,8.439210719433094,-0.13228092941820413,in_sample
2022-06-11 00:00:00+00:00,0.0,8.439210719433094,-0.13228092941820413,in_sample
2022-06-12 00:00:00+00:00,0.0,8.439210719433094,-0.13228092941820413,in_sample
2022-06-13 00:00:00+00:00,0.0,8.439210719433094,-0.13228092941820413,in_sample
2022-06-14 00:00:00+00:00,0.0,8.439210719433094,-0.13228092941820413,in_sample
2022-06-15 00:00:00+00:00,0.0,8.439210719433094,-0.13228092941820413,in_sample
2022-06-16 00:00:00+00:00,0.0,8.439210719433094,-0.13228092941820413,in_sample
2022-06-17 00:00:00+00:00,0.0,8.439210719433094,-0.13228092941820413,in_sample
2022-06-18 00:00:00+00:00,0.0,8.439210719433094,-0.13228092941820413,in_sample
2022-06-19 00:00:00+00:00,0.0,8.439210719433094,-0.13228092941820413,in_sample
2022-06-20 00:00:00+00:00,0.0,8.439210719433094,-0.13228092941820413,in_sample
2022-06-21 00:00:00+00:00,0.0,8.439210719433094,-0.13228092941820413,in_sample
2022-06-22 00:00:00+00:00,0.0,8.439210719433094,-0.13228092941820413,in_sample
2022-06-23 00:00:00+00:00,0.0,8.439210719433094,-0.13228092941820413,in_sample
2022-06-24 00:00:00+00:00,0.0,8.439210719433094,-0.13228092941820413,in_sample
2022-06-25 00:00:00+00:00,0.0,8.439210719433094,-0.13228092941820413,in_sample
2022-06-26 00:00:00+00:00,0.0,8.439210719433094,-0.13228092941820413,in_sample
2022-06-27 00:00:00+00:00,0.0,8.439210719433094,-0.13228092941820413,in_sample
2022-06-28 00:00:00+00:00,0.0,8.439210719433094,-0.13228092941820413,in_sample
2022-06-29 00:00:00+00:00,0.0,8.439210719433094,-0.13228092941820413,in_sample
2022-06-30 00:00:00+00:00,0.0,8.439210719433094,-0.13228092941820413,in_sample
2022-07-01 00:00:00+00:00,0.0,8.439210719433094,-0.13228092941820413,in_sample
2022-07-02 00:00:00+00:00,0.0,8.439210719433094,-0.13228092941820413,in_sample
2022-07-03 00:00:00+00:00,0.0,8.439210719433094,-0.13228092941820413,in_sample
2022-07-04 00:00:00+00:00,0.0,8.439210719433094,-0.13228092941820413,in_sample
2022-07-05 00:00:00+00:00,0.0,8.439210719433094,-0.13228092941820413,in_sample
2022-07-06 00:00:00+00:00,0.0,8.439210719433094,-0.13228092941820413,in_sample
2022-07-07 00:00:00+00:00,0.0,8.439210719433094,-0.13228092941820413,in_sample
2022-07-08 00:00:00+00:00,0.0,8.439210719433094,-0.13228092941820413,in_sample
2022-07-09 00:00:00+00:00,0.0,8.439210719433094,-0.13228092941820413,in_sample
2022-07-10 00:00:00+00:00,0.0,8.439210719433094,-0.13228092941820413,in_sample
2022-07-11 00:00:00+00:00,0.0,8.439210719433094,-0.13228092941820413,in_sample
2022-07-12 00:00:00+00:00,0.0,8.439210719433094,-0.13228092941820413,in_sample
2022-07-13 00:00:00+00:00,0.0,8.439210719433094,-0.13228092941820413,in_sample
2022-07-14 00:00:00+00:00,0.0,8.439210719433094,-0.13228092941820413,in_sample
2022-07-15 00:00:00+00:00,0.0,8.439210719433094,-0.13228092941820413,in_sample
2022-07-16 00:00:00+00:00,0.0,8.439210719433094,-0.13228092941820413,in_sample
2022-07-17 00:00:00+00:00,0.0,8.439210719433094,-0.13228092941820413,in_sample
2022-07-18 00:00:00+00:00,0.0,8.439210719433094,-0.13228092941820413,in_sample
2022-07-19 00:00:00+00:00,0.0,8.439210719433094,-0.13228092941820413,in_sample
2022-07-20 00:00:00+00:00,0.0,8.439210719433094,-0.13228092941820413,in_sample
2022-07-21 00:00:00+00:00,0.0,8.439210719433094,-0.13228092941820413,in_sample
2022-07-22 00:00:00+00:00,0.0,8.439210719433094,-0.13228092941820413,in_sample
2022-07-23 00:00:00+00:00,0.0,8.439210719433094,-0.13228092941820413,in_sample
2022-07-24 00:00:00+00:00,0.0,8.439210719433094,-0.13228092941820413,in_sample
2022-07-25 00:00:00+00:00,0.0,8.439210719433094,-0.13228092941820413,in_sample
2022-07-26 00:00:00+00:00,0.0,8.439210719433094,-0.13228092941820413,in_sample
2022-07-27 00:00:00+00:00,0.0,8.439210719433094,-0.13228092941820413,in_sample
2022-07-28 00:00:00+00:00,0.0,8.439210719433094,-0.13228092941820413,in_sample
2022-07-29 00:00:00+00:00,0.0,8.439210719433094,-0.13228092941820413,in_sample
2022-07-30 00:00:00+00:00,0.0,8.439210719433094,-0.13228092941820413,in_sample
2022-07-31 00:00:00+00:00,0.0,8.439210719433094,-0.13228092941820413,in_sample
2022-08-01 00:00:00+00:00,0.0,8.439210719433094,-0.13228092941820413,in_sample
2022-08-02 00:00:00+00:00,0.0,8.439210719433094,-0.13228092941820413,in_sample
2022-08-03 00:00:00+00:00,0.0,8.439210719433094,-0.13228092941820413,in_sample
2022-08-04 00:00:00+00:00,0.0,8.439210719433094,-0.13228092941820413,in_sample
2022-08-05 00:00:00+00:00,0.0,8.439210719433094,-0.13228092941820413,in_sample
2022-08-06 00:00:00+00:00,0.0,8.439210719433094,-0.13228092941820413,in_sample
2022-08-07 00:00:00+00:00,0.0,8.439210719433094,-0.13228092941820413,in_sample
2022-08-08 00:00:00+00:00,0.0,8.439210719433094,-0.13228092941820413,in_sample
2022-08-09 00:00:00+00:00,0.0,8.439210719433094,-0.13228092941820413,in_sample
2022-08-10 00:00:00+00:00,0.0,8.439210719433094,-0.13228092941820413,in_sample
2022-08-11 00:00:00+00:00,0.0,8.439210719433094,-0.13228092941820413,in_sample
2022-08-12 00:00:00+00:00,0.0,8.439210719433094,-0.13228092941820413,in_sample
2022-08-13 00:00:00+00:00,0.0,8.439210719433094,-0.13228092941820413,in_sample
2022-08-14 00:00:00+00:00,-0.00095,8.431193469249632,-0.1331052625352569,in_sample
2022-08-15 00:00:00+00:00,-0.011723439491553758,8.3323508827713,-0.14326825053547132,in_sample
2022-08-16 00:00:00+00:00,0.004629709312286456,8.370927245246504,-0.13930183157684395,in_sample
2022-08-17 00:00:00+00:00,-0.012652211371473916,8.265016504364416,-0.15019156673077405,in_sample
2022-08-18 00:00:00+00:00,-0.01335963161041661,8.154598928612094,-0.16154469433867624,in_sample
2022-08-19 00:00:00+00:00,-0.033981956103710714,7.8774897057766315,-0.19003704573058267,in_sample
2022-08-20 00:00:00+00:00,-0.004833430432258512,7.839414407302928,-0.1939519453227505,in_sample
2022-08-21 00:00:00+00:00,0.01260278956372294,7.938212897380984,-0.183793491311405,in_sample
2022-08-22 00:00:00+00:00,-0.0022901759132854245,7.920032993408871,-0.1856627477978703,in_sample
2022-08-23 00:00:00+00:00,0.005681858202398104,7.965033497835734,-0.18103579900192734,in_sample
2022-08-24 00:00:00+00:00,-0.0030931016370008228,7.940396839684812,-0.18356893851267952,in_sample
2022-08-25 00:00:00+00:00,0.0025682894660377154,7.960790077244334,-0.18147210721771567,in_sample
2022-08-26 00:00:00+00:00,-0.03460904629964821,7.685274724879204,-0.20980057695657128,in_sample
2022-08-27 00:00:00+00:00,0.0004441084331858078,7.688687820195874,-0.209449642728899,in_sample
2022-08-28 00:00:00+00:00,-0.015084618532782845,7.572706897410565,-0.22137479329928877,in_sample
2022-08-29 00:00:00+00:00,0.015290693147439782,7.68849883487437,-0.2094690741867664,in_sample
2022-08-30 00:00:00+00:00,-0.007780279510994609,7.628680164919091,-0.2156196257516787,in_sample
2022-08-31 00:00:00+00:00,-0.0020286728077981105,7.613204068909131,-0.21721087688788676,in_sample
2022-09-01 00:00:00+00:00,0.003333313212454682,7.63858126262114,-0.21460159556125125,in_sample
2022-09-02 00:00:00+00:00,0.0,7.63858126262114,-0.21460159556125125,in_sample
2022-09-03 00:00:00+00:00,0.0,7.63858126262114,-0.21460159556125125,in_sample
2022-09-04 00:00:00+00:00,0.0,7.63858126262114,-0.21460159556125125,in_sample
2022-09-05 00:00:00+00:00,0.0,7.63858126262114,-0.21460159556125125,in_sample
2022-09-06 00:00:00+00:00,0.0,7.63858126262114,-0.21460159556125125,in_sample
2022-09-07 00:00:00+00:00,0.0,7.63858126262114,-0.21460159556125125,in_sample
2022-09-08 00:00:00+00:00,0.0,7.63858126262114,-0.21460159556125125,in_sample
2022-09-09 00:00:00+00:00,0.0,7.63858126262114,-0.21460159556125125,in_sample
2022-09-10 00:00:00+00:00,0.0,7.63858126262114,-0.21460159556125125,in_sample
2022-09-11 00:00:00+00:00,0.0,7.63858126262114,-0.21460159556125125,in_sample
2022-09-12 00:00:00+00:00,0.0,7.63858126262114,-0.21460159556125125,in_sample
2022-09-13 00:00:00+00:00,0.0,7.63858126262114,-0.21460159556125125,in_sample
2022-09-14 00:00:00+00:00,0.0,7.63858126262114,-0.21460159556125125,in_sample
2022-09-15 00:00:00+00:00,0.0,7.63858126262114,-0.21460159556125125,in_sample
2022-09-16 00:00:00+00:00,0.0,7.63858126262114,-0.21460159556125125,in_sample
2022-09-17 00:00:00+00:00,0.0,7.63858126262114,-0.21460159556125125,in_sample
2022-09-18 00:00:00+00:00,0.0,7.63858126262114,-0.21460159556125125,in_sample
2022-09-19 00:00:00+00:00,0.0,7.63858126262114,-0.21460159556125125,in_sample
2022-09-20 00:00:00+00:00,0.0,7.63858126262114,-0.21460159556125125,in_sample
2022-09-21 00:00:00+00:00,0.0,7.63858126262114,-0.21460159556125125,in_sample
2022-09-22 00:00:00+00:00,0.0,7.63858126262114,-0.21460159556125125,in_sample
2022-09-23 00:00:00+00:00,0.0,7.63858126262114,-0.21460159556125125,in_sample
2022-09-24 00:00:00+00:00,0.0,7.63858126262114,-0.21460159556125125,in_sample
2022-09-25 00:00:00+00:00,0.0,7.63858126262114,-0.21460159556125125,in_sample
2022-09-26 00:00:00+00:00,0.0,7.63858126262114,-0.21460159556125125,in_sample
2022-09-27 00:00:00+00:00,0.0,7.63858126262114,-0.21460159556125125,in_sample
2022-09-28 00:00:00+00:00,0.0,7.63858126262114,-0.21460159556125125,in_sample
2022-09-29 00:00:00+00:00,0.0,7.63858126262114,-0.21460159556125125,in_sample
2022-09-30 00:00:00+00:00,0.0,7.63858126262114,-0.21460159556125125,in_sample
2022-10-01 00:00:00+00:00,0.0,7.63858126262114,-0.21460159556125125,in_sample
2022-10-02 00:00:00+00:00,0.0,7.63858126262114,-0.21460159556125125,in_sample
2022-10-03 00:00:00+00:00,0.0,7.63858126262114,-0.21460159556125125,in_sample
2022-10-04 00:00:00+00:00,0.0,7.63858126262114,-0.21460159556125125,in_sample
2022-10-05 00:00:00+00:00,0.0,7.63858126262114,-0.21460159556125125,in_sample
2022-10-06 00:00:00+00:00,0.0,7.63858126262114,-0.21460159556125125,in_sample
2022-10-07 00:00:00+00:00,0.0,7.63858126262114,-0.21460159556125125,in_sample
2022-10-08 00:00:00+00:00,0.0,7.63858126262114,-0.21460159556125125,in_sample
2022-10-09 00:00:00+00:00,0.0,7.63858126262114,-0.21460159556125125,in_sample
2022-10-10 00:00:00+00:00,0.0,7.63858126262114,-0.21460159556125125,in_sample
2022-10-11 00:00:00+00:00,0.0,7.63858126262114,-0.21460159556125125,in_sample
2022-10-12 00:00:00+00:00,0.0,7.63858126262114,-0.21460159556125125,in_sample
2022-10-13 00:00:00+00:00,0.0,7.63858126262114,-0.21460159556125125,in_sample
2022-10-14 00:00:00+00:00,0.0,7.63858126262114,-0.21460159556125125,in_sample
2022-10-15 00:00:00+00:00,0.0,7.63858126262114,-0.21460159556125125,in_sample
2022-10-16 00:00:00+00:00,0.0,7.63858126262114,-0.21460159556125125,in_sample
2022-10-17 00:00:00+00:00,0.0,7.63858126262114,-0.21460159556125125,in_sample
2022-10-18 00:00:00+00:00,0.0,7.63858126262114,-0.21460159556125125,in_sample
2022-10-19 00:00:00+00:00,0.0,7.63858126262114,-0.21460159556125125,in_sample
2022-10-20 00:00:00+00:00,0.0,7.63858126262114,-0.21460159556125125,in_sample
2022-10-21 00:00:00+00:00,-0.00095,7.63132461042165,-0.2153477240454681,in_sample
2022-10-22 00:00:00+00:00,0.001611828886980016,7.643624999874649,-0.21408299884085003,in_sample
2022-10-23 00:00:00+00:00,0.011088293408146998,7.728379756575107,-0.20536852053754628,in_sample
2022-10-24 00:00:00+00:00,-0.005387301804677858,7.686744642365274,-0.20964944014090825,in_sample
2022-10-25 00:00:00+00:00,0.016846531371290923,7.816239627125983,-0.19633477463992477,in_sample
2022-10-26 00:00:00+00:00,0.01406742713072615,7.926194008516871,-0.18502927264467328,in_sample
2022-10-27 00:00:00+00:00,-0.0057647246105811175,7.880501682847734,-0.1897273544535617,in_sample
2022-10-28 00:00:00+00:00,0.015168574147943658,8.000037656947004,-0.17743667374954009,in_sample
2022-10-29 00:00:00+00:00,0.025919031799699864,8.20739088737621,-0.15611662873918752,in_sample
2022-10-30 00:00:00+00:00,0.0014448693000838563,8.219249494503169,-0.1548973275632014,in_sample
2022-10-31 00:00:00+00:00,0.0072744559337344725,8.279040062759302,-0.14874966541307866,in_sample
2022-11-01 00:00:00+00:00,0.001215328478099794,8.289101815918903,-0.14771511663946313,in_sample
2022-11-02 00:00:00+00:00,-0.011481111492178264,8.193933713800321,-0.1575002944084235,in_sample
2022-11-03 00:00:00+00:00,-0.007073900010137539,8.135970646019203,-0.16346005308434863,in_sample
2022-11-04 00:00:00+00:00,0.026842202806081305,8.354358020123975,-0.14100547817385023,in_sample
2022-11-05 00:00:00+00:00,0.007390207484000694,8.416098459288316,-0.1346573304299351,in_sample
2022-11-06 00:00:00+00:00,-0.023979277093356434,8.21428650228807,-0.1554076220842605,in_sample
2022-11-07 00:00:00+00:00,-0.004517762460755382,8.177176307086143,-0.15922328982384848,in_sample
2022-11-08 00:00:00+00:00,-0.037117370210877035,7.873661026816414,-0.1904307102401399,in_sample
2022-11-09 00:00:00+00:00,-0.07427792822046964,7.288821798234236,-0.25056383983441943,in_sample
2022-11-10 00:00:00+00:00,0.06727828925060325,7.77920125947194,-0.20014305707593805,in_sample
2022-11-11 00:00:00+00:00,-0.024125506529160557,7.591524088694896,-0.219440010974847,in_sample
2022-11-12 00:00:00+00:00,0.0,7.591524088694896,-0.219440010974847,in_sample
2022-11-13 00:00:00+00:00,0.0,7.591524088694896,-0.219440010974847,in_sample
2022-11-14 00:00:00+00:00,0.0,7.591524088694896,-0.219440010974847,in_sample
2022-11-15 00:00:00+00:00,0.0,7.591524088694896,-0.219440010974847,in_sample
2022-11-16 00:00:00+00:00,0.0,7.591524088694896,-0.219440010974847,in_sample
2022-11-17 00:00:00+00:00,0.0,7.591524088694896,-0.219440010974847,in_sample
2022-11-18 00:00:00+00:00,0.0,7.591524088694896,-0.219440010974847,in_sample
2022-11-19 00:00:00+00:00,0.0,7.591524088694896,-0.219440010974847,in_sample
2022-11-20 00:00:00+00:00,0.0,7.591524088694896,-0.219440010974847,in_sample
2022-11-21 00:00:00+00:00,0.0,7.591524088694896,-0.219440010974847,in_sample
2022-11-22 00:00:00+00:00,0.0,7.591524088694896,-0.219440010974847,in_sample
2022-11-23 00:00:00+00:00,0.0,7.591524088694896,-0.219440010974847,in_sample
2022-11-24 00:00:00+00:00,0.0,7.591524088694896,-0.219440010974847,in_sample
2022-11-25 00:00:00+00:00,0.0,7.591524088694896,-0.219440010974847,in_sample
2022-11-26 00:00:00+00:00,0.0,7.591524088694896,-0.219440010974847,in_sample
2022-11-27 00:00:00+00:00,0.0,7.591524088694896,-0.219440010974847,in_sample
2022-11-28 00:00:00+00:00,0.0,7.591524088694896,-0.219440010974847,in_sample
2022-11-29 00:00:00+00:00,0.0,7.591524088694896,-0.219440010974847,in_sample
2022-11-30 00:00:00+00:00,0.0,7.591524088694896,-0.219440010974847,in_sample
2022-12-01 00:00:00+00:00,0.0,7.591524088694896,-0.219440010974847,in_sample
2022-12-02 00:00:00+00:00,0.0,7.591524088694896,-0.219440010974847,in_sample
2022-12-03 00:00:00+00:00,0.0,7.591524088694896,-0.219440010974847,in_sample
2022-12-04 00:00:00+00:00,0.0,7.591524088694896,-0.219440010974847,in_sample
2022-12-05 00:00:00+00:00,0.0,7.591524088694896,-0.219440010974847,in_sample
2022-12-06 00:00:00+00:00,0.0,7.591524088694896,-0.219440010974847,in_sample
2022-12-07 00:00:00+00:00,0.0,7.591524088694896,-0.219440010974847,in_sample
2022-12-08 00:00:00+00:00,0.0,7.591524088694896,-0.219440010974847,in_sample
2022-12-09 00:00:00+00:00,0.0,7.591524088694896,-0.219440010974847,in_sample
2022-12-10 00:00:00+00:00,0.0,7.591524088694896,-0.219440010974847,in_sample
2022-12-11 00:00:00+00:00,0.0,7.591524088694896,-0.219440010974847,in_sample
2022-12-12 00:00:00+00:00,0.0,7.591524088694896,-0.219440010974847,in_sample
2022-12-13 00:00:00+00:00,-0.00095,7.584312140810636,-0.22018154296442083,in_sample
2022-12-14 00:00:00+00:00,7.203869069319932e-05,7.584858504727068,-0.2201253658637976,in_sample
2022-12-15 00:00:00+00:00,-0.008469756836289245,7.520616597554369,-0.2267307143777213,in_sample
2022-12-16 00:00:00+00:00,-0.03458680121258674,7.2605025262986755,-0.253475625443338,in_sample
2022-12-17 00:00:00+00:00,0.006216096779529367,7.3056345126701645,-0.24883515768281628,in_sample
2022-12-18 00:00:00+00:00,3.593013738212151e-06,7.305660761915336,-0.24883245873721815,in_sample
2022-12-19 00:00:00+00:00,-0.01992623636998278,7.160086438734502,-0.26380040071787914,in_sample
2022-12-20 00:00:00+00:00,0.0,7.160086438734502,-0.26380040071787914,in_sample
2022-12-21 00:00:00+00:00,0.0,7.160086438734502,-0.26380040071787914,in_sample
2022-12-22 00:00:00+00:00,0.0,7.160086438734502,-0.26380040071787914,in_sample
2022-12-23 00:00:00+00:00,0.0,7.160086438734502,-0.26380040071787914,in_sample
2022-12-24 00:00:00+00:00,0.0,7.160086438734502,-0.26380040071787914,in_sample
2022-12-25 00:00:00+00:00,0.0,7.160086438734502,-0.26380040071787914,in_sample
2022-12-26 00:00:00+00:00,0.0,7.160086438734502,-0.26380040071787914,in_sample
2022-12-27 00:00:00+00:00,0.0,7.160086438734502,-0.26380040071787914,in_sample
2022-12-28 00:00:00+00:00,0.0,7.160086438734502,-0.26380040071787914,in_sample
2022-12-29 00:00:00+00:00,0.0,7.160086438734502,-0.26380040071787914,in_sample
2022-12-30 00:00:00+00:00,0.0,7.160086438734502,-0.26380040071787914,in_sample
2022-12-31 00:00:00+00:00,0.0,7.160086438734502,-0.26380040071787914,in_sample
2023-01-01 00:00:00+00:00,0.0,7.160086438734502,-0.26380040071787914,in_sample
2023-01-02 00:00:00+00:00,0.0,7.160086438734502,-0.26380040071787914,in_sample
2023-01-03 00:00:00+00:00,0.0,7.160086438734502,-0.26380040071787914,in_sample
2023-01-04 00:00:00+00:00,0.0,7.160086438734502,-0.26380040071787914,in_sample
2023-01-05 00:00:00+00:00,0.0,7.160086438734502,-0.26380040071787914,in_sample
2023-01-06 00:00:00+00:00,0.0,7.160086438734502,-0.26380040071787914,in_sample
2023-01-07 00:00:00+00:00,0.0,7.160086438734502,-0.26380040071787914,in_sample
2023-01-08 00:00:00+00:00,0.0,7.160086438734502,-0.26380040071787914,in_sample
2023-01-09 00:00:00+00:00,0.0,7.160086438734502,-0.26380040071787914,in_sample
2023-01-10 00:00:00+00:00,0.0,7.160086438734502,-0.26380040071787914,in_sample
2023-01-11 00:00:00+00:00,0.0,7.160086438734502,-0.26380040071787914,in_sample
2023-01-12 00:00:00+00:00,0.0,7.160086438734502,-0.26380040071787914,in_sample
2023-01-13 00:00:00+00:00,0.0,7.160086438734502,-0.26380040071787914,in_sample
2023-01-14 00:00:00+00:00,0.0,7.160086438734502,-0.26380040071787914,in_sample
2023-01-15 00:00:00+00:00,0.0,7.160086438734502,-0.26380040071787914,in_sample
2023-01-16 00:00:00+00:00,0.0,7.160086438734502,-0.26380040071787914,in_sample
2023-01-17 00:00:00+00:00,0.0,7.160086438734502,-0.26380040071787914,in_sample
2023-01-18 00:00:00+00:00,-0.00095,7.153284356617704,-0.26449979033719717,in_sample
2023-01-19 00:00:00+00:00,0.018129677844894897,7.282971097536109,-0.251165408481158,in_sample
2023-01-20 00:00:00+00:00,0.0296463964567293,7.498884946076565,-0.2289651613004774,in_sample
2023-01-21 00:00:00+00:00,-0.006770284467224507,7.448115361804639,-0.23418528649261372,in_sample
2023-01-22 00:00:00+00:00,0.0005307897100595203,7.452068744798021,-0.23377879992287187,in_sample
2023-01-23 00:00:00+00:00,0.0020738205637540427,7.467522998203492,-0.2321897946417676,in_sample
2023-01-24 00:00:00+00:00,-0.00095,7.460428851355199,-0.23291921433685792,in_sample
2023-01-25 00:00:00+00:00,0.01897738361500607,7.602008271599825,-0.21836202800362825,in_sample
2023-01-26 00:00:00+00:00,-0.0018503416449174809,7.587941959109877,-0.21980832529446204,in_sample
2023-01-27 00:00:00+00:00,0.01340746314127796,7.6896770112447985,-0.20934793417271558,in_sample
2023-01-28 00:00:00+00:00,-0.0005043434351257047,7.68579877312594,-0.20974669435158422,in_sample
2023-01-29 00:00:00+00:00,0.014180292557636554,7.7947856482679905,-0.19854067128285025,in_sample
2023-01-30 00:00:00+00:00,-0.016823359176253244,7.6636511696052745,-0.2120239094350176,in_sample
2023-01-31 00:00:00+00:00,0.0009918235718998636,7.6712521594821075,-0.21124237617430175,in_sample
2023-02-01 00:00:00+00:00,0.01116725143757626,7.756918961188094,-0.20243412146573492,in_sample
2023-02-02 00:00:00+00:00,-0.003628698534450886,7.7287714407217765,-0.20532824760030033,in_sample
2023-02-03 00:00:00+00:00,0.0058141624709432856,7.77370777357892,-0.20070789692077917,in_sample
2023-02-04 00:00:00+00:00,-0.003493692551175459,7.746548828635352,-0.2035003777875204,in_sample
2023-02-05 00:00:00+00:00,-0.012225217222075252,7.651845586483872,-0.21323775868636896,in_sample
2023-02-06 00:00:00+00:00,-0.013094271951461036,7.551650239443865,-0.22353983743527062,in_sample
2023-02-07 00:00:00+00:00,0.021229226559999356,7.711965933278893,-0.20705618872937004,in_sample
2023-02-08 00:00:00+00:00,-0.0024598900630156016,7.692995344913305,-0.20900674333124436,in_sample
2023-02-09 00:00:00+00:00,-0.03151340654574069,7.450562855054562,-0.23393363540358625,in_sample
2023-02-10 00:00:00+00:00,-0.0007428990158464652,7.44502783924204,-0.23450274535191795,in_sample
2023-02-11 00:00:00+00:00,0.00805672693098576,7.5050103955364,-0.22833534300479907,in_sample
2023-02-12 00:00:00+00:00,-0.002995864982054218,7.482526397702459,-0.23064714612857995,in_sample
2023-02-13 00:00:00+00:00,0.0,7.482526397702459,-0.23064714612857995,in_sample
2023-02-14 00:00:00+00:00,0.0,7.482526397702459,-0.23064714612857995,in_sample
2023-02-15 00:00:00+00:00,0.0,7.482526397702459,-0.23064714612857995,in_sample
2023-02-16 00:00:00+00:00,0.0,7.482526397702459,-0.23064714612857995,in_sample
2023-02-17 00:00:00+00:00,0.0,7.482526397702459,-0.23064714612857995,in_sample
2023-02-18 00:00:00+00:00,0.0,7.482526397702459,-0.23064714612857995,in_sample
2023-02-19 00:00:00+00:00,0.0,7.482526397702459,-0.23064714612857995,in_sample
2023-02-20 00:00:00+00:00,0.0,7.482526397702459,-0.23064714612857995,in_sample
2023-02-21 00:00:00+00:00,0.0,7.482526397702459,-0.23064714612857995,in_sample
2023-02-22 00:00:00+00:00,0.0,7.482526397702459,-0.23064714612857995,in_sample
2023-02-23 00:00:00+00:00,0.0,7.482526397702459,-0.23064714612857995,in_sample
2023-02-24 00:00:00+00:00,0.0,7.482526397702459,-0.23064714612857995,in_sample
2023-02-25 00:00:00+00:00,0.0,7.482526397702459,-0.23064714612857995,in_sample
2023-02-26 00:00:00+00:00,0.0,7.482526397702459,-0.23064714612857995,in_sample
2023-02-27 00:00:00+00:00,0.0,7.482526397702459,-0.23064714612857995,in_sample
2023-02-28 00:00:00+00:00,0.0,7.482526397702459,-0.23064714612857995,in_sample
2023-03-01 00:00:00+00:00,0.0,7.482526397702459,-0.23064714612857995,in_sample
2023-03-02 00:00:00+00:00,0.0,7.482526397702459,-0.23064714612857995,in_sample
2023-03-03 00:00:00+00:00,0.0,7.482526397702459,-0.23064714612857995,in_sample
2023-03-04 00:00:00+00:00,0.0,7.482526397702459,-0.23064714612857995,in_sample
2023-03-05 00:00:00+00:00,0.0,7.482526397702459,-0.23064714612857995,in_sample
2023-03-06 00:00:00+00:00,0.0,7.482526397702459,-0.23064714612857995,in_sample
2023-03-07 00:00:00+00:00,0.0,7.482526397702459,-0.23064714612857995,in_sample
2023-03-08 00:00:00+00:00,0.0,7.482526397702459,-0.23064714612857995,in_sample
2023-03-09 00:00:00+00:00,0.0,7.482526397702459,-0.23064714612857995,in_sample
2023-03-10 00:00:00+00:00,0.0,7.482526397702459,-0.23064714612857995,in_sample
2023-03-11 00:00:00+00:00,0.0,7.482526397702459,-0.23064714612857995,in_sample
2023-03-12 00:00:00+00:00,0.0,7.482526397702459,-0.23064714612857995,in_sample
2023-03-13 00:00:00+00:00,0.0,7.482526397702459,-0.23064714612857995,in_sample
2023-03-14 00:00:00+00:00,0.0,7.482526397702459,-0.23064714612857995,in_sample
2023-03-15 00:00:00+00:00,0.0,7.482526397702459,-0.23064714612857995,in_sample
2023-03-16 00:00:00+00:00,0.0,7.482526397702459,-0.23064714612857995,in_sample
2023-03-17 00:00:00+00:00,0.0,7.482526397702459,-0.23064714612857995,in_sample
2023-03-18 00:00:00+00:00,0.0,7.482526397702459,-0.23064714612857995,in_sample
2023-03-19 00:00:00+00:00,0.0,7.482526397702459,-0.23064714612857995,in_sample
2023-03-20 00:00:00+00:00,0.0,7.482526397702459,-0.23064714612857995,in_sample
2023-03-21 00:00:00+00:00,0.0,7.482526397702459,-0.23064714612857995,in_sample
2023-03-22 00:00:00+00:00,0.0,7.482526397702459,-0.23064714612857995,in_sample
2023-03-23 00:00:00+00:00,0.0,7.482526397702459,-0.23064714612857995,in_sample
2023-03-24 00:00:00+00:00,0.0,7.482526397702459,-0.23064714612857995,in_sample
2023-03-25 00:00:00+00:00,0.0,7.482526397702459,-0.23064714612857995,in_sample
2023-03-26 00:00:00+00:00,0.0,7.482526397702459,-0.23064714612857995,in_sample
2023-03-27 00:00:00+00:00,0.0,7.482526397702459,-0.23064714612857995,in_sample
2023-03-28 00:00:00+00:00,0.0,7.482526397702459,-0.23064714612857995,in_sample
2023-03-29 00:00:00+00:00,0.0,7.482526397702459,-0.23064714612857995,in_sample
2023-03-30 00:00:00+00:00,0.0,7.482526397702459,-0.23064714612857995,in_sample
2023-03-31 00:00:00+00:00,0.0,7.482526397702459,-0.23064714612857995,in_sample
2023-04-01 00:00:00+00:00,0.0,7.482526397702459,-0.23064714612857995,in_sample
2023-04-02 00:00:00+00:00,0.0,7.482526397702459,-0.23064714612857995,in_sample
2023-04-03 00:00:00+00:00,0.0,7.482526397702459,-0.23064714612857995,in_sample
2023-04-04 00:00:00+00:00,0.0,7.482526397702459,-0.23064714612857995,in_sample
2023-04-05 00:00:00+00:00,0.0,7.482526397702459,-0.23064714612857995,in_sample
2023-04-06 00:00:00+00:00,0.0,7.482526397702459,-0.23064714612857995,in_sample
2023-04-07 00:00:00+00:00,0.0,7.482526397702459,-0.23064714612857995,in_sample
2023-04-08 00:00:00+00:00,0.0,7.482526397702459,-0.23064714612857995,in_sample
2023-04-09 00:00:00+00:00,0.0,7.482526397702459,-0.23064714612857995,in_sample
2023-04-10 00:00:00+00:00,0.0,7.482526397702459,-0.23064714612857995,in_sample
2023-04-11 00:00:00+00:00,0.0,7.482526397702459,-0.23064714612857995,in_sample
2023-04-12 00:00:00+00:00,0.0,7.482526397702459,-0.23064714612857995,in_sample
2023-04-13 00:00:00+00:00,0.0,7.482526397702459,-0.23064714612857995,in_sample
2023-04-14 00:00:00+00:00,0.0,7.482526397702459,-0.23064714612857995,in_sample
2023-04-15 00:00:00+00:00,0.0,7.482526397702459,-0.23064714612857995,in_sample
2023-04-16 00:00:00+00:00,0.0,7.482526397702459,-0.23064714612857995,in_sample
2023-04-17 00:00:00+00:00,0.0,7.482526397702459,-0.23064714612857995,in_sample
2023-04-18 00:00:00+00:00,0.0,7.482526397702459,-0.23064714612857995,in_sample
2023-04-19 00:00:00+00:00,-0.00095,7.475417997624642,-0.23137803133975776,in_sample
2023-04-20 00:00:00+00:00,-0.007130350758977666,7.422115645231603,-0.23685857557736134,in_sample
2023-04-21 00:00:00+00:00,-0.010309548276924879,7.345596985670168,-0.2447262189345677,in_sample
2023-04-22 00:00:00+00:00,0.007099169152381841,7.397744621196667,-0.23936440260642522,in_sample
2023-04-23 00:00:00+00:00,0.0,7.397744621196667,-0.23936440260642522,in_sample
2023-04-24 00:00:00+00:00,0.0,7.397744621196667,-0.23936440260642522,in_sample
2023-04-25 00:00:00+00:00,0.0,7.397744621196667,-0.23936440260642522,in_sample
2023-04-26 00:00:00+00:00,0.0,7.397744621196667,-0.23936440260642522,in_sample
2023-04-27 00:00:00+00:00,0.0,7.397744621196667,-0.23936440260642522,in_sample
2023-04-28 00:00:00+00:00,0.0,7.397744621196667,-0.23936440260642522,in_sample
2023-04-29 00:00:00+00:00,0.0,7.397744621196667,-0.23936440260642522,in_sample
2023-04-30 00:00:00+00:00,0.0,7.397744621196667,-0.23936440260642522,in_sample
2023-05-01 00:00:00+00:00,-0.00095,7.39071676380653,-0.2400870064239491,in_sample
2023-05-02 00:00:00+00:00,-0.001835676883425935,7.377149795891262,-0.24148196113967157,in_sample
2023-05-03 00:00:00+00:00,0.0022733229469538937,7.3939204398053775,-0.23975760467625207,in_sample
2023-05-04 00:00:00+00:00,0.0,7.3939204398053775,-0.23975760467625207,in_sample
2023-05-05 00:00:00+00:00,0.0,7.3939204398053775,-0.23975760467625207,in_sample
2023-05-06 00:00:00+00:00,0.0,7.3939204398053775,-0.23975760467625207,in_sample
2023-05-07 00:00:00+00:00,0.0,7.3939204398053775,-0.23975760467625207,in_sample
2023-05-08 00:00:00+00:00,0.0,7.3939204398053775,-0.23975760467625207,in_sample
2023-05-09 00:00:00+00:00,0.0,7.3939204398053775,-0.23975760467625207,in_sample
2023-05-10 00:00:00+00:00,0.0,7.3939204398053775,-0.23975760467625207,in_sample
2023-05-11 00:00:00+00:00,0.0,7.3939204398053775,-0.23975760467625207,in_sample
2023-05-12 00:00:00+00:00,0.0,7.3939204398053775,-0.23975760467625207,in_sample
2023-05-13 00:00:00+00:00,0.0,7.3939204398053775,-0.23975760467625207,in_sample
2023-05-14 00:00:00+00:00,0.0,7.3939204398053775,-0.23975760467625207,in_sample
2023-05-15 00:00:00+00:00,0.0,7.3939204398053775,-0.23975760467625207,in_sample
2023-05-16 00:00:00+00:00,0.0,7.3939204398053775,-0.23975760467625207,in_sample
2023-05-17 00:00:00+00:00,0.0,7.3939204398053775,-0.23975760467625207,in_sample
2023-05-18 00:00:00+00:00,0.0,7.3939204398053775,-0.23975760467625207,in_sample
2023-05-19 00:00:00+00:00,0.0,7.3939204398053775,-0.23975760467625207,in_sample
2023-05-20 00:00:00+00:00,0.0,7.3939204398053775,-0.23975760467625207,in_sample
2023-05-21 00:00:00+00:00,0.0,7.3939204398053775,-0.23975760467625207,in_sample
2023-05-22 00:00:00+00:00,0.0,7.3939204398053775,-0.23975760467625207,in_sample
2023-05-23 00:00:00+00:00,0.0,7.3939204398053775,-0.23975760467625207,in_sample
2023-05-24 00:00:00+00:00,0.0,7.3939204398053775,-0.23975760467625207,in_sample
2023-05-25 00:00:00+00:00,0.0,7.3939204398053775,-0.23975760467625207,in_sample
2023-05-26 00:00:00+00:00,0.0,7.3939204398053775,-0.23975760467625207,in_sample
2023-05-27 00:00:00+00:00,0.0,7.3939204398053775,-0.23975760467625207,in_sample
2023-05-28 00:00:00+00:00,0.0,7.3939204398053775,-0.23975760467625207,in_sample
2023-05-29 00:00:00+00:00,0.0,7.3939204398053775,-0.23975760467625207,in_sample
2023-05-30 00:00:00+00:00,0.0,7.3939204398053775,-0.23975760467625207,in_sample
2023-05-31 00:00:00+00:00,0.0,7.3939204398053775,-0.23975760467625207,in_sample
2023-06-01 00:00:00+00:00,0.0,7.3939204398053775,-0.23975760467625207,in_sample
2023-06-02 00:00:00+00:00,0.0,7.3939204398053775,-0.23975760467625207,in_sample
2023-06-03 00:00:00+00:00,0.0,7.3939204398053775,-0.23975760467625207,in_sample
2023-06-04 00:00:00+00:00,0.0,7.3939204398053775,-0.23975760467625207,in_sample
2023-06-05 00:00:00+00:00,0.0,7.3939204398053775,-0.23975760467625207,in_sample
2023-06-06 00:00:00+00:00,0.0,7.3939204398053775,-0.23975760467625207,in_sample
2023-06-07 00:00:00+00:00,0.0,7.3939204398053775,-0.23975760467625207,in_sample
2023-06-08 00:00:00+00:00,0.0,7.3939204398053775,-0.23975760467625207,in_sample
2023-06-09 00:00:00+00:00,0.0,7.3939204398053775,-0.23975760467625207,in_sample
2023-06-10 00:00:00+00:00,0.0,7.3939204398053775,-0.23975760467625207,in_sample
2023-06-11 00:00:00+00:00,0.0,7.3939204398053775,-0.23975760467625207,in_sample
2023-06-12 00:00:00+00:00,0.0,7.3939204398053775,-0.23975760467625207,in_sample
2023-06-13 00:00:00+00:00,0.0,7.3939204398053775,-0.23975760467625207,in_sample
2023-06-14 00:00:00+00:00,0.0,7.3939204398053775,-0.23975760467625207,in_sample
2023-06-15 00:00:00+00:00,0.0,7.3939204398053775,-0.23975760467625207,in_sample
2023-06-16 00:00:00+00:00,0.0,7.3939204398053775,-0.23975760467625207,in_sample
2023-06-17 00:00:00+00:00,0.0,7.3939204398053775,-0.23975760467625207,in_sample
2023-06-18 00:00:00+00:00,0.0,7.3939204398053775,-0.23975760467625207,in_sample
2023-06-19 00:00:00+00:00,0.0,7.3939204398053775,-0.23975760467625207,in_sample
2023-06-20 00:00:00+00:00,0.0,7.3939204398053775,-0.23975760467625207,in_sample
2023-06-21 00:00:00+00:00,0.0,7.3939204398053775,-0.23975760467625207,in_sample
2023-06-22 00:00:00+00:00,0.0,7.3939204398053775,-0.23975760467625207,in_sample
2023-06-23 00:00:00+00:00,0.0,7.3939204398053775,-0.23975760467625207,in_sample
2023-06-24 00:00:00+00:00,0.0,7.3939204398053775,-0.23975760467625207,in_sample
2023-06-25 00:00:00+00:00,0.0,7.3939204398053775,-0.23975760467625207,in_sample
2023-06-26 00:00:00+00:00,0.0,7.3939204398053775,-0.23975760467625207,in_sample
2023-06-27 00:00:00+00:00,0.0,7.3939204398053775,-0.23975760467625207,in_sample
2023-06-28 00:00:00+00:00,0.0,7.3939204398053775,-0.23975760467625207,in_sample
2023-06-29 00:00:00+00:00,0.0,7.3939204398053775,-0.23975760467625207,in_sample
2023-06-30 00:00:00+00:00,0.0,7.3939204398053775,-0.23975760467625207,in_sample
2023-07-01 00:00:00+00:00,0.0,7.3939204398053775,-0.23975760467625207,in_sample
2023-07-02 00:00:00+00:00,0.0,7.3939204398053775,-0.23975760467625207,in_sample
2023-07-03 00:00:00+00:00,0.0,7.3939204398053775,-0.23975760467625207,in_sample
2023-07-04 00:00:00+00:00,0.0,7.3939204398053775,-0.23975760467625207,in_sample
2023-07-05 00:00:00+00:00,0.0,7.3939204398053775,-0.23975760467625207,in_sample
2023-07-06 00:00:00+00:00,0.0,7.3939204398053775,-0.23975760467625207,in_sample
2023-07-07 00:00:00+00:00,0.0,7.3939204398053775,-0.23975760467625207,in_sample
2023-07-08 00:00:00+00:00,0.0,7.3939204398053775,-0.23975760467625207,in_sample
2023-07-09 00:00:00+00:00,0.0,7.3939204398053775,-0.23975760467625207,in_sample
2023-07-10 00:00:00+00:00,0.0,7.3939204398053775,-0.23975760467625207,in_sample
2023-07-11 00:00:00+00:00,0.0,7.3939204398053775,-0.23975760467625207,in_sample
2023-07-12 00:00:00+00:00,0.0,7.3939204398053775,-0.23975760467625207,in_sample
2023-07-13 00:00:00+00:00,-0.00095,7.386896215387562,-0.2404798349518097,in_sample
2023-07-14 00:00:00+00:00,0.001516432753121416,7.398097946752484,-0.23932807369687437,in_sample
2023-07-15 00:00:00+00:00,0.008078825551031106,7.457865889473739,-0.2331827379027046,in_sample
2023-07-16 00:00:00+00:00,-0.00957197321609451,7.386479396930472,-0.24052269219713884,in_sample
2023-07-17 00:00:00+00:00,0.005292654117058266,7.425573477521203,-0.2365030414971836,in_sample
2023-07-18 00:00:00+00:00,-0.005784525284319379,7.38262005998991,-0.24091950895814407,in_sample
2023-07-19 00:00:00+00:00,0.004092135278101639,7.4128307399822155,-0.23781324890183297,in_sample
2023-07-20 00:00:00+00:00,-0.0006627825325694059,7.407917645250862,-0.23831841296701672,in_sample
2023-07-21 00:00:00+00:00,0.0023865622440114092,7.425597101809763,-0.2365006124494451,in_sample
2023-07-22 00:00:00+00:00,-0.006189976413398529,7.37963283089416,-0.24122665565002732,in_sample
2023-07-23 00:00:00+00:00,0.005214496162162552,7.418113897969026,-0.23727003495796317,in_sample
2023-07-24 00:00:00+00:00,-0.005123935806471169,7.380103958550741,-0.24117821433651054,in_sample
2023-07-25 00:00:00+00:00,0.003334616092249493,7.404713771973398,-0.23864783499888764,in_sample
2023-07-26 00:00:00+00:00,0.0018542539594297355,7.418443991803524,-0.23723609473241392,in_sample
2023-07-27 00:00:00+00:00,-0.004086084564547743,7.388131602315654,-0.24035281255212193,in_sample
2023-07-28 00:00:00+00:00,-0.005813732327851352,7.345178982776852,-0.244769197963549,in_sample
2023-07-29 00:00:00+00:00,0.006789419940150034,7.395048487426489,-0.23964161889678715,in_sample
2023-07-30 00:00:00+00:00,-0.0035759044984975284,7.368604500273693,-0.24236058785224435,in_sample
2023-07-31 00:00:00+00:00,-0.0025997329589877603,7.349448096292586,-0.24433024800303293,in_sample
2023-08-01 00:00:00+00:00,0.0018004953841476265,7.362680743665994,-0.24296966810262244,in_sample
2023-08-02 00:00:00+00:00,-0.012224806747400898,7.272673394431867,-0.25222421761198865,in_sample
2023-08-03 00:00:00+00:00,-0.003516962801069579,7.247095672639321,-0.254854117222188,in_sample
2023-08-04 00:00:00+00:00,-0.0013235417946457773,7.237503838626786,-0.2558403489411527,in_sample
2023-08-05 00:00:00+00:00,0.002170107180325492,7.253209997674624,-0.2542254427390813,in_sample
2023-08-06 00:00:00+00:00,0.0009220261687919619,7.259897647100223,-0.2535378190812676,in_sample
2023-08-07 00:00:00+00:00,0.00021667479996208028,7.2614706839706535,-0.2533760795375377,in_sample
2023-08-08 00:00:00+00:00,0.0040855104290831125,7.291137498180497,-0.2503257397238855,in_sample
2023-08-09 00:00:00+00:00,0.0003949359022641654,7.294017030146873,-0.2500296664434991,in_sample
2023-08-10 00:00:00+00:00,0.002560487868981537,7.312693272268708,-0.24810937650233167,in_sample
2023-08-11 00:00:00+00:00,0.0038833824231597927,7.3410912567881965,-0.24518949767090203,in_sample
2023-08-12 00:00:00+00:00,0.007530552474527803,7.3963737297177365,-0.2395053575747882,in_sample
2023-08-13 00:00:00+00:00,-0.002011433025636288,7.381496419327833,-0.24103504161438172,in_sample
2023-08-14 00:00:00+00:00,0.0034896007774123886,7.407254894971186,-0.23838655690557053,in_sample
2023-08-15 00:00:00+00:00,-0.0032908306962061316,7.382878873188192,-0.24089289780274892,in_sample
2023-08-16 00:00:00+00:00,-0.013543597874541036,7.282888130573286,-0.25117393913861663,in_sample
2023-08-17 00:00:00+00:00,-0.011307117006021317,7.20053966233913,-0.2596410030259344,in_sample
2023-08-18 00:00:00+00:00,0.005033837391298629,7.2367860081289415,-0.25591415622398195,in_sample
2023-08-19 00:00:00+00:00,0.005325328694996268,7.275324272317579,-0.25195165452858104,in_sample
2023-08-20 00:00:00+00:00,0.002635833756518913,7.294500817624175,-0.2499799234480793,in_sample
2023-08-21 00:00:00+00:00,-0.010975465895856256,7.214440272673045,-0.25821174321948237,in_sample
2023-08-22 00:00:00+00:00,-0.006969665776314455,7.164158035209331,-0.2633817594460375,in_sample
2023-08-23 00:00:00+00:00,0.007598406089294551,7.218594217248735,-0.2577846349215268,in_sample
2023-08-24 00:00:00+00:00,-0.00741363485314962,7.165078195568996,-0.26328714862061564,in_sample
2023-08-25 00:00:00+00:00,0.0,7.165078195568996,-0.26328714862061564,in_sample
2023-08-26 00:00:00+00:00,-0.00095,7.158271371283205,-0.2639870258294261,in_sample
2023-08-27 00:00:00+00:00,0.004373474553711105,7.189577888974071,-0.26076809181568983,in_sample
2023-08-28 00:00:00+00:00,0.0010246649910250485,7.19694479773715,-0.2600106267591248,in_sample
2023-08-29 00:00:00+00:00,0.01634676712254455,7.314591578339568,-0.24791419280159843,in_sample
2023-08-30 00:00:00+00:00,-0.0093407243071154,7.24626799498715,-0.25493921898193306,in_sample
2023-08-31 00:00:00+00:00,-0.009217203948443753,7.179477665012273,-0.26180659615456336,in_sample
2023-09-01 00:00:00+00:00,-0.01180946184503287,7.094691897460045,-0.270524262991531,in_sample
2023-09-02 00:00:00+00:00,0.0,7.094691897460045,-0.270524262991531,in_sample
2023-09-03 00:00:00+00:00,0.0,7.094691897460045,-0.270524262991531,in_sample
2023-09-04 00:00:00+00:00,0.0,7.094691897460045,-0.270524262991531,in_sample
2023-09-05 00:00:00+00:00,-0.00095,7.087951940157458,-0.2712172649416891,in_sample
2023-09-06 00:00:00+00:00,0.0010562990546332317,7.095438937091132,-0.2704474524276139,in_sample
2023-09-07 00:00:00+00:00,0.0008022070181634584,7.1011309480034175,-0.26986220025383223,in_sample
2023-09-08 00:00:00+00:00,-0.005143752343732111,7.064604489046476,-0.273617848272524,in_sample
2023-09-09 00:00:00+00:00,0.0005689225211054636,7.068623701642998,-0.27320459310747724,in_sample
2023-09-10 00:00:00+00:00,-0.00778174943570234,7.013617443141545,-0.27886033285493417,in_sample
2023-09-11 00:00:00+00:00,-0.00892391241027836,6.951028535399749,-0.28529572008011406,in_sample
2023-09-12 00:00:00+00:00,-0.0025931435707937825,6.933003520442774,-0.2871490508886071,in_sample
2023-09-13 00:00:00+00:00,0.0015417438880685422,6.943692436246374,-0.2860500172947107,in_sample
2023-09-14 00:00:00+00:00,0.004602662052472523,6.975651905926726,-0.2827639468019496,in_sample
2023-09-15 00:00:00+00:00,0.006488274302856346,7.02091184893362,-0.27811032254890267,in_sample
2023-09-16 00:00:00+00:00,0.013538357123846045,7.115963460879526,-0.2683371222915517,in_sample
2023-09-17 00:00:00+00:00,-0.002880808128339518,7.0954637355004575,-0.2704449026568585,in_sample
2023-09-18 00:00:00+00:00,0.005796464805852359,7.136592341324488,-0.26621606221117866,in_sample
2023-09-19 00:00:00+00:00,0.0018047724928712755,7.149472266874947,-0.2648917491445466,in_sample
2023-09-20 00:00:00+00:00,-0.013730972937136994,7.051303056663676,-0.27498550064290883,in_sample
2023-09-21 00:00:00+00:00,0.004492917105412619,7.082983976782409,-0.27172807059707516,in_sample
2023-09-22 00:00:00+00:00,-0.003109864802468998,7.0609568542165615,-0.2739928978369516,in_sample
2023-09-23 00:00:00+00:00,0.0010999870806136848,7.06872381553297,-0.2731942994041384,in_sample
2023-09-24 00:00:00+00:00,-0.0038857005152655674,7.041256871760684,-0.2760184486894417,in_sample
2023-09-25 00:00:00+00:00,0.0008399870123936893,7.04717143608389,-0.27541031358912826,in_sample
2023-09-26 00:00:00+00:00,-0.01048875334296274,6.973255393125234,-0.28301035608474656,in_sample
2023-09-27 00:00:00+00:00,-0.0066362421146340875,6.926979182009276,-0.2877684729554536,in_sample
2023-09-28 00:00:00+00:00,0.01844633147655325,7.054756536131803,-0.27463041411953815,in_sample
2023-09-29 00:00:00+00:00,0.005604171975680177,7.094292605006839,-0.27056531821433627,in_sample
2023-09-30 00:00:00+00:00,0.004635915554538784,7.127181146442839,-0.267183720627026,in_sample
2023-10-01 00:00:00+00:00,0.014352159369638979,7.229471586112873,-0.2566662245967992,in_sample
2023-10-02 00:00:00+00:00,-0.009836838778316658,7.15835643966786,-0.2639782791039179,in_sample
2023-10-03 00:00:00+00:00,0.00486998151760395,7.193217503225463,-0.26039386692659905,in_sample
2023-10-04 00:00:00+00:00,0.004662355936145723,7.226754843551612,-0.2569455598816546,in_sample
2023-10-05 00:00:00+00:00,-0.00815708976285036,7.167805555598648,-0.26300672164838446,in_sample
2023-10-06 00:00:00+00:00,-0.013611974219071883,7.070237571168519,-0.2730386551529359,in_sample
2023-10-07 00:00:00+00:00,0.0005318981205861608,7.073998217244721,-0.27265198577987293,in_sample
2023-10-08 00:00:00+00:00,0.0024153280659295288,7.091084243677169,-0.27089520170742887,in_sample
2023-10-09 00:00:00+00:00,-0.027266617148314003,6.8977343644383815,-0.29077542310347115,in_sample
2023-10-10 00:00:00+00:00,0.0028733630033876537,6.917554059168355,-0.2887375634431234,in_sample
2023-10-11 00:00:00+00:00,-0.001964015513261852,6.90396787568232,-0.29013449390252155,in_sample
2023-10-12 00:00:00+00:00,-0.007680406444343635,6.850942596318388,-0.2955865495101698,in_sample
2023-10-13 00:00:00+00:00,0.017049221155879212,6.967745831769254,-0.2835768488075927,in_sample
2023-10-14 00:00:00+00:00,-0.007747299793443963,6.913764615926018,-0.2891271937388441,in_sample
2023-10-15 00:00:00+00:00,-0.009709377711011654,6.846636263864965,-0.29602932631932055,in_sample
2023-10-16 00:00:00+00:00,0.012614983776400267,6.933006469256535,-0.28714874769177723,in_sample
2023-10-17 00:00:00+00:00,0.0006559685966057061,6.937554303780431,-0.2866811396562121,in_sample
2023-10-18 00:00:00+00:00,0.014114120456524578,7.035471780897668,-0.2766132713374091,in_sample
2023-10-19 00:00:00+00:00,0.0054906772136624595,7.074101285492408,-0.27264138830967555,in_sample
2023-10-20 00:00:00+00:00,0.015559582612650592,7.184171348854286,-0.2613239919020569,in_sample
2023-10-21 00:00:00+00:00,0.01560034843810667,7.296246925135476,-0.24980038879285937,in_sample
2023-10-22 00:00:00+00:00,0.003971339601752931,7.325222799493434,-0.24682109136765273,in_sample
2023-10-23 00:00:00+00:00,0.02507792039421582,7.5089241537290246,-0.22793293065436848,in_sample
2023-10-24 00:00:00+00:00,0.00114277049731315,7.517505130718467,-0.22705063518557345,in_sample
2023-10-25 00:00:00+00:00,-0.008734512149602115,7.45184339081951,-0.23380197080357223,in_sample
2023-10-26 00:00:00+00:00,0.015099368704231205,7.564361521703682,-0.2222328642602801,in_sample
2023-10-27 00:00:00+00:00,-0.000512740754201234,7.5604829652719925,-0.22263165716805233,in_sample
2023-10-28 00:00:00+00:00,0.01035964908557358,7.638806915709667,-0.21457839392607947,in_sample
2023-10-29 00:00:00+00:00,-0.01788620225500727,7.502177670228336,-0.2286266036277702,in_sample
2023-10-30 00:00:00+00:00,-0.0206926172296418,7.346937979309535,-0.24458833806002955,in_sample
2023-10-31 00:00:00+00:00,0.008482990126851149,7.409261981650605,-0.2381801883900846,in_sample
2023-11-01 00:00:00+00:00,0.0274437028230738,7.612599565613324,-0.21727303187553193,in_sample
2023-11-02 00:00:00+00:00,0.0022448197268069526,7.629688479290495,-0.21551595093678233,in_sample
2023-11-03 00:00:00+00:00,-0.0006847442143291416,7.624464094247167,-0.21605312185061187,in_sample
2023-11-04 00:00:00+00:00,-0.017299123065447623,7.492567551572698,-0.22961471537249167,in_sample
2023-11-05 00:00:00+00:00,0.02438207669858242,7.675251908284454,-0.21083112227524448,in_sample
2023-11-06 00:00:00+00:00,0.016579532247960885,7.80250399480908,-0.1977470714179197,in_sample
2023-11-07 00:00:00+00:00,-0.009608037234208573,7.727537245906894,-0.20545514742698912,in_sample
2023-11-08 00:00:00+00:00,-0.0014786954622263658,7.716110571647186,-0.20663003729502416,in_sample
2023-11-09 00:00:00+00:00,0.015559375136082418,7.836168430622937,-0.1942856964235976,in_sample
2023-11-10 00:00:00+00:00,0.015828763015637775,7.96020528366189,-0.18153223565397714,in_sample
2023-11-11 00:00:00+00:00,0.020600757741904153,8.124191544286433,-0.16467117952112698,in_sample
2023-11-12 00:00:00+00:00,0.005877473548837715,8.171941265193666,-0.15976155647418055,in_sample
2023-11-13 00:00:00+00:00,-0.0133758943639358,8.062634242082147,-0.17100049713529986,in_sample
2023-11-14 00:00:00+00:00,-0.009801494508908467,7.983608376831042,-0.179125931210516,in_sample
2023-11-15 00:00:00+00:00,0.03818360328482847,8.288451311873391,-0.14778200142105546,in_sample
2023-11-16 00:00:00+00:00,0.0013060818244138908,8.299276707484369,-0.14666893498267308,in_sample
2023-11-17 00:00:00+00:00,0.014464630671053011,8.419322679895002,-0.1343258162870613,in_sample
2023-11-18 00:00:00+00:00,-0.00806495110110394,8.351421254177232,-0.1413074362481943,in_sample
2023-11-19 00:00:00+00:00,0.008311964365500895,8.420837970043241,-0.13417001425736863,in_sample
2023-11-20 00:00:00+00:00,-0.004659833505693235,8.38159826712442,-0.1382046378351659,in_sample
2023-11-21 00:00:00+00:00,-0.010900954224833838,8.290230848083551,-0.14759902962929883,in_sample
2023-11-22 00:00:00+00:00,0.012559415597348755,8.394351302702594,-0.1368933715868298,in_sample
2023-11-23 00:00:00+00:00,-0.00015440373612619007,8.3930551834991,-0.13702663847493213,in_sample
2023-11-24 00:00:00+00:00,-0.00993770187452661,8.309647503269037,-0.14560261046742617,in_sample
2023-11-25 00:00:00+00:00,0.0011393122027760602,8.31911478607028,-0.1446291850955117,in_sample
2023-11-26 00:00:00+00:00,0.004894534890694618,8.359832983650394,-0.1404425427974798,in_sample
2023-11-27 00:00:00+00:00,0.00863032996617605,8.43198110076142,-0.13302427831693475,in_sample
2023-11-28 00:00:00+00:00,-0.0022776837853646656,8.412775714129713,-0.13499897486051715,in_sample
2023-11-29 00:00:00+00:00,0.012630630364076634,8.519034374510767,-0.1240734666474329,in_sample
2023-11-30 00:00:00+00:00,0.002056125394600606,8.536550577425674,-0.1222724518584023,in_sample
2023-12-01 00:00:00+00:00,-0.016563529600508886,8.395155169250243,-0.13681071808322764,in_sample
2023-12-02 00:00:00+00:00,-0.02564364981713476,8.179872749929482,-0.15894604175460536,in_sample
2023-12-03 00:00:00+00:00,-0.01644415524247954,8.045361652565914,-0.1727764636112944,in_sample
2023-12-04 00:00:00+00:00,-0.04401867806281432,7.691215468082703,-0.20918975014557162,in_sample
2023-12-05 00:00:00+00:00,0.012880996187629494,7.790285985205314,-0.19900332633205842,in_sample
2023-12-06 00:00:00+00:00,0.022105307323783914,7.962492651048445,-0.18129704869529983,in_sample
2023-12-07 00:00:00+00:00,0.011329437288145984,8.052703212195821,-0.17202160495087315,in_sample
2023-12-08 00:00:00+00:00,0.015422400060306093,8.176895222701216,-0.15925219090113552,in_sample
2023-12-09 00:00:00+00:00,0.01626099536007502,8.309859677977379,-0.1455807946783858,in_sample
2023-12-10 00:00:00+00:00,0.013937652066553907,8.425679610890914,-0.1336721970756316,in_sample
2023-12-11 00:00:00+00:00,-0.005169774681481886,8.382120745764253,-0.1381509166170537,in_sample
2023-12-12 00:00:00+00:00,-0.008987974331022781,8.30678245966179,-0.1458971940557151,in_sample
2023-12-13 00:00:00+00:00,0.0004807112023327288,8.31077562304549,-0.14548661726895384,in_sample
2023-12-14 00:00:00+00:00,-0.0012839273513150454,8.30010519091242,-0.146583750373107,in_sample
2023-12-15 00:00:00+00:00,0.010372444121632391,8.38619756820883,-0.13773173801135896,in_sample
2023-12-16 00:00:00+00:00,0.003523045393055079,8.415742522916759,-0.13469392778338218,in_sample
2023-12-17 00:00:00+00:00,-0.0033369622978712873,8.387659507409193,-0.1375814215224882,in_sample
2023-12-18 00:00:00+00:00,0.009010682413403016,8.463238043422217,-0.1298104416044088,in_sample
2023-12-19 00:00:00+00:00,-0.011124125397985754,8.369091922154185,-0.13949053937201927,in_sample
2023-12-20 00:00:00+00:00,0.02709668035753445,8.595866530851621,-0.11617358957274837,in_sample
2023-12-21 00:00:00+00:00,0.030695465076718508,8.859720651753511,-0.08904412685759722,in_sample
2023-12-22 00:00:00+00:00,-0.017248527629221057,8.70690351530456,-0.10475677440449516,in_sample
2023-12-23 00:00:00+00:00,0.010479629417631475,8.798148637520026,-0.09537495716160915,in_sample
2023-12-24 00:00:00+00:00,0.010746721028887136,8.892699886498137,-0.08565320419047973,in_sample
2023-12-25 00:00:00+00:00,0.0025773604224182617,8.91561957923404,-0.08329660294659547,in_sample
2023-12-26 00:00:00+00:00,-0.0045312290939064585,8.875220864406412,-0.08745039604980687,in_sample
2023-12-27 00:00:00+00:00,0.008902185156026704,8.954229723841989,-0.0793267105113834,in_sample
2023-12-28 00:00:00+00:00,-0.006558581830465072,8.895502675469388,-0.08536502161961801,in_sample
2023-12-29 00:00:00+00:00,-0.010886051702259422,8.798665773426642,-0.09532178528296176,in_sample
2023-12-30 00:00:00+00:00,0.005558401721285085,8.847572292406669,-0.09029322033706932,in_sample
2023-12-31 00:00:00+00:00,0.0071964097038618394,8.911243047507364,-0.08374659764023407,in_sample
2024-01-01 00:00:00+00:00,0.0032479236186074185,8.940186084272513,-0.08077067657408055,in_sample
2024-01-02 00:00:00+00:00,-0.0036999340562104913,8.907107985310454,-0.08417176445329144,in_sample
2024-01-03 00:00:00+00:00,0.006060040550707205,8.961085420890964,-0.0786218082083957,in_sample
2024-01-04 00:00:00+00:00,0.0013151981565147901,8.97287102391689,-0.07741001330909858,in_sample
2024-01-05 00:00:00+00:00,-0.010281116891507756,8.880619888067576,-0.08689526880520249,in_sample
2024-01-06 00:00:00+00:00,-0.007188608783833629,8.816780585934326,-0.09345922149642938,in_sample
2024-01-07 00:00:00+00:00,-0.0011139802110477744,8.806958866836446,-0.09446908998419012,in_sample
2024-01-08 00:00:00+00:00,-0.009193508044077345,8.725992019650327,-0.10279409568958109,in_sample
2024-01-09 00:00:00+00:00,0.0017535389980390323,8.74129338695336,-0.10122081014710205,in_sample
2024-01-10 00:00:00+00:00,-3.062619831893133e-05,8.741025674368528,-0.1012483363368154,in_sample
2024-01-11 00:00:00+00:00,-0.002195962434068656,8.721830710352386,-0.10322196122777638,in_sample
2024-01-12 00:00:00+00:00,-0.016391305472420344,8.578868518900263,-0.11792132400224986,in_sample
2024-01-13 00:00:00+00:00,0.002275954373838363,8.598393632228438,-0.11591375318154329,in_sample
2024-01-14 00:00:00+00:00,-8.361614106960446e-05,8.597674667733514,-0.11598767706187485,in_sample
2024-01-15 00:00:00+00:00,-0.005005323437396443,8.554640525211997,-0.12041244466082435,in_sample
2024-01-16 00:00:00+00:00,0.0008209288071694688,8.561663276054123,-0.11969036589821869,in_sample
2024-01-17 00:00:00+00:00,-0.004228953331508284,8.525456401619602,-0.12341315425811228,in_sample
2024-01-18 00:00:00+00:00,-0.0004612432856096369,8.521524092097597,-0.12381747405496457,in_sample
2024-01-19 00:00:00+00:00,0.0059106854608975586,8.571892140653445,-0.11863863473776881,in_sample
2024-01-20 00:00:00+00:00,0.004967587089829606,8.614473761386765,-0.11426039539821775,in_sample
2024-01-21 00:00:00+00:00,-0.0016799939450406307,8.600001497627925,-0.11574843257083123,in_sample
2024-01-22 00:00:00+00:00,-0.005358429517758346,8.55391899575027,-0.12048663227086787,in_sample
2024-01-23 00:00:00+00:00,0.001092314870571654,8.563262568670993,-0.11952592674043072,in_sample
2024-01-24 00:00:00+00:00,-0.011734558955280154,8.46277645920938,-0.12985790166169076,in_sample
2024-01-25 00:00:00+00:00,-0.003864408440589933,8.430072834429586,-0.1332204861310219,in_sample
2024-01-26 00:00:00+00:00,0.006115825861145167,8.481629691881727,-0.12791941356419123,in_sample
2024-01-27 00:00:00+00:00,0.001975428088784115,8.498384541413735,-0.1261966810780627,in_sample
2024-01-28 00:00:00+00:00,0.005440518915047106,8.54462016325864,-0.12144273759343693,in_sample
2024-01-29 00:00:00+00:00,0.00015574385329016754,8.545950935327767,-0.12130590770005378,in_sample
2024-01-30 00:00:00+00:00,0.008254195165452316,8.61649088222234,-0.11405299517148015,in_sample
2024-01-31 00:00:00+00:00,-0.001796785442343384,8.601008896841078,-0.11564485185244389,in_sample
2024-02-01 00:00:00+00:00,-0.002439858440893272,8.580023652683922,-0.11780255322539912,in_sample
2024-02-02 00:00:00+00:00,0.006892667481569005,8.63916290270587,-0.11172185957169256,in_sample
2024-02-03 00:00:00+00:00,-0.00047334736930946874,8.635073577672838,-0.1121423236926794,in_sample
2024-02-04 00:00:00+00:00,0.0013958506994578685,8.647126851166101,-0.11090300693418698,in_sample
2024-02-05 00:00:00+00:00,-0.001475580110679625,8.634367322769997,-0.11221494077361993,in_sample
2024-02-06 00:00:00+00:00,-0.011608793243914945,8.534132737727944,-0.12252105397121582,in_sample
2024-02-07 00:00:00+00:00,0.0032344638846527616,8.561736081854958,-0.11968288001074256,in_sample
2024-02-08 00:00:00+00:00,-0.001331175682413682,8.55033890698355,-0.12085473675368463,in_sample
2024-02-09 00:00:00+00:00,0.0018642193500901134,8.566278614223778,-0.11921581714240059,in_sample
2024-02-10 00:00:00+00:00,-0.009599797825937562,8.484044071406577,-0.12767116722611715,in_sample
2024-02-11 00:00:00+00:00,-0.013064258067768994,8.373206330199396,-0.13906749621743086,in_sample
2024-02-12 00:00:00+00:00,0.008153982942834393,8.441481311792675,-0.13204746726665617,in_sample
2024-02-13 00:00:00+00:00,-0.017394640820847827,8.294644776378142,-0.14714518982309777,in_sample
2024-02-14 00:00:00+00:00,0.0073994794630092295,8.35602083005391,-0.14083450817026522,in_sample
2024-02-15 00:00:00+00:00,0.005380803261791895,8.400982934191864,-0.1362115076894087,in_sample
2024-02-16 00:00:00+00:00,-0.008127458545997047,8.332704293648591,-0.14323191285317227,in_sample
2024-02-17 00:00:00+00:00,-0.014389529498307605,8.21280059941446,-0.15556040251638015,in_sample
2024-02-18 00:00:00+00:00,0.0037525772442785106,8.243619768055622,-0.15239157769869527,in_sample
2024-02-19 00:00:00+00:00,-0.006810626882853688,8.187475549651278,-0.15816432240575373,in_sample
2024-02-20 00:00:00+00:00,-0.006417763598501297,8.134930267105107,-0.16356702477333773,in_sample
2024-02-21 00:00:00+00:00,0.00997207476916317,8.216052399970607,-0.1552260526049839,in_sample
2024-02-22 00:00:00+00:00,0.0037019833260826473,8.246468088961521,-0.15209871353741833,in_sample
2024-02-23 00:00:00+00:00,0.004982822752717386,8.287558777784756,-0.14787377171517424,in_sample
2024-02-24 00:00:00+00:00,0.012739612543425838,8.393139065544602,-0.13701801372873468,in_sample
2024-02-25 00:00:00+00:00,-0.010098348074940802,8.308382225819349,-0.14573270620850576,in_sample
2024-02-26 00:00:00+00:00,0.011899253116631476,8.407245768914096,-0.13556756345042087,in_sample
2024-02-27 00:00:00+00:00,-0.0025741439272457096,8.385604308273184,-0.1377927369574793,in_sample
2024-02-28 00:00:00+00:00,0.01804295372269423,8.536905378744182,-0.12223597121103225,in_sample
2024-02-29 00:00:00+00:00,0.0011574640597902248,8.546786539901907,-0.12121999089473245,in_sample
2024-03-01 00:00:00+00:00,0.00320816089130671,8.574206006225566,-0.11840072323745887,in_sample
2024-03-02 00:00:00+00:00,0.010283478874237367,8.662378672553947,-0.10933481569932824,in_sample
2024-03-03 00:00:00+00:00,0.010891056012721948,8.75672112388014,-0.09963453128852817,in_sample
2024-03-04 00:00:00+00:00,0.025488938498738806,8.979920650057329,-0.07668517123015339,in_sample
2024-03-05 00:00:00+00:00,-0.0332498235313665,8.681339873117249,-0.10738522635064462,in_sample
2024-03-06 00:00:00+00:00,0.024543854124134363,8.894413412565068,-0.0854770195571477,in_sample
2024-03-07 00:00:00+00:00,0.011611735017842519,8.99769298425092,-0.07485782104051764,in_sample
2024-03-08 00:00:00+00:00,0.007055038882120673,9.061172058104194,-0.0683309069964686,in_sample
2024-03-09 00:00:00+00:00,0.015522003740270874,9.201819604681324,-0.05386953585017318,in_sample
2024-03-10 00:00:00+00:00,0.006429012410494454,9.260978217118952,-0.047786851354207016,in_sample
2024-03-11 00:00:00+00:00,0.028521446255247874,9.52511470960953,-0.020628355211565808,in_sample
2024-03-12 00:00:00+00:00,0.01599214599500732,9.677441734664798,-0.0049661008847387,in_sample
2024-03-13 00:00:00+00:00,0.008321799004905579,9.757975459662363,0.0,in_sample
2024-03-14 00:00:00+00:00,0.016486623601438974,9.918851528177894,0.0,in_sample
2024-03-15 00:00:00+00:00,0.0004572324630330261,9.923386749092582,0.0,in_sample
2024-03-16 00:00:00+00:00,-0.009590403287784276,9.82821746818813,-0.009590403287784266,in_sample
2024-03-17 00:00:00+00:00,0.01867957263815746,10.01180437028876,0.0,in_sample
2024-03-18 00:00:00+00:00,-0.0008768295807531704,10.003025724060176,-0.0008768295807531912,in_sample
2024-03-19 00:00:00+00:00,-0.010942477629941052,9.893567838842923,-0.01180971252262153,in_sample
2024-03-20 00:00:00+00:00,0.022322711970937867,10.114419104074349,0.0,in_sample
2024-03-21 00:00:00+00:00,-0.024353812037188956,9.868094442348369,-0.024353812037189004,in_sample
2024-03-22 00:00:00+00:00,0.001977419219067001,9.887607801954235,-0.02242455051410197,in_sample
2024-03-23 00:00:00+00:00,0.0021736234555176297,9.909099738191522,-0.020299669587561353,in_sample
2024-03-24 00:00:00+00:00,0.008700375451887187,9.995312626303987,-0.011775908882635022,in_sample
2024-03-25 00:00:00+00:00,0.0014645686748189944,10.009951448071494,-0.010328586835083087,in_sample
2024-03-26 00:00:00+00:00,-0.0011878016635094991,9.998061611089826,-0.011504120185968136,in_sample
2024-03-27 00:00:00+00:00,0.0060010918607887155,10.0580608972478,-0.005572065607192922,in_sample
2024-03-28 00:00:00+00:00,0.001535863658293236,10.073508707452783,-0.004044759881967508,in_sample
2024-03-29 00:00:00+00:00,-0.006378768552532204,10.009252126896024,-0.010397727847362037,in_sample
2024-03-30 00:00:00+00:00,0.0010650253345304117,10.01991223399087,-0.009343776356410705,in_sample
2024-03-31 00:00:00+00:00,-0.004494858633067068,9.974874144983342,-0.013796636035656729,in_sample
2024-04-01 00:00:00+00:00,-0.014150435764491489,9.833725329135868,-0.027751843388159614,in_sample
2024-04-02 00:00:00+00:00,-0.013768819548896062,9.698326539585588,-0.041138552813294815,in_sample
2024-04-03 00:00:00+00:00,-0.014945877456604294,9.55337653959081,-0.05546957850080947,in_sample
2024-04-04 00:00:00+00:00,0.0028690422179002634,9.580785580206394,-0.05275968084543714,in_sample
2024-04-05 00:00:00+00:00,-0.0031492960248041724,9.550612850264148,-0.05574282101708494,in_sample
2024-04-06 00:00:00+00:00,-0.011954277480689238,9.436442174141455,-0.06703073334777954,in_sample
2024-04-07 00:00:00+00:00,-0.009301650701729008,9.348667685170525,-0.07570888758162686,in_sample
2024-04-08 00:00:00+00:00,0.013397409533207939,9.473915614738623,-0.06332578102065345,in_sample
2024-04-09 00:00:00+00:00,-0.01706218502780179,9.312269913582172,-0.07930748985565073,in_sample
2024-04-10 00:00:00+00:00,0.016815834044795256,9.46886349902931,-0.06382527739877752,in_sample
2024-04-11 00:00:00+00:00,0.01852726920682164,9.644295682158473,-0.04648051628852301,in_sample
2024-04-12 00:00:00+00:00,0.018548161759683577,9.823179638529368,-0.02879448266363238,in_sample
2024-04-13 00:00:00+00:00,0.0,9.823179638529368,-0.02879448266363238,in_sample
2024-04-14 00:00:00+00:00,0.0,9.823179638529368,-0.02879448266363238,in_sample
2024-04-15 00:00:00+00:00,0.0,9.823179638529368,-0.02879448266363238,in_sample
2024-04-16 00:00:00+00:00,0.0,9.823179638529368,-0.02879448266363238,in_sample
2024-04-17 00:00:00+00:00,0.0,9.823179638529368,-0.02879448266363238,in_sample
2024-04-18 00:00:00+00:00,0.0,9.823179638529368,-0.02879448266363238,in_sample
2024-04-19 00:00:00+00:00,0.0,9.823179638529368,-0.02879448266363238,in_sample
2024-04-20 00:00:00+00:00,0.0,9.823179638529368,-0.02879448266363238,in_sample
2024-04-21 00:00:00+00:00,0.0,9.823179638529368,-0.02879448266363238,in_sample
2024-04-22 00:00:00+00:00,0.0,9.823179638529368,-0.02879448266363238,in_sample
2024-04-23 00:00:00+00:00,0.0,9.823179638529368,-0.02879448266363238,in_sample
2024-04-24 00:00:00+00:00,0.0,9.823179638529368,-0.02879448266363238,in_sample
2024-04-25 00:00:00+00:00,0.0,9.823179638529368,-0.02879448266363238,in_sample
2024-04-26 00:00:00+00:00,0.0,9.823179638529368,-0.02879448266363238,in_sample
2024-04-27 00:00:00+00:00,0.0,9.823179638529368,-0.02879448266363238,in_sample
2024-04-28 00:00:00+00:00,0.0,9.823179638529368,-0.02879448266363238,in_sample
2024-04-29 00:00:00+00:00,0.0,9.823179638529368,-0.02879448266363238,in_sample
2024-04-30 00:00:00+00:00,0.0,9.823179638529368,-0.02879448266363238,in_sample
2024-05-01 00:00:00+00:00,0.0,9.823179638529368,-0.02879448266363238,in_sample
2024-05-02 00:00:00+00:00,0.0,9.823179638529368,-0.02879448266363238,in_sample
2024-05-03 00:00:00+00:00,0.0,9.823179638529368,-0.02879448266363238,in_sample
2024-05-04 00:00:00+00:00,0.0,9.823179638529368,-0.02879448266363238,in_sample
2024-05-05 00:00:00+00:00,0.0,9.823179638529368,-0.02879448266363238,in_sample
2024-05-06 00:00:00+00:00,0.0,9.823179638529368,-0.02879448266363238,in_sample
2024-05-07 00:00:00+00:00,0.0,9.823179638529368,-0.02879448266363238,in_sample
2024-05-08 00:00:00+00:00,0.0,9.823179638529368,-0.02879448266363238,in_sample
2024-05-09 00:00:00+00:00,0.0,9.823179638529368,-0.02879448266363238,in_sample
2024-05-10 00:00:00+00:00,0.0,9.823179638529368,-0.02879448266363238,in_sample
2024-05-11 00:00:00+00:00,0.0,9.823179638529368,-0.02879448266363238,in_sample
2024-05-12 00:00:00+00:00,0.0,9.823179638529368,-0.02879448266363238,in_sample
2024-05-13 00:00:00+00:00,0.0,9.823179638529368,-0.02879448266363238,in_sample
2024-05-14 00:00:00+00:00,0.0,9.823179638529368,-0.02879448266363238,in_sample
2024-05-15 00:00:00+00:00,0.0,9.823179638529368,-0.02879448266363238,in_sample
2024-05-16 00:00:00+00:00,0.0,9.823179638529368,-0.02879448266363238,in_sample
2024-05-17 00:00:00+00:00,0.0,9.823179638529368,-0.02879448266363238,in_sample
2024-05-18 00:00:00+00:00,0.0,9.823179638529368,-0.02879448266363238,in_sample
2024-05-19 00:00:00+00:00,0.0,9.823179638529368,-0.02879448266363238,in_sample
2024-05-20 00:00:00+00:00,0.0,9.823179638529368,-0.02879448266363238,in_sample
2024-05-21 00:00:00+00:00,0.0,9.823179638529368,-0.02879448266363238,in_sample
2024-05-22 00:00:00+00:00,0.0,9.823179638529368,-0.02879448266363238,in_sample
2024-05-23 00:00:00+00:00,0.0,9.823179638529368,-0.02879448266363238,in_sample
2024-05-24 00:00:00+00:00,0.0,9.823179638529368,-0.02879448266363238,in_sample
2024-05-25 00:00:00+00:00,0.0,9.823179638529368,-0.02879448266363238,in_sample
2024-05-26 00:00:00+00:00,0.0,9.823179638529368,-0.02879448266363238,in_sample
2024-05-27 00:00:00+00:00,0.0,9.823179638529368,-0.02879448266363238,in_sample
2024-05-28 00:00:00+00:00,0.0,9.823179638529368,-0.02879448266363238,in_sample
2024-05-29 00:00:00+00:00,0.0,9.823179638529368,-0.02879448266363238,in_sample
2024-05-30 00:00:00+00:00,0.0,9.823179638529368,-0.02879448266363238,in_sample
2024-05-31 00:00:00+00:00,0.0,9.823179638529368,-0.02879448266363238,in_sample
2024-06-01 00:00:00+00:00,0.0,9.823179638529368,-0.02879448266363238,in_sample
2024-06-02 00:00:00+00:00,-0.00095,9.813847617872765,-0.029717127905101948,in_sample
2024-06-03 00:00:00+00:00,-0.010900510652569077,9.706871667371454,-0.04029370668837762,in_sample
2024-06-04 00:00:00+00:00,0.012744975886819474,9.830585512708554,-0.028062273121692183,in_sample
2024-06-05 00:00:00+00:00,0.004550420959095264,9.87531881506576,-0.023639547318369702,in_sample
2024-06-06 00:00:00+00:00,-0.0059243698670515,9.816813773850258,-0.029423867763617495,in_sample
2024-06-07 00:00:00+00:00,0.009111998708060134,9.906264568274848,-0.020579979300605733,in_sample
2024-06-08 00:00:00+00:00,0.0017845830473896297,9.92394312008635,-0.018832122935391382,in_sample
2024-06-09 00:00:00+00:00,-0.006857152268130601,9.855893131011651,-0.025560140469021775,in_sample
2024-06-10 00:00:00+00:00,0.010609348611697834,9.960457737118192,-0.015221968298123723,in_sample
2024-06-11 00:00:00+00:00,-0.0002524427809424193,9.957943291467576,-0.015470568403057494,in_sample
2024-06-12 00:00:00+00:00,0.005270940744823318,10.010431020497212,-0.010281172107575398,in_sample
2024-06-13 00:00:00+00:00,-0.0012338180507519266,9.998079970008314,-0.011502305062598195,in_sample
2024-06-14 00:00:00+00:00,-0.006710080350904846,9.930992050054787,-0.01813520402231239,in_sample
2024-06-15 00:00:00+00:00,0.0,9.930992050054787,-0.01813520402231239,in_sample
2024-06-16 00:00:00+00:00,0.0,9.930992050054787,-0.01813520402231239,in_sample
2024-06-17 00:00:00+00:00,-0.00095,9.921557607607234,-0.01906797557849127,in_sample
2024-06-18 00:00:00+00:00,0.016911926208511334,10.089350257740582,-0.0024785255659089955,in_sample
2024-06-19 00:00:00+00:00,-0.0067593010150419144,10.021153302302322,-0.009221073480577546,in_sample
2024-06-20 00:00:00+00:00,0.00829901373384936,10.104318991187139,-0.000998585562184351,in_sample
2024-06-21 00:00:00+00:00,0.0,10.104318991187139,-0.000998585562184351,in_sample
2024-06-22 00:00:00+00:00,-0.00095,10.09471988814551,-0.001947636905900274,in_sample
2024-06-23 00:00:00+00:00,0.00877933760295513,10.183344842050806,0.0,in_sample
2024-06-24 00:00:00+00:00,-0.012550737691495437,10.055536352116183,-0.012550737691495395,in_sample
2024-06-25 00:00:00+00:00,0.0031513828476058266,10.087225196899718,-0.009438907023375465,in_sample
2024-06-26 00:00:00+00:00,0.00364731591259805,10.124016493874331,-0.005826017786561222,in_sample
2024-06-27 00:00:00+00:00,0.0012659734040863391,10.136833229498107,-0.004567419966044484,in_sample
2024-06-28 00:00:00+00:00,0.0024202307111251993,10.161366704593693,-0.002158243464991716,in_sample
2024-06-29 00:00:00+00:00,0.0049126926012265475,10.2112863756217,0.0,in_sample
2024-06-30 00:00:00+00:00,0.0005843582254750177,10.217253424807975,0.0,in_sample
2024-07-01 00:00:00+00:00,0.003728806955388082,10.255351590443361,0.0,in_sample
2024-07-02 00:00:00+00:00,0.0,10.255351590443361,0.0,in_sample
2024-07-03 00:00:00+00:00,0.0,10.255351590443361,0.0,in_sample
2024-07-04 00:00:00+00:00,0.0,10.255351590443361,0.0,in_sample
2024-07-05 00:00:00+00:00,0.0,10.255351590443361,0.0,in_sample
2024-07-06 00:00:00+00:00,0.0,10.255351590443361,0.0,in_sample
2024-07-07 00:00:00+00:00,0.0,10.255351590443361,0.0,in_sample
2024-07-08 00:00:00+00:00,0.0,10.255351590443361,0.0,in_sample
2024-07-09 00:00:00+00:00,0.0,10.255351590443361,0.0,in_sample
2024-07-10 00:00:00+00:00,0.0,10.255351590443361,0.0,in_sample
2024-07-11 00:00:00+00:00,0.0,10.255351590443361,0.0,in_sample
2024-07-12 00:00:00+00:00,0.0,10.255351590443361,0.0,in_sample
2024-07-13 00:00:00+00:00,0.0,10.255351590443361,0.0,in_sample
2024-07-14 00:00:00+00:00,0.0,10.255351590443361,0.0,in_sample
2024-07-15 00:00:00+00:00,0.0,10.255351590443361,0.0,in_sample
2024-07-16 00:00:00+00:00,0.0,10.255351590443361,0.0,in_sample
2024-07-17 00:00:00+00:00,0.0,10.255351590443361,0.0,in_sample
2024-07-18 00:00:00+00:00,0.0,10.255351590443361,0.0,in_sample
2024-07-19 00:00:00+00:00,0.0,10.255351590443361,0.0,in_sample
2024-07-20 00:00:00+00:00,0.0,10.255351590443361,0.0,in_sample
2024-07-21 00:00:00+00:00,0.0,10.255351590443361,0.0,in_sample
2024-07-22 00:00:00+00:00,0.0,10.255351590443361,0.0,in_sample
2024-07-23 00:00:00+00:00,0.0,10.255351590443361,0.0,in_sample
2024-07-24 00:00:00+00:00,0.0,10.255351590443361,0.0,in_sample
2024-07-25 00:00:00+00:00,0.0,10.255351590443361,0.0,in_sample
2024-07-26 00:00:00+00:00,0.0,10.255351590443361,0.0,in_sample
2024-07-27 00:00:00+00:00,0.0,10.255351590443361,0.0,in_sample
2024-07-28 00:00:00+00:00,0.0,10.255351590443361,0.0,in_sample
2024-07-29 00:00:00+00:00,0.0,10.255351590443361,0.0,in_sample
2024-07-30 00:00:00+00:00,0.0,10.255351590443361,0.0,in_sample
2024-07-31 00:00:00+00:00,0.0,10.255351590443361,0.0,in_sample
2024-08-01 00:00:00+00:00,0.0,10.255351590443361,0.0,in_sample
2024-08-02 00:00:00+00:00,0.0,10.255351590443361,0.0,in_sample
2024-08-03 00:00:00+00:00,0.0,10.255351590443361,0.0,in_sample
2024-08-04 00:00:00+00:00,0.0,10.255351590443361,0.0,in_sample
2024-08-05 00:00:00+00:00,0.0,10.255351590443361,0.0,in_sample
2024-08-06 00:00:00+00:00,0.0,10.255351590443361,0.0,in_sample
2024-08-07 00:00:00+00:00,0.0,10.255351590443361,0.0,in_sample
2024-08-08 00:00:00+00:00,0.0,10.255351590443361,0.0,in_sample
2024-08-09 00:00:00+00:00,0.0,10.255351590443361,0.0,in_sample
2024-08-10 00:00:00+00:00,0.0,10.255351590443361,0.0,in_sample
2024-08-11 00:00:00+00:00,0.0,10.255351590443361,0.0,in_sample
2024-08-12 00:00:00+00:00,0.0,10.255351590443361,0.0,in_sample
2024-08-13 00:00:00+00:00,0.0,10.255351590443361,0.0,in_sample
2024-08-14 00:00:00+00:00,0.0,10.255351590443361,0.0,in_sample
2024-08-15 00:00:00+00:00,0.0,10.255351590443361,0.0,in_sample
2024-08-16 00:00:00+00:00,0.0,10.255351590443361,0.0,in_sample
2024-08-17 00:00:00+00:00,0.0,10.255351590443361,0.0,in_sample
2024-08-18 00:00:00+00:00,0.0,10.255351590443361,0.0,in_sample
2024-08-19 00:00:00+00:00,0.0,10.255351590443361,0.0,in_sample
2024-08-20 00:00:00+00:00,0.0,10.255351590443361,0.0,in_sample
2024-08-21 00:00:00+00:00,0.0,10.255351590443361,0.0,in_sample
2024-08-22 00:00:00+00:00,0.0,10.255351590443361,0.0,in_sample
2024-08-23 00:00:00+00:00,0.0,10.255351590443361,0.0,in_sample
2024-08-24 00:00:00+00:00,0.0,10.255351590443361,0.0,in_sample
2024-08-25 00:00:00+00:00,0.0,10.255351590443361,0.0,in_sample
2024-08-26 00:00:00+00:00,0.0,10.255351590443361,0.0,in_sample
2024-08-27 00:00:00+00:00,0.0,10.255351590443361,0.0,in_sample
2024-08-28 00:00:00+00:00,0.0,10.255351590443361,0.0,in_sample
2024-08-29 00:00:00+00:00,0.0,10.255351590443361,0.0,in_sample
2024-08-30 00:00:00+00:00,0.0,10.255351590443361,0.0,in_sample
2024-08-31 00:00:00+00:00,0.0,10.255351590443361,0.0,in_sample
2024-09-01 00:00:00+00:00,0.0,10.255351590443361,0.0,in_sample
2024-09-02 00:00:00+00:00,0.0,10.255351590443361,0.0,in_sample
2024-09-03 00:00:00+00:00,0.0,10.255351590443361,0.0,in_sample
2024-09-04 00:00:00+00:00,0.0,10.255351590443361,0.0,in_sample
2024-09-05 00:00:00+00:00,0.0,10.255351590443361,0.0,in_sample
2024-09-06 00:00:00+00:00,0.0,10.255351590443361,0.0,in_sample
2024-09-07 00:00:00+00:00,0.0,10.255351590443361,0.0,in_sample
2024-09-08 00:00:00+00:00,0.0,10.255351590443361,0.0,in_sample
2024-09-09 00:00:00+00:00,0.0,10.255351590443361,0.0,in_sample
2024-09-10 00:00:00+00:00,0.0,10.255351590443361,0.0,in_sample
2024-09-11 00:00:00+00:00,0.0,10.255351590443361,0.0,in_sample
2024-09-12 00:00:00+00:00,0.0,10.255351590443361,0.0,in_sample
2024-09-13 00:00:00+00:00,0.0,10.255351590443361,0.0,in_sample
2024-09-14 00:00:00+00:00,0.0,10.255351590443361,0.0,in_sample
2024-09-15 00:00:00+00:00,0.0,10.255351590443361,0.0,in_sample
2024-09-16 00:00:00+00:00,0.0,10.255351590443361,0.0,in_sample
2024-09-17 00:00:00+00:00,0.0,10.255351590443361,0.0,in_sample
2024-09-18 00:00:00+00:00,0.0,10.255351590443361,0.0,in_sample
2024-09-19 00:00:00+00:00,0.0,10.255351590443361,0.0,in_sample
2024-09-20 00:00:00+00:00,0.0,10.255351590443361,0.0,in_sample
2024-09-21 00:00:00+00:00,0.0,10.255351590443361,0.0,in_sample
2024-09-22 00:00:00+00:00,0.0,10.255351590443361,0.0,in_sample
2024-09-23 00:00:00+00:00,0.0,10.255351590443361,0.0,in_sample
2024-09-24 00:00:00+00:00,0.0,10.255351590443361,0.0,in_sample
2024-09-25 00:00:00+00:00,0.0,10.255351590443361,0.0,in_sample
2024-09-26 00:00:00+00:00,0.0,10.255351590443361,0.0,in_sample
2024-09-27 00:00:00+00:00,0.0,10.255351590443361,0.0,in_sample
2024-09-28 00:00:00+00:00,0.0,10.255351590443361,0.0,in_sample
2024-09-29 00:00:00+00:00,0.0,10.255351590443361,0.0,in_sample
2024-09-30 00:00:00+00:00,0.0,10.255351590443361,0.0,in_sample
2024-10-01 00:00:00+00:00,0.0,10.255351590443361,0.0,in_sample
2024-10-02 00:00:00+00:00,0.0,10.255351590443361,0.0,in_sample
2024-10-03 00:00:00+00:00,0.0,10.255351590443361,0.0,in_sample
2024-10-04 00:00:00+00:00,0.0,10.255351590443361,0.0,in_sample
2024-10-05 00:00:00+00:00,0.0,10.255351590443361,0.0,in_sample
2024-10-06 00:00:00+00:00,0.0,10.255351590443361,0.0,in_sample
2024-10-07 00:00:00+00:00,0.0,10.255351590443361,0.0,in_sample
2024-10-08 00:00:00+00:00,0.0,10.255351590443361,0.0,in_sample
2024-10-09 00:00:00+00:00,0.0,10.255351590443361,0.0,in_sample
2024-10-10 00:00:00+00:00,0.0,10.255351590443361,0.0,in_sample
2024-10-11 00:00:00+00:00,0.0,10.255351590443361,0.0,in_sample
2024-10-12 00:00:00+00:00,0.0,10.255351590443361,0.0,in_sample
2024-10-13 00:00:00+00:00,0.0,10.255351590443361,0.0,in_sample
2024-10-14 00:00:00+00:00,0.0,10.255351590443361,0.0,in_sample
2024-10-15 00:00:00+00:00,0.0,10.255351590443361,0.0,in_sample
2024-10-16 00:00:00+00:00,0.0,10.255351590443361,0.0,in_sample
2024-10-17 00:00:00+00:00,0.0,10.255351590443361,0.0,in_sample
2024-10-18 00:00:00+00:00,0.0,10.255351590443361,0.0,in_sample
2024-10-19 00:00:00+00:00,0.0,10.255351590443361,0.0,in_sample
2024-10-20 00:00:00+00:00,0.0,10.255351590443361,0.0,in_sample
2024-10-21 00:00:00+00:00,0.0,10.255351590443361,0.0,in_sample
2024-10-22 00:00:00+00:00,0.0,10.255351590443361,0.0,in_sample
2024-10-23 00:00:00+00:00,0.0,10.255351590443361,0.0,in_sample
2024-10-24 00:00:00+00:00,0.0,10.255351590443361,0.0,in_sample
2024-10-25 00:00:00+00:00,0.0,10.255351590443361,0.0,in_sample
2024-10-26 00:00:00+00:00,0.0,10.255351590443361,0.0,in_sample
2024-10-27 00:00:00+00:00,0.0,10.255351590443361,0.0,in_sample
2024-10-28 00:00:00+00:00,0.0,10.255351590443361,0.0,in_sample
2024-10-29 00:00:00+00:00,0.0,10.255351590443361,0.0,in_sample
2024-10-30 00:00:00+00:00,0.0,10.255351590443361,0.0,in_sample
2024-10-31 00:00:00+00:00,0.0,10.255351590443361,0.0,in_sample
2024-11-01 00:00:00+00:00,0.0,10.255351590443361,0.0,in_sample
2024-11-02 00:00:00+00:00,0.0,10.255351590443361,0.0,in_sample
2024-11-03 00:00:00+00:00,0.0,10.255351590443361,0.0,in_sample
2024-11-04 00:00:00+00:00,0.0,10.255351590443361,0.0,in_sample
2024-11-05 00:00:00+00:00,0.0,10.255351590443361,0.0,in_sample
2024-11-06 00:00:00+00:00,0.0,10.255351590443361,0.0,in_sample
2024-11-07 00:00:00+00:00,0.0,10.255351590443361,0.0,in_sample
2024-11-08 00:00:00+00:00,0.0,10.255351590443361,0.0,in_sample
2024-11-09 00:00:00+00:00,0.0,10.255351590443361,0.0,in_sample
2024-11-10 00:00:00+00:00,0.0,10.255351590443361,0.0,in_sample
2024-11-11 00:00:00+00:00,0.0,10.255351590443361,0.0,in_sample
2024-11-12 00:00:00+00:00,0.0,10.255351590443361,0.0,in_sample
2024-11-13 00:00:00+00:00,0.0,10.255351590443361,0.0,in_sample
2024-11-14 00:00:00+00:00,0.0,10.255351590443361,0.0,in_sample
2024-11-15 00:00:00+00:00,0.0,10.255351590443361,0.0,in_sample
2024-11-16 00:00:00+00:00,0.0,10.255351590443361,0.0,in_sample
2024-11-17 00:00:00+00:00,0.0,10.255351590443361,0.0,in_sample
2024-11-18 00:00:00+00:00,0.0,10.255351590443361,0.0,in_sample
2024-11-19 00:00:00+00:00,0.0,10.255351590443361,0.0,in_sample
2024-11-20 00:00:00+00:00,0.0,10.255351590443361,0.0,in_sample
2024-11-21 00:00:00+00:00,0.0,10.255351590443361,0.0,in_sample
2024-11-22 00:00:00+00:00,0.0,10.255351590443361,0.0,in_sample
2024-11-23 00:00:00+00:00,0.0,10.255351590443361,0.0,in_sample
2024-11-24 00:00:00+00:00,0.0,10.255351590443361,0.0,in_sample
2024-11-25 00:00:00+00:00,0.0,10.255351590443361,0.0,in_sample
2024-11-26 00:00:00+00:00,0.0,10.255351590443361,0.0,in_sample
2024-11-27 00:00:00+00:00,-0.00095,10.24560900643244,-0.0009499999999998954,in_sample
2024-11-28 00:00:00+00:00,0.002812292223337421,10.274422652964585,0.0,in_sample
2024-11-29 00:00:00+00:00,0.00423561842270701,10.31794118683616,0.0,in_sample
2024-11-30 00:00:00+00:00,-0.007427738487336956,10.241302217972619,-0.00742773848733691,in_sample
2024-12-01 00:00:00+00:00,-0.004942529212422042,10.190684282587046,-0.01233355588530305,in_sample
2024-12-02 00:00:00+00:00,0.030576992077063724,10.502284755155568,0.0,in_sample
2024-12-03 00:00:00+00:00,0.001534290984076834,10.51839831596761,0.0,in_sample
2024-12-04 00:00:00+00:00,-0.013483219976055087,10.376576437677652,-0.01348321997605506,in_sample
2024-12-05 00:00:00+00:00,-0.005210050509416958,10.322513950322527,-0.018623022228367092,in_sample
2024-12-06 00:00:00+00:00,-0.014310140809120393,10.174797322189303,-0.03266666496710813,in_sample
2024-12-07 00:00:00+00:00,-0.02867055170199476,9.883080269506157,-0.06040064536223155,in_sample
2024-12-08 00:00:00+00:00,0.0036136820154103735,9.91879457893293,-0.05700523207268571,in_sample
2024-12-09 00:00:00+00:00,0.005933882996773884,9.977651545433353,-0.05140961145323508,in_sample
2024-12-10 00:00:00+00:00,0.00926031907733457,10.070047782386528,-0.04262536178159915,in_sample
2024-12-11 00:00:00+00:00,-0.00464600252945533,10.023262314917824,-0.04707332677239817,in_sample
2024-12-12 00:00:00+00:00,-0.0014049312978492946,10.009180319985044,-0.04841212328017097,in_sample
2024-12-13 00:00:00+00:00,0.010949378778971315,10.118774626575586,-0.03799282717648844,in_sample
2024-12-14 00:00:00+00:00,0.004364193888463048,10.162934920959623,-0.03379444135219434,in_sample
2024-12-15 00:00:00+00:00,-0.003954084943686996,10.122749813004987,-0.03761490020415026,in_sample
2024-12-16 00:00:00+00:00,0.0149282684048093,10.27386493920826,-0.02324815712560857,in_sample
2024-12-17 00:00:00+00:00,0.0161669204986278,10.43996169689408,-0.007457087734969892,in_sample
2024-12-18 00:00:00+00:00,-0.0003635884154809003,10.436165847763025,-0.00781796483973718,in_sample
2024-12-19 00:00:00+00:00,-0.005476631764983997,10.379010810376524,-0.013251780490142417,in_sample
2024-12-20 00:00:00+00:00,-0.003539171193437627,10.342277714300062,-0.01674405136380752,in_sample
2024-12-21 00:00:00+00:00,-0.000599991774900997,10.33607243273774,-0.017333996845611765,in_sample
2024-12-22 00:00:00+00:00,0.0,10.33607243273774,-0.017333996845611765,in_sample
2024-12-23 00:00:00+00:00,0.0,10.33607243273774,-0.017333996845611765,in_sample
2024-12-24 00:00:00+00:00,0.0,10.33607243273774,-0.017333996845611765,in_sample
2024-12-25 00:00:00+00:00,0.0,10.33607243273774,-0.017333996845611765,in_sample
2024-12-26 00:00:00+00:00,0.0,10.33607243273774,-0.017333996845611765,in_sample
2024-12-27 00:00:00+00:00,0.0,10.33607243273774,-0.017333996845611765,in_sample
2024-12-28 00:00:00+00:00,0.0,10.33607243273774,-0.017333996845611765,in_sample
2024-12-29 00:00:00+00:00,0.0,10.33607243273774,-0.017333996845611765,in_sample
2024-12-30 00:00:00+00:00,0.0,10.33607243273774,-0.017333996845611765,in_sample
2024-12-31 00:00:00+00:00,0.0,10.33607243273774,-0.017333996845611765,in_sample
2025-01-01 00:00:00+00:00,0.0,10.33607243273774,-0.017333996845611765,out_of_sample
2025-01-02 00:00:00+00:00,0.0,10.33607243273774,-0.017333996845611765,out_of_sample
2025-01-03 00:00:00+00:00,0.0,10.33607243273774,-0.017333996845611765,out_of_sample
2025-01-04 00:00:00+00:00,0.0,10.33607243273774,-0.017333996845611765,out_of_sample
2025-01-05 00:00:00+00:00,0.0,10.33607243273774,-0.017333996845611765,out_of_sample
2025-01-06 00:00:00+00:00,0.0,10.33607243273774,-0.017333996845611765,out_of_sample
2025-01-07 00:00:00+00:00,0.0,10.33607243273774,-0.017333996845611765,out_of_sample
2025-01-08 00:00:00+00:00,0.0,10.33607243273774,-0.017333996845611765,out_of_sample
2025-01-09 00:00:00+00:00,0.0,10.33607243273774,-0.017333996845611765,out_of_sample
2025-01-10 00:00:00+00:00,0.0,10.33607243273774,-0.017333996845611765,out_of_sample
2025-01-11 00:00:00+00:00,0.0,10.33607243273774,-0.017333996845611765,out_of_sample
2025-01-12 00:00:00+00:00,0.0,10.33607243273774,-0.017333996845611765,out_of_sample
2025-01-13 00:00:00+00:00,0.0,10.33607243273774,-0.017333996845611765,out_of_sample
2025-01-14 00:00:00+00:00,0.0,10.33607243273774,-0.017333996845611765,out_of_sample
2025-01-15 00:00:00+00:00,0.0,10.33607243273774,-0.017333996845611765,out_of_sample
2025-01-16 00:00:00+00:00,0.0,10.33607243273774,-0.017333996845611765,out_of_sample
2025-01-17 00:00:00+00:00,0.0,10.33607243273774,-0.017333996845611765,out_of_sample
2025-01-18 00:00:00+00:00,0.0,10.33607243273774,-0.017333996845611765,out_of_sample
2025-01-19 00:00:00+00:00,0.0,10.33607243273774,-0.017333996845611765,out_of_sample
2025-01-20 00:00:00+00:00,0.0,10.33607243273774,-0.017333996845611765,out_of_sample
2025-01-21 00:00:00+00:00,0.0,10.33607243273774,-0.017333996845611765,out_of_sample
2025-01-22 00:00:00+00:00,0.0,10.33607243273774,-0.017333996845611765,out_of_sample
2025-01-23 00:00:00+00:00,0.0,10.33607243273774,-0.017333996845611765,out_of_sample
2025-01-24 00:00:00+00:00,0.0,10.33607243273774,-0.017333996845611765,out_of_sample
2025-01-25 00:00:00+00:00,0.0,10.33607243273774,-0.017333996845611765,out_of_sample
2025-01-26 00:00:00+00:00,0.0,10.33607243273774,-0.017333996845611765,out_of_sample
2025-01-27 00:00:00+00:00,0.0,10.33607243273774,-0.017333996845611765,out_of_sample
2025-01-28 00:00:00+00:00,0.0,10.33607243273774,-0.017333996845611765,out_of_sample
2025-01-29 00:00:00+00:00,0.0,10.33607243273774,-0.017333996845611765,out_of_sample
2025-01-30 00:00:00+00:00,0.0,10.33607243273774,-0.017333996845611765,out_of_sample
2025-01-31 00:00:00+00:00,0.0,10.33607243273774,-0.017333996845611765,out_of_sample
2025-02-01 00:00:00+00:00,0.0,10.33607243273774,-0.017333996845611765,out_of_sample
2025-02-02 00:00:00+00:00,0.0,10.33607243273774,-0.017333996845611765,out_of_sample
2025-02-03 00:00:00+00:00,0.0,10.33607243273774,-0.017333996845611765,out_of_sample
2025-02-04 00:00:00+00:00,0.0,10.33607243273774,-0.017333996845611765,out_of_sample
2025-02-05 00:00:00+00:00,0.0,10.33607243273774,-0.017333996845611765,out_of_sample
2025-02-06 00:00:00+00:00,0.0,10.33607243273774,-0.017333996845611765,out_of_sample
2025-02-07 00:00:00+00:00,0.0,10.33607243273774,-0.017333996845611765,out_of_sample
2025-02-08 00:00:00+00:00,0.0,10.33607243273774,-0.017333996845611765,out_of_sample
2025-02-09 00:00:00+00:00,0.0,10.33607243273774,-0.017333996845611765,out_of_sample
2025-02-10 00:00:00+00:00,0.0,10.33607243273774,-0.017333996845611765,out_of_sample
2025-02-11 00:00:00+00:00,0.0,10.33607243273774,-0.017333996845611765,out_of_sample
2025-02-12 00:00:00+00:00,0.0,10.33607243273774,-0.017333996845611765,out_of_sample
2025-02-13 00:00:00+00:00,0.0,10.33607243273774,-0.017333996845611765,out_of_sample
2025-02-14 00:00:00+00:00,0.0,10.33607243273774,-0.017333996845611765,out_of_sample
2025-02-15 00:00:00+00:00,0.0,10.33607243273774,-0.017333996845611765,out_of_sample
2025-02-16 00:00:00+00:00,0.0,10.33607243273774,-0.017333996845611765,out_of_sample
2025-02-17 00:00:00+00:00,0.0,10.33607243273774,-0.017333996845611765,out_of_sample
2025-02-18 00:00:00+00:00,0.0,10.33607243273774,-0.017333996845611765,out_of_sample
2025-02-19 00:00:00+00:00,0.0,10.33607243273774,-0.017333996845611765,out_of_sample
2025-02-20 00:00:00+00:00,0.0,10.33607243273774,-0.017333996845611765,out_of_sample
2025-02-21 00:00:00+00:00,0.0,10.33607243273774,-0.017333996845611765,out_of_sample
2025-02-22 00:00:00+00:00,0.0,10.33607243273774,-0.017333996845611765,out_of_sample
2025-02-23 00:00:00+00:00,0.0,10.33607243273774,-0.017333996845611765,out_of_sample
2025-02-24 00:00:00+00:00,0.0,10.33607243273774,-0.017333996845611765,out_of_sample
2025-02-25 00:00:00+00:00,0.0,10.33607243273774,-0.017333996845611765,out_of_sample
2025-02-26 00:00:00+00:00,0.0,10.33607243273774,-0.017333996845611765,out_of_sample
2025-02-27 00:00:00+00:00,0.0,10.33607243273774,-0.017333996845611765,out_of_sample
2025-02-28 00:00:00+00:00,0.0,10.33607243273774,-0.017333996845611765,out_of_sample
2025-03-01 00:00:00+00:00,0.0,10.33607243273774,-0.017333996845611765,out_of_sample
2025-03-02 00:00:00+00:00,0.0,10.33607243273774,-0.017333996845611765,out_of_sample
2025-03-03 00:00:00+00:00,0.0,10.33607243273774,-0.017333996845611765,out_of_sample
2025-03-04 00:00:00+00:00,0.0,10.33607243273774,-0.017333996845611765,out_of_sample
2025-03-05 00:00:00+00:00,0.0,10.33607243273774,-0.017333996845611765,out_of_sample
2025-03-06 00:00:00+00:00,0.0,10.33607243273774,-0.017333996845611765,out_of_sample
2025-03-07 00:00:00+00:00,0.0,10.33607243273774,-0.017333996845611765,out_of_sample
2025-03-08 00:00:00+00:00,0.0,10.33607243273774,-0.017333996845611765,out_of_sample
2025-03-09 00:00:00+00:00,0.0,10.33607243273774,-0.017333996845611765,out_of_sample
2025-03-10 00:00:00+00:00,0.0,10.33607243273774,-0.017333996845611765,out_of_sample
2025-03-11 00:00:00+00:00,0.0,10.33607243273774,-0.017333996845611765,out_of_sample
2025-03-12 00:00:00+00:00,0.0,10.33607243273774,-0.017333996845611765,out_of_sample
2025-03-13 00:00:00+00:00,0.0,10.33607243273774,-0.017333996845611765,out_of_sample
2025-03-14 00:00:00+00:00,0.0,10.33607243273774,-0.017333996845611765,out_of_sample
2025-03-15 00:00:00+00:00,0.0,10.33607243273774,-0.017333996845611765,out_of_sample
2025-03-16 00:00:00+00:00,0.0,10.33607243273774,-0.017333996845611765,out_of_sample
2025-03-17 00:00:00+00:00,0.0,10.33607243273774,-0.017333996845611765,out_of_sample
2025-03-18 00:00:00+00:00,0.0,10.33607243273774,-0.017333996845611765,out_of_sample
2025-03-19 00:00:00+00:00,0.0,10.33607243273774,-0.017333996845611765,out_of_sample
2025-03-20 00:00:00+00:00,0.0,10.33607243273774,-0.017333996845611765,out_of_sample
2025-03-21 00:00:00+00:00,0.0,10.33607243273774,-0.017333996845611765,out_of_sample
2025-03-22 00:00:00+00:00,0.0,10.33607243273774,-0.017333996845611765,out_of_sample
2025-03-23 00:00:00+00:00,0.0,10.33607243273774,-0.017333996845611765,out_of_sample
2025-03-24 00:00:00+00:00,0.0,10.33607243273774,-0.017333996845611765,out_of_sample
2025-03-25 00:00:00+00:00,0.0,10.33607243273774,-0.017333996845611765,out_of_sample
2025-03-26 00:00:00+00:00,0.0,10.33607243273774,-0.017333996845611765,out_of_sample
2025-03-27 00:00:00+00:00,0.0,10.33607243273774,-0.017333996845611765,out_of_sample
2025-03-28 00:00:00+00:00,0.0,10.33607243273774,-0.017333996845611765,out_of_sample
2025-03-29 00:00:00+00:00,0.0,10.33607243273774,-0.017333996845611765,out_of_sample
2025-03-30 00:00:00+00:00,0.0,10.33607243273774,-0.017333996845611765,out_of_sample
2025-03-31 00:00:00+00:00,0.0,10.33607243273774,-0.017333996845611765,out_of_sample
2025-04-01 00:00:00+00:00,0.0,10.33607243273774,-0.017333996845611765,out_of_sample
2025-04-02 00:00:00+00:00,0.0,10.33607243273774,-0.017333996845611765,out_of_sample
2025-04-03 00:00:00+00:00,0.0,10.33607243273774,-0.017333996845611765,out_of_sample
2025-04-04 00:00:00+00:00,0.0,10.33607243273774,-0.017333996845611765,out_of_sample
2025-04-05 00:00:00+00:00,0.0,10.33607243273774,-0.017333996845611765,out_of_sample
2025-04-06 00:00:00+00:00,0.0,10.33607243273774,-0.017333996845611765,out_of_sample
2025-04-07 00:00:00+00:00,0.0,10.33607243273774,-0.017333996845611765,out_of_sample
2025-04-08 00:00:00+00:00,0.0,10.33607243273774,-0.017333996845611765,out_of_sample
2025-04-09 00:00:00+00:00,0.0,10.33607243273774,-0.017333996845611765,out_of_sample
2025-04-10 00:00:00+00:00,0.0,10.33607243273774,-0.017333996845611765,out_of_sample
2025-04-11 00:00:00+00:00,0.0,10.33607243273774,-0.017333996845611765,out_of_sample
2025-04-12 00:00:00+00:00,0.0,10.33607243273774,-0.017333996845611765,out_of_sample
2025-04-13 00:00:00+00:00,0.0,10.33607243273774,-0.017333996845611765,out_of_sample
2025-04-14 00:00:00+00:00,0.0,10.33607243273774,-0.017333996845611765,out_of_sample
2025-04-15 00:00:00+00:00,0.0,10.33607243273774,-0.017333996845611765,out_of_sample
2025-04-16 00:00:00+00:00,0.0,10.33607243273774,-0.017333996845611765,out_of_sample
2025-04-17 00:00:00+00:00,0.0,10.33607243273774,-0.017333996845611765,out_of_sample
2025-04-18 00:00:00+00:00,0.0,10.33607243273774,-0.017333996845611765,out_of_sample
2025-04-19 00:00:00+00:00,0.0,10.33607243273774,-0.017333996845611765,out_of_sample
2025-04-20 00:00:00+00:00,0.0,10.33607243273774,-0.017333996845611765,out_of_sample
2025-04-21 00:00:00+00:00,0.0,10.33607243273774,-0.017333996845611765,out_of_sample
2025-04-22 00:00:00+00:00,0.0,10.33607243273774,-0.017333996845611765,out_of_sample
2025-04-23 00:00:00+00:00,0.0,10.33607243273774,-0.017333996845611765,out_of_sample
2025-04-24 00:00:00+00:00,0.0,10.33607243273774,-0.017333996845611765,out_of_sample
2025-04-25 00:00:00+00:00,0.0,10.33607243273774,-0.017333996845611765,out_of_sample
2025-04-26 00:00:00+00:00,0.0,10.33607243273774,-0.017333996845611765,out_of_sample
2025-04-27 00:00:00+00:00,0.0,10.33607243273774,-0.017333996845611765,out_of_sample
2025-04-28 00:00:00+00:00,0.0,10.33607243273774,-0.017333996845611765,out_of_sample
2025-04-29 00:00:00+00:00,0.0,10.33607243273774,-0.017333996845611765,out_of_sample
2025-04-30 00:00:00+00:00,0.0,10.33607243273774,-0.017333996845611765,out_of_sample
2025-05-01 00:00:00+00:00,0.0,10.33607243273774,-0.017333996845611765,out_of_sample
2025-05-02 00:00:00+00:00,0.0,10.33607243273774,-0.017333996845611765,out_of_sample
2025-05-03 00:00:00+00:00,0.0,10.33607243273774,-0.017333996845611765,out_of_sample
2025-05-04 00:00:00+00:00,0.0,10.33607243273774,-0.017333996845611765,out_of_sample
2025-05-05 00:00:00+00:00,-0.00095,10.326253163926639,-0.01826752954860844,out_of_sample
2025-05-06 00:00:00+00:00,0.018725354635432744,10.519615916476424,0.0,out_of_sample
2025-05-07 00:00:00+00:00,-0.007692138598517474,10.438697572843717,-0.007692138598517473,out_of_sample
2025-05-08 00:00:00+00:00,-0.00095,10.428780810149515,-0.008634831066848814,out_of_sample
2025-05-09 00:00:00+00:00,-0.0024460995568172587,10.403270974031663,-0.011059808967220364,out_of_sample
2025-05-10 00:00:00+00:00,0.015598377333530738,10.565545120187576,0.0,out_of_sample
2025-05-11 00:00:00+00:00,-0.005062454406763518,10.512057529734022,-0.005062454406763561,out_of_sample
2025-05-12 00:00:00+00:00,-0.006202736382597495,10.446854008038382,-0.01123378971922706,out_of_sample
2025-05-13 00:00:00+00:00,-0.010265219358497162,10.339614760039673,-0.021383691762029144,out_of_sample
2025-05-14 00:00:00+00:00,0.006764679687708465,10.409558941985646,-0.014763665899631406,out_of_sample
2025-05-15 00:00:00+00:00,0.01712891167609965,10.587863357690072,0.0,out_of_sample
2025-05-16 00:00:00+00:00,0.0018807756390885897,10.607776753163215,0.0,out_of_sample
2025-05-17 00:00:00+00:00,0.005504079612894979,10.666162800928442,0.0,out_of_sample
2025-05-18 00:00:00+00:00,-0.002287791924259673,10.641760839809638,-0.0022877919242596523,out_of_sample
2025-05-19 00:00:00+00:00,0.0005668139861116524,10.647792738690498,-0.0017222746906080388,out_of_sample
2025-05-20 00:00:00+00:00,-0.004640417740803731,10.598382532365477,-0.0063547003573829475,out_of_sample
2025-05-21 00:00:00+00:00,0.00848643046323172,10.688324968749127,0.0,out_of_sample
2025-05-22 00:00:00+00:00,2.649164408812226e-05,10.688608120050098,0.0,out_of_sample
2025-05-23 00:00:00+00:00,0.005753793193944153,10.750108160703979,0.0,out_of_sample
2025-05-24 00:00:00+00:00,-0.003173875635275936,10.71598865433614,-0.0031738756352759356,out_of_sample
2025-05-25 00:00:00+00:00,0.01543600772516023,10.881400737987203,0.0,out_of_sample
2025-05-26 00:00:00+00:00,0.0018582553959686234,10.901621159624266,0.0,out_of_sample
2025-05-27 00:00:00+00:00,0.0,10.901621159624266,0.0,out_of_sample
2025-05-28 00:00:00+00:00,0.0,10.901621159624266,0.0,out_of_sample
2025-05-29 00:00:00+00:00,0.0,10.901621159624266,0.0,out_of_sample
2025-05-30 00:00:00+00:00,0.0,10.901621159624266,0.0,out_of_sample
2025-05-31 00:00:00+00:00,0.0,10.901621159624266,0.0,out_of_sample
2025-06-01 00:00:00+00:00,0.0,10.901621159624266,0.0,out_of_sample
2025-06-02 00:00:00+00:00,0.0,10.901621159624266,0.0,out_of_sample
2025-06-03 00:00:00+00:00,0.0,10.901621159624266,0.0,out_of_sample
2025-06-04 00:00:00+00:00,0.0,10.901621159624266,0.0,out_of_sample
2025-06-05 00:00:00+00:00,0.0,10.901621159624266,0.0,out_of_sample
2025-06-06 00:00:00+00:00,0.0,10.901621159624266,0.0,out_of_sample
2025-06-07 00:00:00+00:00,0.0,10.901621159624266,0.0,out_of_sample
2025-06-08 00:00:00+00:00,0.0,10.901621159624266,0.0,out_of_sample
2025-06-09 00:00:00+00:00,0.0,10.901621159624266,0.0,out_of_sample
2025-06-10 00:00:00+00:00,0.0,10.901621159624266,0.0,out_of_sample
2025-06-11 00:00:00+00:00,0.0,10.901621159624266,0.0,out_of_sample
2025-06-12 00:00:00+00:00,0.0,10.901621159624266,0.0,out_of_sample
2025-06-13 00:00:00+00:00,0.0,10.901621159624266,0.0,out_of_sample
2025-06-14 00:00:00+00:00,0.0,10.901621159624266,0.0,out_of_sample
2025-06-15 00:00:00+00:00,0.0,10.901621159624266,0.0,out_of_sample
2025-06-16 00:00:00+00:00,0.0,10.901621159624266,0.0,out_of_sample
2025-06-17 00:00:00+00:00,0.0,10.901621159624266,0.0,out_of_sample
2025-06-18 00:00:00+00:00,0.0,10.901621159624266,0.0,out_of_sample
2025-06-19 00:00:00+00:00,0.0,10.901621159624266,0.0,out_of_sample
2025-06-20 00:00:00+00:00,0.0,10.901621159624266,0.0,out_of_sample
2025-06-21 00:00:00+00:00,0.0,10.901621159624266,0.0,out_of_sample
2025-06-22 00:00:00+00:00,0.0,10.901621159624266,0.0,out_of_sample
2025-06-23 00:00:00+00:00,0.0,10.901621159624266,0.0,out_of_sample
2025-06-24 00:00:00+00:00,0.0,10.901621159624266,0.0,out_of_sample
2025-06-25 00:00:00+00:00,0.0,10.901621159624266,0.0,out_of_sample
2025-06-26 00:00:00+00:00,0.0,10.901621159624266,0.0,out_of_sample
2025-06-27 00:00:00+00:00,0.0,10.901621159624266,0.0,out_of_sample
2025-06-28 00:00:00+00:00,0.0,10.901621159624266,0.0,out_of_sample
2025-06-29 00:00:00+00:00,0.0,10.901621159624266,0.0,out_of_sample
2025-06-30 00:00:00+00:00,0.0,10.901621159624266,0.0,out_of_sample
2025-07-01 00:00:00+00:00,0.0,10.901621159624266,0.0,out_of_sample
2025-07-02 00:00:00+00:00,0.0,10.901621159624266,0.0,out_of_sample
2025-07-03 00:00:00+00:00,0.0,10.901621159624266,0.0,out_of_sample
2025-07-04 00:00:00+00:00,0.0,10.901621159624266,0.0,out_of_sample
2025-07-05 00:00:00+00:00,0.0,10.901621159624266,0.0,out_of_sample
2025-07-06 00:00:00+00:00,0.0,10.901621159624266,0.0,out_of_sample
2025-07-07 00:00:00+00:00,0.0,10.901621159624266,0.0,out_of_sample
2025-07-08 00:00:00+00:00,0.0,10.901621159624266,0.0,out_of_sample
2025-07-09 00:00:00+00:00,0.0,10.901621159624266,0.0,out_of_sample
2025-07-10 00:00:00+00:00,0.0,10.901621159624266,0.0,out_of_sample
2025-07-11 00:00:00+00:00,0.0,10.901621159624266,0.0,out_of_sample
2025-07-12 00:00:00+00:00,0.0,10.901621159624266,0.0,out_of_sample
2025-07-13 00:00:00+00:00,0.0,10.901621159624266,0.0,out_of_sample
2025-07-14 00:00:00+00:00,0.0,10.901621159624266,0.0,out_of_sample
2025-07-15 00:00:00+00:00,0.0,10.901621159624266,0.0,out_of_sample
2025-07-16 00:00:00+00:00,0.0,10.901621159624266,0.0,out_of_sample
2025-07-17 00:00:00+00:00,0.0,10.901621159624266,0.0,out_of_sample
2025-07-18 00:00:00+00:00,0.0,10.901621159624266,0.0,out_of_sample
2025-07-19 00:00:00+00:00,0.0,10.901621159624266,0.0,out_of_sample
2025-07-20 00:00:00+00:00,-0.00095,10.891264619522623,-0.0009500000000000064,out_of_sample
2025-07-21 00:00:00+00:00,-0.012780701456452005,10.752066617937286,-0.013718559790068419,out_of_sample
2025-07-22 00:00:00+00:00,0.0054643382282337245,10.810819546590198,-0.00832918441253172,out_of_sample
2025-07-23 00:00:00+00:00,-0.0012481671896344836,10.797325836339084,-0.009566955387466103,out_of_sample
2025-07-24 00:00:00+00:00,0.0038465229333995207,10.83885799778795,-0.005757231967367327,out_of_sample
2025-07-25 00:00:00+00:00,0.00019957098026270373,10.841021119303496,-0.005558809963531974,out_of_sample
2025-07-26 00:00:00+00:00,0.002138366018605137,10.864203190471995,-0.003432330715256726,out_of_sample
2025-07-27 00:00:00+00:00,-0.007582181945055777,10.78182882519378,-0.010988488104333838,out_of_sample
2025-07-28 00:00:00+00:00,0.007084248780386408,10.858209982898995,-0.0039820845073988975,out_of_sample
2025-07-29 00:00:00+00:00,0.002966622407640828,10.890422191941132,-0.0010272754408867657,out_of_sample
2025-07-30 00:00:00+00:00,-0.0039914455544526155,10.846953664696997,-0.005014620681347615,out_of_sample
2025-07-31 00:00:00+00:00,0.00702513151054634,10.923154940680295,0.0,out_of_sample
2025-08-01 00:00:00+00:00,-0.0005517103484495744,10.917128523061804,-0.0005517103484495856,out_of_sample
2025-08-02 00:00:00+00:00,0.001445432001529167,10.932908489993844,0.0,out_of_sample
2025-08-03 00:00:00+00:00,-0.0005010058158802621,10.92743103925587,-0.0005010058158803066,out_of_sample
2025-08-04 00:00:00+00:00,0.0007842382276770602,10.936000748407158,0.0,out_of_sample
2025-08-05 00:00:00+00:00,0.001970830345750113,10.957553750543266,0.0,out_of_sample
2025-08-06 00:00:00+00:00,-0.00048819961360716565,10.952204277036172,-0.000488199613607021,out_of_sample
2025-08-07 00:00:00+00:00,-0.0013709213610645582,10.937189666242041,-0.0018584516913927596,out_of_sample
2025-08-08 00:00:00+00:00,0.0010736680394352713,10.948932577227927,-0.0007867790121414142,out_of_sample
2025-08-09 00:00:00+00:00,-0.005328929576505904,10.890586486585969,-0.0061115158986992935,out_of_sample
2025-08-10 00:00:00+00:00,0.0005080765001530928,10.896119737652688,-0.00560654451615461,out_of_sample
2025-08-11 00:00:00+00:00,0.004027905766907732,10.940008281180896,-0.0016012213822359511,out_of_sample
2025-08-12 00:00:00+00:00,0.005875244544338897,11.004283505149926,0.0,out_of_sample
2025-08-13 00:00:00+00:00,0.002284773891830049,11.02942580480079,0.0,out_of_sample
2025-08-14 00:00:00+00:00,0.01686648288261676,11.215453426342554,0.0,out_of_sample
2025-08-15 00:00:00+00:00,-0.0055006769630619855,11.153760840049976,-0.005500676963062112,out_of_sample
2025-08-16 00:00:00+00:00,-0.0009795072643550185,11.142835650282269,-0.006474796274372863,out_of_sample
2025-08-17 00:00:00+00:00,0.0057211847668037,11.20658587186366,-0.0007906550133822687,out_of_sample
2025-08-18 00:00:00+00:00,0.0001689463143561428,11.208479183243227,-0.0006218422772766852,out_of_sample
2025-08-19 00:00:00+00:00,0.0008781313668639055,11.218321700388875,0.0,out_of_sample
2025-08-20 00:00:00+00:00,0.0036500649390901136,11.259269303102897,0.0,out_of_sample
2025-08-21 00:00:00+00:00,0.012014185884683844,11.39454025743609,0.0,out_of_sample
2025-08-22 00:00:00+00:00,-0.004367434679636638,11.344775347157247,-0.004367434679636628,out_of_sample
2025-08-23 00:00:00+00:00,0.012451668416342227,11.486036728037943,0.0,out_of_sample
2025-08-24 00:00:00+00:00,0.015914951854690045,11.668836449565868,0.0,out_of_sample
2025-08-25 00:00:00+00:00,0.0,11.668836449565868,0.0,out_of_sample
2025-08-26 00:00:00+00:00,0.0,11.668836449565868,0.0,out_of_sample
2025-08-27 00:00:00+00:00,0.0,11.668836449565868,0.0,out_of_sample
2025-08-28 00:00:00+00:00,0.0,11.668836449565868,0.0,out_of_sample
2025-08-29 00:00:00+00:00,0.0,11.668836449565868,0.0,out_of_sample
2025-08-30 00:00:00+00:00,0.0,11.668836449565868,0.0,out_of_sample
2025-08-31 00:00:00+00:00,0.0,11.668836449565868,0.0,out_of_sample
2025-09-01 00:00:00+00:00,0.0,11.668836449565868,0.0,out_of_sample
2025-09-02 00:00:00+00:00,0.0,11.668836449565868,0.0,out_of_sample
2025-09-03 00:00:00+00:00,0.0,11.668836449565868,0.0,out_of_sample
2025-09-04 00:00:00+00:00,0.0,11.668836449565868,0.0,out_of_sample
2025-09-05 00:00:00+00:00,0.0,11.668836449565868,0.0,out_of_sample
2025-09-06 00:00:00+00:00,0.0,11.668836449565868,0.0,out_of_sample
2025-09-07 00:00:00+00:00,0.0,11.668836449565868,0.0,out_of_sample
2025-09-08 00:00:00+00:00,0.0,11.668836449565868,0.0,out_of_sample
2025-09-09 00:00:00+00:00,0.0,11.668836449565868,0.0,out_of_sample
2025-09-10 00:00:00+00:00,0.0,11.668836449565868,0.0,out_of_sample
2025-09-11 00:00:00+00:00,0.0,11.668836449565868,0.0,out_of_sample
2025-09-12 00:00:00+00:00,0.0,11.668836449565868,0.0,out_of_sample
2025-09-13 00:00:00+00:00,0.0,11.668836449565868,0.0,out_of_sample
2025-09-14 00:00:00+00:00,0.0,11.668836449565868,0.0,out_of_sample
2025-09-15 00:00:00+00:00,0.0,11.668836449565868,0.0,out_of_sample
2025-09-16 00:00:00+00:00,-0.00095,11.65775105493878,-0.0009500000000000064,out_of_sample
2025-09-17 00:00:00+00:00,0.0038208802572872666,11.702293925788965,0.0,out_of_sample
2025-09-18 00:00:00+00:00,0.0038771399501366433,11.747665357076883,0.0,out_of_sample
2025-09-19 00:00:00+00:00,0.0,11.747665357076883,0.0,out_of_sample
2025-09-20 00:00:00+00:00,-0.00095,11.73650507498766,-0.0009500000000000064,out_of_sample
2025-09-21 00:00:00+00:00,0.006003042524774982,11.80695981404505,0.0,out_of_sample
2025-09-22 00:00:00+00:00,0.014853133393213978,11.982330163131378,0.0,out_of_sample
2025-09-23 00:00:00+00:00,0.005481440218113366,12.048010589594279,0.0,out_of_sample
2025-09-24 00:00:00+00:00,0.0036090117008443995,12.091492000784022,0.0,out_of_sample
2025-09-25 00:00:00+00:00,-0.00134474259449257,12.075232056459601,-0.0013447425944925762,out_of_sample
2025-09-26 00:00:00+00:00,-0.00021597872820794417,12.07262406319723,-0.001560430886905384,out_of_sample
2025-09-27 00:00:00+00:00,-0.004469775883544891,12.018662139308447,-0.006023231994104039,out_of_sample
2025-09-28 00:00:00+00:00,0.0062238687474912464,12.093464714983943,0.0,out_of_sample
2025-09-29 00:00:00+00:00,0.004672876462403754,12.149975981599502,0.0,out_of_sample
2025-09-30 00:00:00+00:00,0.001778164680834504,12.17158063976297,0.0,out_of_sample
2025-10-01 00:00:00+00:00,0.028973212235881615,12.524230428884971,0.0,out_of_sample
2025-10-02 00:00:00+00:00,-0.009994152454603514,12.39906136060211,-0.009994152454603555,out_of_sample
2025-10-03 00:00:00+00:00,0.005921932407979646,12.472487763901986,-0.004131404741935296,out_of_sample
2025-10-04 00:00:00+00:00,0.012015006986401788,12.62234479152308,0.0,out_of_sample
2025-10-05 00:00:00+00:00,0.009653359123988719,12.74419281878246,0.0,out_of_sample
2025-10-06 00:00:00+00:00,-0.005612348478744606,12.67266796760314,-0.005612348478744589,out_of_sample
2025-10-07 00:00:00+00:00,0.00013610477625000499,12.67439277824136,-0.005477007569928527,out_of_sample
2025-10-08 00:00:00+00:00,0.022911625308855058,12.964783716593685,0.0,out_of_sample
2025-10-09 00:00:00+00:00,0.015977893620905827,13.17193365163547,0.0,out_of_sample
2025-10-10 00:00:00+00:00,0.04329362142628445,13.742194360601513,0.0,out_of_sample
2025-10-11 00:00:00+00:00,-0.001949499830903239,13.715403955019282,-0.0019494998309032008,out_of_sample
2025-10-12 00:00:00+00:00,-0.008789524409401723,13.594852077171835,-0.010721889063954992,out_of_sample
2025-10-13 00:00:00+00:00,-0.02330168811231824,13.278069074136475,-0.03377373906133008,out_of_sample
2025-10-14 00:00:00+00:00,0.0,13.278069074136475,-0.03377373906133008,out_of_sample
2025-10-15 00:00:00+00:00,0.0,13.278069074136475,-0.03377373906133008,out_of_sample
2025-10-16 00:00:00+00:00,0.0,13.278069074136475,-0.03377373906133008,out_of_sample
2025-10-17 00:00:00+00:00,0.0,13.278069074136475,-0.03377373906133008,out_of_sample
2025-10-18 00:00:00+00:00,0.0,13.278069074136475,-0.03377373906133008,out_of_sample
2025-10-19 00:00:00+00:00,0.0,13.278069074136475,-0.03377373906133008,out_of_sample
2025-10-20 00:00:00+00:00,0.0,13.278069074136475,-0.03377373906133008,out_of_sample
2025-10-21 00:00:00+00:00,0.0,13.278069074136475,-0.03377373906133008,out_of_sample
2025-10-22 00:00:00+00:00,0.0,13.278069074136475,-0.03377373906133008,out_of_sample
2025-10-23 00:00:00+00:00,0.0,13.278069074136475,-0.03377373906133008,out_of_sample
2025-10-24 00:00:00+00:00,0.0,13.278069074136475,-0.03377373906133008,out_of_sample
2025-10-25 00:00:00+00:00,0.0,13.278069074136475,-0.03377373906133008,out_of_sample
2025-10-26 00:00:00+00:00,0.0,13.278069074136475,-0.03377373906133008,out_of_sample
2025-10-27 00:00:00+00:00,0.0,13.278069074136475,-0.03377373906133008,out_of_sample
2025-10-28 00:00:00+00:00,0.0,13.278069074136475,-0.03377373906133008,out_of_sample
2025-10-29 00:00:00+00:00,0.0,13.278069074136475,-0.03377373906133008,out_of_sample
2025-10-30 00:00:00+00:00,0.0,13.278069074136475,-0.03377373906133008,out_of_sample
2025-10-31 00:00:00+00:00,0.0,13.278069074136475,-0.03377373906133008,out_of_sample
2025-11-01 00:00:00+00:00,0.0,13.278069074136475,-0.03377373906133008,out_of_sample
2025-11-02 00:00:00+00:00,0.0,13.278069074136475,-0.03377373906133008,out_of_sample
2025-11-03 00:00:00+00:00,0.0,13.278069074136475,-0.03377373906133008,out_of_sample
2025-11-04 00:00:00+00:00,0.0,13.278069074136475,-0.03377373906133008,out_of_sample
2025-11-05 00:00:00+00:00,0.0,13.278069074136475,-0.03377373906133008,out_of_sample
2025-11-06 00:00:00+00:00,0.0,13.278069074136475,-0.03377373906133008,out_of_sample
2025-11-07 00:00:00+00:00,0.0,13.278069074136475,-0.03377373906133008,out_of_sample
2025-11-08 00:00:00+00:00,0.0,13.278069074136475,-0.03377373906133008,out_of_sample
2025-11-09 00:00:00+00:00,0.0,13.278069074136475,-0.03377373906133008,out_of_sample
2025-11-10 00:00:00+00:00,0.0,13.278069074136475,-0.03377373906133008,out_of_sample
2025-11-11 00:00:00+00:00,0.0,13.278069074136475,-0.03377373906133008,out_of_sample
2025-11-12 00:00:00+00:00,-0.00095,13.265454908516045,-0.03469165400922192,out_of_sample
2025-11-13 00:00:00+00:00,0.0038032145732787457,13.315906279945285,-0.031020379240042195,out_of_sample
2025-11-14 00:00:00+00:00,0.014099902640886086,13.503659262067677,-0.017357860926324076,out_of_sample
2025-11-15 00:00:00+00:00,0.006756328535166167,13.594894420469146,-0.01071880780224388,out_of_sample
2025-11-16 00:00:00+00:00,0.006206384203348375,13.679269558446535,-0.004578948638317981,out_of_sample
2025-11-17 00:00:00+00:00,-0.0002284168589701211,13.67614498266099,-0.004806319588222752,out_of_sample
2025-11-18 00:00:00+00:00,0.015172074456167056,13.883640472611257,0.0,out_of_sample
2025-11-19 00:00:00+00:00,-0.07169969992790082,12.88818761681817,-0.07169969992790082,out_of_sample
2025-11-20 00:00:00+00:00,-0.1171016759732057,11.378959246631647,-0.18040522087277344,out_of_sample
2025-11-21 00:00:00+00:00,0.00920488117284918,11.483701214367583,-0.17286094832101984,out_of_sample
2025-11-22 00:00:00+00:00,0.01690721836819288,11.677858658473978,-0.1588763277534233,out_of_sample
2025-11-23 00:00:00+00:00,-0.02710778618909444,11.3612977628136,-0.18167732841926953,out_of_sample
2025-11-24 00:00:00+00:00,-0.0056102058394949805,11.29755854376042,-0.1862682870499629,out_of_sample
2025-11-25 00:00:00+00:00,-0.007412514543274463,11.2138152267513,-0.19230008520652875,out_of_sample
2025-11-26 00:00:00+00:00,-0.003073904756264267,11.179345026789921,-0.1947828778162467,out_of_sample
2025-11-27 00:00:00+00:00,-0.00972725755313319,11.070600658438996,-0.20261543214992073,out_of_sample
2025-11-28 00:00:00+00:00,-0.006603464920033195,10.997496335347298,-0.2078809331714946,out_of_sample
2025-11-29 00:00:00+00:00,-0.011017094321834625,10.876335880916747,-0.21660778364486788,out_of_sample
2025-11-30 00:00:00+00:00,-0.014807080963082649,10.715289094946332,-0.228207535618287,out_of_sample
2025-12-01 00:00:00+00:00,-0.0003641126247492764,10.711387522909025,-0.2284885549982547,out_of_sample
2025-12-02 00:00:00+00:00,0.0004577998559633029,10.71629119457418,-0.22813535716985878,out_of_sample
2025-12-03 00:00:00+00:00,0.012845340691345748,10.853945605916156,-0.2182204928651016,out_of_sample
2025-12-04 00:00:00+00:00,0.005007652623453462,10.908298395104444,-0.2143056126652353,out_of_sample
2025-12-05 00:00:00+00:00,0.004654881947833033,10.95907523638539,-0.2106482980451171,out_of_sample
2025-12-06 00:00:00+00:00,-0.010223796832135455,10.847031877700498,-0.21871846947500417,out_of_sample
2025-12-07 00:00:00+00:00,0.011224930027517573,10.968789051533939,-0.20994863896306926,out_of_sample
2025-12-08 00:00:00+00:00,0.010032633228119299,11.07883488904459,-0.20202234342640935,out_of_sample
2025-12-09 00:00:00+00:00,0.012621046928167578,11.21866138408864,-0.1919510299751649,out_of_sample
2025-12-10 00:00:00+00:00,-0.006928171744919765,11.140936571271576,-0.19754933201780245,out_of_sample
2025-12-11 00:00:00+00:00,0.005645922557604927,11.203837436372163,-0.1930187576900766,out_of_sample
2025-12-12 00:00:00+00:00,0.005411638271177305,11.264468551826884,-0.1886516671150701,out_of_sample
2025-12-13 00:00:00+00:00,-0.003159487732057453,11.22887860162924,-0.19121511221924525,out_of_sample
2025-12-14 00:00:00+00:00,0.006152878793591092,11.297968530653014,-0.18623875683464208,out_of_sample
2025-12-15 00:00:00+00:00,0.0004192474915276352,11.302705175618849,-0.18589758947474255,out_of_sample
2025-12-16 00:00:00+00:00,0.0022836878849357652,11.32851702649541,-0.18403843366272898,out_of_sample
2025-12-17 00:00:00+00:00,0.0009940796576439828,11.339778474822722,-0.18322730286821387,out_of_sample
2025-12-18 00:00:00+00:00,0.012869765855326154,11.485718768644958,-0.17271562949910457,out_of_sample
2025-12-19 00:00:00+00:00,0.0028650730588192785,11.518626192050178,-0.17034539933720017,out_of_sample
2025-12-20 00:00:00+00:00,-0.011460912262970357,11.386612227873139,-0.17985399792396617,out_of_sample
2025-12-21 00:00:00+00:00,0.002733901461756005,11.41774210368737,-0.17761179957003714,out_of_sample
2025-12-22 00:00:00+00:00,0.00031159386978499857,11.421299802133666,-0.17735554844819967,out_of_sample
2025-12-23 00:00:00+00:00,-0.0026781576226792723,11.390711761007676,-0.1795587199568779,out_of_sample
2025-12-24 00:00:00+00:00,0.0038610159374874945,11.434691480656252,-0.1763909830988588,out_of_sample
2025-12-25 00:00:00+00:00,-0.008744832668192983,11.3346970170455,-0.18359330613567437,out_of_sample
2025-12-26 00:00:00+00:00,0.0017750203313261497,11.354816334700178,-0.18214416765543429,out_of_sample
2025-12-27 00:00:00+00:00,0.010351573267421454,11.472356547926942,-0.1736780730847315,out_of_sample
2025-12-28 00:00:00+00:00,0.006786898212227838,11.55021826407211,-0.16806991027622553,out_of_sample
2025-12-29 00:00:00+00:00,-0.0012056553567195627,11.53629268155075,-0.1690729312453173,out_of_sample
2025-12-30 00:00:00+00:00,-0.0015415860296274953,11.518508493919176,-0.17035387680614889,out_of_sample
2025-12-31 00:00:00+00:00,0.004335001535497235,11.568441245926953,-0.16675735958818416,out_of_sample
2026-01-01 00:00:00+00:00,-0.0027295146467866734,11.536865016105704,-0.16903170757951547,out_of_sample
2026-01-02 00:00:00+00:00,-0.0018348618280992271,11.515696462871718,-0.17055641957963863,out_of_sample
2026-01-03 00:00:00+00:00,0.0053318626164402805,11.577096574344377,-0.16613394036074902,out_of_sample
2026-01-04 00:00:00+00:00,-0.009881522669097155,11.462697232102666,-0.17437380673206493,out_of_sample
2026-01-05 00:00:00+00:00,0.0036457392868372634,11.504487237734864,-0.17136378888302617,out_of_sample
2026-01-06 00:00:00+00:00,0.0012867856017122644,11.519291046267464,-0.1702975117375034,out_of_sample
2026-01-07 00:00:00+00:00,-0.002548432099860215,11.489934915197523,-0.1724119521919255,out_of_sample
2026-01-08 00:00:00+00:00,-0.009793422598990145,11.377409126938101,-0.18051687168198327,out_of_sample
2026-01-09 00:00:00+00:00,0.0012316552449310179,11.39142217256302,-0.17950755098885784,out_of_sample
2026-01-10 00:00:00+00:00,0.0005555447199037345,11.397750617003181,-0.17905173074108893,out_of_sample
2026-01-11 00:00:00+00:00,0.0027587546474289347,11.429194214488076,-0.17678693588797212,out_of_sample
2026-01-12 00:00:00+00:00,0.00785276985303251,11.518945046260061,-0.17032243315549067,out_of_sample
2026-01-13 00:00:00+00:00,-0.0017738216490704385,11.498512492162552,-0.17179413318530756,out_of_sample
2026-01-14 00:00:00+00:00,0.010597955366005708,11.620373214329948,-0.16301684437494146,out_of_sample
2026-01-15 00:00:00+00:00,0.003957243971898985,11.66635786618357,-0.1597046978277633,out_of_sample
2026-01-16 00:00:00+00:00,-0.010311546073245798,11.546059679539445,-0.16836944155124434,out_of_sample
2026-01-17 00:00:00+00:00,-0.001469241927769556,11.529095724557736,-0.16959130803613165,out_of_sample
2026-01-18 00:00:00+00:00,-0.003208772780380815,11.492101476014371,-0.17225590084349696,out_of_sample
2026-01-19 00:00:00+00:00,0.005342353269923828,11.553496341913053,-0.16783379944870802,out_of_sample
2026-01-20 00:00:00+00:00,0.010730164711179112,11.677467260651785,-0.15890451904971659,out_of_sample
2026-01-21 00:00:00+00:00,-0.006410052596663246,11.602614081315194,-0.16429598532142364,out_of_sample
2026-01-22 00:00:00+00:00,0.002748465308737386,11.634503463608356,-0.16199908182870715,out_of_sample
2026-01-23 00:00:00+00:00,-0.0026274548068599135,11.60393433155747,-0.16420089136930927,out_of_sample
2026-01-24 00:00:00+00:00,-0.008331678817256383,11.507254077690398,-0.17116450109816939,out_of_sample
2026-01-25 00:00:00+00:00,0.0012674556845342086,11.521839012284547,-0.17011398883354245,out_of_sample
2026-01-26 00:00:00+00:00,-0.001998057057089087,11.498817720535406,-0.1717721484347332,out_of_sample
2026-01-27 00:00:00+00:00,0.011293355893489364,11.628677961407774,-0.16241867654610664,out_of_sample
2026-01-28 00:00:00+00:00,-0.0034157134115738183,11.588957730136121,-0.16527961430591176,out_of_sample
2026-01-29 00:00:00+00:00,0.0036400456336172396,11.631142065119878,-0.16224119401067472,out_of_sample
2026-01-30 00:00:00+00:00,-0.004424528444803855,11.5796797462072,-0.1659478816776595,out_of_sample
2026-01-31 00:00:00+00:00,-0.024084527956335023,11.300788625634267,-0.1860356332384342,out_of_sample
2026-02-01 00:00:00+00:00,0.015566756361029286,11.476705248857007,-0.1733648482544975,out_of_sample
2026-02-02 00:00:00+00:00,-0.01599651148024428,11.293118001588287,-0.18658812694936777,out_of_sample
2026-02-03 00:00:00+00:00,-0.000689756129541873,11.28532850422505,-0.18714918277464665,out_of_sample
2026-02-04 00:00:00+00:00,-0.010987581965668092,11.161330032275387,-0.19608044775477051,out_of_sample
2026-02-05 00:00:00+00:00,-0.01871368821140909,10.95246038202675,-0.2111247476025433,out_of_sample
2026-02-06 00:00:00+00:00,0.0012432109690189179,10.966076600911432,-0.2101440092355752,out_of_sample
2026-02-07 00:00:00+00:00,0.006580870726069692,11.038242933394208,-0.20494606906814272,out_of_sample
2026-02-08 00:00:00+00:00,0.004614655158100878,11.089180618083166,-0.20127716934479967,out_of_sample
2026-02-09 00:00:00+00:00,-0.0036137983367518943,11.049106555609596,-0.2041635925817472,out_of_sample
2026-02-10 00:00:00+00:00,-0.013152111414561261,10.90378747515886,-0.21463052167987617,out_of_sample
2026-02-11 00:00:00+00:00,-0.005533117233072031,10.843455540774302,-0.21897606307469808,out_of_sample
2026-02-12 00:00:00+00:00,-0.01552662992662212,10.67509321946692,-0.23110273270717074,out_of_sample
2026-02-13 00:00:00+00:00,0.02026200168146365,10.89139197622954,-0.21552333498441056,out_of_sample
2026-02-14 00:00:00+00:00,0.01210318997116613,11.02321256236828,-0.20602866487978,out_of_sample
2026-02-15 00:00:00+00:00,0.0028572539643974713,11.054708680162502,-0.2037600871348899,out_of_sample
2026-02-16 00:00:00+00:00,-0.012330699383307015,10.918396390657383,-0.21357828213742025,out_of_sample
2026-02-17 00:00:00+00:00,0.002589805883706265,10.946672917870544,-0.21154160254542542,out_of_sample
2026-02-18 00:00:00+00:00,-0.0017989646454849868,10.926980240305607,-0.21296001132688192,out_of_sample
2026-02-19 00:00:00+00:00,0.006453040553608142,10.997492486924774,-0.20788121036266305,out_of_sample
2026-02-20 00:00:00+00:00,0.0019921565537052155,11.019401213656923,-0.20630318572457407,out_of_sample
2026-02-21 00:00:00+00:00,0.006236405709201193,11.088122670297754,-0.20135337038065193,out_of_sample
2026-02-22 00:00:00+00:00,-0.013696548127997359,10.936253664494881,-0.2122920723804962,out_of_sample
2026-02-23 00:00:00+00:00,3.710560256029523e-05,10.936659460776855,-0.21226284400320028,out_of_sample
2026-02-24 00:00:00+00:00,0.004732178325618831,10.98841368363182,-0.2085351313073075,out_of_sample
2026-02-25 00:00:00+00:00,0.02220719315267693,11.232435508745748,-0.1909589180946909,out_of_sample
2026-02-26 00:00:00+00:00,-0.004395212777804176,11.183066564671847,-0.1945148257956496,out_of_sample
2026-02-27 00:00:00+00:00,-0.015207425313158756,11.013000915117518,-0.20676418142321895,out_of_sample
2026-02-28 00:00:00+00:00,0.0031699101865716177,11.047911138903071,-0.20424969512155888,out_of_sample
2026-03-01 00:00:00+00:00,0.007189015005514259,11.127334737860235,-0.19852903423914514,out_of_sample
2026-03-02 00:00:00+00:00,0.013676144856933272,11.279513779606798,-0.1875680012127734,out_of_sample
2026-03-03 00:00:00+00:00,-0.009160834453804534,11.176184021152412,-0.19501055625863684,out_of_sample
2026-03-04 00:00:00+00:00,0.010775661122396547,11.296614792805894,-0.18633626280577342,out_of_sample
2026-03-05 00:00:00+00:00,-0.011137914290790057,11.17079406546755,-0.19539877977216658,out_of_sample
2026-03-06 00:00:00+00:00,-0.006132721068355508,11.102286701351996,-0.20033317462708244,out_of_sample
2026-03-07 00:00:00+00:00,0.0060164467976822076,11.169083018623295,-0.1955220217163548,out_of_sample
2026-03-08 00:00:00+00:00,0.00032914123161186296,11.17275922436402,-0.195257234843778,out_of_sample
2026-03-09 00:00:00+00:00,0.007580866457173157,11.257458420002074,-0.1891565874087523,out_of_sample
2026-03-10 00:00:00+00:00,-0.002946407740486684,11.224289357375172,-0.19154566271593387,out_of_sample
2026-03-11 00:00:00+00:00,-0.010056422176851832,11.111413164962261,-0.19967582084236946,out_of_sample
2026-03-12 00:00:00+00:00,-0.001553396781966987,11.094152731508704,-0.20091904184680331,out_of_sample
2026-03-13 00:00:00+00:00,-0.0016212905924690825,11.076165886053694,-0.20221458428687822,out_of_sample
2026-03-14 00:00:00+00:00,-0.0005841038611493598,11.06969625479292,-0.20268057382856486,out_of_sample
2026-03-15 00:00:00+00:00,0.011589334706258725,11.197986669786333,-0.19344017213086195,out_of_sample
2026-03-16 00:00:00+00:00,0.004818393788968077,11.25194297920498,-0.18955384926582608,out_of_sample
2026-03-17 00:00:00+00:00,-0.004205767504822327,11.204619923056926,-0.1929623973509922,out_of_sample
2026-03-18 00:00:00+00:00,0.003235433385495776,11.240871724427777,-0.190351280948031,out_of_sample
2026-03-19 00:00:00+00:00,0.003535127683165908,11.280609641243718,-0.18748906934767062,out_of_sample
2026-03-20 00:00:00+00:00,-0.0024710644343462823,11.252734527961497,-0.18949683621092317,out_of_sample
2026-03-21 00:00:00+00:00,-0.0031503246434144757,11.217284761072259,-0.19205018430137333,out_of_sample
2026-03-22 00:00:00+00:00,6.343487452044056e-05,11.217996328123538,-0.19199893210619556,out_of_sample
2026-03-23 00:00:00+00:00,0.00802348843875481,11.308003791968233,-0.185515944879448,out_of_sample
2026-03-24 00:00:00+00:00,0.00178611845640773,11.328201226246195,-0.18406117987614745,out_of_sample
2026-03-25 00:00:00+00:00,-0.008014779736595064,11.237408188606006,-0.19060074979797736,out_of_sample
2026-03-26 00:00:00+00:00,0.0025859351031923667,11.266467396909823,-0.18850769586438243,out_of_sample
2026-03-27 00:00:00+00:00,-0.0007430541392260573,11.258095801676093,-0.18911067857992048,out_of_sample
2026-03-28 00:00:00+00:00,-0.0002217192485917676,11.25559966513437,-0.18929046835095698,out_of_sample
2026-03-29 00:00:00+00:00,0.010815938696427836,11.377339541103998,-0.18052188375603118,out_of_sample
2026-03-30 00:00:00+00:00,-0.0003842246695753065,11.37296808657817,-0.1808367474644692,out_of_sample
2026-03-31 00:00:00+00:00,0.005730346811452796,11.43813913798985,-0.17614265793224282,out_of_sample
2026-04-01 00:00:00+00:00,-0.0020500955633293125,11.414689859690313,-0.1778316442140323,out_of_sample
2026-04-02 00:00:00+00:00,-0.0016466261156374957,11.395894133265445,-0.17918544810012016,out_of_sample
2026-04-03 00:00:00+00:00,0.0051885823986285605,11.455022668981941,-0.1749265841635942,out_of_sample
2026-04-04 00:00:00+00:00,0.008195124889683337,11.548898010368402,-0.16816500447765714,out_of_sample
2026-04-05 00:00:00+00:00,-8.564887622691288e-05,11.547908860232155,-0.1682362502102298,out_of_sample
2026-04-06 00:00:00+00:00,-0.018922837944087424,11.329389652276891,-0.1839755808552681,out_of_sample
2026-04-07 00:00:00+00:00,0.016338391097894818,11.514493651316235,-0.17064305474984898,out_of_sample
2026-04-08 00:00:00+00:00,0.02037687630831958,11.749123064202037,-0.15374335086104085,out_of_sample
2026-04-09 00:00:00+00:00,-0.00384957245953578,11.703893963630389,-0.1570010771512652,out_of_sample
2026-04-10 00:00:00+00:00,0.010003074292109088,11.820968884455551,-0.1485684962978413,out_of_sample
2026-04-11 00:00:00+00:00,0.00827156402052061,11.918746785367908,-0.14152582610588071,out_of_sample
2026-04-12 00:00:00+00:00,0.018440288472580904,12.138531914321739,-0.12569531469301254,out_of_sample
2026-04-13 00:00:00+00:00,0.00724259242346974,12.226446353596451,-0.11936308220340408,out_of_sample
2026-04-14 00:00:00+00:00,0.012337822468191125,12.377294078123986,-0.10849794025269466,out_of_sample
2026-04-15 00:00:00+00:00,0.020973717813943936,12.63689195141876,-0.08979982762100491,out_of_sample
2026-04-16 00:00:00+00:00,-0.016567409722859246,12.427531384836103,-0.10487948680662473,out_of_sample
2026-04-17 00:00:00+00:00,-0.025822360392312088,12.106623190630096,-0.12799361129285547,out_of_sample
2026-04-18 00:00:00+00:00,0.006763826616981166,12.18851029080864,-0.12209551127074048,out_of_sample
2026-04-19 00:00:00+00:00,0.006453099072785932,12.2671639552649,-0.11643030662852705,out_of_sample
2026-04-20 00:00:00+00:00,-0.012741006483733676,12.110867939773847,-0.12768787382060343,out_of_sample
2026-04-21 00:00:00+00:00,0.01114942391584648,12.24589714042322,-0.11796209613889597,out_of_sample
2026-04-22 00:00:00+00:00,0.005376933496250869,12.311742514949204,-0.11321943698866233,out_of_sample
2026-04-23 00:00:00+00:00,0.0026460106290441825,12.344319516505815,-0.11087300619330454,out_of_sample
2026-04-24 00:00:00+00:00,0.00018805080173809339,12.346640875687804,-0.11070580514927231,out_of_sample
2026-04-25 00:00:00+00:00,0.003196383945768627,12.386105480367025,-0.10786327946178609,out_of_sample
2026-04-26 00:00:00+00:00,-0.002042383143761956,12.360808307317066,-0.10968536446174437,out_of_sample
2026-04-27 00:00:00+00:00,-0.004391369855796711,12.306527426323033,-0.11359506531442165,out_of_sample
2026-04-28 00:00:00+00:00,-0.005148892896212559,12.243162434680594,-0.11815906938579201,out_of_sample
2026-04-29 00:00:00+00:00,0.007730071407168123,12.337802954550234,-0.1113423760223804,out_of_sample
2026-04-30 00:00:00+00:00,0.005546963833081559,12.406240301318812,-0.10641302432218436,out_of_sample
2026-05-01 00:00:00+00:00,0.004982941169692073,12.468059866877345,-0.10196033299237883,out_of_sample
2026-05-02 00:00:00+00:00,-0.007361517339952829,12.376276027971757,-0.10857126757302094,out_of_sample
2026-05-03 00:00:00+00:00,0.0035540743550313116,12.42026223321356,-0.10540306357576412,out_of_sample
2026-05-04 00:00:00+00:00,-0.004807488599842718,12.36055196412033,-0.10970382814907786,out_of_sample
2026-05-05 00:00:00+00:00,0.009748288986039454,12.481046196693532,-0.10102496378271042,out_of_sample
2026-05-06 00:00:00+00:00,0.005783427075144448,12.553229417193618,-0.0958258072183723,out_of_sample
2026-05-07 00:00:00+00:00,-0.005113389393495782,12.48903986703762,-0.10044920194561457,out_of_sample
2026-05-08 00:00:00+00:00,0.008493066414859491,12.595110112086198,-0.09280925727419886,out_of_sample
2026-05-09 00:00:00+00:00,-0.0019347513994015463,12.570741705171223,-0.09456444583321177,out_of_sample
2026-05-10 00:00:00+00:00,-0.004069478633933317,12.519585340389334,-0.09824909647529712,out_of_sample
2026-05-11 00:00:00+00:00,-0.01028693176349289,12.390797220285522,-0.10752534648752377,out_of_sample
2026-05-12 00:00:00+00:00,0.01594558528956485,12.58837573416729,-0.09329431578116565,out_of_sample
2026-05-13 00:00:00+00:00,0.01033969890638471,12.718535748979019,-0.08391925200963546,out_of_sample
2026-05-14 00:00:00+00:00,0.0014559509507699078,12.737053313195146,-0.08258548337361682,out_of_sample
2026-05-15 00:00:00+00:00,0.0014693843302610267,12.755768939747256,-0.0812374488585319,out_of_sample
2026-05-16 00:00:00+00:00,-0.0020405261018467398,12.729740460276576,-0.08311220782553541,out_of_sample
2026-05-17 00:00:00+00:00,0.010161360455018326,12.859091941592277,-0.07379538047244472,out_of_sample
2026-05-18 00:00:00+00:00,0.003006674350052064,12.897755043498025,-0.07101058480001143,out_of_sample
2026-05-19 00:00:00+00:00,0.012220469013521296,13.05537165935108,-0.059657898437670664,out_of_sample
2026-05-20 00:00:00+00:00,-0.0006700336385480257,13.046624121175569,-0.060287959277460335,out_of_sample
2026-05-21 00:00:00+00:00,0.0019423504042499662,13.071965236811431,-0.0584627092152844,out_of_sample
2026-05-22 00:00:00+00:00,0.009984158697157849,13.202477812219488,-0.0490622514847977,out_of_sample
2026-05-23 00:00:00+00:00,0.004469390491219661,13.26148484101396,-0.044812139353841984,out_of_sample
2026-05-24 00:00:00+00:00,0.0040424418834853195,13.31509362277248,-0.04095084793936932,out_of_sample
2026-05-25 00:00:00+00:00,0.00750154715025802,13.414977425393808,-0.03375649550577153,out_of_sample
2026-05-26 00:00:00+00:00,-0.009150467844330141,13.292224105830327,-0.04259807562343876,out_of_sample
2026-05-27 00:00:00+00:00,-0.0025273951048744026,13.258629403692357,-0.04501780856050552,out_of_sample
2026-05-28 00:00:00+00:00,0.01008720286221525,13.392371888162334,-0.03538470946565242,out_of_sample
2026-05-29 00:00:00+00:00,-0.005165134751281175,13.323198482720704,-0.040367077424408704,out_of_sample
2026-05-30 00:00:00+00:00,-0.004524058099320028,13.262923558716103,-0.04470851252016095,out_of_sample
2026-05-31 00:00:00+00:00,-0.007690925936871967,13.160919395919624,-0.052055588598492575,out_of_sample
2026-06-01 00:00:00+00:00,0.002233171351559098,13.19030998407477,-0.049938666296080236,out_of_sample
2026-06-02 00:00:00+00:00,0.015098743215502499,13.389467087457193,-0.03559393417950696,out_of_sample
2026-06-03 00:00:00+00:00,-0.0096699784483404,13.259991229286719,-0.04491972005143985,out_of_sample
2026-06-04 00:00:00+00:00,-0.007214187628976739,13.164331164600059,-0.05180984839172442,out_of_sample
2026-06-05 00:00:00+00:00,-0.0038726778401775444,13.113349951018154,-0.05548188338013227,out_of_sample
2026-06-06 00:00:00+00:00,-0.0012254550787641092,13.097280129721067,-0.056639347903128856,out_of_sample
2026-06-07 00:00:00+00:00,0.019576865994607173,13.353683827714448,-0.03817130283244319,out_of_sample
2026-06-08 00:00:00+00:00,0.001207459979111314,13.36980786651012,-0.03700993317385248,out_of_sample
2026-06-09 00:00:00+00:00,0.012891486287194592,13.542164561283661,-0.024595559932658606,out_of_sample
2026-06-10 00:00:00+00:00,-0.009275960117030942,13.416547982914924,-0.03364337261669825,out_of_sample
2026-06-11 00:00:00+00:00,0.0006528913520759691,13.425307531067682,-0.03301244673165826,out_of_sample
2026-06-12 00:00:00+00:00,0.0003205022959769442,13.429610372955585,-0.032702525000654736,out_of_sample
2026-06-13 00:00:00+00:00,0.001785590688547867,13.453590160188359,-0.030975327636240113,out_of_sample
2026-06-14 00:00:00+00:00,0.0020491683987218685,13.481158831993971,-0.028989632900050633,out_of_sample
2026-06-15 00:00:00+00:00,0.012572385141435122,13.65064915298266,-0.01678171658854366,out_of_sample
2026-06-16 00:00:00+00:00,0.004022986407226903,13.705565528974935,-0.012826242799042209,out_of_sample
2026-06-17 00:00:00+00:00,-0.0048373653545902735,13.639266701120006,-0.017601562931086834,out_of_sample
2026-06-18 00:00:00+00:00,0.0019197636690131618,13.665450869804797,-0.015715590103106636,out_of_sample
2026-06-19 00:00:00+00:00,-0.009963999209898934,13.529288328135149,-0.025522999185635165,out_of_sample
2026-06-20 00:00:00+00:00,-0.0205717865701505,13.250966696202724,-0.045569732063908575,out_of_sample
2026-06-21 00:00:00+00:00,-0.032816372317274065,12.816118039536336,-0.07689067108737502,out_of_sample
2026-06-22 00:00:00+00:00,0.005153338566964051,12.882163834908242,-0.07213357618116534,out_of_sample
2026-06-23 00:00:00+00:00,0.01908582253772985,13.128030527763263,-0.05442448227744101,out_of_sample
2026-06-24 00:00:00+00:00,-0.0006387433512008816,13.119645085549292,-0.05502846235244452,out_of_sample
2026-06-25 00:00:00+00:00,-0.013962483459618223,12.936462258046248,-0.06822261181665856,out_of_sample
2026-06-26 00:00:00+00:00,-0.014064795442526042,12.75451356263687,-0.08132787017942844,out_of_sample
2026-06-27 00:00:00+00:00,0.015835291528848536,12.956485003209876,-0.06678042918429161,out_of_sample
2026-06-28 00:00:00+00:00,0.006430598859994438,13.039802960901051,-0.06077926847607973,out_of_sample
2026-06-29 00:00:00+00:00,0.007797475750721574,13.141480508282864,-0.05345571759744694,out_of_sample
2026-06-30 00:00:00+00:00,0.0016992132403313043,13.163810685960094,-0.0518473370202287,out_of_sample
2026-07-01 00:00:00+00:00,0.00311698336057673,13.204842064830013,-0.04889196094643433,out_of_sample
2026-07-02 00:00:00+00:00,0.005721040734593342,13.280387504176776,-0.043450633112009696,out_of_sample
2026-07-03 00:00:00+00:00,0.003525130926598507,13.327202608884962,-0.04007867135597465,out_of_sample
2026-07-04 00:00:00+00:00,0.000976227478536551,13.34021299028378,-0.03914156977771899,out_of_sample
2026-07-05 00:00:00+00:00,0.0014189781767666835,13.35914246139041,-0.03777813263427132,out_of_sample
2026-07-06 00:00:00+00:00,-0.007125336818795229,13.263954071742734,-0.044634287533662276,out_of_sample
2026-07-07 00:00:00+00:00,0.011573513984915868,13.41746462968733,-0.033577349099724096,out_of_sample
2026-07-08 00:00:00+00:00,-0.0006782603707376038,13.40836409515324,-0.034232835285212815,out_of_sample
2026-07-09 00:00:00+00:00,0.00779261369075839,13.512850296771806,-0.026706984855371485,out_of_sample
2026-07-10 00:00:00+00:00,-0.00781713271843705,13.407218552597568,-0.03431534552868487,out_of_sample
2026-07-11 00:00:00+00:00,0.0033336451870192964,13.451913462196751,-0.031096095528128087,out_of_sample
2026-07-12 00:00:00+00:00,0.006633145743964885,13.541141964726704,-0.024669214717869647,out_of_sample
2026-07-13 00:00:00+00:00,0.002892978428702409,13.580316196330655,-0.021847603795199122,out_of_sample
2026-07-14 00:00:00+00:00,0.016497156670291294,13.804352800253618,-0.005710870467587559,out_of_sample
2026-07-15 00:00:00+00:00,-0.004314650957038386,13.744791836232707,-0.010000881011897444,out_of_sample
2026-07-16 00:00:00+00:00,-0.002766232269495011,13.70677054951783,-0.012739448521614016,out_of_sample
2026-07-17 00:00:00+00:00,0.01058504233165919,13.851857296014813,-0.002289253791838197,out_of_sample
2026-07-18 00:00:00+00:00,0.001157243295048876,13.8678872649946,-0.0011346597203906184,out_of_sample
2026-07-19 00:00:00+00:00,0.0070068065517006175,13.96505686834121,0.0,out_of_sample
2026-07-20 00:00:00+00:00,-0.00042269292757615706,13.959153937569763,-0.0004226929275761293,out_of_sample
2026-07-21 00:00:00+00:00,-0.011995897804804919,13.791701353493135,-0.012413520151219104,out_of_sample
2026-07-22 00:00:00+00:00,-0.003662467310405971,13.741189698131084,-0.016030523349864212,out_of_sample
2026-07-23 00:00:00+00:00,-0.0030529810807515493,13.699238105955672,-0.019034563546114103,out_of_sample
2026-07-24 00:00:00+00:00,-0.005613780624159831,13.622333588510706,-0.02454148830624936,out_of_sample
2026-07-25 00:00:00+00:00,-0.0031975205218096494,13.578775897306507,-0.027660536915564027,out_of_sample
2026-07-26 00:00:00+00:00,-0.0020185092850892763,13.551367012077646,-0.02962321315005867,out_of_sample
2026-07-27 00:00:00+00:00,0.001365152859138841,13.569866699499423,-0.028298500505048563,out_of_sample
