time,daily_return,equity,drawdown,sample
2020-01-01 00:00:00+00:00,0.0,1.0,0.0,in_sample
2020-01-02 00:00:00+00:00,0.0,1.0,0.0,in_sample
2020-01-03 00:00:00+00:00,0.0,1.0,0.0,in_sample
2020-01-04 00:00:00+00:00,0.0,1.0,0.0,in_sample
2020-01-05 00:00:00+00:00,0.0,1.0,0.0,in_sample
2020-01-06 00:00:00+00:00,0.0,1.0,0.0,in_sample
2020-01-07 00:00:00+00:00,0.0,1.0,0.0,in_sample
2020-01-08 00:00:00+00:00,0.0,1.0,0.0,in_sample
2020-01-09 00:00:00+00:00,0.0,1.0,0.0,in_sample
2020-01-10 00:00:00+00:00,0.0,1.0,0.0,in_sample
2020-01-11 00:00:00+00:00,0.0,1.0,0.0,in_sample
2020-01-12 00:00:00+00:00,0.0,1.0,0.0,in_sample
2020-01-13 00:00:00+00:00,0.0,1.0,0.0,in_sample
2020-01-14 00:00:00+00:00,0.0,1.0,0.0,in_sample
2020-01-15 00:00:00+00:00,0.0,1.0,0.0,in_sample
2020-01-16 00:00:00+00:00,0.0,1.0,0.0,in_sample
2020-01-17 00:00:00+00:00,0.0,1.0,0.0,in_sample
2020-01-18 00:00:00+00:00,0.0,1.0,0.0,in_sample
2020-01-19 00:00:00+00:00,0.0,1.0,0.0,in_sample
2020-01-20 00:00:00+00:00,0.0,1.0,0.0,in_sample
2020-01-21 00:00:00+00:00,0.0,1.0,0.0,in_sample
2020-01-22 00:00:00+00:00,0.0,1.0,0.0,in_sample
2020-01-23 00:00:00+00:00,0.0,1.0,0.0,in_sample
2020-01-24 00:00:00+00:00,0.0,1.0,0.0,in_sample
2020-01-25 00:00:00+00:00,0.0,1.0,0.0,in_sample
2020-01-26 00:00:00+00:00,0.0,1.0,0.0,in_sample
2020-01-27 00:00:00+00:00,0.0,1.0,0.0,in_sample
2020-01-28 00:00:00+00:00,0.0,1.0,0.0,in_sample
2020-01-29 00:00:00+00:00,0.0,1.0,0.0,in_sample
2020-01-30 00:00:00+00:00,0.0,1.0,0.0,in_sample
2020-01-31 00:00:00+00:00,0.0,1.0,0.0,in_sample
2020-02-01 00:00:00+00:00,0.0,1.0,0.0,in_sample
2020-02-02 00:00:00+00:00,0.0,1.0,0.0,in_sample
2020-02-03 00:00:00+00:00,0.0,1.0,0.0,in_sample
2020-02-04 00:00:00+00:00,0.0,1.0,0.0,in_sample
2020-02-05 00:00:00+00:00,0.0,1.0,0.0,in_sample
2020-02-06 00:00:00+00:00,-0.0007371524852569478,0.999262847514743,-0.0007371524852569644,in_sample
2020-02-07 00:00:00+00:00,-0.0011258372523870574,0.9981378401760846,-0.0018621598239153547,in_sample
2020-02-08 00:00:00+00:00,0.001122612625747188,0.9992583623177023,-0.0007416376822977355,in_sample
2020-02-09 00:00:00+00:00,0.0009268501354627201,1.0001845250661787,0.0,in_sample
2020-02-10 00:00:00+00:00,-0.0010709785804283946,0.9991133488633569,-0.0010709785804283722,in_sample
2020-02-11 00:00:00+00:00,0.003062883229395197,1.0021735163838554,0.0,in_sample
2020-02-12 00:00:00+00:00,0.002042144848602734,1.0042200998677449,0.0,in_sample
2020-02-13 00:00:00+00:00,-0.002892927011818869,1.001314964415026,-0.0028929270118187578,in_sample
2020-02-14 00:00:00+00:00,0.0024051157143290315,1.0037232427709335,-0.0004947691217063177,in_sample
2020-02-15 00:00:00+00:00,-0.009842101772206437,0.9938444964644528,-0.010332001325863205,in_sample
2020-02-16 00:00:00+00:00,-0.005216878010239307,0.9886597309652501,-0.015494978545583904,in_sample
2020-02-17 00:00:00+00:00,0.0035895571499915406,0.9922085815714451,-0.011961041506619585,in_sample
2020-02-18 00:00:00+00:00,0.002692534540491509,0.9948801374486983,-0.009300712483524931,in_sample
2020-02-19 00:00:00+00:00,-0.006496943072193456,0.988416457832038,-0.01573722935618216,in_sample
2020-02-20 00:00:00+00:00,-0.001416475264425593,0.9870163903685678,-0.017131413224494074,in_sample
2020-02-21 00:00:00+00:00,0.0011194515162978537,0.9881213073633767,-0.016031139494706803,in_sample
2020-02-22 00:00:00+00:00,-0.0015945991199628807,0.9865456499962385,-0.01760017537373937,in_sample
2020-02-23 00:00:00+00:00,0.006319972471536572,0.992780591346129,-0.011391435526058924,in_sample
2020-02-24 00:00:00+00:00,-0.006539356692006632,0.9862884449424153,-0.01785629955792678,in_sample
2020-02-25 00:00:00+00:00,-0.006519046371772991,0.9798587848338918,-0.024258939884853392,in_sample
2020-02-26 00:00:00+00:00,-0.014914704967691213,0.9652444801480938,-0.03881182992133303,in_sample
2020-02-27 00:00:00+00:00,0.003239249217719931,0.968371147575322,-0.035698301893324014,in_sample
2020-02-28 00:00:00+00:00,-0.0035260330574261424,0.9649566388971138,-0.03909846155818031,in_sample
2020-02-29 00:00:00+00:00,-0.0022631547540356957,0.9627727926923555,-0.04127313044306513,in_sample
2020-03-01 00:00:00+00:00,-0.0008248531771141099,0.9619786464954642,-0.042063939347403934,in_sample
2020-03-02 00:00:00+00:00,0.009786021191678396,0.971392589916011,-0.03268955675758456,in_sample
2020-03-03 00:00:00+00:00,-0.0027982357923949765,0.9686744044024407,-0.03539631946222299,in_sample
2020-03-04 00:00:00+00:00,0.00023872977571511294,0.9689056558257447,-0.03516603984191413,in_sample
2020-03-05 00:00:00+00:00,0.004604029737685278,0.9733665262781779,-0.030723915597417717,in_sample
2020-03-06 00:00:00+00:00,0.0056252575085942395,0.9788419636387384,-0.025271488025731315,in_sample
2020-03-07 00:00:00+00:00,-0.007313105231414714,0.9716835893537237,-0.03239978020585943,in_sample
2020-03-08 00:00:00+00:00,-0.02322215483538438,0.9491190025907494,-0.05486954232867092,in_sample
2020-03-09 00:00:00+00:00,-0.0003470197305468491,0.9487896395702134,-0.055197521245423764,in_sample
2020-03-10 00:00:00+00:00,0.00018102714501606616,0.9489613962498856,-0.055026486350090775,in_sample
2020-03-11 00:00:00+00:00,-0.00249691009102917,0.9465919249635921,-0.05738600025207852,in_sample
2020-03-12 00:00:00+00:00,-0.06394097491356021,0.8860659144361164,-0.11765765836313102,in_sample
2020-03-13 00:00:00+00:00,0.023638449156947208,0.9070111385042184,-0.09680045378132618,in_sample
2020-03-14 00:00:00+00:00,-0.011600209171356936,0.8964896195768189,-0.10727775744093748,in_sample
2020-03-15 00:00:00+00:00,0.00421328727327135,0.9002667878816019,-0.10351646217779709,in_sample
2020-03-16 00:00:00+00:00,-0.013452645406160126,0.8881558180132879,-0.11557653732457907,in_sample
2020-03-17 00:00:00+00:00,0.0077302060049309505,0.8950214454510086,-0.10873976176250366,in_sample
2020-03-18 00:00:00+00:00,0.010852711614706124,0.9047348550874659,-0.09906717142325783,in_sample
2020-03-19 00:00:00+00:00,0.019301348341051128,0.9221974576817995,-0.08167795306700965,in_sample
2020-03-20 00:00:00+00:00,-0.0007341654454405214,0.9215204121744964,-0.08235215338165403,in_sample
2020-03-21 00:00:00+00:00,0.0006568322262492932,0.9221256964783591,-0.08174941270364688,in_sample
2020-03-22 00:00:00+00:00,-0.012735771176630162,0.91038171461192,-0.09344404206625956,in_sample
2020-03-23 00:00:00+00:00,0.012771063846221266,0.9220082576136612,-0.08186635804731535,in_sample
2020-03-24 00:00:00+00:00,0.0035676927796961964,0.9252976998171697,-0.07859073928212468,in_sample
2020-03-25 00:00:00+00:00,-0.0016287325994998104,0.9237906372892353,-0.0800914685825369,in_sample
2020-03-26 00:00:00+00:00,0.004798964267151729,0.9282238755479156,-0.07567686041121646,in_sample
2020-03-27 00:00:00+00:00,-0.008475368051059596,0.920356836568866,-0.08351083921734248,in_sample
2020-03-28 00:00:00+00:00,-0.0014302917521639424,0.9190404577764739,-0.08482168610495755,in_sample
2020-03-29 00:00:00+00:00,-0.010095043926643926,0.9097627039848575,-0.09406045138443986,in_sample
2020-03-30 00:00:00+00:00,0.010371652260383358,0.9191984463900545,-0.08466436141727063,in_sample
2020-03-31 00:00:00+00:00,0.002953123720175599,0.9219129531256376,-0.08196126203104981,in_sample
2020-04-01 00:00:00+00:00,0.0017560624699508587,0.9235318898631831,-0.08034912865734145,in_sample
2020-04-02 00:00:00+00:00,0.004475315144351855,0.9276649861161799,-0.07623340118530508,in_sample
2020-04-03 00:00:00+00:00,0.002102728167764889,0.9296156134127355,-0.07429097113753724,in_sample
2020-04-04 00:00:00+00:00,0.0030863970844895675,0.9324847763316686,-0.07143386548977038,in_sample
2020-04-05 00:00:00+00:00,-0.0023554998731798787,0.9302883085592772,-0.07362110290184831,in_sample
2020-04-06 00:00:00+00:00,0.01949799018372822,0.9484270608676032,-0.05555857625981553,in_sample
2020-04-07 00:00:00+00:00,-0.004562546978266841,0.9440998178469352,-0.05986763462385136,in_sample
2020-04-08 00:00:00+00:00,0.00789000857292399,0.9515487735034434,-0.05244998220135033,in_sample
2020-04-09 00:00:00+00:00,0.002681304790621264,0.954100165788348,-0.04990931179927349,in_sample
2020-04-10 00:00:00+00:00,-0.014082721127381011,0.9406638392259628,-0.0632891740069258,in_sample
2020-04-11 00:00:00+00:00,0.0001432882623747801,0.9407986253129643,-0.06315495434032148,in_sample
2020-04-12 00:00:00+00:00,0.002364875592456617,0.9430234970193836,-0.06093943235792709,in_sample
2020-04-13 00:00:00+00:00,0.0009526900757333035,0.9439219061461772,-0.06004479867462209,in_sample
2020-04-14 00:00:00+00:00,0.0012583543658700627,0.9451096943978166,-0.05886200194331215,in_sample
2020-04-15 00:00:00+00:00,-0.00533763443108416,0.9400650443518473,-0.06388545252614108,in_sample
2020-04-16 00:00:00+00:00,0.013548743859880353,0.9528017448493975,-0.051202276298910054,in_sample
2020-04-17 00:00:00+00:00,0.0008412846117667795,0.9536033222954038,-0.05040406737428105,in_sample
2020-04-18 00:00:00+00:00,0.007318897166499484,0.9605826469489162,-0.043454072393667165,in_sample
2020-04-19 00:00:00+00:00,0.0018953976686782669,0.9624033330585159,-0.04164103747249848,in_sample
2020-04-20 00:00:00+00:00,-0.011171527682212147,0.9516518175817994,-0.0523473711518706,in_sample
2020-04-21 00:00:00+00:00,0.0010490622890505842,0.952650159615931,-0.05135322451582636,in_sample
2020-04-22 00:00:00+00:00,0.007909378621690888,0.9601850304223476,-0.04385001799027588,in_sample
2020-04-23 00:00:00+00:00,0.0008168579889309192,0.9609693652353,-0.04306897923885511,in_sample
2020-04-24 00:00:00+00:00,0.0005486982684999087,0.9614966474620861,-0.0425439128446895,in_sample
2020-04-25 00:00:00+00:00,0.0037556714272939163,0.9651077129483984,-0.03894802237527173,in_sample
2020-04-26 00:00:00+00:00,0.0018122630873358473,0.9668567420318779,-0.0372063433512112,in_sample
2020-04-27 00:00:00+00:00,-0.0008203939335470589,0.9660635386261058,-0.037996213426383485,in_sample
2020-04-28 00:00:00+00:00,0.0006255276518274567,0.9666678380829388,-0.03739445345671899,in_sample
2020-04-29 00:00:00+00:00,0.009326026209636119,0.9756830076769126,-0.028417168900115142,in_sample
2020-04-30 00:00:00+00:00,-0.0065913706749204555,0.9692519193120929,-0.03482123148128313,in_sample
2020-05-01 00:00:00+00:00,0.004233504727514759,0.9733552518946534,-0.030735142601862164,in_sample
2020-05-02 00:00:00+00:00,0.002971803485961388,0.9762478724253127,-0.027854677919826543,in_sample
2020-05-03 00:00:00+00:00,-0.0049268567144927,0.9714380390400449,-0.03264429862737994,in_sample
2020-05-04 00:00:00+00:00,-0.0020625947001239042,0.9694343560892221,-0.03463956137016577,in_sample
2020-05-05 00:00:00+00:00,-0.0010355782052341668,0.9684304309986509,-0.035639267600606095,in_sample
2020-05-06 00:00:00+00:00,-0.004520685343038045,0.9640524617434832,-0.039998839028965505,in_sample
2020-05-07 00:00:00+00:00,0.007026350455985409,0.9708262321976483,-0.03325353443383028,in_sample
2020-05-08 00:00:00+00:00,0.005463621689652387,0.9761304594567669,-0.027971597476168175,in_sample
2020-05-09 00:00:00+00:00,-0.004865722464707029,0.9713808795517033,-0.03270121791066172,in_sample
2020-05-10 00:00:00+00:00,-0.013692902630474485,0.9580798557508972,-0.045946345948387535,in_sample
2020-05-11 00:00:00+00:00,-0.003729941231590467,0.9545062741937757,-0.04950491000978419,in_sample
2020-05-12 00:00:00+00:00,0.007868153349794793,0.9620164759324736,-0.04202626888351413,in_sample
2020-05-13 00:00:00+00:00,0.0028670785686992443,0.9647746527533553,-0.039279682929653115,in_sample
2020-05-14 00:00:00+00:00,0.0024965994399128613,0.9671833086110614,-0.03688114912414242,in_sample
2020-05-15 00:00:00+00:00,-0.004468509185899966,0.9628614411120838,-0.041184854556394535,in_sample
2020-05-16 00:00:00+00:00,0.003015426945033373,0.9657648794459468,-0.03829361753151783,in_sample
2020-05-17 00:00:00+00:00,0.005183320603068942,0.9707707484432994,-0.0333087850251661,in_sample
2020-05-18 00:00:00+00:00,0.004172487730376928,0.974821277480188,-0.029275277791620202,in_sample
2020-05-19 00:00:00+00:00,0.002796776744547125,0.9775476349591343,-0.026560377463190843,in_sample
2020-05-20 00:00:00+00:00,-0.0016833187892958956,0.9759021106577758,-0.028198986670052273,in_sample
2020-05-21 00:00:00+00:00,-0.007468591934603669,0.9686134960251543,-0.03545697188024799,in_sample
2020-05-22 00:00:00+00:00,0.012409010672219868,0.9806330312345867,-0.023487947150494737,in_sample
2020-05-23 00:00:00+00:00,-0.0037298309760312124,0.9769754357785686,-0.027130172053680623,in_sample
2020-05-24 00:00:00+00:00,-0.006922636298481633,0.970212190164123,-0.033864996038319384,in_sample
2020-05-25 00:00:00+00:00,0.0053551071318135865,0.9754077803830434,-0.028691239588309325,in_sample
2020-05-26 00:00:00+00:00,-0.0014997156591393225,0.9739449460607567,-0.030147926546157944,in_sample
2020-05-27 00:00:00+00:00,0.0014916615919736867,0.9753977423294925,-0.02870123545829073,in_sample
2020-05-28 00:00:00+00:00,0.0052646431564460135,0.9805328633784604,-0.023587694064681752,in_sample
2020-05-29 00:00:00+00:00,-0.001523527869146463,0.9790389942344893,-0.02507528542455173,in_sample
2020-05-30 00:00:00+00:00,0.01411951179285561,0.9928625468592487,-0.011309824419957315,in_sample
2020-05-31 00:00:00+00:00,-0.0061991892711284035,0.9867076040110536,-0.01743890194888309,in_sample
2020-06-01 00:00:00+00:00,0.00984690894261382,0.9964236239407351,-0.007763712285819069,in_sample
2020-06-02 00:00:00+00:00,-0.007454817335183966,0.988995467835795,-0.015160652564069399,in_sample
2020-06-03 00:00:00+00:00,0.003293285918081712,0.9922525126830651,-0.011917295009585938,in_sample
2020-06-04 00:00:00+00:00,-0.0005946924531284538,0.9916624276021747,-0.012504900337310443,in_sample
2020-06-05 00:00:00+00:00,-0.0003556896428332069,0.9913097035474898,-0.012856142116609015,in_sample
2020-06-06 00:00:00+00:00,0.0014042131786686453,0.9927017136973534,-0.011469981702127319,in_sample
2020-06-07 00:00:00+00:00,-0.0021359755652179072,0.9905813270933459,-0.01358145766669594,in_sample
2020-06-08 00:00:00+00:00,0.0008743514043575763,0.9914474432678204,-0.012718981228922455,in_sample
2020-06-09 00:00:00+00:00,-0.001261484877354141,0.9901967473114467,-0.013964421303800822,in_sample
2020-06-10 00:00:00+00:00,0.004841227390440895,0.9949905149264563,-0.00919079885226759,in_sample
2020-06-11 00:00:00+00:00,-0.013219584684395075,0.9818371535542161,-0.022288884992918034,in_sample
2020-06-12 00:00:00+00:00,0.004979538332342404,0.9867262492964571,-0.017420335017783062,in_sample
2020-06-13 00:00:00+00:00,0.002598538720238375,0.9892902956615295,-0.014867063712608042,in_sample
2020-06-14 00:00:00+00:00,-0.004011283951946448,0.985321971374726,-0.018818711650471553,in_sample
2020-06-15 00:00:00+00:00,-0.0007981051652683703,0.9845355808199194,-0.01960179750476798,in_sample
2020-06-16 00:00:00+00:00,0.00267480581348456,0.9871690223150791,-0.01697942269320385,in_sample
2020-06-17 00:00:00+00:00,-0.000990427146677736,0.9861913033170189,-0.017953032958711312,in_sample
2020-06-18 00:00:00+00:00,-0.002297242611372069,0.9839257826320744,-0.020209033097767337,in_sample
2020-06-19 00:00:00+00:00,-0.0013357616146656703,0.9826114923399546,-0.02151780026175143,in_sample
2020-06-20 00:00:00+00:00,0.0005476125361235651,0.9831495827112992,-0.02098197114280098,in_sample
2020-06-21 00:00:00+00:00,0.0001801400176751121,0.983326687294506,-0.02080561081777843,in_sample
2020-06-22 00:00:00+00:00,0.007932341963623978,0.9911267708400835,-0.0130383060739232,in_sample
2020-06-23 00:00:00+00:00,0.0028523338848809475,0.9939537953127633,-0.010223161791258373,in_sample
2020-06-24 00:00:00+00:00,-0.005445075744859118,0.9885416416103951,-0.01561257164581209,in_sample
2020-06-25 00:00:00+00:00,-0.00023031184052142988,0.9883139687654837,-0.015839287726222562,in_sample
2020-06-26 00:00:00+00:00,-0.0017429404739326805,0.9865913963483693,-0.017554621264498915,in_sample
2020-06-27 00:00:00+00:00,-0.00813640991344123,0.9785640843306046,-0.025548199583457,in_sample
2020-06-28 00:00:00+00:00,0.0017233491063053167,0.9802504918707983,-0.023868878944071525,in_sample
2020-06-29 00:00:00+00:00,0.002471087856771426,0.9826727769578545,-0.021456773184213462,in_sample
2020-06-30 00:00:00+00:00,-0.002016601753142078,0.9806911173130762,-0.023430105170935467,in_sample
2020-07-01 00:00:00+00:00,0.002259029109575661,0.9829065270945887,-0.021224005350981456,in_sample
2020-07-02 00:00:00+00:00,-0.0023982700594062326,0.9805492517994628,-0.023571374513813748,in_sample
2020-07-03 00:00:00+00:00,-0.0007660317223816271,0.9797981199672269,-0.024319349815577596,in_sample
2020-07-04 00:00:00+00:00,0.0031235244004746312,0.9828585433024837,-0.02127178749765557,in_sample
2020-07-05 00:00:00+00:00,0.0019242909392302057,0.9847498490919058,-0.019388429666368223,in_sample
2020-07-06 00:00:00+00:00,0.008235807363342285,0.9928600591501072,-0.011312301674835767,in_sample
2020-07-07 00:00:00+00:00,0.0008097003694649496,0.9936639783068281,-0.010511760880216436,in_sample
2020-07-08 00:00:00+00:00,0.009876074970168881,1.0034774782517426,-0.0007395008485689969,in_sample
2020-07-09 00:00:00+00:00,0.00043895790982967386,1.0039179626281571,-0.00030086754848612784,in_sample
2020-07-10 00:00:00+00:00,-0.001463619972678043,1.0024486082471242,-0.001764047165411231,in_sample
2020-07-11 00:00:00+00:00,0.005583245076635457,1.0080455245037,0.0,in_sample
2020-07-12 00:00:00+00:00,0.00158588525495571,1.0096441690373346,0.0,in_sample
2020-07-13 00:00:00+00:00,-0.00030232398813632164,1.0093389293855526,-0.00030232398813634376,in_sample
2020-07-14 00:00:00+00:00,0.004986108336226652,1.01437160263544,0.0,in_sample
2020-07-15 00:00:00+00:00,-0.00613133736085773,1.008152148130408,-0.0061313373608576915,in_sample
2020-07-16 00:00:00+00:00,-0.0044908291924409816,1.003624709033162,-0.010594631764489826,in_sample
2020-07-17 00:00:00+00:00,0.0031288671957032557,1.0067649174620532,-0.007498913764564907,in_sample
2020-07-18 00:00:00+00:00,0.005503989524180969,1.0123061410210774,-0.002036198183186677,in_sample
2020-07-19 00:00:00+00:00,0.0008502360066791619,1.013166840151956,-0.0011876934255196092,in_sample
2020-07-20 00:00:00+00:00,-0.007827328515224458,1.0052364504533546,-0.009005725474127257,in_sample
2020-07-21 00:00:00+00:00,0.009793040359765314,1.0150807715837515,0.0,in_sample
2020-07-22 00:00:00+00:00,0.0028216497197650126,1.0179449739584296,0.0,in_sample
2020-07-23 00:00:00+00:00,0.0011386790539648032,1.0191040865783647,0.0,in_sample
2020-07-24 00:00:00+00:00,-0.002066432350589509,1.0169981769252412,-0.0020664323505895643,in_sample
2020-07-25 00:00:00+00:00,0.007051330794649158,1.0241693674882961,0.0,in_sample
2020-07-26 00:00:00+00:00,-0.0016263275503459577,1.0225037326297295,-0.001626327550345974,in_sample
2020-07-27 00:00:00+00:00,0.0020862082998661046,1.0246368884033856,0.0,in_sample
2020-07-28 00:00:00+00:00,0.0024111953106551284,1.0271074880638282,0.0,in_sample
2020-07-29 00:00:00+00:00,-0.0003593135266610815,1.026738434450032,-0.00035931352666096483,in_sample
2020-07-30 00:00:00+00:00,0.00045414584382989526,1.027204723442738,0.0,in_sample
2020-07-31 00:00:00+00:00,0.005860525125299044,1.0332246825333,0.0,in_sample
2020-08-01 00:00:00+00:00,0.02464154921710373,1.0586849394002706,0.0,in_sample
2020-08-02 00:00:00+00:00,-0.014411834501080235,1.0434273472648479,-0.01441183450108019,in_sample
2020-08-03 00:00:00+00:00,0.006636626730013573,1.050352185088533,-0.007870853737145023,in_sample
2020-08-04 00:00:00+00:00,0.008948380158214043,1.0597511357407159,0.0,in_sample
2020-08-05 00:00:00+00:00,0.007405506301329834,1.0675991294542853,0.0,in_sample
2020-08-06 00:00:00+00:00,-0.0006979748148181696,1.0668539721496044,-0.0006979748148181475,in_sample
2020-08-07 00:00:00+00:00,-0.005235572406875217,1.0612683809308527,-0.005929892924012137,in_sample
2020-08-08 00:00:00+00:00,0.005228292844963123,1.0668170028134591,-0.0007326032957950535,in_sample
2020-08-09 00:00:00+00:00,-0.005125521924832361,1.0613490088757547,-0.005854370246372698,in_sample
2020-08-10 00:00:00+00:00,0.003258614505580077,1.0648075361515603,-0.002614832876598472,in_sample
2020-08-11 00:00:00+00:00,-0.012619191918681296,1.0513705254964056,-0.015201027717374638,in_sample
2020-08-12 00:00:00+00:00,0.004577496350072175,1.0561831702394389,-0.010693114016196104,in_sample
2020-08-13 00:00:00+00:00,0.004432026928720868,1.0608642024916017,-0.006308479256747046,in_sample
2020-08-14 00:00:00+00:00,0.007201924850546755,1.0685044667545815,0.0,in_sample
2020-08-15 00:00:00+00:00,-0.0006407944220975959,1.0678197750522989,-0.0006407944220976347,in_sample
2020-08-16 00:00:00+00:00,0.004936811618766019,1.073091400124525,0.0,in_sample
2020-08-17 00:00:00+00:00,0.0025746247288331806,1.0758542077795838,0.0,in_sample
2020-08-18 00:00:00+00:00,-0.006411771982102632,1.0689560759133154,-0.006411771982102743,in_sample
2020-08-19 00:00:00+00:00,-0.006353481797004524,1.0621644829432026,-0.012724516702532496,in_sample
2020-08-20 00:00:00+00:00,0.01567737831629128,1.0788164373764313,0.0,in_sample
2020-08-21 00:00:00+00:00,-0.010253354509332702,1.0677549499935153,-0.010253354509332846,in_sample
2020-08-22 00:00:00+00:00,0.008383634196111678,1.0767066169053483,-0.0019556806867105925,in_sample
2020-08-23 00:00:00+00:00,0.0014595552793820075,1.078278129732398,-0.0004989798313996818,in_sample
2020-08-24 00:00:00+00:00,-0.0026040295347438515,1.0754702616359064,-0.0031017100079253623,in_sample
2020-08-25 00:00:00+00:00,-0.013444059747525234,1.0610115751817866,-0.016504070180784702,in_sample
2020-08-26 00:00:00+00:00,0.00746792559573683,1.0689351306814596,-0.009159395753184807,in_sample
2020-08-27 00:00:00+00:00,-0.006584581516411204,1.0618966401777319,-0.01568366648161812,in_sample
2020-08-28 00:00:00+00:00,0.0031959104004725125,1.0652903666943028,-0.012537879673971686,in_sample
2020-08-29 00:00:00+00:00,0.0029595047638385445,1.0684430986094058,-0.009615480824756828,in_sample
2020-08-30 00:00:00+00:00,0.003782230939791198,1.0724841971543726,-0.005869617854042053,in_sample
2020-08-31 00:00:00+00:00,-0.005535888367626958,1.066547044362882,-0.011373012672468374,in_sample
2020-09-01 00:00:00+00:00,0.009531817999589088,1.0767131766777487,-0.0019496001597801849,in_sample
2020-09-02 00:00:00+00:00,-0.010272074921185665,1.065653098258287,-0.012201648642058305,in_sample
2020-09-03 00:00:00+00:00,-0.040328067162463836,1.0226773685398391,-0.05203764689859236,in_sample
2020-09-04 00:00:00+00:00,0.00995442246664382,1.0328575311133603,-0.042601229153347187,in_sample
2020-09-05 00:00:00+00:00,-0.0237972330324143,1.0082783797561716,-0.06538467080813193,in_sample
2020-09-06 00:00:00+00:00,0.02510816239646325,1.0335943970559325,-0.04191819734455848,in_sample
2020-09-07 00:00:00+00:00,-0.002338434227438513,1.0311774045405682,-0.0441586086245741,in_sample
2020-09-08 00:00:00+00:00,-0.004972243029101891,1.026050139879074,-0.048911284319767545,in_sample
2020-09-09 00:00:00+00:00,0.008465727503996268,1.0347364007687276,-0.04085962642069274,in_sample
2020-09-10 00:00:00+00:00,0.006030523667714883,1.0409764031234097,-0.03507550769716172,in_sample
2020-09-11 00:00:00+00:00,0.0075225248563100654,1.0488071739907376,-0.027816839219351408,in_sample
2020-09-12 00:00:00+00:00,0.012752391985349632,1.0621819741905143,-0.015419178471520412,in_sample
2020-09-13 00:00:00+00:00,-0.007355661692275995,1.054368922932735,-0.022661421903387047,in_sample
2020-09-14 00:00:00+00:00,-0.004737021315707824,1.0493743548701828,-0.02729109558049425,in_sample
2020-09-15 00:00:00+00:00,-0.024967101309193662,1.0231745190408692,-0.05157681734149089,in_sample
2020-09-16 00:00:00+00:00,-0.007817078772527287,1.015176283227484,-0.058990716070023486,in_sample
2020-09-17 00:00:00+00:00,0.0002108266184708172,1.0153903094104286,-0.058792326264742845,in_sample
2020-09-18 00:00:00+00:00,0.00523527570192896,1.0207061576252592,-0.05386484459996754,in_sample
2020-09-19 00:00:00+00:00,-0.004655502747141627,1.0159542573044105,-0.05826957941509958,in_sample
2020-09-20 00:00:00+00:00,-0.01638313468600598,0.9993097418721711,-0.07369807573345111,in_sample
2020-09-21 00:00:00+00:00,-0.038043163493975164,0.961292837981006,-0.10893753128310724,in_sample
2020-09-22 00:00:00+00:00,0.00922232679996108,0.9701581946833289,-0.10071986199742,in_sample
2020-09-23 00:00:00+00:00,-0.017110093446799354,0.9535586973141189,-0.11610662919349479,in_sample
2020-09-24 00:00:00+00:00,0.044299083628770164,0.9958004737913783,-0.07695096284122183,in_sample
2020-09-25 00:00:00+00:00,0.017748132637207734,1.013474072680422,-0.0605685660990809,in_sample
2020-09-26 00:00:00+00:00,0.009659631449634781,1.0232638587062752,-0.051494004675396,in_sample
2020-09-27 00:00:00+00:00,0.008308253666401984,1.0317653944120684,-0.04361357626213602,in_sample
2020-09-28 00:00:00+00:00,-0.01138817250564968,1.020015472115144,-0.054505069837724296,in_sample
2020-09-29 00:00:00+00:00,0.0072049684399931755,1.0273646514000383,-0.04769280870573156,in_sample
2020-09-30 00:00:00+00:00,6.456312242289442e-05,1.0274309812697997,-0.0476313247799558,in_sample
2020-10-01 00:00:00+00:00,-0.009348689016324576,1.0178258485401712,-0.05653472335347687,in_sample
2020-10-02 00:00:00+00:00,-0.01904042056406586,0.9984460163229891,-0.07449869900841943,in_sample
2020-10-03 00:00:00+00:00,-0.002377402338246959,0.9960723084291694,-0.07669898796544761,in_sample
2020-10-04 00:00:00+00:00,0.003350578746930938,0.9994097271361987,-0.07360539521750464,in_sample
2020-10-05 00:00:00+00:00,-0.003383321953741496,0.996028402265596,-0.07673968642169293,in_sample
2020-10-06 00:00:00+00:00,-0.03864180742666059,0.9575400645537644,-0.11241613366366421,in_sample
2020-10-07 00:00:00+00:00,0.016354062111660954,0.9731997342438804,-0.0979005319842916,in_sample
2020-10-08 00:00:00+00:00,0.013786357309142145,0.9866166135133287,-0.08546386638984005,in_sample
2020-10-09 00:00:00+00:00,0.018195048514563616,1.0045681506614783,-0.06882383707048167,in_sample
2020-10-10 00:00:00+00:00,0.0030717282380916086,1.0076539110169527,-0.0659635169561732,in_sample
2020-10-11 00:00:00+00:00,0.009823453567637187,1.0175525524240756,-0.05678805293451317,in_sample
2020-10-12 00:00:00+00:00,0.0162794604180934,1.0341177589245931,-0.04143307137638785,in_sample
2020-10-13 00:00:00+00:00,-0.0075897086384244805,1.026269106436535,-0.04870831507507045,in_sample
2020-10-14 00:00:00+00:00,-0.012089616770359246,1.0138619062364582,-0.06020906698264228,in_sample
2020-10-15 00:00:00+00:00,-0.005376287155648857,1.0084110934923576,-0.06526165290481867,in_sample
2020-10-16 00:00:00+00:00,-0.033623010972066714,0.9745052762315102,-0.09669037060521157,in_sample
2020-10-17 00:00:00+00:00,0.006934379368144378,0.9812628655131579,-0.09042647894809008,in_sample
2020-10-18 00:00:00+00:00,0.012927476591573074,0.993948118237259,-0.07866798854637691,in_sample
2020-10-19 00:00:00+00:00,-0.013327461073296182,0.9807013133825759,-0.09094700506460685,in_sample
2020-10-20 00:00:00+00:00,-0.03575165544740311,0.9456396179297064,-0.12344715452296684,in_sample
2020-10-21 00:00:00+00:00,0.020340013110245834,0.9648739401559645,-0.10561805815414071,in_sample
2020-10-22 00:00:00+00:00,0.022287480537956067,0.9863785493187716,-0.08568453803175169,in_sample
2020-10-23 00:00:00+00:00,-0.0009803559016324515,0.9854115472867032,-0.08658089259084611,in_sample
2020-10-24 00:00:00+00:00,-0.0008883269635720555,0.9845361796390332,-0.08739230741299964,in_sample
2020-10-25 00:00:00+00:00,-0.001368366395618148,0.9831889734155449,-0.08864108911191826,in_sample
2020-10-26 00:00:00+00:00,-0.016407440044367373,0.9670573592819462,-0.10359415580121434,in_sample
2020-10-27 00:00:00+00:00,0.001234459382514408,0.9682511523125414,-0.10248757919630247,in_sample
2020-10-28 00:00:00+00:00,-0.029927035677531598,0.939274265532473,-0.12934746543472242,in_sample
2020-10-29 00:00:00+00:00,-0.013526659373316638,0.926569022484493,-0.14112448570230174,in_sample
2020-10-30 00:00:00+00:00,-0.009374218584390788,0.917883161934198,-0.14917577251010938,in_sample
2020-10-31 00:00:00+00:00,0.0037401672898358,0.9213161985123555,-0.1459935475650519,in_sample
2020-11-01 00:00:00+00:00,0.004749272614543276,0.9256917803032854,-0.1419376381078593,in_sample
2020-11-02 00:00:00+00:00,-0.021793476153948863,0.9055177385633392,-0.16063779973035675,in_sample
2020-11-03 00:00:00+00:00,-0.016721033549476915,0.8903765460771751,-0.17467280324122825,in_sample
2020-11-04 00:00:00+00:00,-0.005004675486132894,0.8859205004035949,-0.17880329803088568,in_sample
2020-11-05 00:00:00+00:00,0.035837968781955144,0.9176700916403531,-0.14937327626187202,in_sample
2020-11-06 00:00:00+00:00,0.06077570563747058,0.9734421390021978,-0.09767583689259762,in_sample
2020-11-07 00:00:00+00:00,-0.020502866491297962,0.9534837847892322,-0.11617606874066078,in_sample
2020-11-08 00:00:00+00:00,0.034502566267519075,0.9863814222589277,-0.08568187498356616,in_sample
2020-11-09 00:00:00+00:00,-0.001763458410723201,0.9846419796436641,-0.08729423697120309,in_sample
2020-11-10 00:00:00+00:00,0.02437220884602685,1.0086398796101046,-0.06504958149969309,in_sample
2020-11-11 00:00:00+00:00,-0.020331297654793724,0.9881329219912562,-0.08405833675069674,in_sample
2020-11-12 00:00:00+00:00,-0.011854973566840035,0.9764186323205255,-0.09491680095728472,in_sample
2020-11-13 00:00:00+00:00,0.036578097089662295,1.012134167853701,-0.06181057982847815,in_sample
2020-11-14 00:00:00+00:00,-0.00575510495482491,1.0063092294893385,-0.06720995840907162,in_sample
2020-11-15 00:00:00+00:00,0.0030363250231052073,1.0093647113838187,-0.06437770466448578,in_sample
2020-11-16 00:00:00+00:00,0.020743268540917705,1.030302234647779,-0.04496984013947147,in_sample
2020-11-17 00:00:00+00:00,0.017799110981254307,1.048640698466509,-0.02797115233366898,in_sample
2020-11-18 00:00:00+00:00,-0.024889426584913943,1.022540632788074,-0.052164392976078666,in_sample
2020-11-19 00:00:00+00:00,8.541996810823018e-05,1.0226279781763161,-0.052083428888754835,in_sample
2020-11-20 00:00:00+00:00,0.014281404563429433,1.037232542050534,-0.03854584884433632,in_sample
2020-11-21 00:00:00+00:00,0.06055451147537309,1.1000416519207634,0.0,in_sample
2020-11-22 00:00:00+00:00,-0.021744251690333397,1.076122069371548,-0.02174425169033356,in_sample
2020-11-23 00:00:00+00:00,0.042078635128681936,1.1214038172825556,0.0,in_sample
2020-11-24 00:00:00+00:00,0.03159650198501368,1.1568362552213258,0.0,in_sample
2020-11-25 00:00:00+00:00,-0.02186610024792398,1.1315407576942234,-0.021866100247924014,in_sample
2020-11-26 00:00:00+00:00,-0.047275498396773946,1.0780466044179657,-0.06810786785748346,in_sample
2020-11-27 00:00:00+00:00,-0.0019221503789708272,1.0759744367287356,-0.06989910467244109,in_sample
2020-11-28 00:00:00+00:00,0.01226874034396469,1.0891752877097043,-0.058487938293978026,in_sample
2020-11-29 00:00:00+00:00,0.006502660739081723,1.0962578250910722,-0.05236560477495045,in_sample
2020-11-30 00:00:00+00:00,0.01348887175295849,1.1110451063019027,-0.039583085949067565,in_sample
2020-12-01 00:00:00+00:00,-0.0130521270922288,1.0965436043692514,-0.05211856957278649,in_sample
2020-12-02 00:00:00+00:00,0.031246550643995025,1.130806809636524,-0.022500544452440097,in_sample
2020-12-03 00:00:00+00:00,0.01108444473003744,1.1433411752182898,-0.01166550576378167,in_sample
2020-12-04 00:00:00+00:00,-0.03256766712079891,1.1061052204182775,-0.04385325457607003,in_sample
2020-12-05 00:00:00+00:00,0.024316869769880657,1.1330022370149737,-0.02060275868670125,in_sample
2020-12-06 00:00:00+00:00,-0.015455683346780286,1.1154909132084765,-0.035740012319149805,in_sample
2020-12-07 00:00:00+00:00,-0.00944077108976913,1.1049598188441576,-0.04484337013386841,in_sample
2020-12-08 00:00:00+00:00,-0.04441095826188775,1.0558874944484067,-0.08726279135641857,in_sample
2020-12-09 00:00:00+00:00,0.01542262715549417,1.0721720535934334,-0.0731859856965621,in_sample
2020-12-10 00:00:00+00:00,-0.00949868421298562,1.061987829834361,-0.08198949934260003,in_sample
2020-12-11 00:00:00+00:00,-0.007579524009602623,1.0539384675802257,-0.08894758197340014,in_sample
2020-12-12 00:00:00+00:00,0.025803182261373583,1.081133433951471,-0.0654395303813946,in_sample
2020-12-13 00:00:00+00:00,0.012851882113255348,1.0950280333933142,-0.05342866939814783,in_sample
2020-12-14 00:00:00+00:00,0.013566547409216503,1.109883783122766,-0.040586964565332506,in_sample
2020-12-15 00:00:00+00:00,0.021516502543036525,1.133764600364802,-0.01994375154857997,in_sample
2020-12-16 00:00:00+00:00,0.01637401500796337,1.152328878946673,-0.0038962958277880544,in_sample
2020-12-17 00:00:00+00:00,-0.004635533687272458,1.1469872196094988,-0.008513768104495223,in_sample
2020-12-18 00:00:00+00:00,0.01218577117387285,1.1609641434070168,0.0,in_sample
2020-12-19 00:00:00+00:00,0.0144948567577151,1.1777921523665449,0.0,in_sample
2020-12-20 00:00:00+00:00,0.0021521545784581307,1.1803269431397327,0.0,in_sample
2020-12-21 00:00:00+00:00,-0.0057927156422934115,1.1734896447931868,-0.0057927156422934445,in_sample
2020-12-22 00:00:00+00:00,-0.0032771687326435595,1.1696439212211895,-0.00905090066835701,in_sample
2020-12-23 00:00:00+00:00,-0.06261384081938405,1.0964080229224857,-0.07109802983402058,in_sample
2020-12-24 00:00:00+00:00,0.054449225492757984,1.156106590594661,-0.020520036999786107,in_sample
2020-12-25 00:00:00+00:00,-0.0013638175061800703,1.1545298721873978,-0.021855868920278465,in_sample
2020-12-26 00:00:00+00:00,-0.004765407946123368,1.149028066360439,-0.026517124734979802,in_sample
2020-12-27 00:00:00+00:00,0.005756453857785232,1.1556423934057432,-0.020913315482172568,in_sample
2020-12-28 00:00:00+00:00,0.03128151561265007,1.1917926389777052,0.0,in_sample
2020-12-29 00:00:00+00:00,0.0056602459784478925,1.1985384784696225,0.0,in_sample
2020-12-30 00:00:00+00:00,-0.006804603331166859,1.1903828995464965,-0.006804603331166836,in_sample
2020-12-31 00:00:00+00:00,0.011171624434210001,1.2036814102331357,0.0,in_sample
2021-01-01 00:00:00+00:00,0.0317253633309812,1.2418686403075299,0.0,in_sample
2021-01-02 00:00:00+00:00,0.04463388852728456,1.2972980667645466,0.0,in_sample
2021-01-03 00:00:00+00:00,0.028345512998193656,1.3340706459785525,0.0,in_sample
2021-01-04 00:00:00+00:00,0.019926513712511966,1.3606540229991038,0.0,in_sample
2021-01-05 00:00:00+00:00,0.012754178208344057,1.3780080468883344,0.0,in_sample
2021-01-06 00:00:00+00:00,0.022745074505231,1.4093509425836173,0.0,in_sample
2021-01-07 00:00:00+00:00,0.006067574346919107,1.417902284208644,0.0,in_sample
2021-01-08 00:00:00+00:00,0.047311696890528464,1.4849856472995113,0.0,in_sample
2021-01-09 00:00:00+00:00,0.03458038952252847,1.5363370294184926,0.0,in_sample
2021-01-10 00:00:00+00:00,0.00025543286282258583,1.5367294603841772,0.0,in_sample
2021-01-11 00:00:00+00:00,-0.045121517397362684,1.4673898953024127,-0.04512151739736281,in_sample
2021-01-12 00:00:00+00:00,0.017860939291652254,1.493598857139593,-0.028066490788692056,in_sample
2021-01-13 00:00:00+00:00,0.0521221468886049,1.5714484361640753,0.0,in_sample
2021-01-14 00:00:00+00:00,0.017608671046097875,1.5991195547423933,0.0,in_sample
2021-01-15 00:00:00+00:00,-0.00625361724696092,1.5891192731149038,-0.006253617246960941,in_sample
2021-01-16 00:00:00+00:00,0.032736388986048415,1.6411412997848196,0.0,in_sample
2021-01-17 00:00:00+00:00,0.020547169873295735,1.6748621088575797,0.0,in_sample
2021-01-18 00:00:00+00:00,0.004559675300089433,1.6824989362463931,0.0,in_sample
2021-01-19 00:00:00+00:00,0.005477579525405055,1.691714957971092,0.0,in_sample
2021-01-20 00:00:00+00:00,0.017453143953319424,1.7212407026605452,0.0,in_sample
2021-01-21 00:00:00+00:00,-0.07152229508107566,1.5981336172192997,-0.07152229508107566,in_sample
2021-01-22 00:00:00+00:00,0.040947997494663116,1.6635739885733325,-0.03350299234620491,in_sample
2021-01-23 00:00:00+00:00,0.03360575253066637,1.7194796443497815,-0.0010231330853619491,in_sample
2021-01-24 00:00:00+00:00,0.013514160200792047,1.7427169677255252,0.0,in_sample
2021-01-25 00:00:00+00:00,0.006698101784256517,1.7543898633565016,0.0,in_sample
2021-01-26 00:00:00+00:00,0.0008676773267717932,1.7559121076632542,0.0,in_sample
2021-01-27 00:00:00+00:00,-0.02709434810671064,1.708336813773438,-0.02709434810671063,in_sample
2021-01-28 00:00:00+00:00,0.22719054936548075,2.0964547929959,0.0,in_sample
2021-01-29 00:00:00+00:00,0.021611917302888296,2.1417632006113716,0.0,in_sample
2021-01-30 00:00:00+00:00,-0.011887421539799537,2.1163031586072742,-0.011887421539799381,in_sample
2021-01-31 00:00:00+00:00,0.015498545524383244,2.149102779454345,0.0,in_sample
2021-02-01 00:00:00+00:00,0.010444909442273463,2.171549963367884,0.0,in_sample
2021-02-02 00:00:00+00:00,0.004066437870625193,2.1803804363768777,0.0,in_sample
2021-02-03 00:00:00+00:00,0.0318701926372775,2.24986958090676,0.0,in_sample
2021-02-04 00:00:00+00:00,0.03027993426378426,2.3179954839187045,0.0,in_sample
2021-02-05 00:00:00+00:00,0.04556489541636877,2.4236147057190753,0.0,in_sample
2021-02-06 00:00:00+00:00,0.015758293247126846,2.4618067369698453,0.0,in_sample
2021-02-07 00:00:00+00:00,0.06498513964868544,2.621787591559905,0.0,in_sample
2021-02-08 00:00:00+00:00,0.059991719438253176,2.77907313717946,0.0,in_sample
2021-02-09 00:00:00+00:00,0.021960732644672333,2.8401036193450486,0.0,in_sample
2021-02-10 00:00:00+00:00,0.08083322577893834,3.069678356443147,0.0,in_sample
2021-02-11 00:00:00+00:00,0.01183770457981831,3.1060163019817835,0.0,in_sample
2021-02-12 00:00:00+00:00,0.02260052594933684,3.1762139040137862,0.0,in_sample
2021-02-13 00:00:00+00:00,0.003204504411768552,3.186392095481919,0.0,in_sample
2021-02-14 00:00:00+00:00,-0.026771277269859527,3.1010883092032837,-0.026771277269859506,in_sample
2021-02-15 00:00:00+00:00,-0.017546182922160595,3.0466760464722293,-0.04384772646398327,in_sample
2021-02-16 00:00:00+00:00,-0.016102497002575374,2.9976169545660922,-0.05924416558260259,in_sample
2021-02-17 00:00:00+00:00,0.021539439353183813,3.062183943163044,-0.038980812341015136,in_sample
2021-02-18 00:00:00+00:00,0.03783179226823811,3.1780318499879225,-0.002623734067709549,in_sample
2021-02-19 00:00:00+00:00,0.053906779052781614,3.3493493107479244,0.0,in_sample
2021-02-20 00:00:00+00:00,-0.0323318391858541,3.241058687455571,-0.03233183918585425,in_sample
2021-02-21 00:00:00+00:00,0.01958432923344768,3.3045326478556265,-0.013380707335745257,in_sample
2021-02-22 00:00:00+00:00,-0.01668204857463447,3.2494062737076335,-0.029839538300641788,in_sample
2021-02-23 00:00:00+00:00,-0.03703094371713439,3.129077692871863,-0.0657654957544197,in_sample
2021-02-24 00:00:00+00:00,0.03302211021841757,3.2324064413278695,-0.03491510098537354,in_sample
2021-02-25 00:00:00+00:00,-0.020903122378369395,3.1648390539081634,-0.055088388734992555,in_sample
2021-02-26 00:00:00+00:00,0.007889611486528864,3.189808404460892,-0.04763340323300169,in_sample
2021-02-27 00:00:00+00:00,-0.0009426225228661278,3.1868016192152195,-0.048531125437139666,in_sample
2021-02-28 00:00:00+00:00,-0.01888956822712136,3.1266043126027525,-0.06650396165917727,in_sample
2021-03-01 00:00:00+00:00,0.060435755919808154,3.315563007697032,-0.010087422933903523,in_sample
2021-03-02 00:00:00+00:00,-0.005238597018629626,3.2981941092098315,-0.01527317600882594,in_sample
2021-03-03 00:00:00+00:00,0.03489216726838433,3.413275249751981,0.0,in_sample
2021-03-04 00:00:00+00:00,0.0029879070292929914,3.423473798863627,0.0,in_sample
2021-03-05 00:00:00+00:00,-0.01365429225909129,3.3767286870726014,-0.013654292259091205,in_sample
2021-03-06 00:00:00+00:00,-0.0068770050119538375,3.3535069069675947,-0.020437396634744642,in_sample
2021-03-07 00:00:00+00:00,0.03269690688141657,3.4631562100309012,0.0,in_sample
2021-03-08 00:00:00+00:00,0.02537810671744153,3.5510445579082357,0.0,in_sample
2021-03-09 00:00:00+00:00,0.04032704418551883,3.6942476886997473,0.0,in_sample
2021-03-10 00:00:00+00:00,-0.013255372778345426,3.645279058450491,-0.013255372778345431,in_sample
2021-03-11 00:00:00+00:00,0.027228459880047292,3.7445343930450865,0.0,in_sample
2021-03-12 00:00:00+00:00,-0.007442990965265096,3.7166638573885273,-0.007442990965265128,in_sample
2021-03-13 00:00:00+00:00,0.018058737525723442,3.78378211446045,0.0,in_sample
2021-03-14 00:00:00+00:00,-0.03302450215626026,3.6588245938626316,-0.033024502156260294,in_sample
2021-03-15 00:00:00+00:00,-1.2245470100658191e-05,3.6587797898354637,-0.033036343225807285,in_sample
2021-03-16 00:00:00+00:00,0.004365388371822309,3.6747517845850695,-0.028815171322550626,in_sample
2021-03-17 00:00:00+00:00,0.007030263780967022,3.7005862589602816,-0.021987485796874928,in_sample
2021-03-18 00:00:00+00:00,-0.0038950368877237245,3.6861723389754277,-0.025796880616351547,in_sample
2021-03-19 00:00:00+00:00,0.015200518243482902,3.742204068862646,-0.01098848832730237,in_sample
2021-03-20 00:00:00+00:00,-0.0022125607226864586,3.733924215123603,-0.013176736352314089,in_sample
2021-03-21 00:00:00+00:00,-0.0030611829124233382,3.722493990119983,-0.016197582864574178,in_sample
2021-03-22 00:00:00+00:00,-0.02605938952970575,3.6254880692094575,-0.04183487327297242,in_sample
2021-03-23 00:00:00+00:00,-0.004128810225363438,3.6105191169973723,-0.04579095524578958,in_sample
2021-03-24 00:00:00+00:00,-0.016695137397527166,3.550241004262703,-0.06172160635392432,in_sample
2021-03-25 00:00:00+00:00,0.0016781171422442839,3.5561987245510545,-0.06014706529734937,in_sample
2021-03-26 00:00:00+00:00,0.05206563165496529,3.7413544574353867,-0.011213028589283192,in_sample
2021-03-27 00:00:00+00:00,0.0029895525159354024,3.7525394330666186,-0.008256998011178185,in_sample
2021-03-28 00:00:00+00:00,0.013894405418969653,3.8046787373003164,0.0,in_sample
2021-03-29 00:00:00+00:00,0.010484205717534612,3.8445677718713025,0.0,in_sample
2021-03-30 00:00:00+00:00,0.011902624790744783,3.8903282195424764,0.0,in_sample
2021-03-31 00:00:00+00:00,-0.0018910841742684641,3.88297128141379,-0.0018910841742684203,in_sample
2021-04-01 00:00:00+00:00,0.024607401008862537,3.9785211128414364,0.0,in_sample
2021-04-02 00:00:00+00:00,0.016332771705019875,4.043501389901078,0.0,in_sample
2021-04-03 00:00:00+00:00,-0.02467185414995059,3.943740713354316,-0.024671854149950545,in_sample
2021-04-04 00:00:00+00:00,0.03231023651517421,4.071163908557316,0.0,in_sample
2021-04-05 00:00:00+00:00,0.02601956166027916,4.177093808905126,0.0,in_sample
2021-04-06 00:00:00+00:00,0.036560955571413006,4.329812350070131,0.0,in_sample
2021-04-07 00:00:00+00:00,-0.010588907345172576,4.283964368273254,-0.010588907345172704,in_sample
2021-04-08 00:00:00+00:00,0.031663391236825704,4.4196092081105105,0.0,in_sample
2021-04-09 00:00:00+00:00,0.019010600922894146,4.503628635001047,0.0,in_sample
2021-04-10 00:00:00+00:00,0.01292111176006153,4.561820523919709,0.0,in_sample
2021-04-11 00:00:00+00:00,0.021348574151951197,4.659208887642502,0.0,in_sample
2021-04-12 00:00:00+00:00,0.007134974132135241,4.6924522225320455,0.0,in_sample
2021-04-13 00:00:00+00:00,0.0188678817987656,4.780988856413135,0.0,in_sample
2021-04-14 00:00:00+00:00,0.03486058011871187,4.947656901488793,0.0,in_sample
2021-04-15 00:00:00+00:00,0.0350853892606562,5.121247369805699,0.0,in_sample
2021-04-16 00:00:00+00:00,0.041528259358275144,5.333923858816875,0.0,in_sample
2021-04-17 00:00:00+00:00,-0.01935748883284742,5.230672487284569,-0.01935748883284738,in_sample
2021-04-18 00:00:00+00:00,0.01922153024471433,5.331214016699104,-0.0005080391451953714,in_sample
2021-04-19 00:00:00+00:00,-0.020004636840453074,5.224565016376306,-0.02050251284704807,in_sample
2021-04-20 00:00:00+00:00,0.011990936547138415,5.287212443974074,-0.008757420630515433,in_sample
2021-04-21 00:00:00+00:00,-0.032530762405641254,5.115215392171003,-0.04100329746633913,in_sample
2021-04-22 00:00:00+00:00,-0.011677200453570721,5.055483996673432,-0.05220169419613796,in_sample
2021-04-23 00:00:00+00:00,-0.00042358711600789525,5.053342558787257,-0.05260316934705067,in_sample
2021-04-24 00:00:00+00:00,-0.016782036029295542,4.968537181897317,-0.06850241709310878,in_sample
2021-04-25 00:00:00+00:00,0.009759282781208606,5.017026541264402,-0.059411668771508275,in_sample
2021-04-26 00:00:00+00:00,0.04360609893298504,5.235799496972189,-0.018396280944747323,in_sample
2021-04-27 00:00:00+00:00,0.01611195859826264,5.320158481696208,-0.002580722463428553,in_sample
2021-04-28 00:00:00+00:00,0.01073964562453103,5.377295098455969,0.0,in_sample
2021-04-29 00:00:00+00:00,-0.0053868104788776915,5.348328628871589,-0.005386810478877568,in_sample
2021-04-30 00:00:00+00:00,0.028208266768289473,5.499195709599278,0.0,in_sample
2021-05-01 00:00:00+00:00,0.013786814083462896,5.5750120984561,0.0,in_sample
2021-05-02 00:00:00+00:00,-0.01632081249280722,5.484023371352066,-0.016320812492807257,in_sample
2021-05-03 00:00:00+00:00,0.03688222990986767,5.686286382165361,0.0,in_sample
2021-05-04 00:00:00+00:00,-0.021876505491039602,5.5618903069022965,-0.02187650549103959,in_sample
2021-05-05 00:00:00+00:00,0.06247554071157159,5.909372411204466,0.0,in_sample
2021-05-06 00:00:00+00:00,0.012954106765152434,5.985923052334255,0.0,in_sample
2021-05-07 00:00:00+00:00,0.014710230870876145,6.073977362409392,0.0,in_sample
2021-05-08 00:00:00+00:00,-0.00015479433671777224,6.073037145112339,-0.0001547943367177229,in_sample
2021-05-09 00:00:00+00:00,-0.004508201829793779,6.045658667942338,-0.004662298322399394,in_sample
2021-05-10 00:00:00+00:00,-0.03692601847245801,5.822416564291723,-0.0414161566808805,in_sample
2021-05-11 00:00:00+00:00,0.025767465697977013,5.972445483391443,-0.0167158803795201,in_sample
2021-05-12 00:00:00+00:00,-0.03397927516456713,5.769506114905909,-0.05012716204505363,in_sample
2021-05-13 00:00:00+00:00,0.020922584842599158,5.890219096094922,-0.030253367003260756,in_sample
2021-05-14 00:00:00+00:00,0.022864965406414264,6.024898751963334,-0.00808014378680355,in_sample
2021-05-15 00:00:00+00:00,-0.018769930201961604,5.911811822915096,-0.0266984102538651,in_sample
2021-05-16 00:00:00+00:00,0.005288355209301137,5.943075583765217,-0.021551245721510126,in_sample
2021-05-17 00:00:00+00:00,-0.02596997343982648,5.7887340687039535,-0.04696153388235369,in_sample
2021-05-18 00:00:00+00:00,-0.026364139478723743,5.636119076311402,-0.07208757293166823,in_sample
2021-05-19 00:00:00+00:00,0.146919462897549,6.464174663829704,0.0,in_sample
2021-05-20 00:00:00+00:00,0.07852970531116304,6.971804395260137,0.0,in_sample
2021-05-21 00:00:00+00:00,0.06806594500416521,7.4463468498077106,0.0,in_sample
2021-05-22 00:00:00+00:00,0.04943156199185921,7.814431405726866,0.0,in_sample
2021-05-23 00:00:00+00:00,0.06183051676507229,8.297601737768169,0.0,in_sample
2021-05-24 00:00:00+00:00,-0.12492631118420819,7.261012960993116,-0.12492631118420816,in_sample
2021-05-25 00:00:00+00:00,-4.0291680815741264e-05,7.260720402576493,-0.12496156937396807,in_sample
2021-05-26 00:00:00+00:00,-0.058795611711746035,6.833821905039053,-0.17640998917391193,in_sample
2021-05-27 00:00:00+00:00,0.02059427961830762,6.974559544213143,-0.1594487462001145,in_sample
2021-05-28 00:00:00+00:00,0.043438803827752545,7.277526068039196,-0.12293620517912984,in_sample
2021-05-29 00:00:00+00:00,0.0250749077107594,7.460009362557925,-0.10094391146754811,in_sample
2021-05-30 00:00:00+00:00,-0.02719349355531969,7.257145646034583,-0.12539238741692615,in_sample
2021-05-31 00:00:00+00:00,-0.029800060778497853,7.040882264704341,-0.15145574742923862,in_sample
2021-06-01 00:00:00+00:00,0.003981305756780339,7.068914169797621,-0.14807743331159584,in_sample
2021-06-02 00:00:00+00:00,-0.026457396037455658,6.881889108052503,-0.17061708605171666,in_sample
2021-06-03 00:00:00+00:00,-0.028488670054493234,6.6858332399015845,-0.19424510223602354,in_sample
2021-06-04 00:00:00+00:00,0.037639840420921895,6.937486936132376,-0.16391661646581113,in_sample
2021-06-05 00:00:00+00:00,0.00311920709021577,6.959126394571839,-0.16130869924787972,in_sample
2021-06-06 00:00:00+00:00,0.0036213039761712204,6.9843275066551795,-0.15827154310568592,in_sample
2021-06-07 00:00:00+00:00,0.05566423309798771,7.373104741018321,-0.11141737407591124,in_sample
2021-06-08 00:00:00+00:00,-0.0009194029044311052,7.366325887104754,-0.11223433952301287,in_sample
2021-06-09 00:00:00+00:00,-0.02707788254852631,7.166861379919562,-0.13627315380802363,in_sample
2021-06-10 00:00:00+00:00,0.03084899956042816,7.387951883478351,-0.10962804470951737,in_sample
2021-06-11 00:00:00+00:00,0.019340822552150735,7.530840949880534,-0.09240751871683262,in_sample
2021-06-12 00:00:00+00:00,0.009990289975762701,7.606076234731188,-0.08334040664899178,in_sample
2021-06-13 00:00:00+00:00,-0.0382422394036886,7.315202846439891,-0.11839552226960903,in_sample
2021-06-14 00:00:00+00:00,-0.014771849766947166,7.207143768977537,-0.13141845116851025,in_sample
2021-06-15 00:00:00+00:00,-0.001732960775372656,7.194654071523427,-0.13292366892284768,in_sample
2021-06-16 00:00:00+00:00,0.009497124729662952,7.262982598627462,-0.12468893685646942,in_sample
2021-06-17 00:00:00+00:00,0.0008997967272759307,7.2695178065999695,-0.12390133482650445,in_sample
2021-06-18 00:00:00+00:00,0.02174675195616732,7.427606207181041,-0.10484903446584704,in_sample
2021-06-19 00:00:00+00:00,0.012387643072568323,7.519616741759192,-0.09376022380874516,in_sample
2021-06-20 00:00:00+00:00,-0.012962885657160113,7.4221408097501005,-0.10550770640548279,in_sample
2021-06-21 00:00:00+00:00,0.09156826987630666,8.101773402477248,-0.02360059466334352,in_sample
2021-06-22 00:00:00+00:00,0.011459027357706262,8.194611845542171,-0.012412007165542582,in_sample
2021-06-23 00:00:00+00:00,-0.04806305332731734,7.800753779413212,-0.0598785015305634,in_sample
2021-06-24 00:00:00+00:00,-0.013036948623967202,7.699055753162783,-0.07213481720639658,in_sample
2021-06-25 00:00:00+00:00,0.04726425922434598,8.062945920062962,-0.028279956681594443,in_sample
2021-06-26 00:00:00+00:00,-0.009887314154211159,7.983225040742884,-0.0378876580198273,in_sample
2021-06-27 00:00:00+00:00,-0.024572342845424734,7.78705849802957,-0.06152901234277863,in_sample
2021-06-28 00:00:00+00:00,-0.010028359767094003,7.708967073883922,-0.0709403370379853,in_sample
2021-06-29 00:00:00+00:00,-0.031637771583937095,7.465072534452291,-0.10033371444262718,in_sample
2021-06-30 00:00:00+00:00,-0.0010068633902357402,7.457556226211897,-0.10123955548898411,in_sample
2021-07-01 00:00:00+00:00,0.020436862647889815,7.609965278495905,-0.08287171173115604,in_sample
2021-07-02 00:00:00+00:00,0.008034555706969749,7.671107968454085,-0.07550299340862232,in_sample
2021-07-03 00:00:00+00:00,-0.013531861135335811,7.5673036006707965,-0.08801315852185054,in_sample
2021-07-04 00:00:00+00:00,-0.011667014836628697,7.479015757288496,-0.09865332253218628,in_sample
2021-07-05 00:00:00+00:00,0.01622596075827666,7.600369973476792,-0.08402810671399041,in_sample
2021-07-06 00:00:00+00:00,-0.023160043820504794,7.424345071839021,-0.10524205590084523,in_sample
2021-07-07 00:00:00+00:00,-0.012551497168057299,7.331158425695153,-0.1164726077023025,in_sample
2021-07-08 00:00:00+00:00,0.03343806429342872,7.576298172478859,-0.08692916195364675,in_sample
2021-07-09 00:00:00+00:00,-0.012235182314997132,7.483600783065801,-0.09810075012365105,in_sample
2021-07-10 00:00:00+00:00,0.011227147620243351,7.56762027378825,-0.08797499410670251,in_sample
2021-07-11 00:00:00+00:00,-0.00949102875354726,7.495795772173798,-0.09663104966158986,in_sample
2021-07-12 00:00:00+00:00,0.027464990254627644,7.70166773000723,-0.07182003024421224,in_sample
2021-07-13 00:00:00+00:00,0.018592990033672353,7.84486476135391,-0.05456238931708868,in_sample
2021-07-14 00:00:00+00:00,-0.00883300344995988,7.775571043852403,-0.06291344299397261,in_sample
2021-07-15 00:00:00+00:00,0.023850546401739357,7.961022661833825,-0.040563416583654255,in_sample
2021-07-16 00:00:00+00:00,0.027140980976846973,8.177092626454904,-0.014523366524660242,in_sample
2021-07-17 00:00:00+00:00,0.010603585041766991,8.263799123513923,-0.004073781234930296,in_sample
2021-07-18 00:00:00+00:00,-0.003356305654724284,8.236063287786168,-0.007416414034659757,in_sample
2021-07-19 00:00:00+00:00,0.025041245461285846,8.442304570210306,0.0,in_sample
2021-07-20 00:00:00+00:00,0.015177737598665558,8.570439653704971,0.0,in_sample
2021-07-21 00:00:00+00:00,-0.0493795093566247,8.147235548634459,-0.04937950935662472,in_sample
2021-07-22 00:00:00+00:00,0.004670027495712504,8.185283362660629,-0.04494008552733242,in_sample
2021-07-23 00:00:00+00:00,-0.016105496157054824,8.053455312918894,-0.060321799309629,in_sample
2021-07-24 00:00:00+00:00,-0.0041234243615499875,8.02024749908695,-0.06419649129437299,in_sample
2021-07-25 00:00:00+00:00,-0.000676714099470572,8.014820084523075,-0.06482976272304819,in_sample
2021-07-26 00:00:00+00:00,-0.005633812621144647,7.969666089974686,-0.07009833660873788,in_sample
2021-07-27 00:00:00+00:00,-0.006627354340765068,7.916848288818843,-0.0762611244340986,in_sample
2021-07-28 00:00:00+00:00,-0.01568910362680012,7.79264003561791,-0.09075375937695584,in_sample
2021-07-29 00:00:00+00:00,0.01688285342514987,7.924202035134202,-0.07540308836914833,in_sample
2021-07-30 00:00:00+00:00,0.020577733682688195,8.08726415426101,-0.05637697935777264,in_sample
2021-07-31 00:00:00+00:00,0.008692262057954925,8.157560773621752,-0.048174760778431414,in_sample
2021-08-01 00:00:00+00:00,-0.007589194933709044,8.095651454727157,-0.05539834806170818,in_sample
2021-08-02 00:00:00+00:00,0.022543359087166835,8.278154632515617,-0.03410385382773218,in_sample
2021-08-03 00:00:00+00:00,-0.013779672696420648,8.164084371149194,-0.047413586580720146,in_sample
2021-08-04 00:00:00+00:00,0.026419378310546575,8.379774404709806,-0.022246845751109245,in_sample
2021-08-05 00:00:00+00:00,0.00847045733722877,8.450754926300503,-0.01396482937170318,in_sample
2021-08-06 00:00:00+00:00,0.012148875419322924,8.553422095099357,-0.001985610924669201,in_sample
2021-08-07 00:00:00+00:00,0.03944086607248608,8.890776470413615,0.0,in_sample
2021-08-08 00:00:00+00:00,-0.027424712091721603,8.646949485440668,-0.027424712091721593,in_sample
2021-08-09 00:00:00+00:00,0.02571243798344013,8.869283637831002,-0.0024174303171534683,in_sample
2021-08-10 00:00:00+00:00,0.014559256390966875,8.998413812318391,0.0,in_sample
2021-08-11 00:00:00+00:00,-0.004966039068829708,8.953727337768921,-0.004966039068829753,in_sample
2021-08-12 00:00:00+00:00,0.00192479149731496,8.970961396017936,-0.003050806161289721,in_sample
2021-08-13 00:00:00+00:00,0.04078696204655809,9.336859657998458,0.0,in_sample
2021-08-14 00:00:00+00:00,-0.0019112916479032578,9.31901419611648,-0.0019112916479032682,in_sample
2021-08-15 00:00:00+00:00,0.024019025518871303,9.542847835903725,0.0,in_sample
2021-08-16 00:00:00+00:00,0.009392776847405249,9.63248167611511,0.0,in_sample
2021-08-17 00:00:00+00:00,0.007770535873996029,9.707331220534973,0.0,in_sample
2021-08-18 00:00:00+00:00,0.03486721506518795,10.04579882591038,0.0,in_sample
2021-08-19 00:00:00+00:00,0.010689948782040644,10.153187900834046,0.0,in_sample
2021-08-20 00:00:00+00:00,0.02998163112114353,10.45759703518051,0.0,in_sample
2021-08-21 00:00:00+00:00,0.03545367634425003,10.82835729580439,0.0,in_sample
2021-08-22 00:00:00+00:00,-0.01557463917558486,10.659709538057925,-0.01557463917558477,in_sample
2021-08-23 00:00:00+00:00,0.026157245502843054,10.938538177433905,0.0,in_sample
2021-08-24 00:00:00+00:00,-0.024257211394163255,10.673199744520765,-0.02425721139416326,in_sample
2021-08-25 00:00:00+00:00,0.00753157663243479,10.753585766309907,-0.016908329808232758,in_sample
2021-08-26 00:00:00+00:00,-0.028196315271737743,10.450374271741362,-0.04462789248197907,in_sample
2021-08-27 00:00:00+00:00,0.03913392491287789,10.85933843380316,-0.0072404321625109125,in_sample
2021-08-28 00:00:00+00:00,0.009525028269064578,10.962773939368475,0.0,in_sample
2021-08-29 00:00:00+00:00,-0.0005910026618149429,10.956294910789433,-0.0005910026618148878,in_sample
2021-08-30 00:00:00+00:00,0.0010207622256874064,10.967478682767858,0.0,in_sample
2021-08-31 00:00:00+00:00,-0.034410120449218345,10.590086420269582,-0.03441012044921832,in_sample
2021-09-01 00:00:00+00:00,0.02669520009824676,10.872790896316404,-0.008633505401768216,in_sample
2021-09-02 00:00:00+00:00,0.008310354820799254,10.96314764655715,-0.00039489807420489687,in_sample
2021-09-03 00:00:00+00:00,0.014925170527005512,11.126774494694754,0.0,in_sample
2021-09-04 00:00:00+00:00,0.003534513482235469,11.166102229160048,0.0,in_sample
2021-09-05 00:00:00+00:00,0.01813353084621312,11.368583088364492,0.0,in_sample
2021-09-06 00:00:00+00:00,0.01527094589593288,11.542192105620323,0.0,in_sample
2021-09-07 00:00:00+00:00,-0.01307384368160653,11.39129129028837,-0.013073843681606578,in_sample
2021-09-08 00:00:00+00:00,0.008619186286089877,11.489474951958478,-0.004567343289683667,in_sample
2021-09-09 00:00:00+00:00,0.006577824313020177,11.565050699641306,0.0,in_sample
2021-09-10 00:00:00+00:00,0.012884082471669113,11.71405576664452,0.0,in_sample
2021-09-11 00:00:00+00:00,0.0009428322351156297,11.725100156025256,0.0,in_sample
2021-09-12 00:00:00+00:00,0.015146041973375747,11.90268901513045,0.0,in_sample
2021-09-13 00:00:00+00:00,-0.02161235385931753,11.64544388825804,-0.02161235385931748,in_sample
2021-09-14 00:00:00+00:00,0.006494058800503567,11.721070085626353,-0.015258646955593536,in_sample
2021-09-15 00:00:00+00:00,0.011942057320717554,11.861043776449051,-0.0034988092714562935,in_sample
2021-09-16 00:00:00+00:00,0.0013470523743010893,11.877021223629807,-0.0021564699764914375,in_sample
2021-09-17 00:00:00+00:00,-0.00684666016688948,11.79570329551668,-0.008988365526291786,in_sample
2021-09-18 00:00:00+00:00,0.00961497685202381,11.909118709656411,0.0,in_sample
2021-09-19 00:00:00+00:00,-0.01364823837952951,11.746580218616906,-0.013648238379529554,in_sample
2021-09-20 00:00:00+00:00,-0.0523079709906325,11.132140441302356,-0.06524229771293222,in_sample
2021-09-21 00:00:00+00:00,-0.016339697323880777,10.950244635924543,-0.08051595563946923,in_sample
2021-09-22 00:00:00+00:00,0.059738857780620276,11.60439974289304,-0.02558702908186583,in_sample
2021-09-23 00:00:00+00:00,0.021760981538868397,11.856922871467786,-0.004382846410482366,in_sample
2021-09-24 00:00:00+00:00,0.025632105701708853,12.160840771806257,0.0,in_sample
2021-09-25 00:00:00+00:00,-0.019691739445636156,11.92137266388798,-0.01969173944563618,in_sample
2021-09-26 00:00:00+00:00,-0.0008891894790001192,11.91077230474001,-0.020563419237097924,in_sample
2021-09-27 00:00:00+00:00,0.01450069289048824,12.083486756019578,-0.006360910173745293,in_sample
2021-09-28 00:00:00+00:00,0.01806867838881139,12.301819392029557,0.0,in_sample
2021-09-29 00:00:00+00:00,-0.007772636477322951,12.20620182188563,-0.007772636477322958,in_sample
2021-09-30 00:00:00+00:00,-0.02095011829580185,11.950480449774695,-0.028559917119454492,in_sample
2021-10-01 00:00:00+00:00,-0.04311164859179398,11.435275536120905,-0.0704403006005837,in_sample
2021-10-02 00:00:00+00:00,-0.00978180716243463,11.323417875977265,-0.07953307432607948,in_sample
2021-10-03 00:00:00+00:00,0.006875630642670135,11.401273514905093,-0.07320428372635146,in_sample
2021-10-04 00:00:00+00:00,-0.001988960774698379,11.378596829102339,-0.07504764405217834,in_sample
2021-10-05 00:00:00+00:00,0.006596350793744927,11.453654045327692,-0.06894633384484561,in_sample
2021-10-06 00:00:00+00:00,-0.012314470071629835,11.312608365375702,-0.08041176635179448,in_sample
2021-10-07 00:00:00+00:00,0.0035287857182149116,11.352528136211198,-0.07716673652625827,in_sample
2021-10-08 00:00:00+00:00,-0.0025836736968399775,11.323196907873033,-0.07955103655566442,in_sample
2021-10-09 00:00:00+00:00,0.01298606234667442,11.470240648882344,-0.06759802892944433,in_sample
2021-10-10 00:00:00+00:00,-0.03248330322586677,11.097649343811035,-0.09788552488412505,in_sample
2021-10-11 00:00:00+00:00,0.002829925914162602,11.129054869275377,-0.09533260775345342,in_sample
2021-10-12 00:00:00+00:00,-0.004186556373322199,11.082462453683359,-0.09912004879019998,in_sample
2021-10-13 00:00:00+00:00,-0.008217021702808152,10.991397619180887,-0.10652259890091564,in_sample
2021-10-14 00:00:00+00:00,0.0008285721963760932,11.000504785647456,-0.10578228836827441,in_sample
2021-10-15 00:00:00+00:00,0.012926439371159903,11.142702143811283,-0.09422323733424953,in_sample
2021-10-16 00:00:00+00:00,0.003330354276422187,11.179811289546825,-0.0912066798192217,in_sample
2021-10-17 00:00:00+00:00,0.005218238549117394,11.238150211789794,-0.08646437948267416,in_sample
2021-10-18 00:00:00+00:00,0.0017977868498361914,11.258354010457033,-0.08482203715725112,in_sample
2021-10-19 00:00:00+00:00,0.002993828712003149,11.292059593943435,-0.08208215109549999,in_sample
2021-10-20 00:00:00+00:00,0.029434814485424936,11.624439273249521,-0.055063409500135885,in_sample
2021-10-21 00:00:00+00:00,0.021179337862269453,11.870637200077109,-0.03505027819151807,in_sample
2021-10-22 00:00:00+00:00,0.01673718822440598,12.069318289238437,-0.018899733070521285,in_sample
2021-10-23 00:00:00+00:00,0.0007575752801396499,12.078461706422502,-0.018156475760957025,in_sample
2021-10-24 00:00:00+00:00,0.016179926916755107,12.273890334099242,-0.0022703192950800366,in_sample
2021-10-25 00:00:00+00:00,0.023112914631108216,12.557575713582862,0.0,in_sample
2021-10-26 00:00:00+00:00,-0.016959496071043655,12.34460555760652,-0.016959496071043634,in_sample
2021-10-27 00:00:00+00:00,-0.012891845166991812,12.18546081411027,-0.02963270204057744,in_sample
2021-10-28 00:00:00+00:00,0.038771376154975314,12.65790789895585,0.0,in_sample
2021-10-29 00:00:00+00:00,0.007491915416342499,12.75273987428268,0.0,in_sample
2021-10-30 00:00:00+00:00,-0.004483974117056982,12.695556918764835,-0.004483974117057032,in_sample
2021-10-31 00:00:00+00:00,0.008193066323829889,12.799572458618233,0.0,in_sample
2021-11-01 00:00:00+00:00,0.007748495644654679,12.898749890067279,0.0,in_sample
2021-11-02 00:00:00+00:00,0.019599531629181842,13.15155934651456,0.0,in_sample
2021-11-03 00:00:00+00:00,0.004340812885912815,13.208647804795758,0.0,in_sample
2021-11-04 00:00:00+00:00,-0.0008287265663505957,13.197701447454355,-0.0008287265663506904,in_sample
2021-11-05 00:00:00+00:00,-0.002600323449366476,13.163383154902801,-0.0034268950585935043,in_sample
2021-11-06 00:00:00+00:00,0.024001386761853268,13.479322605098089,0.0,in_sample
2021-11-07 00:00:00+00:00,0.0029489339971901177,13.519072237787357,0.0,in_sample
2021-11-08 00:00:00+00:00,0.0034953300378568536,13.566325857064053,0.0,in_sample
2021-11-09 00:00:00+00:00,0.0008671119878894129,13.578089380846325,0.0,in_sample
2021-11-10 00:00:00+00:00,-0.01216846653701319,13.412864854578922,-0.0121684665370132,in_sample
2021-11-11 00:00:00+00:00,0.016244076672808562,13.63074445967872,0.0,in_sample
2021-11-12 00:00:00+00:00,-0.002477773520919979,13.596970561986103,-0.0024777735209198237,in_sample
2021-11-13 00:00:00+00:00,0.01311245655612293,13.775260247775028,0.0,in_sample
2021-11-14 00:00:00+00:00,0.003682203173753279,13.825983554778663,0.0,in_sample
2021-11-15 00:00:00+00:00,-0.012288341626952031,13.656085145528921,-0.012288341626952026,in_sample
2021-11-16 00:00:00+00:00,-0.022283304862075456,13.35178243700864,-0.03429782162630479,in_sample
2021-11-17 00:00:00+00:00,-0.0018626233824024453,13.326913094844718,-0.03609656108418058,in_sample
2021-11-18 00:00:00+00:00,-0.016682587513183827,13.104585700859376,-0.05217696455815257,in_sample
2021-11-19 00:00:00+00:00,0.04271270641103892,13.664318022538481,-0.011692877515705247,in_sample
2021-11-20 00:00:00+00:00,0.022686265596134778,13.97431037038784,0.0,in_sample
2021-11-21 00:00:00+00:00,0.012707966320115428,14.15189543592157,0.0,in_sample
2021-11-22 00:00:00+00:00,-0.0009410902555523296,14.138577225029229,-0.0009410902555523348,in_sample
2021-11-23 00:00:00+00:00,0.005923560290077855,14.22232793963761,0.0,in_sample
2021-11-24 00:00:00+00:00,0.006142722612301676,14.309691755071992,0.0,in_sample
2021-11-25 00:00:00+00:00,0.01735420278989927,14.558025047650458,0.0,in_sample
2021-11-26 00:00:00+00:00,-0.04065402597701336,13.966182719189264,-0.0406540259770134,in_sample
2021-11-27 00:00:00+00:00,0.006219690655405192,14.053048055339488,-0.034687190787082045,in_sample
2021-11-28 00:00:00+00:00,0.0050138749048053936,14.123508280320179,-0.029847233117682226,in_sample
2021-11-29 00:00:00+00:00,0.0028347788766172437,14.163545303256958,-0.027097064547032534,in_sample
2021-11-30 00:00:00+00:00,7.284249664528657e-05,14.164577011258194,-0.027026195868220748,in_sample
2021-12-01 00:00:00+00:00,0.002675827732613429,14.202478979245656,-0.024422685580018588,in_sample
2021-12-02 00:00:00+00:00,-0.020947198289175063,13.904976835869558,-0.04485829703159472,in_sample
2021-12-03 00:00:00+00:00,-0.02017596008954607,13.624430578182992,-0.06412919791054628,in_sample
2021-12-04 00:00:00+00:00,-0.01947134813983639,13.359144547188158,-0.08235186411193796,in_sample
2021-12-05 00:00:00+00:00,-0.017414304687288246,13.126504333681899,-0.09833206834601471,in_sample
2021-12-06 00:00:00+00:00,0.006380926148242105,13.210263588419703,-0.09257859186389239,in_sample
2021-12-07 00:00:00+00:00,-0.005025439035853091,13.14387621410855,-0.09713878283030841,in_sample
2021-12-08 00:00:00+00:00,0.023109736650363814,13.44762773198158,-0.07627389786968986,in_sample
2021-12-09 00:00:00+00:00,-0.025432732436031443,13.105617813974737,-0.0997667766693483,in_sample
2021-12-10 00:00:00+00:00,-0.021840394150705853,12.819385955329016,-0.11942822509445017,in_sample
2021-12-11 00:00:00+00:00,0.02406625799264776,13.12790060503729,-0.09823615757852944,in_sample
2021-12-12 00:00:00+00:00,0.0014249860268551295,13.146607679961411,-0.09695115670355559,in_sample
2021-12-13 00:00:00+00:00,-0.03787950474631658,12.64862069195035,-0.13115819964935904,in_sample
2021-12-14 00:00:00+00:00,0.021360850615182635,12.918805989039209,-0.11259899974384269,in_sample
2021-12-15 00:00:00+00:00,0.03145576311299663,13.325176889933187,-0.08468512409354878,in_sample
2021-12-16 00:00:00+00:00,-0.018458661745767352,13.079211957019394,-0.10158061177877509,in_sample
2021-12-17 00:00:00+00:00,0.006238891734739564,13.16081174439495,-0.09597547048327182,in_sample
2021-12-18 00:00:00+00:00,-0.01138476908403695,13.010978941726531,-0.10626758099812494,in_sample
2021-12-19 00:00:00+00:00,0.007263403439902062,13.105482930928362,-0.09977604187159472,in_sample
2021-12-20 00:00:00+00:00,0.0004007564660447829,13.110735037953573,-0.09941527129948624,in_sample
2021-12-21 00:00:00+00:00,-0.015846336550809192,12.902977918113674,-0.11368624000299377,in_sample
2021-12-22 00:00:00+00:00,-0.009161779759586522,12.784763676185108,-0.12180645146997737,in_sample
2021-12-23 00:00:00+00:00,0.030988577754293527,13.180945319434837,-0.09459248240803586,in_sample
2021-12-24 00:00:00+00:00,-0.006204063551580634,13.099169897003154,-0.10020968818725529,in_sample
2021-12-25 00:00:00+00:00,-0.013111027060681252,12.927426326011085,-0.11200686331437093,in_sample
2021-12-26 00:00:00+00:00,-0.00019933764280051296,12.924849403319781,-0.11218387377306083,in_sample
2021-12-27 00:00:00+00:00,0.004207954430231135,12.979236580626552,-0.10844798397147348,in_sample
2021-12-28 00:00:00+00:00,0.03876796141415287,13.482415123569444,-0.0738843298153693,in_sample
2021-12-29 00:00:00+00:00,0.0029217052506128483,13.521806766626918,-0.07117849279911614,in_sample
2021-12-30 00:00:00+00:00,-0.007011105629979908,13.42700395107792,-0.07769055849749873,in_sample
2021-12-31 00:00:00+00:00,0.004022632915126417,13.48101585912306,-0.07398044618017874,in_sample
2022-01-01 00:00:00+00:00,-0.01093003746684651,13.333667850691693,-0.08410187459846186,in_sample
2022-01-02 00:00:00+00:00,-0.0003550744750632495,13.328933405578942,-0.08442708664455012,in_sample
2022-01-03 00:00:00+00:00,0.0005232897345977643,13.335908299603219,-0.08394797673771548,in_sample
2022-01-04 00:00:00+00:00,0.009590967960974835,13.463812568835213,-0.07516215113202063,in_sample
2022-01-05 00:00:00+00:00,0.026533648927847923,13.821056644767031,-0.05062282833497167,in_sample
2022-01-06 00:00:00+00:00,-0.0058958224622697565,13.73957014854851,-0.05622018758884051,in_sample
2022-01-07 00:00:00+00:00,0.024012256501662554,14.069488231178044,-0.03355790465213282,in_sample
2022-01-08 00:00:00+00:00,0.007738110108108382,14.178359480275635,-0.026079469305219982,in_sample
2022-01-09 00:00:00+00:00,-0.006292455827968564,14.08914277953294,-0.03220782122456867,in_sample
2022-01-10 00:00:00+00:00,0.006731769912633683,14.183987646991,-0.025692866953806015,in_sample
2022-01-11 00:00:00+00:00,-0.024100103982901966,13.84215206980632,-0.04917377017150237,in_sample
2022-01-12 00:00:00+00:00,-0.022624456481323375,13.528980902695126,-0.07068569682955805,in_sample
2022-01-13 00:00:00+00:00,0.0036226768935043014,13.577992029203982,-0.06731909137665937,in_sample
2022-01-14 00:00:00+00:00,-0.006536695895489275,13.489236824437697,-0.07341574284385888,in_sample
2022-01-15 00:00:00+00:00,-0.00544335478266435,13.415810122654902,-0.07845946969159123,in_sample
2022-01-16 00:00:00+00:00,0.006870128818713201,13.507978466404937,-0.07212836753670715,in_sample
2022-01-17 00:00:00+00:00,0.018037005119239204,13.751621943154055,-0.055392342151969975,in_sample
2022-01-18 00:00:00+00:00,0.008516578112869357,13.868738705611573,-0.04734751724789277,in_sample
2022-01-19 00:00:00+00:00,0.015317737716076186,14.081176407556926,-0.03275503638252719,in_sample
2022-01-20 00:00:00+00:00,0.018563096144295438,14.34256663903519,-0.014799975127810394,in_sample
2022-01-21 00:00:00+00:00,0.050367889667891436,15.064971453064496,0.0,in_sample
2022-01-22 00:00:00+00:00,0.0335360174446415,15.570190598517494,0.0,in_sample
2022-01-23 00:00:00+00:00,-0.021689522925682596,15.232480592573701,-0.021689522925682603,in_sample
2022-01-24 00:00:00+00:00,0.018511360440401053,15.514454531224246,-0.0035796650619391857,in_sample
2022-01-25 00:00:00+00:00,-0.023222332993423727,15.154172701888825,-0.026718869881289686,in_sample
2022-01-26 00:00:00+00:00,0.009425048624396387,15.297001516466626,-0.01754564790471347,in_sample
2022-01-27 00:00:00+00:00,0.0025897943353942353,15.33661760434249,-0.015001293188873555,in_sample
2022-01-28 00:00:00+00:00,-0.004044891256871169,15.274582653884709,-0.018985505846083273,in_sample
2022-01-29 00:00:00+00:00,-0.01653922849659613,15.021952841181966,-0.03521072872336761,in_sample
2022-01-30 00:00:00+00:00,0.013595120809737437,15.226178104856011,-0.022094302024423307,in_sample
2022-01-31 00:00:00+00:00,-0.010982339312548812,15.058959050475181,-0.032833994215266005,in_sample
2022-02-01 00:00:00+00:00,-0.012350276466915633,14.872976742897851,-0.044778761776109954,in_sample
2022-02-02 00:00:00+00:00,0.021415037685771646,15.191482100346613,-0.024322662961295927,in_sample
2022-02-03 00:00:00+00:00,-0.00043116386243850476,15.184932082248062,-0.02474333977042731,in_sample
2022-02-04 00:00:00+00:00,-0.04004946864469414,14.576783620948259,-0.0638018508048207,in_sample
2022-02-05 00:00:00+00:00,-0.01368638203165903,14.37728019151913,-0.07661501633203804,in_sample
2022-02-06 00:00:00+00:00,-0.016482460990378846,14.140307231614669,-0.09183467330444695,in_sample
2022-02-07 00:00:00+00:00,-0.011145436056410007,13.982707341546714,-0.10195657188178098,in_sample
2022-02-08 00:00:00+00:00,0.004941677191444177,14.051805367491074,-0.09751873115612286,in_sample
2022-02-09 00:00:00+00:00,-0.0006326862206675827,14.042914983859559,-0.09808971861933102,in_sample
2022-02-10 00:00:00+00:00,0.016600427139026062,14.276033370868657,-0.0831176227073328,in_sample
2022-02-11 00:00:00+00:00,0.01587069412722922,14.502603929847831,-0.068566062946674,in_sample
2022-02-12 00:00:00+00:00,-0.003914425383433313,14.445834568898954,-0.07221209159286679,in_sample
2022-02-13 00:00:00+00:00,0.00716365583065523,14.549319555937126,-0.06556573833319479,in_sample
2022-02-14 00:00:00+00:00,-0.006490185120288677,14.454891778644859,-0.07163038967415258,in_sample
2022-02-15 00:00:00+00:00,-0.02763208345173324,14.05547300273157,-0.09728317622072946,in_sample
2022-02-16 00:00:00+00:00,-0.0022764634979473676,14.023476231494467,-0.099338178119046,in_sample
2022-02-17 00:00:00+00:00,0.02877411133383402,14.426989297866864,-0.07342243458210962,in_sample
2022-02-18 00:00:00+00:00,0.0073486693372623035,14.533008471749111,-0.06661332243852791,in_sample
2022-02-19 00:00:00+00:00,0.0015099739056205705,14.554952935311615,-0.06520393291155624,in_sample
2022-02-20 00:00:00+00:00,0.018163569139541272,14.819322829274915,-0.04822469991562417,in_sample
2022-02-21 00:00:00+00:00,0.025939239034223988,15.203724786468808,-0.023536372899865432,in_sample
2022-02-22 00:00:00+00:00,-0.014341639216978454,14.985678450827038,-0.03754046194823779,in_sample
2022-02-23 00:00:00+00:00,0.011872663298189562,15.163598365368642,-0.026113503914818148,in_sample
2022-02-24 00:00:00+00:00,0.002048515159603786,15.194661226494242,-0.0241184826638543,in_sample
2022-02-25 00:00:00+00:00,-0.015376221643777423,14.961024747673557,-0.03912385317248057,in_sample
2022-02-26 00:00:00+00:00,0.0010686080094782504,14.977012218548921,-0.03809705322586421,in_sample
2022-02-27 00:00:00+00:00,0.01698422446053428,15.23138515581692,-0.02175987766860299,in_sample
2022-02-28 00:00:00+00:00,-0.048821422420257186,14.487767267079146,-0.06951895190938828,in_sample
2022-03-01 00:00:00+00:00,-0.0308625382781631,14.040637995233798,-0.09823595887319014,in_sample
2022-03-02 00:00:00+00:00,0.005369586488492745,14.116030415302825,-0.0933938588621468,in_sample
2022-03-03 00:00:00+00:00,0.008461448808202673,14.235472484036942,-0.08572265740970675,in_sample
2022-03-04 00:00:00+00:00,0.018242855907980943,14.495168157345256,-0.06904362758890026,in_sample
2022-03-05 00:00:00+00:00,-0.00021153409993456777,14.492101934995691,-0.06924055660721662,in_sample
2022-03-06 00:00:00+00:00,0.01539444688083591,14.715199828425643,-0.05491202979706988,in_sample
2022-03-07 00:00:00+00:00,0.010246423517160114,14.865977998007335,-0.045228258193397486,in_sample
2022-03-08 00:00:00+00:00,-0.008096170851869727,14.745620500255331,-0.052958253339600914,in_sample
2022-03-09 00:00:00+00:00,-0.03434151812226184,14.239233506621817,-0.08548110464507752,in_sample
2022-03-10 00:00:00+00:00,-0.0006983012375734845,14.229290232242045,-0.08611971432148824,in_sample
2022-03-11 00:00:00+00:00,0.005003522845868557,14.30048681099956,-0.08154709343370703,in_sample
2022-03-12 00:00:00+00:00,-0.008492468241978541,14.179040380912314,-0.08934702557447416,in_sample
2022-03-13 00:00:00+00:00,0.006925211039034318,14.277233227881121,-0.08304056154325312,in_sample
2022-03-14 00:00:00+00:00,-0.011457931915319401,14.113645661616923,-0.09354702035820006,in_sample
2022-03-15 00:00:00+00:00,0.0029999930185991954,14.155986500068755,-0.09082766774758633,in_sample
2022-03-16 00:00:00+00:00,-0.023667554399949355,13.820948919493429,-0.1123455533800991,in_sample
2022-03-17 00:00:00+00:00,-0.0041705341972513195,13.763308179386218,-0.11604754660506955,in_sample
2022-03-18 00:00:00+00:00,-0.01856119463097653,13.50784473750252,-0.13245476013706203,in_sample
2022-03-19 00:00:00+00:00,-0.0043973165802849495,13.448446467874385,-0.13626963120445867,in_sample
2022-03-20 00:00:00+00:00,0.00969661928174494,13.57885093320429,-0.12789436665616716,in_sample
2022-03-21 00:00:00+00:00,-0.008537466649218884,13.462921946227345,-0.13533993941543598,in_sample
2022-03-22 00:00:00+00:00,-0.004802763984641412,13.398262709575967,-0.13949269761336935,in_sample
2022-03-23 00:00:00+00:00,-0.012842247899438837,13.226198898437785,-0.1505435457098958,in_sample
2022-03-24 00:00:00+00:00,-0.018305496062530603,12.984086766580186,-0.1660932674891945,in_sample
2022-03-25 00:00:00+00:00,-0.0034454977503489657,12.939350124835597,-0.16896649126006136,in_sample
2022-03-26 00:00:00+00:00,0.005836354267294904,13.014868756152705,-0.16411628529506195,in_sample
2022-03-27 00:00:00+00:00,-0.01435151387435947,12.828085686625812,-0.17611248202400098,in_sample
2022-03-28 00:00:00+00:00,-0.009724204097132367,12.703342763233561,-0.18412413240187941,in_sample
2022-03-29 00:00:00+00:00,0.019548565699322864,12.95167489384165,-0.16817492940164547,in_sample
2022-03-30 00:00:00+00:00,-0.00019684876296668908,12.94912537266045,-0.1683386731377975,in_sample
2022-03-31 00:00:00+00:00,-0.01580273508696155,12.744493774788445,-0.1814811967682718,in_sample
2022-04-01 00:00:00+00:00,0.022466222426675862,13.030814406648227,-0.1630921712744513,in_sample
2022-04-02 00:00:00+00:00,-0.01246689514496991,12.868360609786981,-0.17352581342117712,in_sample
2022-04-03 00:00:00+00:00,0.01095999320029016,13.009397754569129,-0.16446766195605778,in_sample
2022-04-04 00:00:00+00:00,-0.001248722857206513,12.993152622234506,-0.16551101028450854,in_sample
2022-04-05 00:00:00+00:00,-0.0036264594878436486,12.946033480630602,-0.16853725079876347,in_sample
2022-04-06 00:00:00+00:00,-0.028988795354261125,12.570743565411188,-0.19264035428004944,in_sample
2022-04-07 00:00:00+00:00,0.02179694991832042,12.844747433342505,-0.1750423765162188,in_sample
2022-04-08 00:00:00+00:00,-0.0113023828797862,12.699571179856717,-0.18436636343643098,in_sample
2022-04-09 00:00:00+00:00,0.008566029499629313,12.808356081216012,-0.17737962164473753,in_sample
2022-04-10 00:00:00+00:00,-0.011999019701786134,12.654668364250007,-0.18725025977171317,in_sample
2022-04-11 00:00:00+00:00,-0.026743236756509085,12.316241572109764,-0.20898581849842945,in_sample
2022-04-12 00:00:00+00:00,-0.02173105191358863,12.048596687125949,-0.22617538874102483,in_sample
2022-04-13 00:00:00+00:00,0.015794776880661984,12.238901583524186,-0.2139530016614244,in_sample
2022-04-14 00:00:00+00:00,-0.007943793540445854,12.141678276182834,-0.22019719672931326,in_sample
2022-04-15 00:00:00+00:00,0.00413305737280856,12.191860529100483,-0.21697422700391844,in_sample
2022-04-16 00:00:00+00:00,-0.00016857604443751653,12.189805273478152,-0.21710622639142274,in_sample
2022-04-17 00:00:00+00:00,-0.03015706087019552,11.822196573850041,-0.24071600157703366,in_sample
2022-04-18 00:00:00+00:00,0.008260907606863878,11.919858647456799,-0.23444362661869145,in_sample
2022-04-19 00:00:00+00:00,-0.018501028247824874,11.699329005910121,-0.24860720670792136,in_sample
2022-04-20 00:00:00+00:00,-0.0024193830530054314,11.671023847581687,-0.25042511369816267,in_sample
2022-04-21 00:00:00+00:00,-0.007091037637812214,11.588264178206682,-0.2557403774292878,in_sample
2022-04-22 00:00:00+00:00,-0.0045813029161238285,11.53517482973425,-0.25915005620852416,in_sample
2022-04-23 00:00:00+00:00,0.013717454967974007,11.693408071008836,-0.24898748046653862,in_sample
2022-04-24 00:00:00+00:00,0.001671680462480157,11.712955712820948,-0.24773202751055656,in_sample
2022-04-25 00:00:00+00:00,-0.018746664583905528,11.493376860786555,-0.26183454286803076,in_sample
2022-04-26 00:00:00+00:00,0.03125976015246508,11.852657064796635,-0.2387596677252507,in_sample
2022-04-27 00:00:00+00:00,-0.00427088551724984,11.802035723397665,-0.24201083803550938,in_sample
2022-04-28 00:00:00+00:00,0.00748673731379173,11.890394464626729,-0.23633597229318015,in_sample
2022-04-29 00:00:00+00:00,0.023959182219168804,12.175278592262515,-0.21803920669912824,in_sample
2022-04-30 00:00:00+00:00,0.02234281504315931,12.447308589948372,-0.2005680013234048,in_sample
2022-05-01 00:00:00+00:00,-0.021920776085292755,12.174453925483574,-0.21809217116181245,in_sample
2022-05-02 00:00:00+00:00,0.0010589946827721968,12.187346607456316,-0.21726413492865482,in_sample
2022-05-03 00:00:00+00:00,0.0028718806223581913,12.222347212016233,-0.21501621096533163,in_sample
2022-05-04 00:00:00+00:00,-0.03801032851947474,11.75777177920841,-0.24485370266900142,in_sample
2022-05-05 00:00:00+00:00,0.03044613900626585,12.115750533202139,-0.22186241353039493,in_sample
2022-05-06 00:00:00+00:00,0.009496702979485528,12.230810217389502,-0.21447267199451936,in_sample
2022-05-07 00:00:00+00:00,0.013691956968274592,12.39827394457313,-0.2037172656220647,in_sample
2022-05-08 00:00:00+00:00,0.006107138599367672,12.473991921945567,-0.1988542565989352,in_sample
2022-05-09 00:00:00+00:00,0.052738229111714455,13.131848165862808,-0.15660324883157506,in_sample
2022-05-10 00:00:00+00:00,-0.017213914226356822,12.905797657902104,-0.17112140816497634,in_sample
2022-05-11 00:00:00+00:00,0.05801487782734546,13.654525932289737,-0.1230341179259653,in_sample
2022-05-12 00:00:00+00:00,0.00043175483361956434,13.660421339861784,-0.12265548366746049,in_sample
2022-05-13 00:00:00+00:00,-0.02293279872501254,13.347149646775868,-0.14277544887300808,in_sample
2022-05-14 00:00:00+00:00,-0.01333122943124625,13.169215732581522,-0.1542033060381791,in_sample
2022-05-15 00:00:00+00:00,-0.01829885477322909,12.928234166413688,-0.16968041690866376,in_sample
2022-05-16 00:00:00+00:00,0.0273915536026601,13.28235858557075,-0.1469366735410791,in_sample
2022-05-17 00:00:00+00:00,-0.010095438385895751,13.148267352850747,-0.15554872179261237,in_sample
2022-05-18 00:00:00+00:00,0.03873035232334238,13.657504379868158,-0.12284282626774334,in_sample
2022-05-19 00:00:00+00:00,-0.007677122653545932,13.552654043602569,-0.1295768694769236,in_sample
2022-05-20 00:00:00+00:00,0.013766568586040915,13.739227585016708,-0.11759412975170125,in_sample
2022-05-21 00:00:00+00:00,0.009326970701735705,13.867372958166637,-0.10936395605285587,in_sample
2022-05-22 00:00:00+00:00,-0.013687869763443357,13.677558163154156,-0.12155486622903278,in_sample
2022-05-23 00:00:00+00:00,0.016411778045710337,13.902031211935135,-0.10713801966824932,in_sample
2022-05-24 00:00:00+00:00,0.007820805923640517,14.010756299988072,-0.10015511940347743,in_sample
2022-05-25 00:00:00+00:00,0.007452320611677887,14.11516894794767,-0.09344918685249515,in_sample
2022-05-26 00:00:00+00:00,0.03297436437038592,14.580607671986852,-0.06355625001949972,in_sample
2022-05-27 00:00:00+00:00,0.009630271280582513,14.721022879303828,-0.05453804266818152,in_sample
2022-05-28 00:00:00+00:00,-0.003917418760197165,14.663354468107151,-0.05824181307688592,in_sample
2022-05-29 00:00:00+00:00,0.04958613794636467,15.390453585519156,-0.011543661707998032,in_sample
2022-05-30 00:00:00+00:00,-0.01885070313433015,15.100332713875847,-0.030176758702387563,in_sample
2022-05-31 00:00:00+00:00,-0.0010041748819460414,15.085169339055545,-0.031150630841226157,in_sample
2022-06-01 00:00:00+00:00,0.028911455042112382,15.521303534204302,-0.003139785862213307,in_sample
2022-06-02 00:00:00+00:00,-0.013235683994650464,15.315868465440522,-0.016333912643380688,in_sample
2022-06-03 00:00:00+00:00,0.04018690775027466,15.93136585857652,0.0,in_sample
2022-06-04 00:00:00+00:00,-0.019286559641977428,15.62410462076692,-0.019286559641977452,in_sample
2022-06-05 00:00:00+00:00,0.005942397055694239,15.716949254063223,-0.013458770981514268,in_sample
2022-06-06 00:00:00+00:00,0.007123608408953257,15.82891064593256,-0.006431037586699051,in_sample
2022-06-07 00:00:00+00:00,0.06061160759150723,16.788326366604856,0.0,in_sample
2022-06-08 00:00:00+00:00,-0.010923593838512578,16.60493750814767,-0.010923593838512713,in_sample
2022-06-09 00:00:00+00:00,0.013101937756187874,16.82249436582481,0.0,in_sample
2022-06-10 00:00:00+00:00,0.020547519000685698,17.16815488844552,0.0,in_sample
2022-06-11 00:00:00+00:00,0.03662422197727794,17.796925204020237,0.0,in_sample
2022-06-12 00:00:00+00:00,0.03509498848452624,18.421508089115303,0.0,in_sample
2022-06-13 00:00:00+00:00,0.029323766415116775,18.9616960893347,0.0,in_sample
2022-06-14 00:00:00+00:00,-0.008451064494739629,18.80144957275408,-0.008451064494739646,in_sample
2022-06-15 00:00:00+00:00,-0.04575061035714687,17.94127177920146,-0.053815033493084696,in_sample
2022-06-16 00:00:00+00:00,0.04526917843429373,18.75345841271229,-0.010982017412436873,in_sample
2022-06-17 00:00:00+00:00,-0.008050527165868737,18.60248318630676,-0.018944133548790876,in_sample
2022-06-18 00:00:00+00:00,0.019071071658241123,18.95725247617404,-0.00023434681896206122,in_sample
2022-06-19 00:00:00+00:00,-0.044171220763448725,18.119887491980524,-0.04439521619733511,in_sample
2022-06-20 00:00:00+00:00,-0.01112980038424707,17.918216761209766,-0.05503090668729027,in_sample
2022-06-21 00:00:00+00:00,-0.00896061703405418,17.757658482879396,-0.06349841284148283,in_sample
2022-06-22 00:00:00+00:00,0.01873146793036033,18.090285493269743,-0.04595636339489151,in_sample
2022-06-23 00:00:00+00:00,-0.027811504056571713,17.58716744488913,-0.07248975186448103,in_sample
2022-06-24 00:00:00+00:00,-0.035111835612942635,16.969649712666886,-0.10505633922633495,in_sample
2022-06-25 00:00:00+00:00,-0.013529833825190447,16.74005317198281,-0.11716477823951033,in_sample
2022-06-26 00:00:00+00:00,0.027968791989584036,17.208252237044576,-0.09247294356101288,in_sample
2022-06-27 00:00:00+00:00,-0.0002308623386019608,17.20427949968988,-0.0926824573796069,in_sample
2022-06-28 00:00:00+00:00,0.029208368744826622,17.706788439305882,-0.06618119202610051,in_sample
2022-06-29 00:00:00+00:00,0.0012218334563722896,17.728423185825932,-0.06504022096432838,in_sample
2022-06-30 00:00:00+00:00,0.007284851966189516,17.857572124328634,-0.05822917737971234,in_sample
2022-07-01 00:00:00+00:00,0.008948681891901468,18.01737385663094,-0.04980156987300888,in_sample
2022-07-02 00:00:00+00:00,0.00109051504760741,18.037022073939966,-0.04876536418674238,in_sample
2022-07-03 00:00:00+00:00,-0.008038728110209465,17.892027357569717,-0.05641208079305926,in_sample
2022-07-04 00:00:00+00:00,-0.029346266409768576,17.366963156123607,-0.08410286325114535,in_sample
2022-07-05 00:00:00+00:00,0.0035600217814887093,17.428789923237716,-0.08084224949471652,in_sample
2022-07-06 00:00:00+00:00,-0.013496619251460774,17.19356018163008,-0.0932477716853155,in_sample
2022-07-07 00:00:00+00:00,-0.012076876223178958,16.985915683480755,-0.10419850611176362,in_sample
2022-07-08 00:00:00+00:00,0.008644791345033749,17.132755380368785,-0.09645448911053012,in_sample
2022-07-09 00:00:00+00:00,-0.013806434471013701,16.896213115901816,-0.10892923099820429,in_sample
2022-07-10 00:00:00+00:00,0.016670290009791016,17.177877888611135,-0.0940748228596967,in_sample
2022-07-11 00:00:00+00:00,0.02919873958561109,17.679450271714117,-0.06762294952832848,in_sample
2022-07-12 00:00:00+00:00,0.011868269718720893,17.889274756017535,-0.05655724721378519,in_sample
2022-07-13 00:00:00+00:00,-0.027926267854381973,17.389694077460355,-0.08290408223336854,in_sample
2022-07-14 00:00:00+00:00,-0.020462035569504225,17.033865538704564,-0.10166973152335645,in_sample
2022-07-15 00:00:00+00:00,0.002447944983526018,17.07556350440009,-0.09947066844908958,in_sample
2022-07-16 00:00:00+00:00,-0.020812470533157594,16.7201788421277,-0.11821290862623701,in_sample
2022-07-17 00:00:00+00:00,0.010416659855228806,16.89434725784474,-0.10902763243066504,in_sample
2022-07-18 00:00:00+00:00,-0.04855011990552527,16.074124672750795,-0.152284447708666,in_sample
2022-07-19 00:00:00+00:00,-0.013128599396554143,15.863093929271981,-0.16341376559692766,in_sample
2022-07-20 00:00:00+00:00,0.02161424087788064,16.20596266252771,-0.14533158921142053,in_sample
2022-07-21 00:00:00+00:00,-0.02009758925630743,15.880261881433174,-0.16250836388179046,in_sample
2022-07-22 00:00:00+00:00,0.00994180159030036,16.038140294260394,-0.15418218820196716,in_sample
2022-07-23 00:00:00+00:00,0.0029241081700159158,16.085037551326703,-0.15170892542814352,in_sample
2022-07-24 00:00:00+00:00,-0.003032543974714031,16.03625896761738,-0.15428140541514002,in_sample
2022-07-25 00:00:00+00:00,0.03155679067139396,16.542311835010747,-0.12759324075891998,in_sample
2022-07-26 00:00:00+00:00,-0.00974160028871662,16.381163245262766,-0.1360918786966212,in_sample
2022-07-27 00:00:00+00:00,-0.042712022313415095,15.681490635211407,-0.1729911416504717,in_sample
2022-07-28 00:00:00+00:00,-0.009283787045327742,15.535907015600804,-0.18066891577598831,in_sample
2022-07-29 00:00:00+00:00,-0.0003661873561880062,15.530217962884779,-0.1809689444595629,in_sample
2022-07-30 00:00:00+00:00,-0.0009972420304528108,15.514730576790097,-0.18178571665239396,in_sample
2022-07-31 00:00:00+00:00,-0.009946954022525685,15.360406265070893,-0.18992445650942635,in_sample
2022-08-01 00:00:00+00:00,0.0016142714529532815,15.385202130410361,-0.18861677468483395,in_sample
2022-08-02 00:00:00+00:00,-0.0066111679368721105,15.283487975383496,-0.19398096544855348,in_sample
2022-08-03 00:00:00+00:00,0.009193018861818492,15.423989368615574,-0.18657121726093717,in_sample
2022-08-04 00:00:00+00:00,-0.004081171735247898,15.361041419159616,-0.189890959817689,in_sample
2022-08-05 00:00:00+00:00,0.02569849566164826,15.755797075428287,-0.1690723761631019,in_sample
2022-08-06 00:00:00+00:00,-0.0009683039242030793,15.740540675291202,-0.16987696664199192,in_sample
2022-08-07 00:00:00+00:00,0.0094246679294273,15.888890044185462,-0.16205333271202393,in_sample
2022-08-08 00:00:00+00:00,0.015494956852278731,16.135087709850715,-0.14906938525788604,in_sample
2022-08-09 00:00:00+00:00,-0.0037620343935654277,16.074386954943062,-0.15227061549708365,in_sample
2022-08-10 00:00:00+00:00,0.018476303880941708,16.371382213022436,-0.1366077097802041,in_sample
2022-08-11 00:00:00+00:00,-0.0076784395468701035,16.24567554440104,-0.1432372152858905,in_sample
2022-08-12 00:00:00+00:00,0.006919510680613001,16.358087669844295,-0.1373088360463095,in_sample
2022-08-13 00:00:00+00:00,-0.0005504875404354904,16.349082746396693,-0.1377837367833099,in_sample
2022-08-14 00:00:00+00:00,-0.0022413985547722554,16.312437935957067,-0.13971630706958482,in_sample
2022-08-15 00:00:00+00:00,-0.011723439491553758,16.121200056855148,-0.14980179088922507,in_sample
2022-08-16 00:00:00+00:00,0.004629709312286456,16.195836526883603,-0.1458656203232156,in_sample
2022-08-17 00:00:00+00:00,-0.012652211371473916,15.990923379807635,-0.156672309034529,in_sample
2022-08-18 00:00:00+00:00,-0.01335963161041661,15.777290534343006,-0.167938856312691,in_sample
2022-08-19 00:00:00+00:00,-0.033981956103710714,15.241147339969473,-0.19621392157307638,in_sample
2022-08-20 00:00:00+00:00,-0.004833430432258512,15.167480314593929,-0.20009896566557084,in_sample
2022-08-21 00:00:00+00:00,0.01260278956372294,15.358632877210665,-0.1900179812580497,in_sample
2022-08-22 00:00:00+00:00,-0.0022901759132854245,15.323458906134285,-0.1918729825675668,in_sample
2022-08-23 00:00:00+00:00,0.005681858202398104,15.410524626809213,-0.18728131944498883,in_sample
2022-08-24 00:00:00+00:00,-0.0030931016370008228,15.362858307858987,-0.18979514092623473,in_sample
2022-08-25 00:00:00+00:00,0.0025682894660377154,15.402314575019291,-0.18771430032134306,in_sample
2022-08-26 00:00:00+00:00,-0.03460904629964821,14.869255156770702,-0.21582673371006378,in_sample
2022-08-27 00:00:00+00:00,0.0004441084331858078,14.875858718381016,-0.21547847574942558,in_sample
2022-08-28 00:00:00+00:00,-0.015084618532782845,14.651462064266665,-0.22731268367350288,in_sample
2022-08-29 00:00:00+00:00,0.015290693147439782,14.87549307485272,-0.21549775902063573,in_sample
2022-08-30 00:00:00+00:00,-0.007780279510994609,14.759757580866502,-0.2216014057324568,in_sample
2022-08-31 00:00:00+00:00,-0.0020286728077981105,14.729814862012507,-0.2231805217942756,in_sample
2022-09-01 00:00:00+00:00,0.002383313212454682,14.764920624390152,-0.22132911766817576,in_sample
2022-09-02 00:00:00+00:00,0.004777251637563365,14.835456365621512,-0.21760921092043328,in_sample
2022-09-03 00:00:00+00:00,0.003055816810627904,14.880790802576914,-0.21521836799468352,in_sample
2022-09-04 00:00:00+00:00,0.008296668949338988,15.004251797570262,-0.20870729459641346,in_sample
2022-09-05 00:00:00+00:00,0.001325536675886907,15.024140483622183,-0.20765840709403927,in_sample
2022-09-06 00:00:00+00:00,-0.02148229161566049,14.701387516478361,-0.22467972025206207,in_sample
2022-09-07 00:00:00+00:00,0.01697741385517543,14.950979056590924,-0.2115167869924709,in_sample
2022-09-08 00:00:00+00:00,-0.01185538737784192,14.773729408197037,-0.22086456092360063,in_sample
2022-09-09 00:00:00+00:00,0.0124434925109723,14.957566199447067,-0.21116939492242037,in_sample
2022-09-10 00:00:00+00:00,0.004348487677271351,15.022608991747331,-0.20773917475678616,in_sample
2022-09-11 00:00:00+00:00,-0.003651465270440868,14.967754456742552,-0.21063208764529262,in_sample
2022-09-12 00:00:00+00:00,0.002198685503109821,15.000663841480698,-0.2088965158597783,in_sample
2022-09-13 00:00:00+00:00,-0.029971628394864214,14.551069519147562,-0.23260717550831145,in_sample
2022-09-14 00:00:00+00:00,0.00795955800616254,14.66688960103692,-0.22649906780825702,in_sample
2022-09-15 00:00:00+00:00,0.01466176685261152,14.881932116820314,-0.21515817748018407,in_sample
2022-09-16 00:00:00+00:00,0.006209544925046063,14.974342142871196,-0.21028466692419223,in_sample
2022-09-17 00:00:00+00:00,-0.012531456162351073,14.78669183074776,-0.22018095000136817,in_sample
2022-09-18 00:00:00+00:00,0.021494503771572353,15.104524434072845,-0.20341912649002858,in_sample
2022-09-19 00:00:00+00:00,0.00834809592306537,15.230618452920769,-0.19676919294748818,in_sample
2022-09-20 00:00:00+00:00,0.007901985127678113,15.350970573421087,-0.19042207505606645,in_sample
2022-09-21 00:00:00+00:00,0.008500205226831698,15.481456973726221,-0.1835404965469304,in_sample
2022-09-22 00:00:00+00:00,-0.016746951232372433,15.222189768781156,-0.19721370403446603,in_sample
2022-09-23 00:00:00+00:00,-0.006848487640379202,15.117940790290152,-0.2027115760602517,in_sample
2022-09-24 00:00:00+00:00,0.003643253193477836,15.173019276353186,-0.1998068524636103,in_sample
2022-09-25 00:00:00+00:00,0.006612642246404243,15.273353024625505,-0.19451546145092802,in_sample
2022-09-26 00:00:00+00:00,-0.007562959076849396,15.15784128073399,-0.20060730805300941,in_sample
2022-09-27 00:00:00+00:00,0.004910332939312445,15.23227132806365,-0.1966820237862964,in_sample
2022-09-28 00:00:00+00:00,-0.0012294440121428999,15.213544103288026,-0.19766965826199911,in_sample
2022-09-29 00:00:00+00:00,-0.0022774009715947896,15.178896763165797,-0.19949688616181327,in_sample
2022-09-30 00:00:00+00:00,0.006682113057488104,15.280323867425212,-0.1941478338522752,in_sample
2022-10-01 00:00:00+00:00,0.0026118572782182882,15.32023389253188,-0.19204306300695428,in_sample
2022-10-02 00:00:00+00:00,0.008754302242670788,15.454351850455513,-0.18496996378145458,in_sample
2022-10-03 00:00:00+00:00,-0.013206608464466064,15.25025227649445,-0.19573374635657248,in_sample
2022-10-04 00:00:00+00:00,-0.016458335729909714,14.999258504562084,-0.20897063037527275,in_sample
2022-10-05 00:00:00+00:00,-0.00011618112547178162,14.997515873827782,-0.20906253305771705,in_sample
2022-10-06 00:00:00+00:00,0.006890996500278445,15.100863703227198,-0.20361218574107876,in_sample
2022-10-07 00:00:00+00:00,0.004529109618346678,15.169257170270825,-0.20000525803158464,in_sample
2022-10-08 00:00:00+00:00,0.005434702651570611,15.251697572436452,-0.19565752448616636,in_sample
2022-10-09 00:00:00+00:00,-0.0055781730555506835,15.16662096398648,-0.20014428601051248,in_sample
2022-10-10 00:00:00+00:00,0.0131046776305093,15.365374642463646,-0.18966243472775945,in_sample
2022-10-11 00:00:00+00:00,0.007630906654044035,15.482626382064701,-0.18347882440890173,in_sample
2022-10-12 00:00:00+00:00,-0.0031841600575405918,15.433327221553107,-0.186078758522355,in_sample
2022-10-13 00:00:00+00:00,0.002868135073637101,15.47759208866016,-0.18374432246249484,in_sample
2022-10-14 00:00:00+00:00,0.003550733410039592,15.53254889199633,-0.18084601615712792,in_sample
2022-10-15 00:00:00+00:00,0.00038783684702219437,15.538572986784821,-0.18052831805880853,in_sample
2022-10-16 00:00:00+00:00,-0.0030479989373580207,15.491211432833042,-0.18302606687456013,in_sample
2022-10-17 00:00:00+00:00,-0.010367204582223387,15.330610874682383,-0.19149580277761535,in_sample
2022-10-18 00:00:00+00:00,0.006405050799587765,15.428804216123439,-0.18631729232272598,in_sample
2022-10-19 00:00:00+00:00,0.007769857618493664,15.548683828106332,-0.17999509353744314,in_sample
2022-10-20 00:00:00+00:00,-0.0025454209697101885,15.509105882238876,-0.1820823512216182,in_sample
2022-10-21 00:00:00+00:00,-0.0010216344340054785,15.493261245628943,-0.18291796405579097,in_sample
2022-10-22 00:00:00+00:00,0.001611828886980016,15.518233731658176,-0.18160096762722366,in_sample
2022-10-23 00:00:00+00:00,0.011088293408146998,15.690304460451008,-0.17252631903133064,in_sample
2022-10-24 00:00:00+00:00,-0.005387301804677858,15.605776054915276,-0.1769841694861365,in_sample
2022-10-25 00:00:00+00:00,0.016846531371290923,15.868679250797747,-0.16311920747831565,in_sample
2022-10-26 00:00:00+00:00,0.01406742713072615,16.091910739819212,-0.15134644791241247,in_sample
2022-10-27 00:00:00+00:00,-0.0057647246105811175,15.999145305946103,-0.1562387019299888,in_sample
2022-10-28 00:00:00+00:00,0.015168574147943658,16.24182952782307,-0.14344004611704864,in_sample
2022-10-29 00:00:00+00:00,0.025919031799699864,16.66280202384002,-0.1212388414340071,in_sample
2022-10-30 00:00:00+00:00,0.0014448693000838563,16.68687759493764,-0.1199691464138889,in_sample
2022-10-31 00:00:00+00:00,0.0072744559337344725,16.80826555067364,-0.11356740074914995,in_sample
2022-11-01 00:00:00+00:00,0.001215328478099794,16.828693114464837,-0.11249009396736431,in_sample
2022-11-02 00:00:00+00:00,-0.011481111492178264,16.635481012550013,-0.12267969414893765,in_sample
2022-11-03 00:00:00+00:00,-0.007073900010137539,16.517803283246693,-0.1288857702693914,in_sample
2022-11-04 00:00:00+00:00,0.026842202806081305,16.961177508886557,-0.10550314544769901,in_sample
2022-11-05 00:00:00+00:00,0.007390207484000694,17.086524129850194,-0.09889262809877153,in_sample
2022-11-06 00:00:00+00:00,-0.023979277093356434,16.676801633178194,-0.12050053146045736,in_sample
2022-11-07 00:00:00+00:00,-0.004517762460755382,16.601459804794356,-0.12447390114367973,in_sample
2022-11-08 00:00:00+00:00,-0.037117370210877035,15.98525727517881,-0.1569711274842146,in_sample
2022-11-09 00:00:00+00:00,-0.07427792822046964,14.797905482707339,-0.21958956556472553,in_sample
2022-11-10 00:00:00+00:00,0.06727828925060325,15.79348324807601,-0.16708488662260024,in_sample
2022-11-11 00:00:00+00:00,-0.025075506529160557,15.397453655770692,-0.1879706549863318,in_sample
2022-11-12 00:00:00+00:00,0.012894958102141963,15.596003175541528,-0.1774995706046707,in_sample
2022-11-13 00:00:00+00:00,0.027205709291142854,16.020303504039052,-0.15512286303070122,in_sample
2022-11-14 00:00:00+00:00,0.003956418466389299,16.083686528659594,-0.15178017552416567,in_sample
2022-11-15 00:00:00+00:00,-0.00941052358989204,15.932330617169216,-0.15976236819180956,in_sample
2022-11-16 00:00:00+00:00,0.00811406052201714,16.061606512053714,-0.15294462919444152,in_sample
2022-11-17 00:00:00+00:00,0.0034312941050837487,16.1167186077967,-0.1500381330939169,in_sample
2022-11-18 00:00:00+00:00,0.0024808355486569296,16.156701536246622,-0.14792951747949334,in_sample
2022-11-19 00:00:00+00:00,0.0012246800996287884,16.176488327093704,-0.14688600371606952,in_sample
2022-11-20 00:00:00+00:00,0.018252962783521766,16.471757166496218,-0.13131414569179745,in_sample
2022-11-21 00:00:00+00:00,0.014984788143014807,16.718582957979347,-0.11829707220215535,in_sample
2022-11-22 00:00:00+00:00,-0.014199042030537238,16.481195095867974,-0.13081640913240467,in_sample
2022-11-23 00:00:00+00:00,-0.028373164805357932,16.013571431223657,-0.15547789840220372,in_sample
2022-11-24 00:00:00+00:00,-0.000839973897216201,16.000120449220223,-0.15618727492316797,in_sample
2022-11-25 00:00:00+00:00,-0.0010310436922592817,15.983623625955666,-0.15705728271080655,in_sample
2022-11-26 00:00:00+00:00,-0.0011591800901833147,15.965095727679474,-0.1580344051258532,in_sample
2022-11-27 00:00:00+00:00,-0.004173994701098627,15.898457502709608,-0.16154876505736526,in_sample
2022-11-28 00:00:00+00:00,0.012803226399740927,16.102009053523457,-0.1508138840712525,in_sample
2022-11-29 00:00:00+00:00,-0.006867277553918305,15.991432088177206,-0.156645480824269,in_sample
2022-11-30 00:00:00+00:00,-0.020148866410463498,15.669222859320524,-0.17363811836780152,in_sample
2022-12-01 00:00:00+00:00,0.004980144079429489,15.74725784677263,-0.1695227171355247,in_sample
2022-12-02 00:00:00+00:00,-0.0074626704980962685,15.629741250213605,-0.1757202954536965,in_sample
2022-12-03 00:00:00+00:00,0.008960142761549229,15.769785963141596,-0.168334631625514,in_sample
2022-12-04 00:00:00+00:00,-0.00960373537682871,15.618337111802356,-0.17632172574545524,in_sample
2022-12-05 00:00:00+00:00,-0.0015312347627949585,15.594421771079714,-0.17758297055235273,in_sample
2022-12-06 00:00:00+00:00,-0.005755221215661827,15.504672424056817,-0.18231616248835147,in_sample
2022-12-07 00:00:00+00:00,0.013405072861885714,15.71251368760097,-0.17135505106852145,in_sample
2022-12-08 00:00:00+00:00,-0.007262226470139845,15.598405854786439,-0.17737285835099936,in_sample
2022-12-09 00:00:00+00:00,0.0028563324009524384,15.642960086832673,-0.1750231617924044,in_sample
2022-12-10 00:00:00+00:00,-0.000769936406563693,15.630916002355399,-0.17565834149471216,in_sample
2022-12-11 00:00:00+00:00,0.007723493599110193,15.751641282047819,-0.1692915439717667,in_sample
2022-12-12 00:00:00+00:00,0.0026087401015363067,15.79273322032531,-0.16712444150984063,in_sample
2022-12-13 00:00:00+00:00,-0.00919433845950764,15.647529485896928,-0.1747821812892506,in_sample
2022-12-14 00:00:00+00:00,7.203869069319932e-05,15.648656713433676,-0.17472273367805402,in_sample
2022-12-15 00:00:00+00:00,-0.008469756836289245,15.516116396256328,-0.18171263144631844,in_sample
2022-12-16 00:00:00+00:00,-0.03458680121258674,14.979463562867652,-0.21001457399725532,in_sample
2022-12-17 00:00:00+00:00,0.006216096779529367,15.07257735807987,-0.2051039481348046,in_sample
2022-12-18 00:00:00+00:00,3.593013738212151e-06,15.07263151405739,-0.2051010920623697,in_sample
2022-12-19 00:00:00+00:00,-0.02087623636998278,14.757971695852277,-0.2216955895547168,in_sample
2022-12-20 00:00:00+00:00,-0.0026860345437101875,14.71833127408212,-0.2237861420866949,in_sample
2022-12-21 00:00:00+00:00,0.0006862582798508869,14.728431850784546,-0.2232534588997669,in_sample
2022-12-22 00:00:00+00:00,-0.004329726419204972,14.664661770286745,-0.2266165589197946,in_sample
2022-12-23 00:00:00+00:00,0.0029623440008178627,14.70810354310598,-0.22432553112277864,in_sample
2022-12-24 00:00:00+00:00,-1.3712649088487474e-05,14.707901856043335,-0.2243361676745773,in_sample
2022-12-25 00:00:00+00:00,0.0024123180899701118,14.743381993756175,-0.222465019780123,in_sample
2022-12-26 00:00:00+00:00,-0.001424950826968152,14.722373399391865,-0.223572968893184,in_sample
2022-12-27 00:00:00+00:00,0.009158741832421276,14.8572118165174,-0.21646187416356344,in_sample
2022-12-28 00:00:00+00:00,0.012758855314070151,15.046772832454838,-0.20646482458295867,in_sample
2022-12-29 00:00:00+00:00,0.0011920838153680505,15.064709846821927,-0.2055188641434188,in_sample
2022-12-30 00:00:00+00:00,0.0017491003783817068,15.091059536515212,-0.20412923688807505,in_sample
2022-12-31 00:00:00+00:00,0.001784218953295902,15.11798529096558,-0.2027092291881567,in_sample
2023-01-01 00:00:00+00:00,-0.001922139844877718,15.08892640906354,-0.2042417335466874,in_sample
2023-01-02 00:00:00+00:00,-0.015481875797862534,14.855321524475329,-0.21656156419303996,in_sample
2023-01-03 00:00:00+00:00,-0.010261911223171948,14.702877533799487,-0.22460113987011177,in_sample
2023-01-04 00:00:00+00:00,-0.01974512586548336,14.412567366309828,-0.2399114879593287,in_sample
2023-01-05 00:00:00+00:00,0.004571785279966467,14.47845852964165,-0.23643652648850955,in_sample
2023-01-06 00:00:00+00:00,-0.00691982209240476,14.37827017244427,-0.24172024988146767,in_sample
2023-01-07 00:00:00+00:00,0.0015482860882317761,14.400531848125103,-0.24054621589337122,in_sample
2023-01-08 00:00:00+00:00,-0.01553983456952609,14.176749965492046,-0.2523480020615889,in_sample
2023-01-09 00:00:00+00:00,-0.00894197846675983,14.049981772571979,-0.2590334901277841,in_sample
2023-01-10 00:00:00+00:00,-0.007674307108082887,13.942157897586293,-0.26471989468134793,in_sample
2023-01-11 00:00:00+00:00,0.019348469011465128,14.211917307620695,-0.2504933503488431,in_sample
2023-01-12 00:00:00+00:00,0.005208391043624322,14.285938530438434,-0.24658962662766326,in_sample
2023-01-13 00:00:00+00:00,0.02026842486329536,14.575492002144282,-0.23131918508373883,in_sample
2023-01-14 00:00:00+00:00,0.034615943822109196,15.08003641447011,-0.20471057317746444,in_sample
2023-01-15 00:00:00+00:00,-0.006982534425536041,14.974739541067734,-0.21026370897851765,in_sample
2023-01-16 00:00:00+00:00,-0.005662594207252847,14.889943667687366,-0.21473566512531317,in_sample
2023-01-17 00:00:00+00:00,0.00030885471595466524,14.89454249700943,-0.21449313253221602,in_sample
2023-01-18 00:00:00+00:00,-0.014852617452074862,14.673319555177677,-0.22615996554069273,in_sample
2023-01-19 00:00:00+00:00,0.018129677844894897,14.939342111628246,-0.21213049501246306,in_sample
2023-01-20 00:00:00+00:00,0.0296463964567293,15.382239770672289,-0.18877300331143543,in_sample
2023-01-21 00:00:00+00:00,-0.006770284467224507,15.278097631681783,-0.1942652408465092,in_sample
2023-01-22 00:00:00+00:00,0.0005307897100595203,15.286207088693963,-0.19383756512731332,in_sample
2023-01-23 00:00:00+00:00,0.0030238205637540426,15.33242983603056,-0.1913998745790192,in_sample
2023-01-24 00:00:00+00:00,-0.02415399787898133,14.962090358291448,-0.21093080029338163,in_sample
2023-01-25 00:00:00+00:00,0.01897738361500607,15.246031686703127,-0.19595633139176338,in_sample
2023-01-26 00:00:00+00:00,-0.0018503416449174809,15.217821319353488,-0.19744408687612147,in_sample
2023-01-27 00:00:00+00:00,0.01340746314127796,15.421853697783273,-0.18668384805209837,in_sample
2023-01-28 00:00:00+00:00,-0.0005043434351257047,15.414075787113328,-0.18709403871401498,in_sample
2023-01-29 00:00:00+00:00,0.014180292557636554,15.632651891280178,-0.17556679436113287,in_sample
2023-01-30 00:00:00+00:00,-0.016823359176253244,15.369658173635838,-0.18943653029642538,in_sample
2023-01-31 00:00:00+00:00,0.0009918235718998636,15.384902162904496,-0.18863259434065227,in_sample
2023-02-01 00:00:00+00:00,0.01116725143757626,15.556709233700161,-0.1795718505134004,in_sample
2023-02-02 00:00:00+00:00,-0.003628698534450886,15.500258625702955,-0.18254893693706464,in_sample
2023-02-03 00:00:00+00:00,0.0058141624709432856,15.590379647694434,-0.17779614364437135,in_sample
2023-02-04 00:00:00+00:00,-0.003493692551175459,15.535911654449286,-0.18066867113286877,in_sample
2023-02-05 00:00:00+00:00,-0.012225217222075252,15.345981759730673,-0.19068517460512102,in_sample
2023-02-06 00:00:00+00:00,-0.013094271951461036,15.145037301206598,-0.2012825630231908,in_sample
2023-02-07 00:00:00+00:00,0.021229226559999356,15.466554729333554,-0.18432640959618818,in_sample
2023-02-08 00:00:00+00:00,-0.0024598900630156016,15.428508705045779,-0.18633287695588674,in_sample
2023-02-09 00:00:00+00:00,-0.03151340654574069,14.942303837829172,-0.2119742997972791,in_sample
2023-02-10 00:00:00+00:00,-0.0007428990158464652,14.93120321501357,-0.21255972331442152,in_sample
2023-02-11 00:00:00+00:00,0.00805672693098576,15.05149984206799,-0.20621553203070586,in_sample
2023-02-12 00:00:00+00:00,-0.002045864982054218,15.02070650561371,-0.20783950787702277,in_sample
2023-02-13 00:00:00+00:00,-0.010709134613322797,14.85984773765788,-0.21632286122252375,in_sample
2023-02-14 00:00:00+00:00,0.006219462373964791,14.95226800154509,-0.2114488107445608,in_sample
2023-02-15 00:00:00+00:00,0.02458683670612459,15.31989697328529,-0.19206083141991692,in_sample
2023-02-16 00:00:00+00:00,-0.0218292991662745,14.985474359058943,-0.20969757723900273,in_sample
2023-02-17 00:00:00+00:00,0.013266461506685657,15.184278577802825,-0.1992130605688034,in_sample
2023-02-18 00:00:00+00:00,0.008586341909168412,15.314655985315904,-0.19233723011045045,in_sample
2023-02-19 00:00:00+00:00,-0.020179600961634035,15.005612338667527,-0.20863554251838967,in_sample
2023-02-20 00:00:00+00:00,0.003576649490272502,15.059282154389848,-0.20580510923491835,in_sample
2023-02-21 00:00:00+00:00,-0.003292261957133595,15.00970305265121,-0.20841980686033412,in_sample
2023-02-22 00:00:00+00:00,-0.008782738365873089,14.877876757790327,-0.2153720485922871,in_sample
2023-02-23 00:00:00+00:00,0.005316054299538454,14.956968358496583,-0.21120092379766797,in_sample
2023-02-24 00:00:00+00:00,-0.014934467618916094,14.733593998869463,-0.2229812180590427,in_sample
2023-02-25 00:00:00+00:00,-0.008666564324950377,14.605904358740558,-0.22971530131442863,in_sample
2023-02-26 00:00:00+00:00,0.013210584692104517,14.798856895276478,-0.21953939006541068,in_sample
2023-02-27 00:00:00+00:00,-0.003086177262092627,14.753184999621313,-0.22194802985374973,in_sample
2023-02-28 00:00:00+00:00,-0.011427393565933391,14.584594548279616,-0.23083913593136074,in_sample
2023-03-01 00:00:00+00:00,0.010778802382977726,14.741799010751377,-0.22254850297684448,in_sample
2023-03-02 00:00:00+00:00,-0.009683974479270907,14.599039805352719,-0.23007732343288767,in_sample
2023-03-03 00:00:00+00:00,-0.016535295362687677,14.357640370159578,-0.242808222296356,in_sample
2023-03-04 00:00:00+00:00,-0.004166468885697689,14.297819708285271,-0.24596303827866428,in_sample
2023-03-05 00:00:00+00:00,0.0003405737302471849,14.302689170077722,-0.24570623309786666,in_sample
2023-03-06 00:00:00+00:00,0.001522892359284927,14.32447062613206,-0.24455752488359528,in_sample
2023-03-07 00:00:00+00:00,-0.0037552964652959927,14.27067799222251,-0.24739443534013428,in_sample
2023-03-08 00:00:00+00:00,-0.019063164660339957,13.998633707842082,-0.2617414791435335,in_sample
2023-03-09 00:00:00+00:00,-0.01845227832832876,13.740327022448655,-0.27536403084863736,in_sample
2023-03-10 00:00:00+00:00,0.0013303380196443221,13.758606301888966,-0.2744000200684734,in_sample
2023-03-11 00:00:00+00:00,0.00046305637342118925,13.764977312226447,-0.2740640263732119,in_sample
2023-03-12 00:00:00+00:00,0.024206643804344945,14.098181214998402,-0.2564915528348679,in_sample
2023-03-13 00:00:00+00:00,-0.001434994361041694,14.077950404453935,-0.2575584832639367,in_sample
2023-03-14 00:00:00+00:00,0.0026358400887184445,14.115057630496986,-0.25560152615059484,in_sample
2023-03-15 00:00:00+00:00,-0.02046353155558376,13.826213703266427,-0.2708345478101405,in_sample
2023-03-16 00:00:00+00:00,0.006256720183361148,13.91272045360312,-0.26627236360841455,in_sample
2023-03-17 00:00:00+00:00,0.025167295086999344,14.262865994721881,-0.24780642366986094,in_sample
2023-03-18 00:00:00+00:00,-0.002354813344398265,14.229279607548147,-0.24957769914097372,in_sample
2023-03-19 00:00:00+00:00,0.016352918581515746,14.461969858444004,-0.23730610435327237,in_sample
2023-03-20 00:00:00+00:00,-0.001421045396278684,14.441418742755541,-0.23838992700245099,in_sample
2023-03-21 00:00:00+00:00,0.0023471084830000264,14.475314319193219,-0.2366023455393802,in_sample
2023-03-22 00:00:00+00:00,-0.012818936065025044,14.289756190414339,-0.2463882912641009,in_sample
2023-03-23 00:00:00+00:00,0.015208678194218483,14.507084493788192,-0.2349268533025416,in_sample
2023-03-24 00:00:00+00:00,-0.009066071075718529,14.375562234666054,-0.2418630608286243,in_sample
2023-03-25 00:00:00+00:00,-0.005307785037877527,14.299259840525815,-0.2458870887310205,in_sample
2023-03-26 00:00:00+00:00,0.006842948684733453,14.397108941844204,-0.24072673277671186,in_sample
2023-03-27 00:00:00+00:00,-0.01377563883548746,14.19877956878619,-0.25118620708342054,in_sample
2023-03-28 00:00:00+00:00,0.006115443608722588,14.285611404551783,-0.24660687855940555,in_sample
2023-03-29 00:00:00+00:00,-0.003917192773075662,14.229651910798905,-0.24955806464999764,in_sample
2023-03-30 00:00:00+00:00,-0.000832947688129643,14.217799355136915,-0.25018314352512294,in_sample
2023-03-31 00:00:00+00:00,0.001929492055279574,14.24523248603621,-0.24873637785764002,in_sample
2023-04-01 00:00:00+00:00,-0.0014215797780315503,14.224981751600703,-0.2498043590308483,in_sample
2023-04-02 00:00:00+00:00,-0.003774369404163114,14.171291415702683,-0.2526358745052588,in_sample
2023-04-03 00:00:00+00:00,0.008572853485912012,14.292779820715664,-0.24622883135676565,in_sample
2023-04-04 00:00:00+00:00,0.006381982416850625,14.38399609021939,-0.24141827701215546,in_sample
2023-04-05 00:00:00+00:00,-0.0034404287571759944,14.334508976427493,-0.24402812338659097,in_sample
2023-04-06 00:00:00+00:00,-0.006767836102329977,14.237495369067654,-0.2491444171454814,in_sample
2023-04-07 00:00:00+00:00,0.005304823831297895,14.313022773799476,-0.24516126055569165,in_sample
2023-04-08 00:00:00+00:00,-0.001224548027251021,14.29549578999782,-0.2460855968449709,in_sample
2023-04-09 00:00:00+00:00,-0.003077904701133094,14.251495616300758,-0.24840607353069366,in_sample
2023-04-10 00:00:00+00:00,0.008694028130665976,14.37539852009294,-0.2418716947911319,in_sample
2023-04-11 00:00:00+00:00,0.010195352245311234,14.521960771672015,-0.23414230967238647,in_sample
2023-04-12 00:00:00+00:00,0.007729103731067049,14.634202512854753,-0.22822291614060908,in_sample
2023-04-13 00:00:00+00:00,0.005181530871816336,14.710030084959522,-0.22422392935443125,in_sample
2023-04-14 00:00:00+00:00,3.3488476824828674e-05,14.710522701461116,-0.22419794979546814,in_sample
2023-04-15 00:00:00+00:00,0.003651872423743636,14.764243653653436,-0.22136481968204247,in_sample
2023-04-16 00:00:00+00:00,0.006816129251602287,14.864878646698886,-0.2160575416531506,in_sample
2023-04-17 00:00:00+00:00,-0.01581951588485114,14.62972346282105,-0.22845913182577782,in_sample
2023-04-18 00:00:00+00:00,0.012039751471812478,14.805861697414759,-0.21916997152261375,in_sample
2023-04-19 00:00:00+00:00,-0.023979974981706745,14.450817504328143,-0.23789425607046677,in_sample
2023-04-20 00:00:00+00:00,-0.007130350758977666,14.347778106768308,-0.24332833734011605,in_sample
2023-04-21 00:00:00+00:00,-0.010309548276924879,14.199858995709974,-0.25112928037608917,in_sample
2023-04-22 00:00:00+00:00,0.006149169152381842,14.287176330614566,-0.2465243476478558,in_sample
2023-04-23 00:00:00+00:00,0.003545778532791412,14.337835493741865,-0.2438526898547645,in_sample
2023-04-24 00:00:00+00:00,0.001835181949886861,14.364148030640429,-0.2424650219597304,in_sample
2023-04-25 00:00:00+00:00,0.004524392994843565,14.429137081367154,-0.2390376360117361,in_sample
2023-04-26 00:00:00+00:00,0.004825931104595023,14.498771102820589,-0.23536528406993895,in_sample
2023-04-27 00:00:00+00:00,0.003357295171725929,14.547447757040048,-0.23279817963001292,in_sample
2023-04-28 00:00:00+00:00,0.0003023213301374028,14.551845760796061,-0.23256623815519484,in_sample
2023-04-29 00:00:00+00:00,0.0016505336941366742,14.575864072536133,-0.23129956287325204,in_sample
2023-04-30 00:00:00+00:00,0.0015975013649091705,14.599149035286741,-0.2300715628757357,in_sample
2023-05-01 00:00:00+00:00,-0.005245389865071509,14.52257080689838,-0.23411013769665767,in_sample
2023-05-02 00:00:00+00:00,-0.001835676883425935,14.49591205938024,-0.2355160640121382,in_sample
2023-05-03 00:00:00+00:00,0.0013233229469538936,14.515094832445442,-0.23450440487706792,in_sample
2023-05-04 00:00:00+00:00,0.0033212663028594266,14.563303327795252,-0.2319619901519988,in_sample
2023-05-05 00:00:00+00:00,-0.0010719641493627632,14.547691988731561,-0.23278529936390369,in_sample
2023-05-06 00:00:00+00:00,0.00010930801706063591,14.549282168095658,-0.23270143664631737,in_sample
2023-05-07 00:00:00+00:00,-0.005641648738543268,14.467200228705313,-0.23703026561834772,in_sample
2023-05-08 00:00:00+00:00,0.00343052878595121,14.516830375542007,-0.23441287598174188,in_sample
2023-05-09 00:00:00+00:00,-0.00257562584059134,14.47944045210328,-0.23638474196158732,in_sample
2023-05-10 00:00:00+00:00,0.0016535096759726206,14.503382346993503,-0.23512209674370033,in_sample
2023-05-11 00:00:00+00:00,0.006240006814114147,14.593883551666446,-0.23034925341541568,in_sample
2023-05-12 00:00:00+00:00,-0.0037012136360755074,14.53986847086172,-0.23319789525369028,in_sample
2023-05-13 00:00:00+00:00,-0.0015443298686968754,14.517414117695244,-0.23438209064742954,in_sample
2023-05-14 00:00:00+00:00,0.000244799157583286,14.520967968441544,-0.23419466802818933,in_sample
2023-05-15 00:00:00+00:00,0.0027064201290459334,14.560267808444564,-0.23212207706281018,in_sample
2023-05-16 00:00:00+00:00,0.0061517155817277635,14.6498384347959,-0.22739831047941295,in_sample
2023-05-17 00:00:00+00:00,-0.006122094988206761,14.560150732336195,-0.23212825141070703,in_sample
2023-05-18 00:00:00+00:00,0.007137092915344484,14.664067880974299,-0.22664787939395725,in_sample
2023-05-19 00:00:00+00:00,0.00144875216025363,14.685312480994964,-0.22552748383859267,in_sample
2023-05-20 00:00:00+00:00,0.0011063528253973166,14.701559617950156,-0.22467064398214487,in_sample
2023-05-21 00:00:00+00:00,0.005068392861436505,14.77607289776976,-0.22074097020884165,in_sample
2023-05-22 00:00:00+00:00,-0.0009007050225525281,14.762764014697137,-0.22144285273084396,in_sample
2023-05-23 00:00:00+00:00,-0.0018409644141899667,14.735586291490995,-0.2228761487333798,in_sample
2023-05-24 00:00:00+00:00,0.01408105355027588,14.943078871156189,-0.21193342616849797,in_sample
2023-05-25 00:00:00+00:00,0.0035175772096549774,14.995642304835444,-0.20916134114869744,in_sample
2023-05-26 00:00:00+00:00,-0.007872824399069184,14.877584246218222,-0.21538747503782907,in_sample
2023-05-27 00:00:00+00:00,-0.004698100219592849,14.807687864404054,-0.21907366331364908,in_sample
2023-05-28 00:00:00+00:00,-0.005982830803905893,14.719095973314273,-0.2237458134563577,in_sample
2023-05-29 00:00:00+00:00,0.008562546675790502,14.845128919611218,-0.21709910075179983,in_sample
2023-05-30 00:00:00+00:00,-0.002908923281391091,14.801945578481709,-0.219376499404645,in_sample
2023-05-31 00:00:00+00:00,0.0021017962951159104,14.83305625285907,-0.21773578782321323,in_sample
2023-06-01 00:00:00+00:00,0.0006611140118853889,14.842862594186917,-0.21721862199154673,in_sample
2023-06-02 00:00:00+00:00,-0.00598803905055303,14.753982953350933,-0.22190594745110703,in_sample
2023-06-03 00:00:00+00:00,0.0033318829478098055,14.803141497565479,-0.21931342914562724,in_sample
2023-06-04 00:00:00+00:00,0.00358978073574633,14.856281529741967,-0.21651093553291834,in_sample
2023-06-05 00:00:00+00:00,0.028679216872599847,15.282348049653836,-0.1940410827357565,in_sample
2023-06-06 00:00:00+00:00,-0.006018639318284126,15.190369108806486,-0.19889185876412485,in_sample
2023-06-07 00:00:00+00:00,0.007608817687127874,15.305949857955573,-0.19279637296978713,in_sample
2023-06-08 00:00:00+00:00,-0.003950656446212281,15.24548130848384,-0.19598535718232002,in_sample
2023-06-09 00:00:00+00:00,0.0055656675651957425,15.330332589318267,-0.19151047896284712,in_sample
2023-06-10 00:00:00+00:00,0.02913921291205554,15.777046414651036,-0.16795173067217972,in_sample
2023-06-11 00:00:00+00:00,0.001341700769093018,15.798214489959589,-0.16683537086930011,in_sample
2023-06-12 00:00:00+00:00,0.01545301853969019,16.042344591366938,-0.1539604624087293,in_sample
2023-06-13 00:00:00+00:00,-0.0060274368454705084,15.9456503724892,-0.15905991229033167,in_sample
2023-06-14 00:00:00+00:00,0.013921811330032445,16.167642708509653,-0.14735250304937686,in_sample
2023-06-15 00:00:00+00:00,-0.0008951359499327459,16.1531704702956,-0.1481157384765175,in_sample
2023-06-16 00:00:00+00:00,-0.003956979450977216,16.089252706676508,-0.15148662699397675,in_sample
2023-06-17 00:00:00+00:00,-0.002907248218879505,16.04247725540192,-0.15395346598634396,in_sample
2023-06-18 00:00:00+00:00,-0.00027325138838191215,16.038093626218796,-0.15418464937639886,in_sample
2023-06-19 00:00:00+00:00,-0.0015295601331874915,16.013562397595802,-0.15547837481675086,in_sample
2023-06-20 00:00:00+00:00,-0.010218535090456511,15.849927248312753,-0.16410814867833534,in_sample
2023-06-21 00:00:00+00:00,-0.008093700085563083,15.721642690786915,-0.170873606626899,in_sample
2023-06-22 00:00:00+00:00,0.008897930099979955,15.861532768506397,-0.16349609793461672,in_sample
2023-06-23 00:00:00+00:00,-0.01794922384272404,15.576830566355774,-0.17851069371810036,in_sample
2023-06-24 00:00:00+00:00,-0.002832679962536922,15.532706390530626,-0.18083771001544335,in_sample
2023-06-25 00:00:00+00:00,-0.0023311594910853384,15.496497174606098,-0.18274730796248007,in_sample
2023-06-26 00:00:00+00:00,-0.0031169236617702165,15.448195775888014,-0.18529462221593718,in_sample
2023-06-27 00:00:00+00:00,-0.0023688015686776586,15.41160206550085,-0.18722449759284232,in_sample
2023-06-28 00:00:00+00:00,0.013787847463674077,15.62409488395082,-0.1760180729434413,in_sample
2023-06-29 00:00:00+00:00,-0.013489915396175707,15.413327165824501,-0.18713351942741208,in_sample
2023-06-30 00:00:00+00:00,-0.022193142990003148,15.071256992081658,-0.20517358146254017,in_sample
2023-07-01 00:00:00+00:00,-0.014429528394592783,14.853785861372211,-0.21664255183759895,in_sample
2023-07-02 00:00:00+00:00,-0.004099218378146436,14.792896949384224,-0.21985370508576407,in_sample
2023-07-03 00:00:00+00:00,-0.0046242691769415485,14.724490611983512,-0.22346131155084126,in_sample
2023-07-04 00:00:00+00:00,-0.0039721185169968925,14.666003190170306,-0.22654581525439454,in_sample
2023-07-05 00:00:00+00:00,-0.009616070620610661,14.524973867771527,-0.23398340531671513,in_sample
2023-07-06 00:00:00+00:00,-0.007735636220109067,14.412613953823856,-0.23990903103175176,in_sample
2023-07-07 00:00:00+00:00,0.006591071047457676,14.50760851637309,-0.2348992174527511,in_sample
2023-07-08 00:00:00+00:00,-0.002482244681605403,14.47159708229051,-0.23679838480112114,in_sample
2023-07-09 00:00:00+00:00,-0.0013267222877514251,14.452397291902075,-0.23781094139405334,in_sample
2023-07-10 00:00:00+00:00,-0.00015498908174166283,14.45015732811684,-0.23792907237636018,in_sample
2023-07-11 00:00:00+00:00,-0.001537449767525429,14.42794093709202,-0.23910071814687306,in_sample
2023-07-12 00:00:00+00:00,-0.010784703255070593,14.272339875503796,-0.2473067911086554,in_sample
2023-07-13 00:00:00+00:00,0.027892781363458595,14.670435131196196,-0.22631208399928904,in_sample
2023-07-14 00:00:00+00:00,0.001516432753121416,14.692681859531685,-0.22513883830277126,in_sample
2023-07-15 00:00:00+00:00,0.008078825551031106,14.811381473151641,-0.21887887015115004,in_sample
2023-07-16 00:00:00+00:00,-0.00957197321609451,14.669607326397276,-0.22635574068458864,in_sample
2023-07-17 00:00:00+00:00,0.005292654117058266,14.747248484008962,-0.22226110921038444,in_sample
2023-07-18 00:00:00+00:00,-0.005784525284319379,14.661942652279071,-0.2267599594887555,in_sample
2023-07-19 00:00:00+00:00,0.004092135278101639,14.721941305051965,-0.22359575664053866,in_sample
2023-07-20 00:00:00+00:00,-0.0006627825325694059,14.712183859509466,-0.22411034381125006,in_sample
2023-07-21 00:00:00+00:00,0.0023865622440114092,14.747295402035524,-0.22225863485227104,in_sample
2023-07-22 00:00:00+00:00,-0.006189976413398529,14.656009991335504,-0.22707283555825986,in_sample
2023-07-23 00:00:00+00:00,0.005214496162162552,14.732433699187938,-0.22304240982564727,in_sample
2023-07-24 00:00:00+00:00,-0.005123935806471169,14.656945654640205,-0.22702349064205118,in_sample
2023-07-25 00:00:00+00:00,0.003334616092249493,14.705820941483394,-0.2244459107350154,in_sample
2023-07-26 00:00:00+00:00,0.0018542539594297355,14.733089268190804,-0.22300783649424394,in_sample
2023-07-27 00:00:00+00:00,-0.004086084564547743,14.672888619543945,-0.2261826921803194,in_sample
2023-07-28 00:00:00+00:00,-0.005813732327851352,14.587584372633541,-0.23068145887864144,in_sample
2023-07-29 00:00:00+00:00,0.006789419940150034,14.686625608851722,-0.22545823223522488,in_sample
2023-07-30 00:00:00+00:00,-0.0035759044984975284,14.63410763826928,-0.2282279196268493,in_sample
2023-07-31 00:00:00+00:00,-0.0025997329589877603,14.596062866316696,-0.23023432094102192,in_sample
2023-08-01 00:00:00+00:00,0.0018004953841476265,14.62234301013423,-0.22884836138900078,in_sample
2023-08-02 00:00:00+00:00,-0.012224806747400898,14.443587692641131,-0.23827554114396177,in_sample
2023-08-03 00:00:00+00:00,-0.003516962801069579,14.392790132012125,-0.24095449773042332,in_sample
2023-08-04 00:00:00+00:00,-0.0013235417946457773,14.373740672730841,-0.2419591261767151,in_sample
2023-08-05 00:00:00+00:00,0.002170107180325492,14.40493323057287,-0.240314096233451,in_sample
2023-08-06 00:00:00+00:00,0.0009220261687919619,14.418214955971159,-0.23961364595011592,in_sample
2023-08-07 00:00:00+00:00,0.00021667479996208028,14.421339019812555,-0.23944888938895825,in_sample
2023-08-08 00:00:00+00:00,0.0040855104290831125,14.480257550779342,-0.23634164989470607,in_sample
2023-08-09 00:00:00+00:00,0.0003949359022641654,14.485976324360177,-0.23604005379518567,in_sample
2023-08-10 00:00:00+00:00,0.002560487868981537,14.523067491009055,-0.2340839436205404,in_sample
2023-08-11 00:00:00+00:00,0.0038833824231597927,14.579466116034004,-0.23110959866958058,in_sample
2023-08-12 00:00:00+00:00,0.007530552474527803,14.689257550671396,-0.2253194291552012,in_sample
2023-08-13 00:00:00+00:00,-0.002011433025636288,14.659711092911898,-0.22687764723971715,in_sample
2023-08-14 00:00:00+00:00,0.0034896007774123886,14.710867632138363,-0.2241797588764901,in_sample
2023-08-15 00:00:00+00:00,-0.0032908306962061316,14.662456657366697,-0.22673285194071735,in_sample
2023-08-16 00:00:00+00:00,-0.013543597874541036,14.463874240546435,-0.23720567124362546,in_sample
2023-08-17 00:00:00+00:00,-0.011307117006021317,14.3003295221482,-0.2458306759704032,in_sample
2023-08-18 00:00:00+00:00,0.005033837391298629,14.37231505560468,-0.2420343102277327,in_sample
2023-08-19 00:00:00+00:00,0.005325328694996268,14.44885235738382,-0.23799789379016567,in_sample
2023-08-20 00:00:00+00:00,0.002635833756518913,14.48693713017037,-0.2359893829160794,in_sample
2023-08-21 00:00:00+00:00,-0.010975465895856256,14.327936245762771,-0.24437475538795606,in_sample
2023-08-22 00:00:00+00:00,-0.006969665776314455,14.228075318865464,-0.24964121079504775,in_sample
2023-08-23 00:00:00+00:00,0.007598406089294551,14.336186013007275,-0.24393968000199706,in_sample
2023-08-24 00:00:00+00:00,-0.00836363485314962,14.216283388007652,-0.2502630924454158,in_sample
2023-08-25 00:00:00+00:00,0.0008062928082947787,14.227745875064082,-0.24965858496874138,in_sample
2023-08-26 00:00:00+00:00,0.0009608689739553334,14.241416874644752,-0.2489376051831641,in_sample
2023-08-27 00:00:00+00:00,0.004373474553711105,14.303701348954805,-0.24565285291118333,in_sample
2023-08-28 00:00:00+00:00,0.0010246649910250485,14.318357850969157,-0.24487989979848168,in_sample
2023-08-29 00:00:00+00:00,0.01634676712254455,14.552416712336207,-0.232536127370935,in_sample
2023-08-30 00:00:00+00:00,-0.0093407243071154,14.416486599824015,-0.23970479582083426,in_sample
2023-08-31 00:00:00+00:00,-0.009217203948443753,14.283606902613432,-0.24671259177877725,in_sample
2023-09-01 00:00:00+00:00,-0.012759461845032872,14.101355765330087,-0.25632413372231966,in_sample
2023-09-02 00:00:00+00:00,0.0022388781155046724,14.13292698215203,-0.2546591341002816,in_sample
2023-09-03 00:00:00+00:00,0.004800763644982359,14.200775824205135,-0.2510809287681507,in_sample
2023-09-04 00:00:00+00:00,0.0017486927612457624,14.225608618092997,-0.24977129940952858,in_sample
2023-09-05 00:00:00+00:00,-0.004568860714315935,14.160613793740557,-0.25319898984640865,in_sample
2023-09-06 00:00:00+00:00,0.0010562990546332317,14.175571636703912,-0.25241014464538425,in_sample
2023-09-07 00:00:00+00:00,0.0008022070181634584,14.186943379757356,-0.25181042281671095,in_sample
2023-09-08 00:00:00+00:00,-0.005143752343732111,14.113969256497334,-0.2556589247079034,in_sample
2023-09-09 00:00:00+00:00,0.0005689225211054636,14.121999011469546,-0.2552354523067859,in_sample
2023-09-10 00:00:00+00:00,-0.00778174943570234,14.012105153631055,-0.26103102340552864,in_sample
2023-09-11 00:00:00+00:00,-0.00892391241027836,13.887062354556441,-0.26762551782657074,in_sample
2023-09-12 00:00:00+00:00,-0.0025931435707937825,13.85105120809451,-0.2695246700064322,in_sample
2023-09-13 00:00:00+00:00,0.0015417438880685422,13.872405981637915,-0.26839846413102975,in_sample
2023-09-14 00:00:00+00:00,0.004602662052472523,13.936255978226093,-0.265031149504355,in_sample
2023-09-15 00:00:00+00:00,0.006488274302856346,14.026678229767644,-0.2602624699982843,in_sample
2023-09-16 00:00:00+00:00,0.013538357123846045,14.216576408903515,-0.2502476391392092,in_sample
2023-09-17 00:00:00+00:00,-0.002880808128339518,14.175621180027585,-0.25240753183461884,in_sample
2023-09-18 00:00:00+00:00,0.005796464805852359,14.257789669298711,-0.2480741384037779,in_sample
2023-09-19 00:00:00+00:00,0.0018047724928712755,14.283521735903006,-0.2467170832920904,in_sample
2023-09-20 00:00:00+00:00,-0.013730972937136994,14.087395085500315,-0.2570603906354143,in_sample
2023-09-21 00:00:00+00:00,0.004492917105412619,14.150688583850666,-0.2537224245562115,in_sample
2023-09-22 00:00:00+00:00,-0.003109864802468998,14.106681855493049,-0.25604324692095615,in_sample
2023-09-23 00:00:00+00:00,0.0010999870806136848,14.122199023284418,-0.25522490410403387,in_sample
2023-09-24 00:00:00+00:00,-0.0038857005152655674,14.067324387262959,-0.2581188770779138,in_sample
2023-09-25 00:00:00+00:00,0.0008399870123936893,14.079140757047387,-0.25749570656991927,in_sample
2023-09-26 00:00:00+00:00,-0.01048875334296274,13.931468122365864,-0.2652836509597982,in_sample
2023-09-27 00:00:00+00:00,-0.0066362421146340875,13.839015526893537,-0.27015940653760906,in_sample
2023-09-28 00:00:00+00:00,0.01844633147655325,14.094294594611782,-0.2566965250255574,in_sample
2023-09-29 00:00:00+00:00,0.005604171975680177,14.173281445395885,-0.25253092452168,in_sample
2023-09-30 00:00:00+00:00,0.004635915554538784,14.238987581307452,-0.2490657210081333,in_sample
2023-10-01 00:00:00+00:00,0.014352159369638979,14.443347800336687,-0.23828819255991707,in_sample
2023-10-02 00:00:00+00:00,-0.009836838778316658,14.30127091660562,-0.24578102880524533,in_sample
2023-10-03 00:00:00+00:00,0.00486998151760395,14.370917841647735,-0.24210799635530078,in_sample
2023-10-04 00:00:00+00:00,0.004662355936145723,14.437920175754602,-0.2385744340731506,in_sample
2023-10-05 00:00:00+00:00,-0.00815708976285036,14.320148764892103,-0.24478545076214508,in_sample
2023-10-06 00:00:00+00:00,-0.013611974219071883,14.125223269091117,-0.25506541173623876,in_sample
2023-10-07 00:00:00+00:00,0.0005318981205861608,14.132736448800808,-0.25466918242878156,in_sample
2023-10-08 00:00:00+00:00,0.0024153280659295288,14.166871643793982,-0.25286896398669956,in_sample
2023-10-09 00:00:00+00:00,-0.027266617148314003,13.780588978493345,-0.27324069990529753,in_sample
2023-10-10 00:00:00+00:00,0.0028733630033876537,13.82018561302904,-0.2711524566200375,in_sample
2023-10-11 00:00:00+00:00,-0.001964015513261852,13.793042554088892,-0.2725839245020385,in_sample
2023-10-12 00:00:00+00:00,-0.007680406444343635,13.687106381169361,-0.2781707756160122,in_sample
2023-10-13 00:00:00+00:00,0.017049221155879212,13.920460884845964,-0.26586414953271287,in_sample
2023-10-14 00:00:00+00:00,-0.007747299793443963,13.812614901108152,-0.27155172005539785,in_sample
2023-10-15 00:00:00+00:00,-0.009709377711011654,13.678503005856545,-0.2786244995483168,in_sample
2023-10-16 00:00:00+00:00,0.012614983776400267,13.851057099360867,-0.2695243593134262,in_sample
2023-10-17 00:00:00+00:00,0.0006559685966057061,13.86014295784784,-0.26904519023255036,in_sample
2023-10-18 00:00:00+00:00,0.014114120456524578,14.055766685099554,-0.25872840599921665,in_sample
2023-10-19 00:00:00+00:00,0.0054906772136624595,14.132942362957987,-0.25465832294890123,in_sample
2023-10-20 00:00:00+00:00,0.015559582612650592,14.352845047214263,-0.243061117550173,in_sample
2023-10-21 00:00:00+00:00,0.01560034843810667,14.57675443102896,-0.23125260723760466,in_sample
2023-10-22 00:00:00+00:00,0.003971339601752931,14.634643673165932,-0.22819965027298306,in_sample
2023-10-23 00:00:00+00:00,0.02507792039421582,15.001650102199301,-0.20884450254230102,in_sample
2023-10-24 00:00:00+00:00,0.00114277049731315,15.018793545347108,-0.20794039338101933,in_sample
2023-10-25 00:00:00+00:00,-0.008734512149602115,14.887611710652909,-0.2148586476382418,in_sample
2023-10-26 00:00:00+00:00,0.015099368704231205,15.112405248997486,-0.203003508873993,in_sample
2023-10-27 00:00:00+00:00,-0.000512740754201234,15.10465650293232,-0.20341216145594865,in_sample
2023-10-28 00:00:00+00:00,0.01035964908557358,15.261135443860825,-0.1951597909827968,in_sample
2023-10-29 00:00:00+00:00,-0.01788620225500727,14.988171688670871,-0.20955532574424085,in_sample
2023-10-30 00:00:00+00:00,-0.0206926172296418,14.678027188945052,-0.2259116948298241,in_sample
2023-10-31 00:00:00+00:00,0.008482990126851149,14.802540748670523,-0.21934511137975465,in_sample
2023-11-01 00:00:00+00:00,0.0274437028230738,15.208777278003478,-0.19792105060908083,in_sample
2023-11-02 00:00:00+00:00,0.0022448197268069526,15.242918241257755,-0.1961205279610314,in_sample
2023-11-03 00:00:00+00:00,-0.0006847442143291416,15.232480741182561,-0.1966709797785281,in_sample
2023-11-04 00:00:00+00:00,-0.017299123065447623,14.968972182248782,-0.2105678673613849,in_sample
2023-11-05 00:00:00+00:00,0.02438207669858242,15.33394681009532,-0.19131987255506455,in_sample
2023-11-06 00:00:00+00:00,0.016579532247960885,15.588176475721813,-0.17791233430380615,in_sample
2023-11-07 00:00:00+00:00,-0.009608037234208573,15.438404695729664,-0.18581098320559875,in_sample
2023-11-08 00:00:00+00:00,-0.0014786954622263658,15.415575996762074,-0.18701492081012716,in_sample
2023-11-09 00:00:00+00:00,0.015559375136082418,15.655432726634485,-0.17436538098297416,in_sample
2023-11-10 00:00:00+00:00,0.015828763015637775,15.903238861171642,-0.16129660626104725,in_sample
2023-11-11 00:00:00+00:00,0.020600757741904153,16.230857632262275,-0.14401868082931824,in_sample
2023-11-12 00:00:00+00:00,0.005877473548837715,16.326254068670845,-0.13898767326759343,in_sample
2023-11-13 00:00:00+00:00,-0.0133758943639358,16.10787581888953,-0.15050448319601262,in_sample
2023-11-14 00:00:00+00:00,-0.009801494508908467,15.949994562500503,-0.15883080883930922,in_sample
2023-11-15 00:00:00+00:00,0.03818360328482847,16.559022827270194,-0.12671193814860937,in_sample
2023-11-16 00:00:00+00:00,0.0013060818244138908,16.58065026601495,-0.12557135248354756,in_sample
2023-11-17 00:00:00+00:00,0.014464630671053011,16.82048324839875,-0.11292306504903371,in_sample
2023-11-18 00:00:00+00:00,-0.00806495110110394,16.68482687350348,-0.12007729715233029,in_sample
2023-11-19 00:00:00+00:00,0.008311964365500895,16.823510559920592,-0.11276341100186515,in_sample
2023-11-20 00:00:00+00:00,-0.004659833505693235,16.74511580173009,-0.11689778578675569,in_sample
2023-11-21 00:00:00+00:00,-0.010900954224833838,16.56257806088589,-0.1265244425997436,in_sample
2023-11-22 00:00:00+00:00,0.012559415597348755,16.770594362116086,-0.11555410006022804,in_sample
2023-11-23 00:00:00+00:00,-0.00015440373612619007,16.768004919689517,-0.11569066181158028,in_sample
2023-11-24 00:00:00+00:00,-0.00993770187452661,16.601369485767048,-0.12447866437935662,in_sample
2023-11-25 00:00:00+00:00,0.0011393122027760602,16.620283628604977,-0.12348117223789323,in_sample
2023-11-26 00:00:00+00:00,0.004894534890694618,16.701632186718424,-0.11919102025306083,in_sample
2023-11-27 00:00:00+00:00,0.00863032996617605,16.84577278346351,-0.111589348120674,in_sample
2023-11-28 00:00:00+00:00,-0.0022776837853646656,16.80740343994268,-0.11361286665720471,in_sample
2023-11-29 00:00:00+00:00,0.012630630364076634,17.019691540172506,-0.1024172384164782,in_sample
2023-11-30 00:00:00+00:00,0.002056125394600606,17.05468616015652,-0.10057169570663071,in_sample
2023-12-01 00:00:00+00:00,-0.016563529600508886,16.77220036111538,-0.11546940304832942,in_sample
2023-12-02 00:00:00+00:00,-0.02564364981713476,16.342099928392116,-0.13815199592909921,in_sample
2023-12-03 00:00:00+00:00,-0.01644415524247954,16.073367900181523,-0.15232435830346225,in_sample
2023-12-04 00:00:00+00:00,-0.04401867806281432,15.365839493198258,-0.1896379194769917,in_sample
2023-12-05 00:00:00+00:00,0.012880996187629494,15.563766813129872,-0.1791996486071753,in_sample
2023-12-06 00:00:00+00:00,0.022105307323783914,15.907808661649819,-0.16105560458816703,in_sample
2023-12-07 00:00:00+00:00,0.011329437288145984,16.088035182273806,-0.15155083667210711,in_sample
2023-12-08 00:00:00+00:00,0.015422400060306093,16.336151297039113,-0.13846571424443233,in_sample
2023-12-09 00:00:00+00:00,0.01626099536007502,16.601793377481748,-0.12445630922121553,in_sample
2023-12-10 00:00:00+00:00,0.013937652066553907,16.83318339725791,-0.11225328589007433,in_sample
2023-12-11 00:00:00+00:00,-0.005169774681481886,16.746159631922023,-0.11684273637624865,in_sample
2023-12-12 00:00:00+00:00,-0.008987974331022781,16.595645579007098,-0.1247805311919552,in_sample
2023-12-13 00:00:00+00:00,0.0004807112023327288,16.60362329174687,-0.12435980338879937,in_sample
2023-12-14 00:00:00+00:00,-0.0012839273513150454,16.582305445671665,-0.12548406178713944,in_sample
2023-12-15 00:00:00+00:00,0.010372444121632391,16.754304482314733,-0.11641319408454975,in_sample
2023-12-16 00:00:00+00:00,0.003523045393055079,16.813330657534994,-0.11330027765860506,in_sample
2023-12-17 00:00:00+00:00,-0.0033369622978712873,16.757225207029155,-0.1162591612015913,in_sample
2023-12-18 00:00:00+00:00,0.009010682413403016,16.908219241499566,-0.10829605316742441,in_sample
2023-12-19 00:00:00+00:00,-0.011124125397985754,16.720130090400488,-0.1182154796898689,in_sample
2023-12-20 00:00:00+00:00,0.02709668035753445,17.173190110996465,-0.09432204639880337,in_sample
2023-12-21 00:00:00+00:00,0.030695465076718508,17.700329168304407,-0.0665218404032838,in_sample
2023-12-22 00:00:00+00:00,-0.017248527629221057,17.395024551598603,-0.0826229642303622,in_sample
2023-12-23 00:00:00+00:00,0.010479629417631475,17.577317962609957,-0.07300919285925112,in_sample
2023-12-24 00:00:00+00:00,0.010746721028887136,17.766216495190175,-0.0630470812585664,in_sample
2023-12-25 00:00:00+00:00,0.0025773604224182617,17.812006438440992,-0.060632215888133056,in_sample
2023-12-26 00:00:00+00:00,-0.0045312290939064585,17.73129615664628,-0.06488870652137912,in_sample
2023-12-27 00:00:00+00:00,0.008902185156026704,17.88914343808909,-0.05656417264534086,in_sample
2023-12-28 00:00:00+00:00,-0.006558581830465072,17.771816026973454,-0.06275177372083895,in_sample
2023-12-29 00:00:00+00:00,-0.010886051702259422,17.578351118860777,-0.07295470636996493,in_sample
2023-12-30 00:00:00+00:00,0.005558401721285085,17.676058655977204,-0.0678018162141425,in_sample
2023-12-31 00:00:00+00:00,0.0071964097038618394,17.80326281601511,-0.061093336158423606,in_sample
2024-01-01 00:00:00+00:00,0.0032479236186074185,17.86108645380352,-0.05804383902926469,in_sample
2024-01-02 00:00:00+00:00,-0.0036999340562104913,17.795001611752173,-0.06152901470869754,in_sample
2024-01-03 00:00:00+00:00,0.006060040550707205,17.90284004311929,-0.05584184248217017,in_sample
2024-01-04 00:00:00+00:00,0.0013151981565147901,17.92638582534038,-0.0546000874139444,in_sample
2024-01-05 00:00:00+00:00,-0.010281116891507756,17.742082557227786,-0.06431985442446286,in_sample
2024-01-06 00:00:00+00:00,-0.007188608783833629,17.614541666713396,-0.07104609293780595,in_sample
2024-01-07 00:00:00+00:00,-0.0011139802110477744,17.594919415870002,-0.07208092920724873,in_sample
2024-01-08 00:00:00+00:00,-0.009193508044077345,17.43316038268531,-0.08061176064883468,in_sample
2024-01-09 00:00:00+00:00,0.0017535389980390323,17.463730109275414,-0.0789995775167941,in_sample
2024-01-10 00:00:00+00:00,-3.062619831893133e-05,17.4631952616137,-0.07902778425838486,in_sample
2024-01-11 00:00:00+00:00,-0.002195962434068656,17.42484674084039,-0.08105020464697432,in_sample
2024-01-12 00:00:00+00:00,-0.016391305472420344,17.139230755101167,-0.09611299145642405,in_sample
2024-01-13 00:00:00+00:00,0.002275954373838363,17.178238862302464,-0.0940557858658736,in_sample
2024-01-14 00:00:00+00:00,-8.361614106960446e-05,17.176802484258427,-0.09413153742508373,in_sample
2024-01-15 00:00:00+00:00,-0.005005323437396443,17.090827032204437,-0.09866570207200842,in_sample
2024-01-16 00:00:00+00:00,0.0008209288071694688,17.104857384453524,-0.09792577078194942,in_sample
2024-01-17 00:00:00+00:00,-0.004228953331508284,17.032521740832564,-0.10174060059886891,in_sample
2024-01-18 00:00:00+00:00,-0.0004612432856096369,17.024665604542605,-0.10215491671557841,in_sample
2024-01-19 00:00:00+00:00,0.0059106854608975586,17.125293048008015,-0.096848036835671,in_sample
2024-01-20 00:00:00+00:00,0.004967587089829606,17.210364432662846,-0.09236155080330177,in_sample
2024-01-21 00:00:00+00:00,-0.0016799939450406307,17.18145112462403,-0.0938863779022383,in_sample
2024-01-22 00:00:00+00:00,-0.005358429517758346,17.089385529759923,-0.09874172388132985,in_sample
2024-01-23 00:00:00+00:00,0.001092314870571654,17.108052519703012,-0.09775726606409962,in_sample
2024-01-24 00:00:00+00:00,-0.011734558955280154,16.907297068800528,-0.10834468661744356,in_sample
2024-01-25 00:00:00+00:00,-0.003864408440589933,16.841960367300295,-0.11179040693657594,in_sample
2024-01-26 00:00:00+00:00,0.006115825861145167,16.944962864067012,-0.10635827173720136,in_sample
2024-01-27 00:00:00+00:00,0.001975428088784115,16.978436419672093,-0.10459294676588149,in_sample
2024-01-28 00:00:00+00:00,0.005440518915047106,17.070807924161244,-0.0997214677560947,in_sample
2024-01-29 00:00:00+00:00,0.00015574385329016754,17.073466597566128,-0.09958125490844871,in_sample
2024-01-30 00:00:00+00:00,0.008254195165452316,17.21439432301327,-0.09214902285583138,in_sample
2024-01-31 00:00:00+00:00,-0.001796785442343384,17.18346374989492,-0.09378023627538135,in_sample
2024-02-01 00:00:00+00:00,-0.002439858440893272,17.141538530820956,-0.09599128421520908,in_sample
2024-02-02 00:00:00+00:00,0.006892667481569005,17.25968945603641,-0.08976025273686428,in_sample
2024-02-03 00:00:00+00:00,-0.00047334736930946874,17.251519627437293,-0.09019111232667221,in_sample
2024-02-04 00:00:00+00:00,0.0013958506994578685,17.275600173175963,-0.08892115495444042,in_sample
2024-02-05 00:00:00+00:00,-0.001475580110679625,17.25010864116037,-0.09026552477745065,in_sample
2024-02-06 00:00:00+00:00,-0.011608793243914945,17.04985569651007,-0.1008264442071708,in_sample
2024-02-07 00:00:00+00:00,0.0032344638846527616,17.105002838998974,-0.09791809981492383,in_sample
2024-02-08 00:00:00+00:00,-0.001331175682413682,17.08223307517208,-0.0991189293039958,in_sample
2024-02-09 00:00:00+00:00,0.0018642193500901134,17.11407810461357,-0.09743948937987434,in_sample
2024-02-10 00:00:00+00:00,-0.009599797825937562,16.949786414831973,-0.10610388780750257,in_sample
2024-02-11 00:00:00+00:00,-0.013064258067768994,16.728350030915042,-0.1177819773029607,in_sample
2024-02-12 00:00:00+00:00,0.008153982942834393,16.864752711728887,-0.11058838659402803,in_sample
2024-02-13 00:00:00+00:00,-0.017394640820847827,16.571396395775942,-0.12605938215111567,in_sample
2024-02-14 00:00:00+00:00,0.0073994794630092295,16.69401610307987,-0.11959267649745331,in_sample
2024-02-15 00:00:00+00:00,0.005380803261791895,16.78384331937973,-0.11485537789944522,in_sample
2024-02-16 00:00:00+00:00,-0.008127458545997047,16.64743332855896,-0.12204935412277984,in_sample
2024-02-17 00:00:00+00:00,-0.014389529498307605,16.407884595606554,-0.13468265083968822,in_sample
2024-02-18 00:00:00+00:00,0.0037525772442785106,16.469456449966774,-0.13143548064614985,in_sample
2024-02-19 00:00:00+00:00,-0.006810626882853688,16.35728912712264,-0.13735094951115423,in_sample
2024-02-20 00:00:00+00:00,-0.006417763598501297,16.252311912392432,-0.14288722718566316,in_sample
2024-02-21 00:00:00+00:00,0.00997207476916317,16.41438118195457,-0.1343400345295539,in_sample
2024-02-22 00:00:00+00:00,0.0037019833260826473,16.475146947398134,-0.13113537577132484,in_sample
2024-02-23 00:00:00+00:00,0.004982822752717386,16.55723968446199,-0.12680597735268706,in_sample
2024-02-24 00:00:00+00:00,0.012739612543425838,16.76817250283067,-0.11568182382892489,in_sample
2024-02-25 00:00:00+00:00,-0.010098348074940802,16.598841660316435,-0.12461197658089729,in_sample
2024-02-26 00:00:00+00:00,0.011899253116631476,16.796355478675427,-0.11419551291496566,in_sample
2024-02-27 00:00:00+00:00,-0.0025741439272457096,16.753119242220134,-0.1164757011561226,in_sample
2024-02-28 00:00:00+00:00,0.01804295372269423,17.05539499741829,-0.10053431311920669,in_sample
2024-02-29 00:00:00+00:00,0.0011574640597902248,17.07513600415333,-0.09949321391362753,in_sample
2024-03-01 00:00:00+00:00,0.00320816089130671,17.129915787695595,-0.09660424326014905,in_sample
2024-03-02 00:00:00+00:00,0.010283478874237367,17.306070914815827,-0.08731419208063917,in_sample
2024-03-03 00:00:00+00:00,0.010891056012721948,17.494552302509224,-0.077374079824573,in_sample
2024-03-04 00:00:00+00:00,0.025488938498738806,17.94046987021085,-0.05385732448787928,in_sample
2024-03-05 00:00:00+00:00,-0.0332498235313665,17.343952412956543,-0.0853164014841522,in_sample
2024-03-06 00:00:00+00:00,0.024543854124134363,17.769639850916075,-0.06286654067244102,in_sample
2024-03-07 00:00:00+00:00,0.011611735017842519,17.97597620022741,-0.05198479526637512,in_sample
2024-03-08 00:00:00+00:00,0.007055038882120673,18.102797411264092,-0.04529651113613775,in_sample
2024-03-09 00:00:00+00:00,0.015522003740270874,18.3837891003911,-0.030477600011143302,in_sample
2024-03-10 00:00:00+00:00,0.006429012410494454,18.501978708669427,-0.024244528469362536,in_sample
2024-03-11 00:00:00+00:00,0.028521446255247874,19.02968190002448,0.0,in_sample
2024-03-12 00:00:00+00:00,0.01599214599500732,19.334007351208225,0.0,in_sample
2024-03-13 00:00:00+00:00,0.008321799004905579,19.494901074344348,0.0,in_sample
2024-03-14 00:00:00+00:00,0.016486623601438974,19.81630617050435,0.0,in_sample
2024-03-15 00:00:00+00:00,0.0004572324630330261,19.825366828982908,0.0,in_sample
2024-03-16 00:00:00+00:00,-0.009590403287784276,19.6352335657647,-0.009590403287784266,in_sample
2024-03-17 00:00:00+00:00,0.01867957263815746,20.00201133742359,0.0,in_sample
2024-03-18 00:00:00+00:00,-0.0008768295807531704,19.984472982208377,-0.0008768295807530802,in_sample
2024-03-19 00:00:00+00:00,-0.010942477629941052,19.7657933336544,-0.01180971252262153,in_sample
2024-03-20 00:00:00+00:00,0.022322711970937867,20.207019445118654,0.0,in_sample
2024-03-21 00:00:00+00:00,-0.024353812037188956,19.71490149172041,-0.024353812037189004,in_sample
2024-03-22 00:00:00+00:00,0.001977419219067001,19.75388611683215,-0.02242455051410197,in_sample
2024-03-23 00:00:00+00:00,0.0021736234555176297,19.79682362703332,-0.020299669587561242,in_sample
2024-03-24 00:00:00+00:00,0.008700375451887187,19.969063425343304,-0.011775908882634911,in_sample
2024-03-25 00:00:00+00:00,0.0014645686748189944,19.998309490101533,-0.010328586835083087,in_sample
2024-03-26 00:00:00+00:00,-0.0011878016635094991,19.97455546482181,-0.011504120185968247,in_sample
2024-03-27 00:00:00+00:00,0.0060010918607887155,20.094424607044626,-0.005572065607193033,in_sample
2024-03-28 00:00:00+00:00,0.001535863658293236,20.1252869035329,-0.004044759881967619,in_sample
2024-03-29 00:00:00+00:00,-0.006378768552532204,19.996912356321957,-0.010397727847362037,in_sample
2024-03-30 00:00:00+00:00,0.0010650253345304117,20.018209574593822,-0.009343776356410705,in_sample
2024-03-31 00:00:00+00:00,-0.004494858633067068,19.928230552468914,-0.013796636035656729,in_sample
2024-04-01 00:00:00+00:00,-0.014150435764491489,19.646237406136226,-0.027751843388159503,in_sample
2024-04-02 00:00:00+00:00,-0.013768819548896062,19.375731908476364,-0.041138552813294815,in_sample
2024-04-03 00:00:00+00:00,-0.014945877456604294,19.08614459374026,-0.05546957850080947,in_sample
2024-04-04 00:00:00+00:00,0.0028690422179002634,19.14090354835665,-0.05275968084543714,in_sample
2024-04-05 00:00:00+00:00,-0.0031492960248041724,19.08062317690065,-0.05574282101708483,in_sample
2024-04-06 00:00:00+00:00,-0.011954277480689238,18.85252811293951,-0.06703073334777954,in_sample
2024-04-07 00:00:00+00:00,-0.009301650701729008,18.67716848158842,-0.07570888758162675,in_sample
2024-04-08 00:00:00+00:00,0.013397409533207939,18.927394156656984,-0.06332578102065345,in_sample
2024-04-09 00:00:00+00:00,-0.01706218502780179,18.60445145546197,-0.07930748985565073,in_sample
2024-04-10 00:00:00+00:00,0.016815834044795256,18.917300823631468,-0.0638252773987773,in_sample
2024-04-11 00:00:00+00:00,0.01852726920682164,19.26778674865732,-0.04648051628852279,in_sample
2024-04-12 00:00:00+00:00,0.019498161759683576,19.64347317143373,-0.02788863915410633,in_sample
2024-04-13 00:00:00+00:00,-0.00016997232892840101,19.64013432455054,-0.02805387118608693,in_sample
2024-04-14 00:00:00+00:00,0.003840454693619344,19.715561370600575,-0.024321156113738418,in_sample
2024-04-15 00:00:00+00:00,0.008714718985895778,19.887376947594543,-0.015818389168785862,in_sample
2024-04-16 00:00:00+00:00,-0.004589357942403743,19.796106656246522,-0.02033515086122184,in_sample
2024-04-17 00:00:00+00:00,-0.006897523590927137,19.659562543576552,-0.027092412269358657,in_sample
2024-04-18 00:00:00+00:00,0.005873493751813056,19.775032861339625,-0.02137804563173129,in_sample
2024-04-19 00:00:00+00:00,-0.00020661536480401127,19.770947035710968,-0.021580243963838286,in_sample
2024-04-20 00:00:00+00:00,-0.010258906133982237,19.568118745891674,-0.03161776040064712,in_sample
2024-04-21 00:00:00+00:00,0.008087408615978814,19.726374118035693,-0.023786057532550586,in_sample
2024-04-22 00:00:00+00:00,0.003653491246556345,19.798444253202234,-0.02021946843897937,in_sample
2024-04-23 00:00:00+00:00,-0.008076020055405525,19.638551620347545,-0.02813219566176206,in_sample
2024-04-24 00:00:00+00:00,0.004392790744963293,19.72481966814989,-0.023862983765537304,in_sample
2024-04-25 00:00:00+00:00,0.0017827737659615876,19.759984559192596,-0.02212275230101024,in_sample
2024-04-26 00:00:00+00:00,-0.0029427545511754964,19.701835774699873,-0.025000405022167493,in_sample
2024-04-27 00:00:00+00:00,0.005249216584412698,19.805254977791805,-0.019882420978414084,in_sample
2024-04-28 00:00:00+00:00,-0.0035164225407073642,19.73561133276344,-0.02332892852582913,in_sample
2024-04-29 00:00:00+00:00,0.004098651251000386,19.816500720841727,-0.01932589441691579,in_sample
2024-04-30 00:00:00+00:00,0.0008400530152724984,19.83314763202442,-0.018502076177520976,in_sample
2024-05-01 00:00:00+00:00,-0.004244306817707093,19.74896966831323,-0.02266785450716602,in_sample
2024-05-02 00:00:00+00:00,0.0018121433348990525,19.784757632068786,-0.020896788573728675,in_sample
2024-05-03 00:00:00+00:00,-0.008878704384167968,19.609094617741235,-0.029589956549572083,in_sample
2024-05-04 00:00:00+00:00,-0.010357366582863878,19.405996036427226,-0.039640849105280984,in_sample
2024-05-05 00:00:00+00:00,0.00031041446270452277,19.412019938260123,-0.03934273973545255,in_sample
2024-05-06 00:00:00+00:00,0.005545667247610693,19.519672541441697,-0.03401525423102403,in_sample
2024-05-07 00:00:00+00:00,-0.0062798657898731226,19.39709161761917,-0.04008150878951788,in_sample
2024-05-08 00:00:00+00:00,-0.010769831131746134,19.188188216450406,-0.05041966884009519,in_sample
2024-05-09 00:00:00+00:00,0.002464439001906328,19.23547633586695,-0.04807948603654155,in_sample
2024-05-10 00:00:00+00:00,0.010005332380200795,19.427933670098785,-0.03855520489480546,in_sample
2024-05-11 00:00:00+00:00,-0.009996866804523986,19.233715204911682,-0.048166640451374865,in_sample
2024-05-12 00:00:00+00:00,-0.009906557565897894,19.04317529802814,-0.0575960324208854,in_sample
2024-05-13 00:00:00+00:00,-0.016738980648907303,18.724411955220695,-0.07337091419764563,in_sample
2024-05-14 00:00:00+00:00,-0.001624966994148281,18.693985403808625,-0.07487665587789238,in_sample
2024-05-15 00:00:00+00:00,-0.01001839178588795,18.5067017339936,-0.08414490398957841,in_sample
2024-05-16 00:00:00+00:00,-0.0034207975280657757,18.443394054449307,-0.08727785883807715,in_sample
2024-05-17 00:00:00+00:00,-0.0011182431296886328,18.42276985575978,-0.08829850410174622,in_sample
2024-05-18 00:00:00+00:00,-0.0029621404289239695,18.36819902435727,-0.09099909196185696,in_sample
2024-05-19 00:00:00+00:00,0.00641153626452184,18.485967398515893,-0.08517099967548702,in_sample
2024-05-20 00:00:00+00:00,-0.0018360472936509772,18.45202628810333,-0.08685066898568616,in_sample
2024-05-21 00:00:00+00:00,0.0009518846241299091,18.469590488211015,-0.08598145617795916,in_sample
2024-05-22 00:00:00+00:00,-0.005246567475843174,18.372688535463425,-0.09077691614229344,in_sample
2024-05-23 00:00:00+00:00,-0.004172513819281182,18.296028238651854,-0.09457066202449926,in_sample
2024-05-24 00:00:00+00:00,-0.006247892415237116,18.181716622590617,-0.10022768711776953,in_sample
2024-05-25 00:00:00+00:00,-0.0006165894898652316,18.17050596721342,-0.10078247726916445,in_sample
2024-05-26 00:00:00+00:00,-0.004602370885717907,18.08687855957115,-0.10492100981570829,in_sample
2024-05-27 00:00:00+00:00,0.0003956302145370121,18.09403427521598,-0.10456688952279414,in_sample
2024-05-28 00:00:00+00:00,-0.006747792078021613,17.971939494074224,-0.11060908597207053,in_sample
2024-05-29 00:00:00+00:00,0.004024299271703863,18.044263957091335,-0.10702991076448776,in_sample
2024-05-30 00:00:00+00:00,-0.006316666749360917,17.930284354936884,-0.11267050523533562,in_sample
2024-05-31 00:00:00+00:00,-0.01401704314814232,17.678954785475273,-0.12510824105007123,in_sample
2024-06-01 00:00:00+00:00,0.0002735056793099998,17.683790080013363,-0.12486895318521696,in_sample
2024-06-02 00:00:00+00:00,-0.026995299962591448,17.206410862327903,-0.14849337830055875,in_sample
2024-06-03 00:00:00+00:00,-0.010900510652569077,17.01885219743062,-0.15777523530112658,in_sample
2024-06-04 00:00:00+00:00,0.012744975886819474,17.235757058308216,-0.14704110098375722,in_sample
2024-06-05 00:00:00+00:00,0.004550420959095264,17.314187008472214,-0.14315977893242704,in_sample
2024-06-06 00:00:00+00:00,-0.0059243698670515,17.211611360686728,-0.14823601731899738,in_sample
2024-06-07 00:00:00+00:00,0.009111998708060134,17.36844354116894,-0.14047474500923585,in_sample
2024-06-08 00:00:00+00:00,0.0017845830473896297,17.399438971072055,-0.1389408508103761,in_sample
2024-06-09 00:00:00+00:00,-0.006857152268130601,17.28012836866737,-0.1448452645082362,in_sample
2024-06-10 00:00:00+00:00,0.010609348611697834,17.46345927458545,-0.13577262980245997,in_sample
2024-06-11 00:00:00+00:00,-0.0002524427809424193,17.4590507503613,-0.13599079776315914,in_sample
2024-06-12 00:00:00+00:00,0.005270940744823318,17.551076372327316,-0.13143665645518676,in_sample
2024-06-13 00:00:00+00:00,-0.0012338180507519266,17.52942153748901,-0.1325083055866738,in_sample
2024-06-14 00:00:00+00:00,-0.007660080350904846,17.395144760006964,-0.13915336166962244,in_sample
2024-06-15 00:00:00+00:00,-0.008638960465640189,17.244868792131175,-0.14659018174513783,in_sample
2024-06-16 00:00:00+00:00,0.00374550474462816,17.309459530012592,-0.14339373122175203,in_sample
2024-06-17 00:00:00+00:00,-0.014011970132010337,17.06691990007681,-0.15539647267476575,in_sample
2024-06-18 00:00:00+00:00,0.016911926208511334,17.355554390033486,-0.141112600145193,in_sample
2024-06-19 00:00:00+00:00,-0.0067593010150419144,17.238242973628317,-0.14691807861883832,in_sample
2024-06-20 00:00:00+00:00,0.00734901373384936,17.364927057988947,-0.14064876786250935,in_sample
2024-06-21 00:00:00+00:00,-0.007822915282664239,17.229082704724657,-0.14737139974957403,in_sample
2024-06-22 00:00:00+00:00,0.0079209719052205,17.3655537847815,-0.14061775256140296,in_sample
2024-06-23 00:00:00+00:00,0.00877933760295513,17.518011844120373,-0.13307294568115313,in_sample
2024-06-24 00:00:00+00:00,-0.012550737691495437,17.29814787258831,-0.14395351973756976,in_sample
2024-06-25 00:00:00+00:00,0.0031513828476058266,17.35266095908933,-0.1412557895429175,in_sample
2024-06-26 00:00:00+00:00,0.00364731591259805,17.415951595531336,-0.13812367811926596,in_sample
2024-06-27 00:00:00+00:00,0.0012659734040863391,17.437999727058134,-0.13703256561815325,in_sample
2024-06-28 00:00:00+00:00,0.0024202307111251993,17.480203709538152,-0.13494398533076135,in_sample
2024-06-29 00:00:00+00:00,0.0049126926012265475,17.566078576969936,-0.13069423104784916,in_sample
2024-06-30 00:00:00+00:00,0.0005843582254750177,17.576343459475726,-0.13018624507130916,in_sample
2024-07-01 00:00:00+00:00,0.002778806955388082,17.625184724931206,-0.12776920055922125,in_sample
2024-07-02 00:00:00+00:00,-0.006941439044958392,17.502840579506966,-0.13382373748667464,in_sample
2024-07-03 00:00:00+00:00,-0.003906735753675411,17.434461606424126,-0.13720765926042033,in_sample
2024-07-04 00:00:00+00:00,-0.022652880118046975,17.039520837731107,-0.15675239072196312,in_sample
2024-07-05 00:00:00+00:00,-0.02615222539584393,16.593899448145585,-0.1788051922643089,in_sample
2024-07-06 00:00:00+00:00,0.010716301338521583,16.77172467501304,-0.1700050212469839,in_sample
2024-07-07 00:00:00+00:00,0.008178057701810782,16.908884807164178,-0.16321727441852862,in_sample
2024-07-08 00:00:00+00:00,-0.005053791070976571,16.82343083610556,-0.16744619948541983,in_sample
2024-07-09 00:00:00+00:00,-0.004446605298192136,16.74862367941596,-0.1711482376258181,in_sample
2024-07-10 00:00:00+00:00,-0.0001158220719609806,16.746683819118914,-0.1712442369542848,in_sample
2024-07-11 00:00:00+00:00,-0.013881682986174726,16.514211663272203,-0.18274876172985077,in_sample
2024-07-12 00:00:00+00:00,0.0032543317951913343,16.567954387360512,-0.1800891550404886,in_sample
2024-07-13 00:00:00+00:00,-0.0072830427325911605,16.447289267565743,-0.18606060076124376,in_sample
2024-07-14 00:00:00+00:00,0.0002888996247237428,16.452040883262864,-0.18582545397425587,in_sample
2024-07-15 00:00:00+00:00,0.008612620480777844,16.59373606752465,-0.1788132776042265,in_sample
2024-07-16 00:00:00+00:00,-0.0063254172743696995,16.488773762756797,-0.18400762628355183,in_sample
2024-07-17 00:00:00+00:00,0.0009576890893100883,16.504564881485493,-0.18322615929028319,in_sample
2024-07-18 00:00:00+00:00,-0.002902112272520057,16.456666781190332,-0.18559652867728016,in_sample
2024-07-19 00:00:00+00:00,0.008045288491568922,16.589065413054627,-0.17904441780195368,in_sample
2024-07-20 00:00:00+00:00,0.0071089916595102305,16.7069969407151,-0.1732082514152795,in_sample
2024-07-21 00:00:00+00:00,0.0015266796690408544,16.73250317327522,-0.1719460052621844,in_sample
2024-07-22 00:00:00+00:00,0.0038686260244962852,16.797234970506317,-0.16874257402845372,in_sample
2024-07-23 00:00:00+00:00,-0.010291308893459004,16.624369436868825,-0.17729730096910845,in_sample
2024-07-24 00:00:00+00:00,0.002524153309824089,16.666331894006635,-0.17522067322834844,in_sample
2024-07-25 00:00:00+00:00,-0.0010461135183418512,16.648897018911143,-0.17608348603173318,in_sample
2024-07-26 00:00:00+00:00,0.006839154143141934,16.76276139193677,-0.17044859399162415,in_sample
2024-07-27 00:00:00+00:00,-5.2566321295188356e-05,16.761880235235648,-0.17049220045736324,in_sample
2024-07-28 00:00:00+00:00,-0.004270672050332307,16.69029574180401,-0.1740347562324025,in_sample
2024-07-29 00:00:00+00:00,-0.0006327508272447829,16.679734943366423,-0.17455738642367202,in_sample
2024-07-30 00:00:00+00:00,0.003599717134244002,16.739777271036704,-0.17158602650424626,in_sample
2024-07-31 00:00:00+00:00,0.007401944395936133,16.863684171597274,-0.16545415233561422,in_sample
2024-08-01 00:00:00+00:00,-0.00792767336894235,16.729994391687846,-0.17207015922730462,in_sample
2024-08-02 00:00:00+00:00,-0.008855030300889738,16.581849784415734,-0.17940150305435765,in_sample
2024-08-03 00:00:00+00:00,-0.013628952424405994,16.355856542595287,-0.19058540092876886,in_sample
2024-08-04 00:00:00+00:00,-0.009276295505391729,16.20413478406238,-0.1980937699361317,in_sample
2024-08-05 00:00:00+00:00,-0.021393794993530058,15.857466846444618,-0.21524958742615274,in_sample
2024-08-06 00:00:00+00:00,0.03736885003846159,16.450042147019285,-0.18592436694105963,in_sample
2024-08-07 00:00:00+00:00,-0.006450396033588268,16.343932860401793,-0.19117547717558392,in_sample
2024-08-08 00:00:00+00:00,0.007782094814542708,16.47112289556396,-0.18488112805063706,in_sample
2024-08-09 00:00:00+00:00,0.0035856344515027673,16.53018232127323,-0.18195840974130528,in_sample
2024-08-10 00:00:00+00:00,0.011187138673155891,16.715107763193863,-0.17280686503067233,in_sample
2024-08-11 00:00:00+00:00,-0.012043978179572918,16.513791370024748,-0.18276956109853537,in_sample
2024-08-12 00:00:00+00:00,-0.0003108276366997507,16.50865842728025,-0.18302357890449827,in_sample
2024-08-13 00:00:00+00:00,-0.008099058400113662,16.37495383857018,-0.1896403186504666,in_sample
2024-08-14 00:00:00+00:00,-0.01293957349956297,16.16306891982405,-0.20012602730837126,in_sample
2024-08-15 00:00:00+00:00,-0.0005500016456084942,16.154179205320062,-0.20056595930963106,in_sample
2024-08-16 00:00:00+00:00,-0.005944780607015187,16.058146154058026,-0.205318419291315,in_sample
2024-08-17 00:00:00+00:00,0.008621880509837877,16.19659757140783,-0.19846676965907561,in_sample
2024-08-18 00:00:00+00:00,0.005756588314171148,16.28983471571673,-0.19385267283187513,in_sample
2024-08-19 00:00:00+00:00,0.005723430604313707,16.383068454267875,-0.1892387445479753,in_sample
2024-08-20 00:00:00+00:00,-0.0004334395925940545,16.375967383751618,-0.18959016057622935,in_sample
2024-08-21 00:00:00+00:00,-0.003309990757980574,16.32176308305841,-0.19227260965489856,in_sample
2024-08-22 00:00:00+00:00,-0.0012628236510625163,16.301151574610085,-0.1932926269070374,in_sample
2024-08-23 00:00:00+00:00,0.0234464200683217,16.683355222025778,-0.17437822696528738,in_sample
2024-08-24 00:00:00+00:00,0.005771430378982807,16.77964204517754,-0.16961320838284522,in_sample
2024-08-25 00:00:00+00:00,-0.0010467691600342054,16.762077633368232,-0.1704824316672099,in_sample
2024-08-26 00:00:00+00:00,0.01219031779506405,16.966412686624526,-0.16037034889264434,in_sample
2024-08-27 00:00:00+00:00,0.006393426258404596,17.074886195006123,-0.15500223863391938,in_sample
2024-08-28 00:00:00+00:00,0.001839695201048847,17.10629878119753,-0.15344770030743726,in_sample
2024-08-29 00:00:00+00:00,-0.006156017407582653,17.000992108121167,-0.1586590910007738,in_sample
2024-08-30 00:00:00+00:00,-0.00019364498872078697,16.997699951196147,-0.15882201245160732,in_sample
2024-08-31 00:00:00+00:00,0.0021486160603031326,17.0342214822995,-0.15701464391798747,in_sample
2024-09-01 00:00:00+00:00,-0.0018903557249160636,17.002020744200948,-0.15860818611187744,in_sample
2024-09-02 00:00:00+00:00,0.021088767632930834,17.36057240896567,-0.14086426966054078,in_sample
2024-09-03 00:00:00+00:00,-0.010077648744654392,17.185618658221973,-0.149522337774884,in_sample
2024-09-04 00:00:00+00:00,0.00825976425352772,17.327567816889914,-0.14249759278201313,in_sample
2024-09-05 00:00:00+00:00,0.008176581260324427,17.469248083188496,-0.13548615466847147,in_sample
2024-09-06 00:00:00+00:00,0.003862579912564678,17.53672444992223,-0.13214690085535996,in_sample
2024-09-07 00:00:00+00:00,-0.00032051104111303127,17.53110373611107,-0.13242505735569998,in_sample
2024-09-08 00:00:00+00:00,0.00907443297854651,17.69018856200436,-0.12455230668480788,in_sample
2024-09-09 00:00:00+00:00,-0.0023163992646340168,17.649211022228094,-0.12658019307782875,in_sample
2024-09-10 00:00:00+00:00,0.010163816156227516,17.828594358360483,-0.11770291473306416,in_sample
2024-09-11 00:00:00+00:00,0.0012481742102898043,17.85084755004431,-0.11660165426541991,in_sample
2024-09-12 00:00:00+00:00,0.020672093507799964,18.21986193979231,-0.09833996105775888,in_sample
2024-09-13 00:00:00+00:00,-0.0005641551114970336,18.209583111548206,-0.09884863717756076,in_sample
2024-09-14 00:00:00+00:00,0.008090069284463168,18.35689990056182,-0.09155826021653879,in_sample
2024-09-15 00:00:00+00:00,-0.005534199769139909,18.255309149370007,-0.09658575828312554,in_sample
2024-09-16 00:00:00+00:00,0.003278071193039897,18.31515135241259,-0.09362430208197159,in_sample
2024-09-17 00:00:00+00:00,0.017240555310947408,18.630914732332233,-0.07799788172951727,in_sample
2024-09-18 00:00:00+00:00,0.006326363889692411,18.7487806785268,-0.07216496082227097,in_sample
2024-09-19 00:00:00+00:00,0.0019958223818037583,18.786199914636533,-0.07031316688445821,in_sample
2024-09-20 00:00:00+00:00,-0.02798976077874062,18.26037867308426,-0.09633487894250714,in_sample
2024-09-21 00:00:00+00:00,0.012166996749140385,18.482552641037753,-0.08533998835228884,in_sample
2024-09-22 00:00:00+00:00,0.010135751953877363,18.669887210081793,-0.07606922135209704,in_sample
2024-09-23 00:00:00+00:00,-0.00701546506045952,18.538909268676743,-0.08255102544798465,in_sample
2024-09-24 00:00:00+00:00,0.0012591406958036228,18.562252363792744,-0.08139582810780299,in_sample
2024-09-25 00:00:00+00:00,0.0015605296313470135,18.591219308630983,-0.07996231907808626,in_sample
2024-09-26 00:00:00+00:00,0.013686599007668434,18.84566987237184,-0.06737013226736277,in_sample
2024-09-27 00:00:00+00:00,-0.005205321169103478,18.747572108039247,-0.07222477026080965,in_sample
2024-09-28 00:00:00+00:00,0.002914982774990361,18.80222095780707,-0.06952032144705722,in_sample
2024-09-29 00:00:00+00:00,-0.011447095181212437,18.586990144884865,-0.08017161089163671,in_sample
2024-09-30 00:00:00+00:00,0.010640919984180914,18.784772819763344,-0.07038379060395661,in_sample
2024-10-01 00:00:00+00:00,0.0075672851360919745,18.926922551907204,-0.06334911968032375,in_sample
2024-10-02 00:00:00+00:00,0.004500856058370128,19.01210990594126,-0.059133388891059124,in_sample
2024-10-03 00:00:00+00:00,0.00377226404546987,19.083828604567962,-0.05558419160238981,in_sample
2024-10-04 00:00:00+00:00,-0.015704193127802323,18.78413247454395,-0.07041547985041541,in_sample
2024-10-05 00:00:00+00:00,0.0028007863226178382,18.83674281586089,-0.0678119122406633,in_sample
2024-10-06 00:00:00+00:00,-0.00695940786893713,18.705650239683045,-0.07429938935394498,in_sample
2024-10-07 00:00:00+00:00,0.001750168177315447,18.738388273468534,-0.07267925760347071,in_sample
2024-10-08 00:00:00+00:00,0.008901122087286693,18.90518095520966,-0.06442506246132584,in_sample
2024-10-09 00:00:00+00:00,0.006109239893948992,19.020677240903552,-0.0587094107291356,in_sample
2024-10-10 00:00:00+00:00,0.00681906442206418,19.150380464360566,-0.05229068956101468,in_sample
2024-10-11 00:00:00+00:00,-0.00953120877274101,18.967854190077325,-0.06132350485467908,in_sample
2024-10-12 00:00:00+00:00,-0.008821074400278527,18.80053733705302,-0.06960364005614861,in_sample
2024-10-13 00:00:00+00:00,0.0010200480389971787,18.819714788295773,-0.06865459107369776,in_sample
2024-10-14 00:00:00+00:00,-0.018762138723817365,18.46661668869509,-0.0861286228357635,in_sample
2024-10-15 00:00:00+00:00,-0.0008906577059566217,18.450169254238357,-0.08694256942008805,in_sample
2024-10-16 00:00:00+00:00,0.0019810756890077034,18.486720436006006,-0.08513373354169829,in_sample
2024-10-17 00:00:00+00:00,0.002227330115015651,18.527896465161,-0.08309602435520369,in_sample
2024-10-18 00:00:00+00:00,-0.019858054142404522,18.15996849401097,-0.10130395314694396,in_sample
2024-10-19 00:00:00+00:00,0.0031428656219602167,18.217042834686676,-0.09847947223669795,in_sample
2024-10-20 00:00:00+00:00,-0.004960304603950002,18.126680753243424,-0.1029512886611178,in_sample
2024-10-21 00:00:00+00:00,0.007042769668630907,18.25434279064532,-0.09663358120561594,in_sample
2024-10-22 00:00:00+00:00,-0.02720614823812631,17.757712434693453,-0.12121070190868122,in_sample
2024-10-23 00:00:00+00:00,0.017846115244761422,18.074618617286323,-0.10552772681908063,in_sample
2024-10-24 00:00:00+00:00,-0.013331871283672556,17.83365012837919,-0.11745271603194263,in_sample
2024-10-25 00:00:00+00:00,-0.0024603495903836817,17.789773114590787,-0.1196240908805476,in_sample
2024-10-26 00:00:00+00:00,-0.012406651317233543,17.569061602545364,-0.13054660781308514,in_sample
2024-10-27 00:00:00+00:00,0.016218425408838444,17.854004117649534,-0.11644544282544,in_sample
2024-10-28 00:00:00+00:00,0.027288318033439472,18.341209860182293,-0.09233472506936591,in_sample
2024-10-29 00:00:00+00:00,-0.017351277281445504,18.022966442221087,-0.1080838769334268,in_sample
2024-10-30 00:00:00+00:00,0.002231106590457977,18.063177601429928,-0.10609391699311732,in_sample
2024-10-31 00:00:00+00:00,-0.004151457539734366,17.98818908658491,-0.10980493014123072,in_sample
2024-11-01 00:00:00+00:00,0.0004969593040589082,17.997128484514658,-0.10936253941883711,in_sample
2024-11-02 00:00:00+00:00,0.005170730829578523,18.090186791613423,-0.1047572928434326,in_sample
2024-11-03 00:00:00+00:00,0.012315146548604114,18.312970093043766,-0.0937322477082303,in_sample
2024-11-04 00:00:00+00:00,0.009780387723360873,18.492078040920045,-0.08486859770963806,in_sample
2024-11-05 00:00:00+00:00,-0.01112111176826214,18.286425574199548,-0.09504587631715566,in_sample
2024-11-06 00:00:00+00:00,0.0056731969788919034,18.390168068521827,-0.0899118933166424,in_sample
2024-11-07 00:00:00+00:00,0.0025780359065625366,18.437578582130197,-0.0875656534994772,in_sample
2024-11-08 00:00:00+00:00,0.025288263578068355,18.903832929056456,-0.06449177324748923,in_sample
2024-11-09 00:00:00+00:00,-0.011640705918975206,18.68377896918787,-0.07538174939989717,in_sample
2024-11-10 00:00:00+00:00,-0.0010793969263951384,18.66361175559508,-0.07637977949768382,in_sample
2024-11-11 00:00:00+00:00,0.015011311164979836,18.943777039120697,-0.06251502896945615,in_sample
2024-11-12 00:00:00+00:00,0.01788659904284548,19.28261678337651,-0.04574661118393919,in_sample
2024-11-13 00:00:00+00:00,-0.017439492579086602,18.946337731077445,-0.062388306076765154,in_sample
2024-11-14 00:00:00+00:00,0.002726777851661268,18.998000185172643,-0.059831647276316624,in_sample
2024-11-15 00:00:00+00:00,-0.005642683503219692,18.890800482933603,-0.06513671973047985,in_sample
2024-11-16 00:00:00+00:00,0.007745168165574595,19.037112909456244,-0.057896046412971636,in_sample
2024-11-17 00:00:00+00:00,0.0002972473196941139,19.04277164024329,-0.057616008537894836,in_sample
2024-11-18 00:00:00+00:00,0.0032315869529794205,19.104310012624467,-0.0545706127263893,in_sample
2024-11-19 00:00:00+00:00,0.005463147816035321,19.208679682146798,-0.0494055922340898,in_sample
2024-11-20 00:00:00+00:00,0.010120736740150323,19.40308567233568,-0.03978487648643181,in_sample
2024-11-21 00:00:00+00:00,0.003797497727053511,19.476768846074197,-0.03613846173740687,in_sample
2024-11-22 00:00:00+00:00,0.029939558175545295,20.059894700012883,-0.007280873139423383,in_sample
2024-11-23 00:00:00+00:00,-0.0004750129676794955,20.050365989900094,-0.007752427597945588,in_sample
2024-11-24 00:00:00+00:00,0.004487230446879884,20.14033660264106,-0.003299984080220253,in_sample
2024-11-25 00:00:00+00:00,-0.010253254834550252,19.933832599000564,-0.013519403337045932,in_sample
2024-11-26 00:00:00+00:00,0.004238249166184332,20.018317148392136,-0.009338452770782157,in_sample
2024-11-27 00:00:00+00:00,-0.013260587224350643,19.75286250776117,-0.022475206627625366,in_sample
2024-11-28 00:00:00+00:00,0.002812292223337421,19.808413329380397,-0.0197261212531048,in_sample
2024-11-29 00:00:00+00:00,0.00423561842270701,19.892314209802915,-0.015574055152986044,in_sample
2024-11-30 00:00:00+00:00,-0.007427738487336956,19.744559301944562,-0.022886113631459204,in_sample
2024-12-01 00:00:00+00:00,-0.004942529212422042,19.646971240808302,-0.027715527558698994,in_sample
2024-12-02 00:00:00+00:00,0.030576992077063724,20.2477165247768,0.0,in_sample
2024-12-03 00:00:00+00:00,0.001534290984076834,20.278782413688905,0.0,in_sample
2024-12-04 00:00:00+00:00,-0.013483219976055087,20.00535912955858,-0.01348321997605506,in_sample
2024-12-05 00:00:00+00:00,-0.005210050509416958,19.901130198034554,-0.018623022228367203,in_sample
2024-12-06 00:00:00+00:00,-0.014310140809120393,19.616342222640043,-0.03266666496710824,in_sample
2024-12-07 00:00:00+00:00,-0.02867055170199476,19.05393086874182,-0.060400645362231775,in_sample
2024-12-08 00:00:00+00:00,0.0036136820154103735,19.122785716045065,-0.05700523207268604,in_sample
2024-12-09 00:00:00+00:00,0.005933882996773884,19.236258089056456,-0.051409611453235415,in_sample
2024-12-10 00:00:00+00:00,0.00926031907733457,19.41439197681508,-0.04262536178159948,in_sample
2024-12-11 00:00:00+00:00,-0.00464600252945533,19.32419266258296,-0.047073326772398505,in_sample
2024-12-12 00:00:00+00:00,-0.0014049312978492946,19.297043499505627,-0.048412123280171415,in_sample
2024-12-13 00:00:00+00:00,0.010949378778971315,19.508334138096,-0.037992827176488886,in_sample
2024-12-14 00:00:00+00:00,0.004364193888463048,19.593472290715575,-0.03379444135219489,in_sample
2024-12-15 00:00:00+00:00,-0.003954084943686996,19.515998036936306,-0.037614900204150925,in_sample
2024-12-16 00:00:00+00:00,0.0149282684048093,19.807338093819425,-0.023248157125609237,in_sample
2024-12-17 00:00:00+00:00,0.0161669204986278,20.127561754071646,-0.007457087734970669,in_sample
2024-12-18 00:00:00+00:00,-0.0003635884154809003,20.12024360578599,-0.007817964839737845,in_sample
2024-12-19 00:00:00+00:00,-0.005476631764983997,20.010052440535326,-0.013251780490143084,in_sample
2024-12-20 00:00:00+00:00,-0.003539171193437627,19.939233439358606,-0.0167440513638083,in_sample
2024-12-21 00:00:00+00:00,0.000350008225099003,19.946212335064548,-0.016399903694408247,in_sample
2024-12-22 00:00:00+00:00,0.0009971358439261895,19.966101418334404,-0.015419120782292683,in_sample
2024-12-23 00:00:00+00:00,0.002136441065089034,20.008757817314265,-0.013315621760030538,in_sample
2024-12-24 00:00:00+00:00,-0.005199571731633542,19.904720845782258,-0.018445957961171433,in_sample
2024-12-25 00:00:00+00:00,-0.005830753062583245,19.78866133375085,-0.024169157197880264,in_sample
2024-12-26 00:00:00+00:00,0.006028065804104126,19.907948686445827,-0.018286784663794742,in_sample
2024-12-27 00:00:00+00:00,-0.01290637218393574,19.651009291279863,-0.030957140798812066,in_sample
2024-12-28 00:00:00+00:00,-0.00036340887433056277,19.643867940113857,-0.03130929957345263,in_sample
2024-12-29 00:00:00+00:00,0.006316855210558481,19.76795540966689,-0.025190220675043506,in_sample
2024-12-30 00:00:00+00:00,-0.004877753606797309,19.671532193868376,-0.02994510259208727,in_sample
2024-12-31 00:00:00+00:00,0.005113905350841775,19.772130547613855,-0.02498433366162267,in_sample
2025-01-01 00:00:00+00:00,0.009441974084322416,19.958818491836265,-0.01577826100824742,out_of_sample
2025-01-02 00:00:00+00:00,-0.001110415013784738,19.936655920125524,-0.016871155604117227,out_of_sample
2025-01-03 00:00:00+00:00,0.003326419749202458,20.002973606111283,-0.013600856400108219,out_of_sample
2025-01-04 00:00:00+00:00,0.003508067211432979,20.07314538195004,-0.01014050190705984,out_of_sample
2025-01-05 00:00:00+00:00,-0.007729061746050126,19.917998801855507,-0.017791187087734417,out_of_sample
2025-01-06 00:00:00+00:00,0.004769489693672329,20.012997491859533,-0.013106552277515338,out_of_sample
2025-01-07 00:00:00+00:00,0.005190601603500271,20.11687698873163,-0.007983981565282905,out_of_sample
2025-01-08 00:00:00+00:00,-0.006393332967315531,19.988263095880143,-0.014326270280046516,out_of_sample
2025-01-09 00:00:00+00:00,-0.019329021416603327,19.601909530419174,-0.03337837891158679,out_of_sample
2025-01-10 00:00:00+00:00,0.00606496345764706,19.72079439542127,-0.027515854102314052,out_of_sample
2025-01-11 00:00:00+00:00,0.004237077901448882,19.804352937553126,-0.023395363018221538,out_of_sample
2025-01-12 00:00:00+00:00,-0.0030010092970490115,19.74491989026549,-0.026326162613345083,out_of_sample
2025-01-13 00:00:00+00:00,-0.003119081871944735,19.68333386857276,-0.029363131028724676,out_of_sample
2025-01-14 00:00:00+00:00,-0.014230527148432835,19.40322965158437,-0.043175805343890206,out_of_sample
2025-01-15 00:00:00+00:00,0.014183239959459158,19.678430313721286,-0.02960493819206622,out_of_sample
2025-01-16 00:00:00+00:00,0.005734094036717296,19.79126828363515,-0.024040601654893412,out_of_sample
2025-01-17 00:00:00+00:00,0.0035824288556575725,19.86216909422451,-0.02054429654431167,out_of_sample
2025-01-18 00:00:00+00:00,0.017699461761587428,20.213718796609918,-0.0032084577738290543,out_of_sample
2025-01-19 00:00:00+00:00,0.006939035064664666,20.353982500126868,0.0,out_of_sample
2025-01-20 00:00:00+00:00,0.006122852775990762,20.478606938380235,0.0,out_of_sample
2025-01-21 00:00:00+00:00,-0.008947936415763923,20.295365665612184,-0.00894793641576408,out_of_sample
2025-01-22 00:00:00+00:00,0.003893590360646686,20.374387505733612,-0.005089185654093442,out_of_sample
2025-01-23 00:00:00+00:00,-0.0023691666452734356,20.326117186437152,-0.007446295170463579,out_of_sample
2025-01-24 00:00:00+00:00,-0.008260486666422352,20.15821356643845,-0.01564527181491604,out_of_sample
2025-01-25 00:00:00+00:00,0.014028703859174449,20.441007174892007,-0.001836050840829384,out_of_sample
2025-01-26 00:00:00+00:00,0.015343848199639664,20.754650886031296,0.0,out_of_sample
2025-01-27 00:00:00+00:00,0.003075793011255124,20.81848789617759,0.0,out_of_sample
2025-01-28 00:00:00+00:00,0.010611798798249058,21.03940950101561,0.0,out_of_sample
2025-01-29 00:00:00+00:00,0.015318027375926942,21.361691751725505,0.0,out_of_sample
2025-01-30 00:00:00+00:00,0.00038820076554153555,21.369984376816788,0.0,out_of_sample
2025-01-31 00:00:00+00:00,-0.011786558934300691,21.11810579653435,-0.011786558934300695,out_of_sample
2025-02-01 00:00:00+00:00,0.007351142212950584,21.27334799551281,-0.00452206139227751,out_of_sample
2025-02-02 00:00:00+00:00,-0.010499927205945298,21.049979390133185,-0.014974507282783045,out_of_sample
2025-02-03 00:00:00+00:00,-0.003603936464014301,20.974116601842336,-0.01852447657397016,out_of_sample
2025-02-04 00:00:00+00:00,-0.014467214227428148,20.670679563732428,-0.032723693230351625,out_of_sample
2025-02-05 00:00:00+00:00,0.001281788370867809,20.697175000415154,-0.03148384970891838,out_of_sample
2025-02-06 00:00:00+00:00,-0.0021491704197150697,20.652693244132596,-0.03356535597014032,out_of_sample
2025-02-07 00:00:00+00:00,0.007955813534370526,20.817002220565467,-0.02587658214908306,out_of_sample
2025-02-08 00:00:00+00:00,0.021794330746446086,21.270694852109973,-0.00464621419258171,out_of_sample
2025-02-09 00:00:00+00:00,0.0033898621713228374,21.34279957594689,-0.0012721020469901312,out_of_sample
2025-02-10 00:00:00+00:00,-0.00010122666464477734,21.340639115531637,-0.0013731999409876128,out_of_sample
2025-02-11 00:00:00+00:00,-0.011303301332900667,21.099419440972095,-0.012660979581164966,out_of_sample
2025-02-12 00:00:00+00:00,0.0009734105453454316,21.119957838356605,-0.011699893366858283,out_of_sample
2025-02-13 00:00:00+00:00,-0.00563762907681033,21.000891349946077,-0.017271562784628047,out_of_sample
2025-02-14 00:00:00+00:00,0.0073450418981160556,21.15514377680921,-0.010053381238811165,out_of_sample
2025-02-15 00:00:00+00:00,-8.775754496164216e-05,21.15328725332805,-0.01014025652371664,out_of_sample
2025-02-16 00:00:00+00:00,0.010287332236712816,21.370898147201654,0.0,out_of_sample
2025-02-17 00:00:00+00:00,0.004219120244345899,21.46106453621437,0.0,out_of_sample
2025-02-18 00:00:00+00:00,0.0020110741754398483,21.504224328880596,0.0,out_of_sample
2025-02-19 00:00:00+00:00,0.007737037996503058,21.670603329598475,0.0,out_of_sample
2025-02-20 00:00:00+00:00,-0.0038552621578739903,21.587057472643576,-0.0038552621578740176,out_of_sample
2025-02-21 00:00:00+00:00,0.013874348815994052,21.886563837929945,0.0,out_of_sample
2025-02-22 00:00:00+00:00,-0.0013210125126963583,21.857651413240113,-0.0013210125126963401,out_of_sample
2025-02-23 00:00:00+00:00,-0.005625933143829465,21.734681727708097,-0.006939513728447033,out_of_sample
2025-02-24 00:00:00+00:00,-0.002219896547218681,21.68643298278586,-0.009144005273100664,out_of_sample
2025-02-25 00:00:00+00:00,0.0010100910934358115,21.708338255590167,-0.008143150457949333,out_of_sample
2025-02-26 00:00:00+00:00,-0.0068979313454248774,21.558595628679846,-0.014984910910579852,out_of_sample
2025-02-27 00:00:00+00:00,0.011391261695999607,21.804175233284372,-0.003764346256253881,out_of_sample
2025-02-28 00:00:00+00:00,-0.00014387559858992818,21.801038144520923,-0.003907680257272839,out_of_sample
2025-03-01 00:00:00+00:00,-0.005707710178108541,21.67660413721011,-0.009593086529004147,out_of_sample
2025-03-02 00:00:00+00:00,-0.019203842897504108,21.26033003680774,-0.028612705299903007,out_of_sample
2025-03-03 00:00:00+00:00,-0.006144755942890923,21.129690497466246,-0.034581643151860075,out_of_sample
2025-03-04 00:00:00+00:00,-0.000944747468082846,21.10972827586739,-0.03549371970013315,out_of_sample
2025-03-05 00:00:00+00:00,-0.008283474364133691,20.934866382860413,-0.04348318274704299,out_of_sample
2025-03-06 00:00:00+00:00,0.005205386566688869,21.04384045510518,-0.03850414295570259,out_of_sample
2025-03-07 00:00:00+00:00,-0.003821884214174176,20.963413333464214,-0.042178868793734,out_of_sample
2025-03-08 00:00:00+00:00,-0.005178403265125548,20.854856325410026,-0.04713885286697883,out_of_sample
2025-03-09 00:00:00+00:00,-0.005212268312782418,20.74615521861746,-0.05210542083066183,out_of_sample
2025-03-10 00:00:00+00:00,-0.006499707788124675,20.611311271969367,-0.05826645860920998,out_of_sample
2025-03-11 00:00:00+00:00,-0.008392745668392588,20.438325778571656,-0.06617018870949753,out_of_sample
2025-03-12 00:00:00+00:00,-0.006115866093120709,20.313327714942332,-0.0718813667891145,out_of_sample
2025-03-13 00:00:00+00:00,-0.0017801720582023175,20.277166496535084,-0.07353357764665347,out_of_sample
2025-03-14 00:00:00+00:00,0.0022972070471476134,20.323747346307112,-0.07140529245227767,out_of_sample
2025-03-15 00:00:00+00:00,0.008816621325920638,20.502934130583185,-0.06321822455057546,out_of_sample
2025-03-16 00:00:00+00:00,-0.008055635466335058,20.337769967236927,-0.07076459704510218,out_of_sample
2025-03-17 00:00:00+00:00,0.004276368935616771,20.424741774944536,-0.06679084363403065,out_of_sample
2025-03-18 00:00:00+00:00,-8.459212526130164e-05,20.42301400262988,-0.0668697857798809,out_of_sample
2025-03-19 00:00:00+00:00,-0.0035950411189628675,20.34959242751727,-0.07022442726934897,out_of_sample
2025-03-20 00:00:00+00:00,-0.004682960452720453,20.254296090950227,-0.07457852950635213,out_of_sample
2025-03-21 00:00:00+00:00,0.0008743338578959692,20.272005107790395,-0.07376940218187567,out_of_sample
2025-03-22 00:00:00+00:00,0.013549510307653381,20.5466808499552,-0.061219431149475034,out_of_sample
2025-03-23 00:00:00+00:00,-0.00753595521409493,20.39184198327164,-0.06829403947219503,out_of_sample
2025-03-24 00:00:00+00:00,-0.0015805975799445485,20.35961068718227,-0.06976669165862526,out_of_sample
2025-03-25 00:00:00+00:00,0.002478533768523578,20.410072669784444,-0.06746107699129567,out_of_sample
2025-03-26 00:00:00+00:00,0.008973116924075032,20.59321463827929,-0.05909329619888759,out_of_sample
2025-03-27 00:00:00+00:00,-0.0014132833107873507,20.564110591715547,-0.060423063940377664,out_of_sample
2025-03-28 00:00:00+00:00,-0.00936194427569646,20.371590534276645,-0.06921933085849752,out_of_sample
2025-03-29 00:00:00+00:00,-0.0026375381551059455,20.317859686962297,-0.0716743003873932,out_of_sample
2025-03-30 00:00:00+00:00,0.003222343574787361,20.38333081157801,-0.06868291603393661,out_of_sample
2025-03-31 00:00:00+00:00,-0.0021348629803129397,20.3398151932129,-0.07067115039942873,out_of_sample
2025-04-01 00:00:00+00:00,0.002668461705293064,20.394091211148726,-0.06819127195264552,out_of_sample
2025-04-02 00:00:00+00:00,0.007453626450281536,20.5461011488296,-0.06124591777066857,out_of_sample
2025-04-03 00:00:00+00:00,0.003029068432128223,20.60833669522283,-0.05840236741465621,out_of_sample
2025-04-04 00:00:00+00:00,-0.002670486579242909,20.553302408657718,-0.060916891255522354,out_of_sample
2025-04-05 00:00:00+00:00,0.007968186616733264,20.717074957840055,-0.05343410179642438,out_of_sample
2025-04-06 00:00:00+00:00,-0.007206750099993407,20.56777217581607,-0.06025576567795332,out_of_sample
2025-04-07 00:00:00+00:00,-0.0020465739114237597,20.525678709864938,-0.06217902171132772,out_of_sample
2025-04-08 00:00:00+00:00,-0.0029157782654933018,20.465830381998217,-0.06491349973674543,out_of_sample
2025-04-09 00:00:00+00:00,0.013044342319448874,20.732793679352778,-0.05271591132901621,out_of_sample
2025-04-10 00:00:00+00:00,0.0037300128696844117,20.810127266601274,-0.04918252948702617,out_of_sample
2025-04-11 00:00:00+00:00,0.014351173539652658,21.108777014386526,-0.035537182963160996,out_of_sample
2025-04-12 00:00:00+00:00,0.01858237343875681,21.501028191703305,-0.017615174729186944,out_of_sample
2025-04-13 00:00:00+00:00,-0.01247814973677351,21.23273514243264,-0.029873519678050298,out_of_sample
2025-04-14 00:00:00+00:00,0.01681651491243322,21.589795749587108,-0.013559373254769747,out_of_sample
2025-04-15 00:00:00+00:00,0.010971291543735311,21.826663693125525,-0.0027368455481627807,out_of_sample
2025-04-16 00:00:00+00:00,-0.001395556705160534,21.7962033462573,-0.004128582830167593,out_of_sample
2025-04-17 00:00:00+00:00,0.008300535437699217,21.97712350454021,0.0,out_of_sample
2025-04-18 00:00:00+00:00,-0.013355712990565998,21.683603350655346,-0.013355712990566038,out_of_sample
2025-04-19 00:00:00+00:00,-0.009225381580718717,21.4835638357006,-0.02245788302266427,out_of_sample
2025-04-20 00:00:00+00:00,-0.015043718078304184,21.16037115803907,-0.037163751040139914,out_of_sample
2025-04-21 00:00:00+00:00,0.004777195495033376,21.261458387808485,-0.03256409404915417,out_of_sample
2025-04-22 00:00:00+00:00,0.0006939676706589934,21.276213152560686,-0.03189272480698957,out_of_sample
2025-04-23 00:00:00+00:00,0.002934395453394534,21.338645975701013,-0.029051915220265068,out_of_sample
2025-04-24 00:00:00+00:00,-0.005723345964343385,21.216517522371433,-0.03460898702287607,out_of_sample
2025-04-25 00:00:00+00:00,0.0108627922975522,21.44698814549433,-0.02412214496298204,out_of_sample
2025-04-26 00:00:00+00:00,-0.004493491071548412,21.350616295750946,-0.028507243391512782,out_of_sample
2025-04-27 00:00:00+00:00,0.0086468462039227,21.535231791219267,-0.020106894936894326,out_of_sample
2025-04-28 00:00:00+00:00,-0.0004674801078420783,21.525164498739105,-0.020564975471322966,out_of_sample
2025-04-29 00:00:00+00:00,0.0033348171625669333,21.596946986736576,-0.017298738741905573,out_of_sample
2025-04-30 00:00:00+00:00,-0.001729600911886953,21.55959288753434,-0.018998419739490124,out_of_sample
2025-05-01 00:00:00+00:00,0.004630440938304103,21.659423309053945,-0.01445594986171106,out_of_sample
2025-05-02 00:00:00+00:00,-0.011986616683210268,21.399800104268927,-0.02626928861513722,out_of_sample
2025-05-03 00:00:00+00:00,0.01100961198784146,21.635403600034298,-0.015548891302144985,out_of_sample
2025-05-04 00:00:00+00:00,0.005748242070259489,21.75976913721506,-0.009890028023014308,out_of_sample
2025-05-05 00:00:00+00:00,0.00324171520318568,21.830308111644978,-0.006680373474030943,out_of_sample
2025-05-06 00:00:00+00:00,0.018725354635432744,22.239088372836292,0.0,out_of_sample
2025-05-07 00:00:00+00:00,-0.006742138598517473,22.08914935672195,-0.0067421385985174664,out_of_sample
2025-05-08 00:00:00+00:00,-0.01151068443186167,21.834888129108464,-0.018175216400575733,out_of_sample
2025-05-09 00:00:00+00:00,-0.0024460995568172587,21.781477818932697,-0.020576857568610607,out_of_sample
2025-05-10 00:00:00+00:00,0.015598377333530738,22.12123352883434,-0.005299445823773397,out_of_sample
2025-05-11 00:00:00+00:00,-0.005062454406763518,22.009245792673244,-0.010335072027673031,out_of_sample
2025-05-12 00:00:00+00:00,-0.006202736382597495,21.8727282430415,-0.016473702682987645,out_of_sample
2025-05-13 00:00:00+00:00,-0.010265219358497162,21.648199889657885,-0.02656981586979712,out_of_sample
2025-05-14 00:00:00+00:00,0.006764679687708465,21.79464302772691,-0.019984872475809157,out_of_sample
2025-05-15 00:00:00+00:00,0.01712891167609965,22.167961543160967,-0.003198279915205604,out_of_sample
2025-05-16 00:00:00+00:00,0.0018807756390885897,22.209654505199598,-0.0013235195230685282,out_of_sample
2025-05-17 00:00:00+00:00,0.005504079612894979,22.331898211771108,0.0,out_of_sample
2025-05-18 00:00:00+00:00,-0.002287791924259673,22.28080747538883,-0.0022877919242596523,out_of_sample
2025-05-19 00:00:00+00:00,0.0005668139861116524,22.293436548687744,-0.0017222746906078168,out_of_sample
2025-05-20 00:00:00+00:00,-0.004640417740803731,22.189985690223732,-0.006354700357382725,out_of_sample
2025-05-21 00:00:00+00:00,0.00848643046323172,22.378299460763923,0.0,out_of_sample
2025-05-22 00:00:00+00:00,2.649164408812226e-05,22.378892298708536,0.0,out_of_sample
2025-05-23 00:00:00+00:00,0.005753793193944153,22.507655816904855,0.0,out_of_sample
2025-05-24 00:00:00+00:00,-0.003173875635275936,22.436219316500402,-0.0031738756352760467,out_of_sample
2025-05-25 00:00:00+00:00,0.01543600772516023,22.782544971193293,0.0,out_of_sample
2025-05-26 00:00:00+00:00,0.0028082553959686233,22.846524176042543,0.0,out_of_sample
2025-05-27 00:00:00+00:00,-0.005363612607574676,22.72398427093266,-0.005363612607574675,out_of_sample
2025-05-28 00:00:00+00:00,0.005237112915406244,22.842992342447452,-0.00015458953702873757,out_of_sample
2025-05-29 00:00:00+00:00,0.002821091323187992,22.907434509940384,0.0,out_of_sample
2025-05-30 00:00:00+00:00,0.019112593129162563,23.34525498536181,0.0,out_of_sample
2025-05-31 00:00:00+00:00,-0.009532743095155938,23.122710667095447,-0.009532743095155949,out_of_sample
2025-06-01 00:00:00+00:00,-0.0067040136453457395,22.967695699265857,-0.01617284910071415,out_of_sample
2025-06-02 00:00:00+00:00,-0.011048435594529686,22.71393859257776,-0.027042600013574614,out_of_sample
2025-06-03 00:00:00+00:00,-0.0031888455191693924,22.641507351274132,-0.030145210858863902,out_of_sample
2025-06-04 00:00:00+00:00,0.005927374713202042,22.775712049416853,-0.02439651810623089,out_of_sample
2025-06-05 00:00:00+00:00,0.0018430036730971537,22.817687770381333,-0.02259847730561415,out_of_sample
2025-06-06 00:00:00+00:00,0.0021072870360658636,22.865771188012857,-0.02053881174780925,out_of_sample
2025-06-07 00:00:00+00:00,0.003002852725941241,22.93443373135553,-0.017597634048712507,out_of_sample
2025-06-08 00:00:00+00:00,0.003990264193960641,23.02594818108252,-0.013677589063795015,out_of_sample
2025-06-09 00:00:00+00:00,-0.016994265246998076,22.63463911012957,-0.030439413734303478,out_of_sample
2025-06-10 00:00:00+00:00,-0.0034681782899266206,22.556138146167495,-0.0338020227103587,out_of_sample
2025-06-11 00:00:00+00:00,0.004280388716904134,22.65268718538528,-0.029666319790072615,out_of_sample
2025-06-12 00:00:00+00:00,0.007853584293877525,22.830591973678544,-0.02204572243935543,out_of_sample
2025-06-13 00:00:00+00:00,-0.006307007451023999,22.686599259989265,-0.028213687354691208,out_of_sample
2025-06-14 00:00:00+00:00,0.007556993194630879,22.85804173620632,-0.020869904803395234,out_of_sample
2025-06-15 00:00:00+00:00,0.0002733428357784007,22.864289818154838,-0.020602266606578157,out_of_sample
2025-06-16 00:00:00+00:00,-0.00414863112542213,22.76943431375457,-0.02466542652750192,out_of_sample
2025-06-17 00:00:00+00:00,0.0103257975671412,23.004546883196717,-0.01459431916159093,out_of_sample
2025-06-18 00:00:00+00:00,-0.007939486831308597,22.821902586157353,-0.02241793458810426,out_of_sample
2025-06-19 00:00:00+00:00,-0.0027399645948013368,22.759371381085277,-0.02509647483584565,out_of_sample
2025-06-20 00:00:00+00:00,-0.0057016194251218524,22.62960610711532,-0.030655003712541373,out_of_sample
2025-06-21 00:00:00+00:00,0.0029061813727039145,22.69537184685544,-0.02783791134060709,out_of_sample
2025-06-22 00:00:00+00:00,0.0054669464759112074,22.8194462299931,-0.022523153235996185,out_of_sample
2025-06-23 00:00:00+00:00,0.016674242287795706,23.19994320530533,-0.00622446746234262,out_of_sample
2025-06-24 00:00:00+00:00,0.003256220387745869,23.275487333364996,-0.0029885153124503683,out_of_sample
2025-06-25 00:00:00+00:00,-0.0031800675420323326,23.201469711571175,-0.006159079173938875,out_of_sample
2025-06-26 00:00:00+00:00,-0.0037491463537366876,23.114484006000705,-0.009885134238448168,out_of_sample
2025-06-27 00:00:00+00:00,-0.005779190281334882,22.980901004675154,-0.015607196448062632,out_of_sample
2025-06-28 00:00:00+00:00,0.0007649846984677297,22.998481042300728,-0.014854151016063799,out_of_sample
2025-06-29 00:00:00+00:00,-1.8439681840104645e-06,22.998438633833405,-0.01485596759366592,out_of_sample
2025-06-30 00:00:00+00:00,0.007167291518762194,23.16327514799845,-0.007795153125440879,out_of_sample
2025-07-01 00:00:00+00:00,-0.002781266230885082,23.098851913032625,-0.01055473896017356,out_of_sample
2025-07-02 00:00:00+00:00,-0.007744745460658298,22.91995718453275,-0.01821774065418158,out_of_sample
2025-07-03 00:00:00+00:00,-0.007125149670395607,22.756649059153894,-0.025213086195759682,out_of_sample
2025-07-04 00:00:00+00:00,-0.0037680893966453586,22.670899971130915,-0.028886170429654134,out_of_sample
2025-07-05 00:00:00+00:00,0.004573920519319525,22.774594865700312,-0.024444372957987293,out_of_sample
2025-07-06 00:00:00+00:00,-0.0037520165184653847,22.689144209562848,-0.02810467378533077,out_of_sample
2025-07-07 00:00:00+00:00,-0.0032610643411831175,22.615153450449082,-0.03127408697701195,out_of_sample
2025-07-08 00:00:00+00:00,0.010006969487200262,22.841462600976076,-0.021580076323930775,out_of_sample
2025-07-09 00:00:00+00:00,-0.007394654520170192,22.67255787630647,-0.028815153635166513,out_of_sample
2025-07-10 00:00:00+00:00,-0.0028960535325261213,22.606896934977392,-0.03162775694021713,out_of_sample
2025-07-11 00:00:00+00:00,0.0059531988618152995,22.741480288079877,-0.02586284440502007,out_of_sample
2025-07-12 00:00:00+00:00,-0.016345602716785916,22.369757086099305,-0.04178570334203546,out_of_sample
2025-07-13 00:00:00+00:00,0.004802097441467773,22.47717883936872,-0.03718426491967641,out_of_sample
2025-07-14 00:00:00+00:00,0.004300413551039916,22.573840003838686,-0.033043759085382596,out_of_sample
2025-07-15 00:00:00+00:00,-0.011589215623104577,22.312226904592737,-0.04425002345944873,out_of_sample
2025-07-16 00:00:00+00:00,-0.003965809528400522,22.22374086253467,-0.04804034582318184,out_of_sample
2025-07-17 00:00:00+00:00,0.009373527084292543,22.432055699423938,-0.03911712622160157,out_of_sample
2025-07-18 00:00:00+00:00,0.01077147351985621,22.673681993386225,-0.028767001791014102,out_of_sample
2025-07-19 00:00:00+00:00,-0.00388051700335712,22.585696384882176,-0.03253588795478568,out_of_sample
2025-07-20 00:00:00+00:00,0.005611929266594635,22.712445715430917,-0.027106547790019087,out_of_sample
2025-07-21 00:00:00+00:00,-0.012780701456452005,22.422164727396122,-0.03954080855165176,out_of_sample
2025-07-22 00:00:00+00:00,0.0054643382282337245,22.544687019275788,-0.034292534675162134,out_of_sample
2025-07-23 00:00:00+00:00,-0.0012481671896344836,22.516547480637747,-0.03549789904816569,out_of_sample
2025-07-24 00:00:00+00:00,0.0038465229333995207,22.603157896903,-0.03178791959754246,out_of_sample
2025-07-25 00:00:00+00:00,0.00019957098026270373,22.607668831281515,-0.031594692563554516,out_of_sample
2025-07-26 00:00:00+00:00,0.002138366018605137,22.656012302070206,-0.0295238875618955,out_of_sample
2025-07-27 00:00:00+00:00,-0.007582181945055777,22.484230294646487,-0.036882214019731685,out_of_sample
2025-07-28 00:00:00+00:00,0.007084248780386408,22.643514175689262,-0.03005924801903259,out_of_sample
2025-07-29 00:00:00+00:00,0.002966622407640828,22.710688932230592,-0.02718180005012194,out_of_sample
2025-07-30 00:00:00+00:00,-0.0039914455544526155,22.620040453853484,-0.03106475092960248,out_of_sample
2025-07-31 00:00:00+00:00,0.00702513151054634,22.778949212815682,-0.024257853379679006,out_of_sample
2025-08-01 00:00:00+00:00,-0.0005517103484495744,22.766381830808164,-0.024796180419387803,out_of_sample
2025-08-02 00:00:00+00:00,0.001445432001529167,22.799289087665446,-0.02338658961055251,out_of_sample
2025-08-03 00:00:00+00:00,-0.0005010058158802621,22.78786651123459,-0.023875878609024292,out_of_sample
2025-08-04 00:00:00+00:00,0.0007842382276770602,22.8057376272799,-0.023110364758071933,out_of_sample
2025-08-05 00:00:00+00:00,0.001970830345750113,22.85068386705296,-0.021185081020488328,out_of_sample
2025-08-06 00:00:00+00:00,-0.00048819961360716565,22.839528172018408,-0.021662938085726946,out_of_sample
2025-08-07 00:00:00+00:00,-0.0013709213610645582,22.80821697497075,-0.023004161262226375,out_of_sample
2025-08-08 00:00:00+00:00,0.0010736680394352713,22.83270542857328,-0.02195519205551244,out_of_sample
2025-08-09 00:00:00+00:00,-0.005328929576505904,22.71103154930331,-0.027167123959715878,out_of_sample
2025-08-10 00:00:00+00:00,0.0005080765001530928,22.722570490727747,-0.026672850436823436,out_of_sample
2025-08-11 00:00:00+00:00,0.004027905766907732,22.814094863446318,-0.022752380398009975,out_of_sample
2025-08-12 00:00:00+00:00,0.005875244544338897,22.94813324982681,-0.0170108116524752,out_of_sample
2025-08-13 00:00:00+00:00,0.002284773891830049,23.000564545542254,-0.014764903618987524,out_of_sample
2025-08-14 00:00:00+00:00,0.01686648288261676,23.388503173740165,0.0,out_of_sample
2025-08-15 00:00:00+00:00,-0.0055006769630619855,23.25985057313187,-0.005500676963062001,out_of_sample
2025-08-16 00:00:00+00:00,-0.0009795072643550185,23.237067380527677,-0.006474796274372752,out_of_sample
2025-08-17 00:00:00+00:00,0.0057211847668037,23.370010936450342,-0.0007906550133822687,out_of_sample
2025-08-18 00:00:00+00:00,0.0001689463143561428,23.373959213664516,-0.0006218422772765742,out_of_sample
2025-08-19 00:00:00+00:00,0.0008781313668639055,23.394484620417835,0.0,out_of_sample
2025-08-20 00:00:00+00:00,0.0036500649390901136,23.479876008498902,0.0,out_of_sample
2025-08-21 00:00:00+00:00,0.012014185884683844,23.761967603414337,0.0,out_of_sample
2025-08-22 00:00:00+00:00,-0.004367434679636638,23.658188762046784,-0.004367434679636628,out_of_sample
2025-08-23 00:00:00+00:00,0.012451668416342227,23.952772683843026,0.0,out_of_sample
2025-08-24 00:00:00+00:00,0.016864951854690044,24.356735041942372,0.0,out_of_sample
2025-08-25 00:00:00+00:00,0.005482035257693103,24.490259522204592,0.0,out_of_sample
2025-08-26 00:00:00+00:00,-0.006618810038862194,24.328163146624682,-0.006618810038862333,out_of_sample
2025-08-27 00:00:00+00:00,0.003197869282163474,24.405961432242734,-0.003442106846006654,out_of_sample
2025-08-28 00:00:00+00:00,-0.007138178693113098,24.23174731836216,-0.010555715165372015,out_of_sample
2025-08-29 00:00:00+00:00,0.0002027783519612178,24.236660992148515,-0.01035507728393592,out_of_sample
2025-08-30 00:00:00+00:00,0.0024596101790728907,24.29627373023154,-0.007920936558355796,out_of_sample
2025-08-31 00:00:00+00:00,0.004502196409223274,24.405660326577298,-0.003454401761263104,out_of_sample
2025-09-01 00:00:00+00:00,0.004264146316027062,24.50972963314908,0.0,out_of_sample
2025-09-02 00:00:00+00:00,0.003114482804321618,24.5860647646301,0.0,out_of_sample
2025-09-03 00:00:00+00:00,-0.0011882186543009149,24.556851143840912,-0.0011882186543009654,out_of_sample
2025-09-04 00:00:00+00:00,0.004520895862588081,24.66787011057529,0.0,out_of_sample
2025-09-05 00:00:00+00:00,-0.0048600558741337015,24.54798288354202,-0.00486005587413374,out_of_sample
2025-09-06 00:00:00+00:00,0.01149313926130875,24.83011626940679,0.0,out_of_sample
2025-09-07 00:00:00+00:00,0.003399777482357708,24.914533139583845,0.0,out_of_sample
2025-09-08 00:00:00+00:00,-0.0012896169820213067,24.882402934547905,-0.0012896169820213466,out_of_sample
2025-09-09 00:00:00+00:00,0.0012777382576245949,24.914196132719006,-1.3526517352424605e-05,out_of_sample
2025-09-10 00:00:00+00:00,0.004412596639392642,25.024132430847413,0.0,out_of_sample
2025-09-11 00:00:00+00:00,-0.003222297017369164,24.943497243553242,-0.0032222970173692023,out_of_sample
2025-09-12 00:00:00+00:00,0.0038178544988428814,25.038727886721418,0.0,out_of_sample
2025-09-13 00:00:00+00:00,-0.003915977902918405,24.94067678159983,-0.003915977902918422,out_of_sample
2025-09-14 00:00:00+00:00,0.003932755881463445,25.038762374900347,0.0,out_of_sample
2025-09-15 00:00:00+00:00,0.0064268418524280075,25.19968254086436,0.0,out_of_sample
2025-09-16 00:00:00+00:00,0.0012669287550242988,25.23160874329286,0.0,out_of_sample
2025-09-17 00:00:00+00:00,0.0038208802572872666,25.328015698999703,0.0,out_of_sample
2025-09-18 00:00:00+00:00,0.004827139950136643,25.450277575438037,0.0,out_of_sample
2025-09-19 00:00:00+00:00,0.003608404977283386,25.54211248371449,0.0,out_of_sample
2025-09-20 00:00:00+00:00,-0.006025918952294223,25.388197784017244,-0.006025918952294207,out_of_sample
2025-09-21 00:00:00+00:00,0.006003042524774982,25.5406042149421,-5.9050275240668526e-05,out_of_sample
2025-09-22 00:00:00+00:00,0.014853133393213978,25.91996221628992,0.0,out_of_sample
2025-09-23 00:00:00+00:00,0.005481440218113366,26.062040939634272,0.0,out_of_sample
2025-09-24 00:00:00+00:00,0.0036090117008443995,26.1560991503333,0.0,out_of_sample
2025-09-25 00:00:00+00:00,-0.00134474259449257,26.120925929700075,-0.0013447425944926872,out_of_sample
2025-09-26 00:00:00+00:00,-0.00021597872820794417,26.115284365338162,-0.001560430886905384,out_of_sample
2025-09-27 00:00:00+00:00,-0.004469775883544891,25.998554897090056,-0.006023231994104039,out_of_sample
2025-09-28 00:00:00+00:00,0.0062238687474912464,26.160366490393987,0.0,out_of_sample
2025-09-29 00:00:00+00:00,0.004672876462403754,26.282610651214807,0.0,out_of_sample
2025-09-30 00:00:00+00:00,0.001778164680834504,26.329345461194922,0.0,out_of_sample
2025-10-01 00:00:00+00:00,0.028973212235881615,27.09219117527397,0.0,out_of_sample
2025-10-02 00:00:00+00:00,-0.009994152454603514,26.821427686339018,-0.009994152454603555,out_of_sample
2025-10-03 00:00:00+00:00,0.005921932407979646,26.98026236818303,-0.004131404741935185,out_of_sample
2025-10-04 00:00:00+00:00,0.012015006986401788,27.304430409031703,0.0,out_of_sample
2025-10-05 00:00:00+00:00,0.009653359123988719,27.56800988144604,0.0,out_of_sample
2025-10-06 00:00:00+00:00,-0.005612348478744606,27.413288603125892,-0.005612348478744589,out_of_sample
2025-10-07 00:00:00+00:00,0.00013610477625000499,27.4170196826375,-0.005477007569928527,out_of_sample
2025-10-08 00:00:00+00:00,0.022911625308855058,28.04518816469159,0.0,out_of_sample
2025-10-09 00:00:00+00:00,0.015977893620905827,28.49329119776532,0.0,out_of_sample
2025-10-10 00:00:00+00:00,0.04329362142628445,29.726868960070256,0.0,out_of_sample
2025-10-11 00:00:00+00:00,-0.001949499830903239,29.668916434059316,-0.0019494998309032008,out_of_sample
2025-10-12 00:00:00+00:00,-0.008789524409401723,29.408140768861653,-0.010721889063955103,out_of_sample
2025-10-13 00:00:00+00:00,-0.02425168811231824,28.69494371097207,-0.03471355326671943,out_of_sample
2025-10-14 00:00:00+00:00,-0.006575959569203562,28.506246921288145,-0.04106123791313765,out_of_sample
2025-10-15 00:00:00+00:00,0.014848147622680295,28.929511883744006,-0.02682277361256169,out_of_sample
2025-10-16 00:00:00+00:00,0.004286752304923613,29.053525535491964,-0.022651003894246013,out_of_sample
2025-10-17 00:00:00+00:00,-0.01528965017324222,28.60930729375493,-0.03759432814187247,out_of_sample
2025-10-18 00:00:00+00:00,-0.007511088982598914,28.394420240941024,-0.04482304278055671,out_of_sample
2025-10-19 00:00:00+00:00,0.002486339052698256,28.465018396864803,-0.04244814900958449,out_of_sample
2025-10-20 00:00:00+00:00,-0.00841719608836903,28.22542275535936,-0.05050805070415143,out_of_sample
2025-10-21 00:00:00+00:00,-0.00768411805739347,28.00853527468734,-0.0578040589370854,out_of_sample
2025-10-22 00:00:00+00:00,-0.003089181706379095,27.9220118198943,-0.06071467340204162,out_of_sample
2025-10-23 00:00:00+00:00,0.015753772182450023,28.361888832980597,-0.04591738635249909,out_of_sample
2025-10-24 00:00:00+00:00,-0.0065940994140055225,28.174867718446947,-0.05220870195606497,out_of_sample
2025-10-25 00:00:00+00:00,0.0016502982998405102,28.22136465474093,-0.050644563588299496,out_of_sample
2025-10-26 00:00:00+00:00,-0.013101084257772972,27.85163417852983,-0.06308214915130406,out_of_sample
2025-10-27 00:00:00+00:00,-0.010699399071773027,27.553638429652707,-0.07310660713500228,out_of_sample
2025-10-28 00:00:00+00:00,0.004866432302917074,27.687726345769665,-0.06859594318660367,out_of_sample
2025-10-29 00:00:00+00:00,-0.006501263713461009,27.507721135169675,-0.0746512465837349,out_of_sample
2025-10-30 00:00:00+00:00,-0.005083768717086512,27.36787824298436,-0.07935550562874749,out_of_sample
2025-10-31 00:00:00+00:00,-0.007953457141533843,27.150208996324068,-0.0866778121573184,out_of_sample
2025-11-01 00:00:00+00:00,0.00014525483336752108,27.154152695407724,-0.08654514769511235,out_of_sample
2025-11-02 00:00:00+00:00,-0.00998051905432814,26.88314015702707,-0.0956619012538098,out_of_sample
2025-11-03 00:00:00+00:00,-0.011806780939739093,26.56573681022075,-0.10633922308116628,out_of_sample
2025-11-04 00:00:00+00:00,-0.0013367434424679694,26.530225235745355,-0.10753381826450337,out_of_sample
2025-11-05 00:00:00+00:00,-0.0003842592057747172,26.520030752467246,-0.10787675661067775,out_of_sample
2025-11-06 00:00:00+00:00,-0.003770595636821762,26.420034440223613,-0.11124059261970887,out_of_sample
2025-11-07 00:00:00+00:00,-0.023330578001591516,25.803639765911242,-0.13197586329824296,out_of_sample
2025-11-08 00:00:00+00:00,0.001608121352724456,25.84513514999681,-0.13057997514933273,out_of_sample
2025-11-09 00:00:00+00:00,-0.006514819864484116,25.676758750121333,-0.13624408999781024,out_of_sample
2025-11-10 00:00:00+00:00,0.016018978919192847,26.088074207252728,-0.12240760228415692,out_of_sample
2025-11-11 00:00:00+00:00,0.010958083500888265,26.37394950279317,-0.11279087151024203,out_of_sample
2025-11-12 00:00:00+00:00,-0.009757545402432776,26.116604493078196,-0.12144785486293364,out_of_sample
2025-11-13 00:00:00+00:00,0.0038032145732787457,26.215931543890825,-0.11810653254116321,out_of_sample
2025-11-14 00:00:00+00:00,0.014099902640886086,26.585573626299823,-0.10567192051036,out_of_sample
2025-11-15 00:00:00+00:00,0.006756328535166167,26.765194496014953,-0.09962954618710385,out_of_sample
2025-11-16 00:00:00+00:00,0.006206384203348375,26.931309576334566,-0.0940415012253979,out_of_sample
2025-11-17 00:00:00+00:00,-0.0002284168589701211,26.925158011193187,-0.0942484374200453,out_of_sample
2025-11-18 00:00:00+00:00,0.015172074456167056,27.33366851328307,-0.08050630727379271,out_of_sample
2025-11-19 00:00:00+00:00,-0.07169969992790082,25.373852682951963,-0.14643372912785924,out_of_sample
2025-11-20 00:00:00+00:00,-0.1171016759732057,22.402532007881064,-0.24638777000118628,out_of_sample
2025-11-21 00:00:00+00:00,0.00920488117284918,22.60874465298456,-0.23945085897364127,out_of_sample
2025-11-22 00:00:00+00:00,0.01690721836819288,22.990995635863282,-0.2265920885665671,out_of_sample
2025-11-23 00:00:00+00:00,-0.02710778618909444,22.367760641891895,-0.24755746486665875,out_of_sample
2025-11-24 00:00:00+00:00,-0.0056102058394949805,22.242272900522327,-0.25177882237114824,out_of_sample
2025-11-25 00:00:00+00:00,-0.007412514543274463,22.077401729171726,-0.25732502273190805,out_of_sample
2025-11-26 00:00:00+00:00,-0.003073904756264267,22.00953789899047,-0.2596079348768908,out_of_sample
2025-11-27 00:00:00+00:00,-0.00972725755313319,21.795445455221543,-0.2668099191846395,out_of_sample
2025-11-28 00:00:00+00:00,-0.006603464920033195,21.65151999574149,-0.27165151416302,out_of_sample
2025-11-29 00:00:00+00:00,-0.011017094321834625,21.41298315773732,-0.27967579813065147,out_of_sample
2025-11-30 00:00:00+00:00,-0.014807080963082649,21.095919382459577,-0.29034169690739875,out_of_sample
2025-12-01 00:00:00+00:00,-0.0003641126247492764,21.08823809188173,-0.2906000924548129,out_of_sample
2025-12-02 00:00:00+00:00,0.0004577998559633029,21.097892284242715,-0.2902753292793183,out_of_sample
2025-12-03 00:00:00+00:00,0.012845340691345748,21.36890189850313,-0.2811586740868579,out_of_sample
2025-12-04 00:00:00+00:00,0.005007652623453462,21.47590993615549,-0.2775589664353022,out_of_sample
2025-12-05 00:00:00+00:00,0.004654881947833033,21.575877761630586,-0.27419608870978807,out_of_sample
2025-12-06 00:00:00+00:00,-0.010223796832135455,21.355290370920684,-0.28161656043878847,out_of_sample
2025-12-07 00:00:00+00:00,0.011224930027517573,21.595002011051587,-0.2735527565967866,out_of_sample
2025-12-08 00:00:00+00:00,0.010032633228119299,21.811656745788966,-0.2662645778441438,out_of_sample
2025-12-09 00:00:00+00:00,0.012621046928167578,22.08694268915865,-0.257004068648256,out_of_sample
2025-12-10 00:00:00+00:00,-0.006928171744919765,21.93392055688796,-0.2621516720664375,out_of_sample
2025-12-11 00:00:00+00:00,0.005645922557604927,22.057757773736807,-0.25798583754766635,out_of_sample
2025-12-12 00:00:00+00:00,0.005411638271177305,22.177126379881518,-0.2539703253083837,out_of_sample
2025-12-13 00:00:00+00:00,-0.003159487732057453,22.107058021151996,-0.2563273969133226,out_of_sample
2025-12-14 00:00:00+00:00,0.006152878793591092,22.24308006963903,-0.25175166952441597,out_of_sample
2025-12-15 00:00:00+00:00,0.0004192474915276352,22.252405425162078,-0.25143796828882425,out_of_sample
2025-12-16 00:00:00+00:00,0.0022836878849357652,22.3032229738422,-0.2497284862458825,out_of_sample
2025-12-17 00:00:00+00:00,0.0009940796576439828,22.325394154100394,-0.24898265659634977,out_of_sample
2025-12-18 00:00:00+00:00,0.012869765855326154,22.612716749491533,-0.23931723923345571,out_of_sample
2025-12-19 00:00:00+00:00,0.0028650730588192785,22.677503835037214,-0.23713782754927515,out_of_sample
2025-12-20 00:00:00+00:00,-0.011460912262970357,22.41759895324068,-0.24588092397647188,out_of_sample
2025-12-21 00:00:00+00:00,0.002733901461756005,22.478886459788004,-0.24381923673219308,out_of_sample
2025-12-22 00:00:00+00:00,0.00031159386978499857,22.48589074300847,-0.24358361544190943,out_of_sample
2025-12-23 00:00:00+00:00,-0.0026781576226792723,22.425669983312346,-0.24560941774813316,out_of_sample
2025-12-24 00:00:00+00:00,0.0038610159374874945,22.51225585252675,-0.24269670368696827,out_of_sample
2025-12-25 00:00:00+00:00,-0.008744832668192983,22.315389942112855,-0.24931919429229676,out_of_sample
2025-12-26 00:00:00+00:00,0.0017750203313261497,22.355000212961578,-0.24798672059982918,out_of_sample
2025-12-27 00:00:00+00:00,0.010351573267421454,22.586409635559274,-0.24020220004004433,out_of_sample
2025-12-28 00:00:00+00:00,0.006786898212227838,22.739701298735497,-0.2350455297098415,out_of_sample
2025-12-29 00:00:00+00:00,-0.0012056553567195627,22.712285056054473,-0.23596780116459348,out_of_sample
2025-12-30 00:00:00+00:00,-0.0015415860296274953,22.67727211471114,-0.23714562252850369,out_of_sample
2025-12-31 00:00:00+00:00,0.004335001535497235,22.775578124149302,-0.23383864763080398,out_of_sample
2026-01-01 00:00:00+00:00,-0.0027295146467866734,22.7134118500704,-0.2359298962638977,out_of_sample
2026-01-02 00:00:00+00:00,-0.0018348618280992271,22.67173587768081,-0.2373318593312349,out_of_sample
2026-01-03 00:00:00+00:00,0.0053318626164402805,22.792618458656822,-0.23326541758325314,out_of_sample
2026-01-04 00:00:00+00:00,-0.009881522669097155,22.56739268266952,-0.24084192274058502,out_of_sample
2026-01-05 00:00:00+00:00,0.0036457392868372634,22.64966751277421,-0.23807423031340058,out_of_sample
2026-01-06 00:00:00+00:00,0.0012867856017122644,22.67881277881322,-0.23709379520339424,out_of_sample
2026-01-07 00:00:00+00:00,-0.002548432099860215,22.62101736434097,-0.23903800986488055,out_of_sample
2026-01-08 00:00:00+00:00,-0.009793422598990145,22.399480181672885,-0.2464904322160424,out_of_sample
2026-01-09 00:00:00+00:00,0.0012316552449310179,22.42706861892237,-0.24556236820477562,out_of_sample
2026-01-10 00:00:00+00:00,0.0005555447199037345,22.43952785847653,-0.24514324436193502,out_of_sample
2026-01-11 00:00:00+00:00,0.0027587546474289347,22.501433010242216,-0.24306077977917528,out_of_sample
2026-01-12 00:00:00+00:00,0.00785276985303251,22.678131585035075,-0.23711671029004733,out_of_sample
2026-01-13 00:00:00+00:00,-0.0017738216490704385,22.637904624269073,-0.23846992918504895,out_of_sample
2026-01-14 00:00:00+00:00,0.010597955366005708,22.877820127056967,-0.23039926748468098,out_of_sample
2026-01-15 00:00:00+00:00,0.003957243971898985,22.96835324284495,-0.22735376962516574,out_of_sample
2026-01-16 00:00:00+00:00,-0.010311546073245798,22.731514010154772,-0.23532094682799554,out_of_sample
2026-01-17 00:00:00+00:00,-0.001469241927769556,22.69811591668937,-0.23644444535420295,out_of_sample
2026-01-18 00:00:00+00:00,-0.003208772780380815,22.62528282016997,-0.23889452163425895,out_of_sample
2026-01-19 00:00:00+00:00,0.005342353269923828,22.74615507382726,-0.23482842729315467,out_of_sample
2026-01-20 00:00:00+00:00,0.010730164711179112,22.99022506431545,-0.22661801028569828,out_of_sample
2026-01-21 00:00:00+00:00,-0.006410052596663246,22.84285651244406,-0.231575429517079,out_of_sample
2026-01-22 00:00:00+00:00,0.002748465308737386,22.90563931112098,-0.22946344124272533,out_of_sample
2026-01-23 00:00:00+00:00,-0.0026274548068599135,22.845455779008773,-0.23148799122789343,out_of_sample
2026-01-24 00:00:00+00:00,-0.008331678817256383,22.655114779024238,-0.2378909864521872,out_of_sample
2026-01-25 00:00:00+00:00,0.0012674556845342086,22.68382913303469,-0.23692504705073125,out_of_sample
2026-01-26 00:00:00+00:00,-0.001998057057089087,22.638505548153624,-0.2384497143455595,out_of_sample
2026-01-27 00:00:00+00:00,0.011293355893489364,22.894170248205658,-0.2298492559388754,out_of_sample
2026-01-28 00:00:00+00:00,-0.0034157134115738183,22.815970323842006,-0.2324798701642986,out_of_sample
2026-01-29 00:00:00+00:00,0.0036400456336172396,22.899021496996045,-0.22968606186697682,out_of_sample
2026-01-30 00:00:00+00:00,-0.004424528444803855,22.79770412502441,-0.2330943377976753,out_of_sample
2026-01-31 00:00:00+00:00,-0.024084527956335023,22.248632182685007,-0.2515648986588588,out_of_sample
2026-02-01 00:00:00+00:00,0.015566756361029286,22.59497121923902,-0.2399141917842389,out_of_sample
2026-02-02 00:00:00+00:00,-0.01599651148024428,22.233530502734673,-0.2520729131413332,out_of_sample
2026-02-03 00:00:00+00:00,-0.000689756129541873,22.218194788789056,-0.25258880043394427,out_of_sample
2026-02-04 00:00:00+00:00,-0.010987581965668092,21.974070552418056,-0.2608010422512347,out_of_sample
2026-02-05 00:00:00+00:00,-0.01871368821140909,21.5628546473646,-0.2746341810727436,out_of_sample
2026-02-06 00:00:00+00:00,0.0012432109690189179,21.589661824785566,-0.27373239833010177,out_of_sample
2026-02-07 00:00:00+00:00,0.006580870726069692,21.73174059827404,-0.26895292513097957,out_of_sample
2026-02-08 00:00:00+00:00,0.004614655158100878,21.832025087120375,-0.2655793949761207,out_of_sample
2026-02-09 00:00:00+00:00,-0.0036137983367518943,21.753128551172612,-0.26823344293703233,out_of_sample
2026-02-10 00:00:00+00:00,-0.013152111414561261,21.467028980852316,-0.2778577182249744,out_of_sample
2026-02-11 00:00:00+00:00,-0.005533117233072031,21.348249392855504,-0.28185341612899384,out_of_sample
2026-02-12 00:00:00+00:00,-0.01552662992662212,21.0167830249514,-0.29300381236982687,out_of_sample
2026-02-13 00:00:00+00:00,0.02026200168146365,21.442625117941922,-0.2786786544272759,out_of_sample
2026-02-14 00:00:00+00:00,0.01210318997116613,21.702149283224873,-0.26994836515155196,out_of_sample
2026-02-15 00:00:00+00:00,0.0028572539643974713,21.764157835300313,-0.2678624222236664,out_of_sample
2026-02-16 00:00:00+00:00,-0.012330699383307015,21.49579054770238,-0.2768901906024489,out_of_sample
2026-02-17 00:00:00+00:00,0.002589805883706265,21.551460472537737,-0.2750174765635054,out_of_sample
2026-02-18 00:00:00+00:00,-0.0017989646454849868,21.512690157089075,-0.27632169449176214,out_of_sample
2026-02-19 00:00:00+00:00,0.006453040553608142,21.651512419089975,-0.27165176903855115,out_of_sample
2026-02-20 00:00:00+00:00,0.0019921565537052155,21.694645621453294,-0.27020078533686176,out_of_sample
2026-02-21 00:00:00+00:00,0.006236405709201193,21.829942233266024,-0.26564946134796596,out_of_sample
2026-02-22 00:00:00+00:00,-0.013696548127997359,21.530947378836693,-0.2757075288434343,out_of_sample
2026-02-23 00:00:00+00:00,3.710560256029523e-05,21.53174629761288,-0.27568065353486215,out_of_sample
2026-02-24 00:00:00+00:00,0.004732178325618831,21.633638360755167,-0.27225304522269345,out_of_sample
2026-02-25 00:00:00+00:00,0.02220719315267693,22.114060746427615,-0.2560918280316814,out_of_sample
2026-02-26 00:00:00+00:00,-0.004395212777804176,22.016864744065778,-0.25936146273462957,out_of_sample
2026-02-27 00:00:00+00:00,-0.015207425313158756,21.68204491784048,-0.27062466797413987,out_of_sample
2026-02-28 00:00:00+00:00,0.0031699101865716177,21.750775052891246,-0.268312613679317,out_of_sample
2026-03-01 00:00:00+00:00,0.007189015005514259,21.907141701128047,-0.2630525020797121,out_of_sample
2026-03-02 00:00:00+00:00,0.013676144856933272,22.20674694443404,-0.25297390134619957,out_of_sample
2026-03-03 00:00:00+00:00,-0.009160834453804534,22.00331461191855,-0.25981728376863844,out_of_sample
2026-03-04 00:00:00+00:00,0.010775661122396547,22.24041487374606,-0.25184132564987427,out_of_sample
2026-03-05 00:00:00+00:00,-0.011137914290790057,21.992703039090667,-0.26017425284069706,out_of_sample
2026-03-06 00:00:00+00:00,-0.006132721068355508,21.85782792581275,-0.26471139778721275,out_of_sample
2026-03-07 00:00:00+00:00,0.0060164467976822076,21.989334384641293,-0.26028757303105754,out_of_sample
2026-03-08 00:00:00+00:00,0.00032914123161186296,21.996571981242976,-0.2600441031718065,out_of_sample
2026-03-09 00:00:00+00:00,0.007580866457173157,22.163325055948377,-0.2544345963337541,out_of_sample
2026-03-10 00:00:00+00:00,-0.002946407740486684,22.09802286344861,-0.2566313360101553,out_of_sample
2026-03-11 00:00:00+00:00,-0.010056422176851832,21.875795816260045,-0.2641069651282796,out_of_sample
2026-03-12 00:00:00+00:00,-0.001553396781966987,21.8418140254361,-0.2652500990005212,out_of_sample
2026-03-13 00:00:00+00:00,-0.0016212905924690825,21.8064020978342,-0.2664413421028292,out_of_sample
2026-03-14 00:00:00+00:00,-0.0005841038611493598,21.79366489417108,-0.2668698165472866,out_of_sample
2026-03-15 00:00:00+00:00,0.011589334706258725,22.04623897110567,-0.2583733254679922,out_of_sample
2026-03-16 00:00:00+00:00,0.004818393788968077,22.152466432034153,-0.254799876105694,out_of_sample
2026-03-17 00:00:00+00:00,-0.004205767504822327,22.059298308562635,-0.25793401457135834,out_of_sample
2026-03-18 00:00:00+00:00,0.003235433385495776,22.13066969877077,-0.2555331095078617,out_of_sample
2026-03-19 00:00:00+00:00,0.003535127683165908,22.208904441869894,-0.2529013239940825,out_of_sample
2026-03-20 00:00:00+00:00,-0.0024710644343462823,22.154024807977795,-0.25474745296130785,out_of_sample
2026-03-21 00:00:00+00:00,-0.0031503246434144757,22.084232437674405,-0.25709524042581133,out_of_sample
2026-03-22 00:00:00+00:00,6.343487452044056e-05,22.085633348187972,-0.25704811435560704,out_of_sample
2026-03-23 00:00:00+00:00,0.00802348843875481,22.262837172019736,-0.25108704849058816,out_of_sample
2026-03-24 00:00:00+00:00,0.00178611845640773,22.302601236384678,-0.24974940124565448,out_of_sample
2026-03-25 00:00:00+00:00,-0.008014779736595064,22.123850799921943,-0.2557624945419191,out_of_sample
2026-03-26 00:00:00+00:00,0.0025859351031923667,22.18106164232325,-0.2538379446514427,out_of_sample
2026-03-27 00:00:00+00:00,-0.0007430541392260573,22.164579912657494,-0.2543923834552029,out_of_sample
2026-03-28 00:00:00+00:00,-0.0002217192485917676,22.159665598653906,-0.2545576990156876,out_of_sample
2026-03-29 00:00:00+00:00,0.010815938696427836,22.39934318330229,-0.24649504078651707,out_of_sample
2026-03-30 00:00:00+00:00,-0.0003842246695753065,22.39073680306898,-0.2467845559804943,out_of_sample
2026-03-31 00:00:00+00:00,0.005730346811452796,22.519043490314527,-0.24246837026252,out_of_sample
2026-04-01 00:00:00+00:00,-0.0020500955633293125,22.47287729916461,-0.24402138249572658,out_of_sample
2026-04-02 00:00:00+00:00,-0.0016466261156374957,22.43587287251029,-0.24526619663017257,out_of_sample
2026-04-03 00:00:00+00:00,0.0051885823986285605,22.552283247594467,-0.2413501981023578,out_of_sample
2026-04-04 00:00:00+00:00,0.008195124889683337,22.73710202535602,-0.235132968228273,out_of_sample
2026-04-05 00:00:00+00:00,-8.564887622691288e-05,22.73515461811889,-0.2351984782300074,out_of_sample
2026-04-06 00:00:00+00:00,-0.018922837944087424,22.304940971646456,-0.24967069348585236,out_of_sample
2026-04-07 00:00:00+00:00,0.016338391097894818,22.669367820656674,-0.23741151982381203,out_of_sample
2026-04-08 00:00:00+00:00,0.02037687630831958,23.131298724725998,-0.22187234868911232,out_of_sample
2026-04-09 00:00:00+00:00,-0.00384957245953578,23.042253114201998,-0.22486780746560198,out_of_sample
2026-04-10 00:00:00+00:00,0.010003074292109088,23.272746483960944,-0.21711410255747499,out_of_sample
2026-04-11 00:00:00+00:00,0.00827156402052061,23.465248496436374,-0.21063841173601638,out_of_sample
2026-04-12 00:00:00+00:00,0.018440288472580904,23.897954447791456,-0.19608235633925386,out_of_sample
2026-04-13 00:00:00+00:00,0.00724259242346974,24.071037591611457,-0.19025990850418284,out_of_sample
2026-04-14 00:00:00+00:00,0.012337822468191125,24.368021780041914,-0.18026947900993062,out_of_sample
2026-04-15 00:00:00+00:00,0.020973717813943936,24.879109792540554,-0.16307668237920758,out_of_sample
2026-04-16 00:00:00+00:00,-0.016567409722859246,24.466927387067535,-0.17694233388884595,out_of_sample
2026-04-17 00:00:00+00:00,-0.025822360392312088,23.835133570386144,-0.19819562556682346,out_of_sample
2026-04-18 00:00:00+00:00,0.006763826616981166,23.996350281248823,-0.19277235979742047,out_of_sample
2026-04-19 00:00:00+00:00,0.006453099072785932,24.151201106998997,-0.18756323986090195,out_of_sample
2026-04-20 00:00:00+00:00,-0.012741006483733676,23.843490497104767,-0.1979145018894578,out_of_sample
2026-04-21 00:00:00+00:00,0.01114942391584648,24.109331680290445,-0.18897171065427043,out_of_sample
2026-04-22 00:00:00+00:00,0.005376933496250869,24.238965953374418,-0.1846108654788805,out_of_sample
2026-04-23 00:00:00+00:00,0.0026460106290441825,24.30310251492409,-0.1824533371621304,out_of_sample
2026-04-24 00:00:00+00:00,0.00018805080173809339,24.30767273283674,-0.1822995968567256,out_of_sample
2026-04-25 00:00:00+00:00,0.003196383945768627,24.385369387718978,-0.17968591241566978,out_of_sample
2026-04-26 00:00:00+00:00,-0.002042383143761956,24.335565120327093,-0.18136130808074247,out_of_sample
2026-04-27 00:00:00+00:00,-0.004391369855796711,24.228698653233913,-0.18495625335522548,out_of_sample
2026-04-28 00:00:00+00:00,-0.005148892896212559,24.103947678853803,-0.18915282631242725,out_of_sample
2026-04-29 00:00:00+00:00,0.007730071407168123,24.29027291560599,-0.1828849197595217,out_of_sample
2026-04-30 00:00:00+00:00,0.005546963833081559,24.425010180964538,-0.17835241196196228,out_of_sample
2026-05-01 00:00:00+00:00,0.004982941169692073,24.546718569765414,-0.17425819036854928,out_of_sample
2026-05-02 00:00:00+00:00,-0.007361517339952829,24.366017475375145,-0.18033690301847527,out_of_sample
2026-05-03 00:00:00+00:00,0.0035540743550313116,24.45261611321862,-0.17742375942572763,out_of_sample
2026-05-04 00:00:00+00:00,-0.004807488599842718,24.335060440017994,-0.18137828532478983,out_of_sample
2026-05-05 00:00:00+00:00,0.009748288986039454,24.572285641680025,-0.17339812427988877,out_of_sample
2026-05-06 00:00:00+00:00,0.005783427075144448,24.7143976637583,-0.16861753261148393,out_of_sample
2026-05-07 00:00:00+00:00,-0.005113389393495782,24.588023324877803,-0.1728687149021667,out_of_sample
2026-05-08 00:00:00+00:00,0.008493066414859491,24.796851039986105,-0.1658438339640227,out_of_sample
2026-05-09 00:00:00+00:00,-0.0019347513994015463,24.74887529773574,-0.16745771877358018,out_of_sample
2026-05-10 00:00:00+00:00,-0.004069478633933317,24.648160278497723,-0.1708457317988773,out_of_sample
2026-05-11 00:00:00+00:00,-0.01028693176349289,24.39460633561718,-0.17937518517727113,out_of_sample
2026-05-12 00:00:00+00:00,0.01594558528956485,24.783592611547125,-0.1662898422017819,out_of_sample
2026-05-13 00:00:00+00:00,0.01033969890638471,25.03984749696902,-0.1576695301949539,out_of_sample
2026-05-14 00:00:00+00:00,0.0014559509507699078,25.076304286739365,-0.15644313834657886,out_of_sample
2026-05-15 00:00:00+00:00,0.0014693843302610267,25.11315101531916,-0.15520362911238095,out_of_sample
2026-05-16 00:00:00+00:00,-0.0020405261018467398,25.061906975172786,-0.15692745815792253,out_of_sample
2026-05-17 00:00:00+00:00,0.010161360455018326,25.316570045637654,-0.14836069417053666,out_of_sample
2026-05-18 00:00:00+00:00,0.003006674350052064,25.39268872742517,-0.14580009211420297,out_of_sample
2026-05-19 00:00:00+00:00,0.012220469013521296,25.70299929318866,-0.13536136860853187,out_of_sample
2026-05-20 00:00:00+00:00,-0.0006700336385480257,25.68577741905065,-0.1359407055767523,out_of_sample
2026-05-21 00:00:00+00:00,0.0019423504042499662,25.735668199204014,-0.13426239965693343,out_of_sample
2026-05-22 00:00:00+00:00,0.009984158697157849,25.992617194682264,-0.12561873806501167,out_of_sample
2026-05-23 00:00:00+00:00,0.004469390491219661,26.108788350814088,-0.12171078676721891,out_of_sample
2026-05-24 00:00:00+00:00,0.0040424418834853195,26.21433161037047,-0.11816035366583344,out_of_sample
2026-05-25 00:00:00+00:00,0.00750154715025802,26.41097965495816,-0.11154519197989077,out_of_sample
2026-05-26 00:00:00+00:00,-0.009150467844330141,26.16930683488821,-0.1196749691318193,out_of_sample
2026-05-27 00:00:00+00:00,-0.0025273951048744026,26.10316665689576,-0.12189989830553394,out_of_sample
2026-05-28 00:00:00+00:00,0.01008720286221525,26.366474594310077,-0.11304232444641005,out_of_sample
2026-05-29 00:00:00+00:00,-0.005165134751281175,26.23028820011423,-0.11762358035932763,out_of_sample
2026-05-30 00:00:00+00:00,-0.004524058099320028,26.111620852335005,-0.12161550254725206,out_of_sample
2026-05-31 00:00:00+00:00,-0.007690925936871967,25.910798310268014,-0.12837109266125768,out_of_sample
2026-06-01 00:00:00+00:00,0.002233171351559098,25.96866156275053,-0.12642459595619804,out_of_sample
2026-06-02 00:00:00+00:00,0.015098743215502499,26.36075571533679,-0.11323470525116175,out_of_sample
2026-06-03 00:00:00+00:00,-0.0096699784483404,26.10584777568752,-0.12180970654011924,out_of_sample
2026-06-04 00:00:00+00:00,-0.007214187628976739,25.917515291620205,-0.1281451360910849,out_of_sample
2026-06-05 00:00:00+00:00,-0.0038726778401775444,25.817145104477884,-0.131521549102396,out_of_sample
2026-06-06 00:00:00+00:00,-0.0012254550787641092,25.78550735289041,-0.1325858304308457,out_of_sample
2026-06-07 00:00:00+00:00,0.019576865994607173,26.290306774940902,-0.11560457947136693,out_of_sample
2026-06-08 00:00:00+00:00,0.001207459979111314,26.322051268210206,-0.11453670739536914,out_of_sample
2026-06-09 00:00:00+00:00,0.012891486287194592,26.66138163118517,-0.10312176950094254,out_of_sample
2026-06-10 00:00:00+00:00,-0.009275960117030942,26.414071718509355,-0.11144117619688498,out_of_sample
2026-06-11 00:00:00+00:00,0.0006528913520759691,26.431317237507486,-0.11086104382501305,out_of_sample
2026-06-12 00:00:00+00:00,0.0003205022959769442,26.4397885353678,-0.11057607274811654,out_of_sample
2026-06-13 00:00:00+00:00,0.001785590688547867,26.486999175583726,-0.10898792566544391,out_of_sample
2026-06-14 00:00:00+00:00,0.0020491683987218685,26.541275497271304,-0.10716209187983794,out_of_sample
2026-06-15 00:00:00+00:00,0.012572385141435122,26.874962634967936,-0.09593698983007792,out_of_sample
2026-06-16 00:00:00+00:00,0.004022986407226903,26.983080244343146,-0.09229995662888757,out_of_sample
2026-06-17 00:00:00+00:00,-0.0048373653545902735,26.852553226809032,-0.09669083337105111,out_of_sample
2026-06-18 00:00:00+00:00,0.0019197636690131618,26.904103782914103,-0.09495669325107026,out_of_sample
2026-06-19 00:00:00+00:00,-0.009963999209898934,26.636031314078107,-0.10397454404444095,out_of_sample
2026-06-20 00:00:00+00:00,-0.0205717865701505,26.088080562809047,-0.12240738848578048,out_of_sample
2026-06-21 00:00:00+00:00,-0.032816372317274065,25.231964398016864,-0.15120679436812,out_of_sample
2026-06-22 00:00:00+00:00,0.005153338566964051,25.361993253269425,-0.1468326756061603,out_of_sample
2026-06-23 00:00:00+00:00,0.01908582253772985,25.84604775570443,-0.1305492754577896,out_of_sample
2026-06-24 00:00:00+00:00,-0.0006387433512008816,25.829538764545653,-0.13110463132728767,out_of_sample
2026-06-25 00:00:00+00:00,-0.013962483459618223,25.468894256776114,-0.14323656854051936,out_of_sample
2026-06-26 00:00:00+00:00,-0.014064795442526042,25.110679468907232,-0.15528677094663368,out_of_sample
2026-06-27 00:00:00+00:00,0.015835291528848536,25.508314398784847,-0.1419104907062987,out_of_sample
2026-06-28 00:00:00+00:00,0.006430598859994438,25.672348136278053,-0.13639246128606142,out_of_sample
2026-06-29 00:00:00+00:00,0.007797475750721574,25.872527648334763,-0.12965850244479915,out_of_sample
2026-06-30 00:00:00+00:00,0.0016992132403313043,25.91649058987565,-0.12817960664854355,out_of_sample
2026-07-01 00:00:00+00:00,0.00311698336057673,25.997271859808833,-0.12546215698905572,out_of_sample
2026-07-02 00:00:00+00:00,0.005721040734593342,26.146003311107098,-0.1204588903652467,out_of_sample
2026-07-03 00:00:00+00:00,0.003525130926598507,26.238171395986026,-0.1173583927984585,out_of_sample
2026-07-04 00:00:00+00:00,0.000976227478536551,26.26378581988934,-0.11649673380780878,out_of_sample
2026-07-05 00:00:00+00:00,0.0014189781767666835,26.301053558807034,-0.11524306195398004,out_of_sample
2026-07-06 00:00:00+00:00,-0.007125336818795229,26.11364969351136,-0.12154725314032389,out_of_sample
2026-07-07 00:00:00+00:00,0.011573513984915868,26.415876383436405,-0.11138046798945578,out_of_sample
2026-07-08 00:00:00+00:00,-0.0006782603707376038,26.397959541327218,-0.11198318340268187,out_of_sample
2026-07-09 00:00:00+00:00,0.00779261369075839,26.603668642257052,-0.10506321140004182,out_of_sample
2026-07-10 00:00:00+00:00,-0.00781713271843705,26.395704233683205,-0.11205905105113967,out_of_sample
2026-07-11 00:00:00+00:00,0.0033336451870192964,26.48369814605981,-0.10909897098031873,out_of_sample
2026-07-12 00:00:00+00:00,0.006633145743964885,26.659368375701796,-0.10318949461138305,out_of_sample
2026-07-13 00:00:00+00:00,0.002892978428702409,26.736493353335533,-0.10059504116466012,out_of_sample
2026-07-14 00:00:00+00:00,0.016497156670291294,27.177569472999714,-0.0857574166487165,out_of_sample
2026-07-15 00:00:00+00:00,-0.004314650957038386,27.060307746863057,-0.08970205428593836,out_of_sample
2026-07-16 00:00:00+00:00,-0.002766232269495011,26.985452650351217,-0.09222014983822768,out_of_sample
2026-07-17 00:00:00+00:00,0.01058504233165919,27.271094808994167,-0.08261126169643818,out_of_sample
2026-07-18 00:00:00+00:00,0.001157243295048876,27.302654100610518,-0.08154961973008301,out_of_sample
2026-07-19 00:00:00+00:00,0.0070068065517006175,27.49395851624149,-0.07511421558819587,out_of_sample
2026-07-20 00:00:00+00:00,-0.00042269292757615706,27.482337014425603,-0.07550515826808246,out_of_sample
2026-07-21 00:00:00+00:00,-0.011995897804804919,27.152661708163347,-0.0865953039105678,out_of_sample
2026-07-22 00:00:00+00:00,-0.003662467310405971,27.053215972266685,-0.08994061875116677,out_of_sample
2026-07-23 00:00:00+00:00,-0.0030529810807515493,26.970623015729867,-0.09271901282447992,out_of_sample
2026-07-24 00:00:00+00:00,-0.005613780624159831,26.819215854822644,-0.09781228925095442,out_of_sample
2026-07-25 00:00:00+00:00,-0.0031975205218096494,26.733460861748007,-0.10069705297059894,out_of_sample
2026-07-26 00:00:00+00:00,-0.0020185092850892763,26.679499122775997,-0.10251230431928604,out_of_sample
2026-07-27 00:00:00+00:00,0.001365152859138841,26.715920717283844,-0.10128709642548561,out_of_sample
