time,portfolio_return,portfolio_equity,portfolio_drawdown,btc_return,btc_equity,btc_drawdown,sample
2020-01-01 00:00:00+00:00,0.0,1.0,0.0,0.0,1.0,0.0,in_sample
2020-01-02 00:00:00+00:00,0.0,1.0,0.0,-0.03272354419616619,0.9672764558038338,-0.03272354419616619,in_sample
2020-01-03 00:00:00+00:00,0.0,1.0,0.0,0.05453573952462221,1.0200275926458515,0.0,in_sample
2020-01-04 00:00:00+00:00,0.0,1.0,0.0,0.0012245086982340947,1.0212766253054852,0.0,in_sample
2020-01-05 00:00:00+00:00,0.0,1.0,0.0,0.0004965506733363156,1.0217837409014434,0.0,in_sample
2020-01-06 00:00:00+00:00,0.0,1.0,0.0,0.05480150550149854,1.0777790281997957,0.0,in_sample
2020-01-07 00:00:00+00:00,0.0,1.0,0.0,0.05093207895954688,1.1326725547650114,0.0,in_sample
2020-01-08 00:00:00+00:00,0.0,1.0,0.0,-0.011364626022233648,1.1198001547744592,-0.011364626022233537,in_sample
2020-01-09 00:00:00+00:00,0.0,1.0,0.0,-0.029932355977289826,1.0862818979183257,-0.04095681196787715,in_sample
2020-01-10 00:00:00+00:00,0.0,1.0,0.0,0.049689266223193584,1.1402584483374254,0.0,in_sample
2020-01-11 00:00:00+00:00,0.0,1.0,0.0,-0.022727909648852407,1.1143427573472717,-0.022727909648852407,in_sample
2020-01-12 00:00:00+00:00,0.0,1.0,0.0,0.020714264340644384,1.1374255477890456,-0.002484437236584758,in_sample
2020-01-13 00:00:00+00:00,0.0,1.0,0.0,-0.009002406341993674,1.1271859808240838,-0.011464477665043549,in_sample
2020-01-14 00:00:00+00:00,0.0,1.0,0.0,0.0877603845679773,1.226108255980838,0.0,in_sample
2020-01-15 00:00:00+00:00,0.0,1.0,0.0,3.3994334277531735e-05,1.2261499367147524,0.0,in_sample
2020-01-16 00:00:00+00:00,0.0,1.0,0.0,-0.011355987898428288,1.212225792871761,-0.011355987898428288,in_sample
2020-01-17 00:00:00+00:00,0.0,1.0,0.0,0.022193492781727997,1.239129317255685,0.0,in_sample
2020-01-18 00:00:00+00:00,0.0,1.0,0.0,0.000704136916508169,1.2400018339522922,0.0,in_sample
2020-01-19 00:00:00+00:00,0.0,1.0,0.0,-0.024554621848739466,1.2095540578278503,-0.024554621848739466,in_sample
2020-01-20 00:00:00+00:00,0.0,1.0,0.0,-0.006415226543071695,1.201794494530793,-0.03081232492997199,in_sample
2020-01-21 00:00:00+00:00,0.0,1.0,0.0,0.010685549132948058,1.2146363286498083,-0.020456022408963492,in_sample
2020-01-22 00:00:00+00:00,0.0,1.0,0.0,-0.0066182972011215035,1.2065975044355248,-0.02693893557422966,in_sample
2020-01-23 00:00:00+00:00,0.0,1.0,0.0,-0.03166190151037984,1.1683943330874171,-0.05774789915966372,in_sample
2020-01-24 00:00:00+00:00,0.0,1.0,0.0,0.0038479832572297923,1.1728902949189797,-0.05412212885154055,in_sample
2020-01-25 00:00:00+00:00,0.0,1.0,0.0,-0.011528128538870086,1.1593690648371604,-0.06502633053221285,in_sample
2020-01-26 00:00:00+00:00,0.0,1.0,0.0,0.03194505694673455,1.196405175635666,-0.035158543417366905,in_sample
2020-01-27 00:00:00+00:00,0.0,1.0,0.0,0.035117016075557395,1.2384193554213436,-0.0012761904761904308,in_sample
2020-01-28 00:00:00+00:00,0.0,1.0,0.0,0.054452685275662605,1.305854614821391,0.0,in_sample
2020-01-29 00:00:00+00:00,0.0,1.0,0.0,-0.009360590191701657,1.2936310449221056,-0.009360590191701657,in_sample
2020-01-30 00:00:00+00:00,0.0,1.0,0.0,0.023055525722263992,1.3234563887534265,0.0,in_sample
2020-01-31 00:00:00+00:00,0.0,1.0,0.0,-0.016918494972007148,1.301065498494631,-0.016918494972007037,in_sample
2020-02-01 00:00:00+00:00,0.0,1.0,0.0,0.0030145731063344616,1.3049876555559725,-0.013954923905614924,in_sample
2020-02-02 00:00:00+00:00,0.0,1.0,0.0,-0.005806612341020756,1.2974100981303414,-0.01968050541326738,in_sample
2020-02-03 00:00:00+00:00,0.0,1.0,0.0,-0.004022188430318652,1.2921916702442628,-0.023623535142410113,in_sample
2020-02-04 00:00:00+00:00,0.0,1.0,0.0,-0.01099816786801755,1.2779799293372625,-0.03436188740529533,in_sample
2020-02-05 00:00:00+00:00,0.0,1.0,0.0,0.04692689449738263,1.3379515586510446,0.0,in_sample
2020-02-06 00:00:00+00:00,-0.0007371524852569478,0.999262847514743,-0.0007371524852569644,0.015381100726895136,1.3585307263423627,0.0,in_sample
2020-02-07 00:00:00+00:00,-0.0011258372523870574,0.9981378401760846,-0.0018621598239153547,0.004438481016800777,1.364560539181974,0.0,in_sample
2020-02-08 00:00:00+00:00,0.001122612625747188,0.9992583623177023,-0.0007416376822977355,0.008645301338285671,1.3763575762375357,0.0,in_sample
2020-02-09 00:00:00+00:00,0.0009268501354627201,1.0001845250661787,0.0,0.026341477202180608,1.4126128679540453,0.0,in_sample
2020-02-10 00:00:00+00:00,-0.0010709785804283946,0.9991133488633569,-0.0010709785804283722,-0.02968513028921904,1.3706792709206022,-0.02968513028921893,in_sample
2020-02-11 00:00:00+00:00,0.003062883229395197,1.0021735163838554,0.0,0.03684534887021118,1.4211824268468385,0.0,in_sample
2020-02-12 00:00:00+00:00,0.002042144848602734,1.0042200998677449,0.0,0.010844593735885866,1.4365945728905727,0.0,in_sample
2020-02-13 00:00:00+00:00,-0.002892927011818869,1.001314964415026,-0.0028929270118187578,-0.009706005518380634,1.422650978038421,-0.009706005518380634,in_sample
2020-02-14 00:00:00+00:00,0.0024051157143290315,1.0037232427709335,-0.0004947691217063177,0.011444749468486615,1.4389328620631683,0.0,in_sample
2020-02-15 00:00:00+00:00,-0.009842101772206437,0.9938444964644528,-0.010332001325863205,-0.04266077811529023,1.377546866511892,-0.04266077811529023,in_sample
2020-02-16 00:00:00+00:00,-0.005216878010239307,0.9886597309652501,-0.015494978545583904,0.0006928902601011089,1.3785013553185308,-0.041997447092833595,in_sample
2020-02-17 00:00:00+00:00,0.0035895571499915406,0.9922085815714451,-0.011961041506619585,-0.020748125855434396,1.349900035706495,-0.06187420463037896,in_sample
2020-02-18 00:00:00+00:00,0.002692534540491509,0.9948801374486983,-0.009300712483524931,0.04717167558666113,1.413577082265264,-0.017621238951724738,in_sample
2020-02-19 00:00:00+00:00,-0.006496943072193456,0.988416457832038,-0.01573722935618216,-0.05707211882464869,1.3329012430584206,-0.07368767633308315,in_sample
2020-02-20 00:00:00+00:00,-0.001416475264425593,0.9870163903685678,-0.017131413224494074,0.0008693250222804316,1.33405996746124,-0.07288240985167282,in_sample
2020-02-21 00:00:00+00:00,0.0011194515162978537,0.9881213073633767,-0.016031139494706803,0.008269119213829557,1.3450914683705744,-0.06521596397349794,in_sample
2020-02-22 00:00:00+00:00,-0.0015945991199628807,0.9865456499962385,-0.01760017537373937,-0.00229202624829683,1.342008483418709,-0.06735851352055955,in_sample
2020-02-23 00:00:00+00:00,0.006319972471536572,0.992780591346129,-0.011391435526058924,0.029393738611893427,1.381455129995262,-0.039944693448375146,in_sample
2020-02-24 00:00:00+00:00,-0.006539356692006632,0.9862884449424153,-0.01785629955792678,-0.02817727232498457,1.3425294925926385,-0.06699643326812676,in_sample
2020-02-25 00:00:00+00:00,-0.006519046371772991,0.9798587848338918,-0.024258939884853392,-0.034870303582239415,1.2957150816178233,-0.09953055088337937,in_sample
2020-02-26 00:00:00+00:00,-0.014914704967691213,0.9652444801480938,-0.03881182992133303,-0.05723568518121391,1.2215539411217946,-0.15106953678831947,in_sample
2020-02-27 00:00:00+00:00,0.003239249217719931,0.968371147575322,-0.035698301893324014,0.004069506904968323,1.2265250633199811,-0.1476148084064416,in_sample
2020-02-28 00:00:00+00:00,-0.0035260330574261424,0.9649566388971138,-0.03909846155818031,-0.014548028998640716,1.2086815411312424,-0.1600153328917565,in_sample
2020-02-29 00:00:00+00:00,-0.0022631547540356957,0.9627727926923555,-0.04127313044306513,-0.019264170527968694,1.1853972938088821,-0.17619694075980874,in_sample
2020-03-01 00:00:00+00:00,-0.0008248531771141099,0.9619786464954642,-0.042063939347403934,0.0006868276765767956,1.1862114574780094,-0.17563113001867392,in_sample
2020-03-02 00:00:00+00:00,0.009786021191678396,0.971392589916011,-0.03268955675758456,0.044725598043533266,1.2392654743198046,-0.13876073930028743,in_sample
2020-03-03 00:00:00+00:00,-0.0027982357923949765,0.9686744044024407,-0.03539631946222299,-0.017343632633384565,1.2177721091979647,-0.153697756647311,in_sample
2020-03-04 00:00:00+00:00,0.00023872977571511294,0.9689056558257447,-0.03516603984191413,-0.000920707358813444,1.2166508974556685,-0.15447695335054612,in_sample
2020-03-05 00:00:00+00:00,0.004604029737685278,0.9733665262781779,-0.030723915597417717,0.034930049686362485,1.2591485737547525,-0.12494279132011599,in_sample
2020-03-06 00:00:00+00:00,0.0056252575085942395,0.9788419636387384,-0.025271488025731315,0.008459848545870452,1.2698007799854665,-0.1175399398657121,in_sample
2020-03-07 00:00:00+00:00,-0.007313105231414714,0.9716835893537237,-0.03239978020585943,-0.026511355131801695,1.2361366405606329,-0.1409351519095634,in_sample
2020-03-08 00:00:00+00:00,-0.02322215483538438,0.9491190025907494,-0.05486954232867092,-0.09651597472457563,1.116829707804161,-0.22384863307463143,in_sample
2020-03-09 00:00:00+00:00,-0.0003470197305468491,0.9487896395702134,-0.055197521245423764,-0.01322516999524792,1.102059445062708,-0.23411336684426343,in_sample
2020-03-10 00:00:00+00:00,0.00018102714501606616,0.9489613962498856,-0.055026486350090775,-0.004348127556841441,1.0972675500203535,-0.2374435396193043,in_sample
2020-03-11 00:00:00+00:00,-0.00249691009102917,0.9465919249635921,-0.05738600025207852,0.005157223785273057,1.1029264043281268,-0.23351086530421528,in_sample
2020-03-12 00:00:00+00:00,-0.06394097491356021,0.8860659144361164,-0.11765765836313102,-0.3997964322740506,0.6619803628168948,-0.5399504867324142,in_sample
2020-03-13 00:00:00+00:00,0.023638449156947208,0.9070111385042184,-0.09680045378132618,0.16908062501967636,0.7739084163127274,-0.4621650274891329,in_sample
2020-03-14 00:00:00+00:00,-0.011600209171356936,0.8964896195768189,-0.10727775744093748,-0.07239338917752491,0.7178825631428382,-0.5011007239673955,in_sample
2020-03-15 00:00:00+00:00,0.00421328727327135,0.9002667878816019,-0.10351646217779709,0.036831746019458045,0.7443234313803128,-0.4827253925432712,in_sample
2020-03-16 00:00:00+00:00,-0.013452645406160126,0.8881558180132879,-0.11557653732457907,-0.06179582328477662,0.6983273521480164,-0.5146908027753694,in_sample
2020-03-17 00:00:00+00:00,0.0077302060049309505,0.8950214454510086,-0.10873976176250366,0.055930254304393356,0.7373849785413686,-0.48754733595833477,in_sample
2020-03-18 00:00:00+00:00,0.010852711614706124,0.9047348550874659,-0.09906717142325783,0.015499172849880782,0.7488138357806869,-0.47960474354097105,in_sample
2020-03-19 00:00:00+00:00,0.019301348341051128,0.9221974576817995,-0.08167795306700965,0.14285926332742083,0.8557888287296962,-0.4052614605641499,in_sample
2020-03-20 00:00:00+00:00,-0.0007341654454405214,0.9215204121744964,-0.08235215338165403,0.0071709201896226205,0.8619256221196875,-0.40099663796416274,in_sample
2020-03-21 00:00:00+00:00,0.0006568322262492932,0.9221256964783591,-0.08174941270364688,-0.0032367415297474,0.8591357916630193,-0.4029354570225224,in_sample
2020-03-22 00:00:00+00:00,-0.012735771176630162,0.91038171461192,-0.09344404206625956,-0.06040406294623435,0.8072404992240434,-0.4390005812594987,in_sample
2020-03-23 00:00:00+00:00,0.012771063846221266,0.9220082576136612,-0.08186635804731535,0.11250445339809345,0.8980586503500485,-0.3758856482974504,in_sample
2020-03-24 00:00:00+00:00,0.0035676927796961964,0.9252976998171697,-0.07859073928212468,0.04292958984133266,0.9366119398630368,-0.3490926751647707,in_sample
2020-03-25 00:00:00+00:00,-0.0016287325994998104,0.9237906372892353,-0.0800914685825369,-0.010075163209633753,0.927175421704825,-0.3556506726968318,in_sample
2020-03-26 00:00:00+00:00,0.004798964267151729,0.9282238755479156,-0.07567686041121646,0.009043352648795855,0.9355601960105978,-0.34982359450101486,in_sample
2020-03-27 00:00:00+00:00,-0.008475368051059596,0.920356836568866,-0.08351083921734248,-0.05644988832390818,0.8827479274255059,-0.38652597998227256,in_sample
2020-03-28 00:00:00+00:00,-0.0014302917521639424,0.9190404577764739,-0.08482168610495755,-0.019310190693838547,0.8657018966123287,-0.39837228029453065,in_sample
2020-03-29 00:00:00+00:00,-0.010095043926643926,0.9097627039848575,-0.09406045138443986,-0.05692229916786351,0.8164241542631748,-0.43261831334328493,in_sample
2020-03-30 00:00:00+00:00,0.010371652260383358,0.9191984463900545,-0.08466436141727063,0.08760829573862328,0.8879496830180185,-0.38291097074198444,in_sample
2020-03-31 00:00:00+00:00,0.002953123720175599,0.9219129531256376,-0.08196126203104981,0.0025066185996733825,0.8901754342090455,-0.38136416390359196,in_sample
2020-04-01 00:00:00+00:00,0.0017560624699508587,0.9235318898631831,-0.08034912865734145,0.036585974934057575,0.9227433703319315,-0.35873076871085896,in_sample
2020-04-02 00:00:00+00:00,0.004475315144351855,0.9276649861161799,-0.07623340118530508,0.0226032935281284,0.9436004095826787,-0.3442359720454733,in_sample
2020-04-03 00:00:00+00:00,0.002102728167764889,0.9296156134127355,-0.07429097113753724,-0.009103852830616543,0.9350100103229284,-0.3502059512475836,in_sample
2020-04-04 00:00:00+00:00,0.0030863970844895675,0.9324847763316686,-0.07143386548977038,0.018024309786323522,0.9518629204023025,-0.33849386201556064,in_sample
2020-04-05 00:00:00+00:00,-0.0023554998731798787,0.9302883085592772,-0.07362110290184831,-0.011998073302097567,0.940442399309767,-0.3464306611488853,in_sample
2020-04-06 00:00:00+00:00,0.01949799018372822,0.9484270608676032,-0.05555857625981553,0.08226299694189598,1.0178060095282158,-0.2926660886256591,in_sample
2020-04-07 00:00:00+00:00,-0.004562546978266841,0.9440998178469352,-0.05986763462385136,-0.01813198138615535,0.9993511699087331,-0.30549145394049515,in_sample
2020-04-08 00:00:00+00:00,0.00789000857292399,0.9515487735034434,-0.05244998220135033,0.02290592111665668,1.022242228974501,-0.2895830959696123,in_sample
2020-04-09 00:00:00+00:00,0.002681304790621264,0.954100165788348,-0.04990931179927349,-0.010738468480468,1.011264913019255,-0.2972118855015342,in_sample
2020-04-10 00:00:00+00:00,-0.014082721127381011,0.9406638392259628,-0.0632891740069258,-0.05781704024784817,0.952796568841984,-0.33784501420320134,in_sample
2020-04-11 00:00:00+00:00,0.0001432882623747801,0.9407986253129643,-0.06315495434032148,0.0023855977555551355,0.9550695581981141,-0.33626537875525486,in_sample
2020-04-12 00:00:00+00:00,0.002364875592456617,0.9430234970193836,-0.06093943235792709,0.003831729748130064,0.9587291266357952,-0.33372212706216753,in_sample
2020-04-13 00:00:00+00:00,0.0009526900757333035,0.9439219061461772,-0.06004479867462209,-0.0096398532284524,0.9494871185691838,-0.34014494796665373,in_sample
2020-04-14 00:00:00+00:00,0.0012583543658700627,0.9451096943978166,-0.05886200194331215,0.004405911618378555,0.9536704748963886,-0.33723768492645423,in_sample
2020-04-15 00:00:00+00:00,-0.00533763443108416,0.9400650443518473,-0.06388545252614108,-0.036016322582242855,0.9193227714353595,-0.3611079462614971,in_sample
2020-04-16 00:00:00+00:00,0.013548743859880353,0.9528017448493975,-0.051202276298910054,0.07273205388029713,0.9861870047807801,-0.3146400149852946,in_sample
2020-04-17 00:00:00+00:00,0.0008412846117667795,0.9536033222954038,-0.05040406737428105,-0.010666159492262128,0.9756681768985921,-0.32195017389507585,in_sample
2020-04-18 00:00:00+00:00,0.007318897166499484,0.9605826469489162,-0.043454072393667165,0.0313252943421376,1.0062312697201972,-0.3007100635137039,in_sample
2020-04-19 00:00:00+00:00,0.0018953976686782669,0.9624033330585159,-0.04164103747249848,-0.017175198345304565,0.9889490480815051,-0.31272050687373154,in_sample
2020-04-20 00:00:00+00:00,-0.011171527682212147,0.9516518175817994,-0.0523473711518706,-0.041126547654336876,0.94827698792787,-0.34098593969963753,in_sample
2020-04-21 00:00:00+00:00,0.0010490622890505842,0.952650159615931,-0.05135322451582636,0.0018621919361667683,0.9500428616880418,-0.3397587290307257,in_sample
2020-04-22 00:00:00+00:00,0.007909378621690888,0.9601850304223476,-0.04385001799027588,0.04124890318806673,0.9892310877143257,-0.31252450076374794,in_sample
2020-04-23 00:00:00+00:00,0.0008168579889309192,0.9609693652353,-0.04306897923885511,0.05102344643163126,1.039705067126822,-0.277447131455408,in_sample
2020-04-24 00:00:00+00:00,0.0005486982684999087,0.9614966474620861,-0.0425439128446895,0.002774158632163237,1.0425893739136958,-0.27544265517794064,in_sample
2020-04-25 00:00:00+00:00,0.0037556714272939163,0.9651077129483984,-0.03894802237527173,0.003984483169889641,1.0467435537271608,-0.2725556686318772,in_sample
2020-04-26 00:00:00+00:00,0.0018122630873358473,0.9668567420318779,-0.0372063433512112,0.021258267509599804,1.068995508206242,-0.2570914624373116,in_sample
2020-04-27 00:00:00+00:00,-0.0008203939335470589,0.9660635386261058,-0.037996213426383485,0.010375388118536444,1.0800867515008539,-0.24938349802352433,in_sample
2020-04-28 00:00:00+00:00,0.0006255276518274567,0.9666678380829388,-0.03739445345671899,-0.004920246977103138,1.0747724579267726,-0.25307671659833797,in_sample
2020-04-29 00:00:00+00:00,0.009326026209636119,0.9756830076769126,-0.028417168900115142,0.1355330769479366,1.2204396761684848,-0.15184390575485496,in_sample
2020-04-30 00:00:00+00:00,-0.0065913706749204555,0.9692519193120929,-0.03482123148128313,-0.018150770701942154,1.198287755450798,-0.16723859254095352,in_sample
2020-05-01 00:00:00+00:00,0.004233504727514759,0.9733552518946534,-0.030735142601862164,0.023856895728113114,1.2268751814848624,-0.1473714904768063,in_sample
2020-05-02 00:00:00+00:00,0.002971803485961388,0.9762478724253127,-0.027854677919826543,0.016381821229100924,1.2469736313783681,-0.13340388265896264,in_sample
2020-05-03 00:00:00+00:00,-0.0049268567144927,0.9714380390400449,-0.03264429862737994,-0.008376433675982065,1.2365284394594287,-0.14066286755973345,in_sample
2020-05-04 00:00:00+00:00,-0.0020625947001239042,0.9694343560892221,-0.03463956137016577,-0.0029235955056180485,1.2329133304712563,-0.1431752217379464,in_sample
2020-05-05 00:00:00+00:00,-0.0010355782052341668,0.9684304309986509,-0.035639267600606095,0.01676812433654362,1.2535869744927803,-0.12880787732141696,in_sample
2020-05-06 00:00:00+00:00,-0.004520685343038045,0.9640524617434832,-0.039998839028965505,0.013908130310170463,1.2710220254891582,-0.1166912237540092,in_sample
2020-05-07 00:00:00+00:00,0.007026350455985409,0.9708262321976483,-0.03325353443383028,0.09255629752947825,1.3886631182468527,-0.03493543384938602,in_sample
2020-05-08 00:00:00+00:00,0.005463621689652387,0.9761304594567669,-0.027971597476168175,-0.018760380190095072,1.3626112701925788,-0.05304041201836074,in_sample
2020-05-09 00:00:00+00:00,-0.004865722464707029,0.9713808795517033,-0.03270121791066172,-0.02618610878012617,1.32692978324629,-0.07783759879963137,in_sample
2020-05-10 00:00:00+00:00,-0.013692902630474485,0.9580798557508972,-0.045946345948387535,-0.08702426112513562,1.2114546992943453,-0.15808810040147436,in_sample
2020-05-11 00:00:00+00:00,-0.003729941231590467,0.9545062741937757,-0.04950491000978419,-0.018170704154925832,1.1894417143563731,-0.17338623245359075,in_sample
2020-05-12 00:00:00+00:00,0.007868153349794793,0.9620164759324736,-0.04202626888351413,0.028923887028403872,1.223844992129288,-0.14947734922495504,in_sample
2020-05-13 00:00:00+00:00,0.0028670785686992443,0.9647746527533553,-0.039279682929653115,0.05644413313640717,1.2929238618033587,-0.10147033548907847,in_sample
2020-05-14 00:00:00+00:00,0.0024965994399128613,0.9671833086110614,-0.03688114912414242,0.051675763036607814,1.3597366889102849,-0.055038129464449415,in_sample
2020-05-15 00:00:00+00:00,-0.004468509185899966,0.9628614411120838,-0.041184854556394535,-0.04864409204234277,1.2935935322615826,-0.10100494167128515,in_sample
2020-05-16 00:00:00+00:00,0.003015426945033373,0.9657648794459468,-0.03829361753151783,0.006901714473516174,1.3025215454660393,-0.09480033446559832,in_sample
2020-05-17 00:00:00+00:00,0.005183320603068942,0.9707707484432994,-0.0333087850251661,0.032381901207361174,1.3446996694717799,-0.065488248323327,in_sample
2020-05-18 00:00:00+00:00,0.004172487730376928,0.974821277480188,-0.029275277791620202,0.0054274546756392095,1.351997965980185,-0.06041622814724956,in_sample
2020-05-19 00:00:00+00:00,0.002796776744547125,0.9775476349591343,-0.026560377463190843,0.004371551006566499,1.3579082940492415,-0.05630878976365328,in_sample
2020-05-20 00:00:00+00:00,-0.0016833187892958956,0.9759021106577758,-0.028198986670052273,-0.027167974265473127,1.3210166764616391,-0.0819469682779076,in_sample
2020-05-21 00:00:00+00:00,-0.007468591934603669,0.9686134960251543,-0.03545697188024799,-0.047129240196001176,1.2587581642137553,-0.1252141101226052,in_sample
2020-05-22 00:00:00+00:00,0.012409010672219868,0.9806330312345867,-0.023487947150494737,0.01174392935982338,1.2735409311753827,-0.1149406864269148,in_sample
2020-05-23 00:00:00+00:00,-0.0037298309760312124,0.9769754357785686,-0.027130172053680623,0.0010920317681968328,1.2749316783303253,-0.11397417353975436,in_sample
2020-05-24 00:00:00+00:00,-0.006922636298481633,0.970212190164123,-0.033864996038319384,-0.05067777050066413,1.2103209833318744,-0.158875987030768,in_sample
2020-05-25 00:00:00+00:00,0.0053551071318135865,0.9754077803830434,-0.028691239588309325,0.021153963153901056,1.2359240688176703,-0.14108288065255548,in_sample
2020-05-26 00:00:00+00:00,-0.0014997156591393225,0.9739449460607567,-0.030147926546157944,-0.006587489390882051,1.2277824321263981,-0.14674098806390368,in_sample
2020-05-27 00:00:00+00:00,0.0014916615919736867,0.9753977423294925,-0.02870123545829073,0.040768129636021166,1.2778368254841566,-0.11195521405218956,in_sample
2020-05-28 00:00:00+00:00,0.0052646431564460135,0.9805328633784604,-0.023587694064681752,0.040475921246624136,1.3295584481984895,-0.07601078323269084,in_sample
2020-05-29 00:00:00+00:00,-0.001523527869146463,0.9790389942344893,-0.02507528542455173,-0.015395643909509205,1.3090890397731458,-0.09023619219026657,in_sample
2020-05-30 00:00:00+00:00,0.01411951179285561,0.9928625468592487,-0.011309824419957315,0.028946346205687368,1.3469823843324902,-0.06390185404400162,in_sample
2020-05-31 00:00:00+00:00,-0.0061991892711284035,0.9867076040110536,-0.01743890194888309,-0.025638989169675108,1.3124471175688464,-0.08790246426992043,in_sample
2020-06-01 00:00:00+00:00,0.00984690894261382,0.9964236239407351,-0.007763712285819069,0.08321132957106547,1.4216575872134625,-0.012005615623328136,in_sample
2020-06-02 00:00:00+00:00,-0.007454817335183966,0.988995467835795,-0.015160652564069399,-0.07012767188403979,1.321960050405901,-0.08129136163416928,in_sample
2020-06-03 00:00:00+00:00,0.003293285918081712,0.9922525126830651,-0.011917295009585938,0.015627069123164805,1.3426184114916564,-0.06693463823837786,in_sample
2020-06-04 00:00:00+00:00,-0.0005946924531284538,0.9916624276021747,-0.012504900337310443,0.01290824631425802,1.3599492606532486,-0.05489040072145657,in_sample
2020-06-05 00:00:00+00:00,-0.0003556896428332069,0.9913097035474898,-0.012856142116609015,-0.01747386939345108,1.3361856848908733,-0.07140512242174679,in_sample
2020-06-06 00:00:00+00:00,0.0014042131786686453,0.9927017136973534,-0.011469981702127319,0.004856877561142392,1.3426753751613394,-0.06689505079744518,in_sample
2020-06-07 00:00:00+00:00,-0.0021359755652179072,0.9905813270933459,-0.01358145766669594,0.008269867549668852,1.3537791226761255,-0.0591783964575997,in_sample
2020-06-08 00:00:00+00:00,0.0008743514043575763,0.9914474432678204,-0.012718981228922455,0.0035868521088022742,1.3586349281771488,-0.055803808504926944,in_sample
2020-06-09 00:00:00+00:00,-0.001261484877354141,0.9901967473114467,-0.013964421303800822,-0.0007373040034278633,1.3576332012054069,-0.056499968136937584,in_sample
2020-06-10 00:00:00+00:00,0.004841227390440895,0.9949905149264563,-0.00919079885226759,0.011597824729882023,1.3733787931204557,-0.045557420134751725,in_sample
2020-06-11 00:00:00+00:00,-0.013219584684395075,0.9818371535542161,-0.022288884992918034,-0.06140218654748253,1.2890503322649172,-0.10416228147249817,in_sample
2020-06-12 00:00:00+00:00,0.004979538332342404,0.9867262492964571,-0.017420335017783062,0.01949551790627968,1.3141810360996837,-0.08669746118982447,in_sample
2020-06-13 00:00:00+00:00,0.002598538720238375,0.9892902956615295,-0.014867063712608042,0.0010180877077803352,1.3155189876583349,-0.08576763910157725,in_sample
2020-06-14 00:00:00+00:00,-0.004011283951946448,0.985321971374726,-0.018818711650471553,-0.013616671630473198,1.2976059975797387,-0.09821644095388338,in_sample
2020-06-15 00:00:00+00:00,-0.0007981051652683703,0.9845355808199194,-0.01960179750476798,0.008822638204379007,1.3090543058282171,-0.09026033087376217,in_sample
2020-06-16 00:00:00+00:00,0.00267480581348456,0.9871690223150791,-0.01697942269320385,0.010306717993294523,1.3225463593962965,-0.08088390065676498,in_sample
2020-06-17 00:00:00+00:00,-0.000990427146677736,0.9861913033170189,-0.017953032958711312,-0.006373488305641661,1.3141171256410153,-0.086741876367456,in_sample
2020-06-18 00:00:00+00:00,-0.002297242611372069,0.9839257826320744,-0.020209033097767337,-0.008126067167453455,1.3034385216121556,-0.09416307322131656,in_sample
2020-06-19 00:00:00+00:00,-0.0013357616146656703,0.9826114923399546,-0.02151780026175143,-0.00795067787016912,1.293075301803248,-0.10136509082903777,in_sample
2020-06-20 00:00:00+00:00,0.0005476125361235651,0.9831495827112992,-0.02098197114280098,0.005054260234232499,1.2996108408810203,-0.0968231561425218,in_sample
2020-06-21 00:00:00+00:00,0.0001801400176751121,0.983326687294506,-0.02080561081777843,-0.006471000765444712,1.291201058134899,-0.10266761419045556,in_sample
2020-06-22 00:00:00+00:00,0.007932341963623978,0.9911267708400835,-0.0130383060739232,0.04233922382393729,1.3458695087369772,-0.06467525746319747,in_sample
2020-06-23 00:00:00+00:00,0.0028523338848809475,0.9939537953127633,-0.010223161791258373,-0.005711784568787626,1.3381821920453716,-0.07001763089442448,in_sample
2020-06-24 00:00:00+00:00,-0.005445075744859118,0.9885416416103951,-0.01561257164581209,-0.03460047385393594,1.291880454097703,-0.10219546154128345,in_sample
2020-06-25 00:00:00+00:00,-0.00023031184052142988,0.9883139687654837,-0.015839287726222562,-0.00555471909145655,1.2847044210754468,-0.10718251355145636,in_sample
2020-06-26 00:00:00+00:00,-0.0017429404739326805,0.9865913963483693,-0.017554621264498915,-0.009382756103495815,1.2726503528274131,-0.11555960227173923,in_sample
2020-06-27 00:00:00+00:00,-0.00813640991344123,0.9785640843306046,-0.025548199583457,-0.01659281287424985,1.2515335036685997,-0.1302349562896714,in_sample
2020-06-28 00:00:00+00:00,0.0017233491063053167,0.9802504918707983,-0.023868878944071525,0.011767317939609168,1.2662606963183412,-0.12000015448757395,in_sample
2020-06-29 00:00:00+00:00,0.002471087856771426,0.9826727769578545,-0.021456773184213462,0.008281764318630591,1.2767475689711947,-0.11271220316660868,in_sample
2020-06-30 00:00:00+00:00,-0.002016601753142078,0.9806911173130762,-0.023430105170935467,-0.005507384531007076,1.269716029159842,-0.1175988382534402,in_sample
2020-07-01 00:00:00+00:00,0.002259029109575661,0.9829065270945887,-0.021224005350981456,0.010331693086782057,1.2828343454804891,-0.10848214027085479,in_sample
2020-07-02 00:00:00+00:00,-0.0023982700594062326,0.9805492517994628,-0.023571374513813748,-0.015765777962134964,1.262609464027443,-0.12253761289662224,in_sample
2020-07-03 00:00:00+00:00,-0.0007660317223816271,0.9797981199672269,-0.024319349815577596,-0.003323165766550784,1.258413603480064,-0.12545356586288015,in_sample
2020-07-04 00:00:00+00:00,0.0031235244004746312,0.9828585433024837,-0.02127178749765557,0.00879490191575627,1.2694812276921246,-0.1177620157538698,in_sample
2020-07-05 00:00:00+00:00,0.0019242909392302057,0.9847498490919058,-0.019388429666368223,-0.00714881396667244,1.2604059425611707,-0.12406897097757741,in_sample
2020-07-06 00:00:00+00:00,0.008235807363342285,0.9928600591501072,-0.011312301674835767,0.029513242047386035,1.2976046082219423,-0.09821740650122268,in_sample
2020-07-07 00:00:00+00:00,0.0008097003694649496,0.9936639783068281,-0.010511760880216436,-0.008682384684568945,1.28633830584489,-0.10604702987982728,in_sample
2020-07-08 00:00:00+00:00,0.009876074970168881,1.0034774782517426,-0.0007395008485689969,0.01917911197374078,1.3110091322488013,-0.08890180576663431,in_sample
2020-07-09 00:00:00+00:00,0.00043895790982967386,1.0039179626281571,-0.00030086754848612784,-0.021174046849963046,1.2832497634618358,-0.10819344161624833,in_sample
2020-07-10 00:00:00+00:00,-0.001463619972678043,1.0024486082471242,-0.001764047165411231,0.005641881796567327,1.2904897069427606,-0.10316197442844355,in_sample
2020-07-11 00:00:00+00:00,0.005583245076635457,1.0080455245037,0.0,-0.00590952791603272,1.2828635219942295,-0.10846186377671829,in_sample
2020-07-12 00:00:00+00:00,0.00158588525495571,1.0096441690373346,0.0,0.007276763957329235,1.2921986170332496,-0.10197435120046427,in_sample
2020-07-13 00:00:00+00:00,-0.00030232398813632164,1.0093389293855526,-0.00030232398813634376,-0.006396299629382263,1.2839333274980316,-0.10771839232505642,in_sample
2020-07-14 00:00:00+00:00,0.004986108336226652,1.01437160263544,0.0,0.0014034973812924179,1.285735324560929,-0.10646607742530934,in_sample
2020-07-15 00:00:00+00:00,-0.00613133736085773,1.008152148130408,-0.0061313373608576915,-0.006145337723426403,1.277834046768563,-0.11195714514686872,in_sample
2020-07-16 00:00:00+00:00,-0.0044908291924409816,1.003624709033162,-0.010594631764489826,-0.007099909756123957,1.2687615403532035,-0.11826216927589661,in_sample
2020-07-17 00:00:00+00:00,0.0031288671957032557,1.0067649174620532,-0.007498913764564907,0.0021561541830925623,1.271497185855783,-0.11636100656378978,in_sample
2020-07-18 00:00:00+00:00,0.005503989524180969,1.0123061410210774,-0.002036198183186677,0.0021974083475291284,1.2742911843858424,-0.11441929086341085,in_sample
2020-07-19 00:00:00+00:00,0.0008502360066791619,1.013166840151956,-0.0011876934255196092,0.00422054558538143,1.2796693884185926,-0.11068165711096545,in_sample
2020-07-20 00:00:00+00:00,-0.007827328515224458,1.0052364504533546,-0.009005725474127257,-0.005361266639958173,1.2728087396162884,-0.11544952987499923,in_sample
2020-07-21 00:00:00+00:00,0.009793040359765314,1.0150807715837515,0.0,0.02476550381885212,1.304330489317924,-0.09354319182915105,in_sample
2020-07-22 00:00:00+00:00,0.0028216497197650126,1.0179449739584296,0.0,0.013873014621841984,1.3224254852679458,-0.08096790327532866,in_sample
2020-07-23 00:00:00+00:00,0.0011386790539648032,1.0191040865783647,0.0,0.009052084154125062,1.3343961920481509,-0.07264874739543503,in_sample
2020-07-24 00:00:00+00:00,-0.002066432350589509,1.0169981769252412,-0.0020664323505895643,-0.006737529947180465,1.3254056577428228,-0.07889680423141365,in_sample
2020-07-25 00:00:00+00:00,0.007051330794649158,1.0241693674882961,0.0,0.01695965281927103,1.3478840775428387,-0.06327521382045731,in_sample
2020-07-26 00:00:00+00:00,-0.0016263275503459577,1.0225037326297295,-0.001626327550345974,0.024552929498458553,1.3809785802708427,-0.040275876185932424,in_sample
2020-07-27 00:00:00+00:00,0.0020862082998661046,1.0246368884033856,0.0,0.11146122263370373,1.5349041412587872,0.0,in_sample
2020-07-28 00:00:00+00:00,0.0024111953106551284,1.0271074880638282,0.0,-0.01155366152587256,1.517170378336023,-0.01155366152587256,in_sample
2020-07-29 00:00:00+00:00,-0.0003593135266610815,1.026738434450032,-0.00035931352666096483,0.017682331587902445,1.543997488041104,0.0,in_sample
2020-07-30 00:00:00+00:00,0.00045414584382989526,1.027204723442738,0.0,-9.628337186184943e-05,1.5438488267568091,-9.628337186196045e-05,in_sample
2020-07-31 00:00:00+00:00,0.005860525125299044,1.0332246825333,0.0,0.02085320681499936,1.576043025632263,0.0,in_sample
2020-08-01 00:00:00+00:00,0.02464154921710373,1.0586849394002706,0.0,0.041233532680752694,1.6410288472359433,0.0,in_sample
2020-08-02 00:00:00+00:00,-0.014411834501080235,1.0434273472648479,-0.01441183450108019,-0.06194852100763504,1.5393695372188123,-0.06194852100763504,in_sample
2020-08-03 00:00:00+00:00,0.006636626730013573,1.050352185088533,-0.007870853737145023,0.013299072539739276,1.5598417243597502,-0.04947330634250591,in_sample
2020-08-04 00:00:00+00:00,0.008948380158214043,1.0597511357407159,0.0,-0.002406683132820997,1.5560876795918632,-0.051760922903427486,in_sample
2020-08-05 00:00:00+00:00,0.007405506301329834,1.0675991294542853,0.0,0.049325672653247166,1.6328427510951624,-0.0049883925895447545,in_sample
2020-08-06 00:00:00+00:00,-0.0006979748148181696,1.0668539721496044,-0.0006979748148181475,0.0015366943203574124,1.6353519312768072,-0.003459363903747348,in_sample
2020-08-07 00:00:00+00:00,-0.005235572406875217,1.0612683809308527,-0.005929892924012137,-0.014825123018785802,1.6111076377166196,-0.018233201427093393,in_sample
2020-08-08 00:00:00+00:00,0.005228292844963123,1.0668170028134591,-0.0007326032957950535,0.014630831506563524,1.634679482102989,-0.003869136818434815,in_sample
2020-08-09 00:00:00+00:00,-0.005125521924832361,1.0613490088757547,-0.005854370246372698,-0.006776465868642112,1.6236021323863485,-0.0106193836134858,in_sample
2020-08-10 00:00:00+00:00,0.003258614505580077,1.0648075361515603,-0.002614832876598472,0.018047251452380175,1.6529036883281456,0.0,in_sample
2020-08-11 00:00:00+00:00,-0.012619191918681296,1.0513705254964056,-0.015201027717374638,-0.04238502667503863,1.5828453214070874,-0.04238502667503863,in_sample
2020-08-12 00:00:00+00:00,0.004577496350072175,1.0561831702394389,-0.010693114016196104,0.01542399303409936,1.607259116618527,-0.02761477999712525,in_sample
2020-08-13 00:00:00+00:00,0.004432026928720868,1.0608642024916017,-0.006308479256747046,0.019159154798087163,1.6380528428344583,-0.008984701043718069,in_sample
2020-08-14 00:00:00+00:00,0.007201924850546755,1.0685044667545815,0.0,-0.0018753180661578162,1.6349809727449696,-0.010843169937689634,in_sample
2020-08-15 00:00:00+00:00,-0.0006407944220975959,1.0678197750522989,-0.0006407944220976347,0.00774565363884272,1.6476449690659503,-0.0031815037375313437,in_sample
2020-08-16 00:00:00+00:00,0.004936811618766019,1.073091400124525,0.0,0.005244100702923582,1.6562853852063975,0.0,in_sample
2020-08-17 00:00:00+00:00,0.0025746247288331806,1.0758542077795838,0.0,0.03160999326411784,1.7086405550762285,0.0,in_sample
2020-08-18 00:00:00+00:00,-0.006411771982102632,1.0689560759133154,-0.006411771982102743,-0.027424650717267518,1.661781684651905,-0.027424650717267518,in_sample
2020-08-19 00:00:00+00:00,-0.006353481797004524,1.0621644829432026,-0.012724516702532496,-0.01646379545163823,1.6344224509105172,-0.04343693232916401,in_sample
2020-08-20 00:00:00+00:00,0.01567737831629128,1.0788164373764313,0.0,0.007994818031821005,1.6474893609926697,-0.03578938466717507,in_sample
2020-08-21 00:00:00+00:00,-0.010253354509332702,1.0677549499935153,-0.010253354509332846,-0.026934740662780565,1.6031146623096422,-0.06176014753546477,in_sample
2020-08-22 00:00:00+00:00,0.008383634196111678,1.0767066169053483,-0.0019556806867105925,0.011434732153922544,1.6214458490851789,-0.051031626126397,in_sample
2020-08-23 00:00:00+00:00,0.0014595552793820075,1.078278129732398,-0.0004989798313996818,-0.0014112542168395192,1.6191575767932804,-0.052370861745673514,in_sample
2020-08-24 00:00:00+00:00,-0.0026040295347438515,1.0754702616359064,-0.0031017100079253623,0.008520679594988811,1.6329538997189346,-0.04429641748373303,in_sample
2020-08-25 00:00:00+00:00,-0.013444059747525234,1.0610115751817866,-0.016504070180784702,-0.03625620038627442,1.5737491959091767,-0.0789465980813231,in_sample
2020-08-26 00:00:00+00:00,0.00746792559573683,1.0689351306814596,-0.009159395753184807,0.012275793512412925,1.5930682160784837,-0.06763993670546387,in_sample
2020-08-27 00:00:00+00:00,-0.006584581516411204,1.0618966401777319,-0.01568366648161812,-0.011397827706079111,1.5749106990275903,-0.0782668160669241,in_sample
2020-08-28 00:00:00+00:00,0.0031959104004725125,1.0652903666943028,-0.012537879673971686,0.016877905135445737,1.6014918924025765,-0.06270989082830924,in_sample
2020-08-29 00:00:00+00:00,0.0029595047638385445,1.0684430986094058,-0.009615480824756828,-0.005221721459028328,1.593129347821558,-0.06760415870470604,in_sample
2020-08-30 00:00:00+00:00,0.003782230939791198,1.0724841971543726,-0.005869617854042053,0.02158257068754099,1.6275131745853129,-0.04748065955118119,in_sample
2020-08-31 00:00:00+00:00,-0.005535888367626958,1.066547044362882,-0.011373012672468374,-0.004783108277688242,1.6197286028479072,-0.05203666269314,in_sample
2020-09-01 00:00:00+00:00,0.009531817999589088,1.0767131766777487,-0.0019496001597801849,0.023337402031718746,1.6575288604348428,-0.02991366117908012,in_sample
2020-09-02 00:00:00+00:00,-0.010272074921185665,1.065653098258287,-0.012201648642058305,-0.04469505070334234,1.5834455239754543,-0.07327171927930076,in_sample
2020-09-03 00:00:00+00:00,-0.040328067162463836,1.0226773685398391,-0.05203764689859236,-0.11019429742668219,1.4089588569475544,-0.1753918910787554,in_sample
2020-09-04 00:00:00+00:00,0.00995442246664382,1.0328575311133603,-0.042601229153347187,0.030265021082567234,1.451601026457542,-0.150435109277398,in_sample
2020-09-05 00:00:00+00:00,-0.0237972330324143,1.0082783797561716,-0.06538467080813193,-0.02673143185298632,1.4127976525410673,-0.17314519525843897,in_sample
2020-09-06 00:00:00+00:00,0.02510816239646325,1.0335943970559325,-0.04191819734455848,0.008793642458089668,1.4252212899631418,-0.1658741297407882,in_sample
2020-09-07 00:00:00+00:00,-0.002338434227438513,1.0311774045405682,-0.0441586086245741,0.011759453233679107,1.4419811130701072,-0.1560652655784731,in_sample
2020-09-08 00:00:00+00:00,-0.004972243029101891,1.026050139879074,-0.048911284319767545,-0.024062604781303287,1.4072832914441975,-0.17637253355407234,in_sample
2020-09-09 00:00:00+00:00,0.008465727503996268,1.0347364007687276,-0.04085962642069274,0.008912017154670382,1.4198250242790291,-0.1690323514440486,in_sample
2020-09-10 00:00:00+00:00,0.006030523667714883,1.0409764031234097,-0.03507550769716172,0.011411751697035566,1.436027714909339,-0.15954955497045853,in_sample
2020-09-11 00:00:00+00:00,0.0075225248563100654,1.0488071739907376,-0.027816839219351408,0.005021328552589965,1.4432384818765238,-0.1553293771537947,in_sample
2020-09-12 00:00:00+00:00,0.012752391985349632,1.0621819741905143,-0.015419178471520412,0.004858579431083365,1.450250570678717,-0.15122547783959384,in_sample
2020-09-13 00:00:00+00:00,-0.007355661692275995,1.054368922932735,-0.022661421903387047,-0.010591783320623827,1.434889830873477,-0.16021551366638287,in_sample
2020-09-14 00:00:00+00:00,-0.004737021315707824,1.0493743548701828,-0.02729109558049425,0.03257059641431037,1.4816250484538551,-0.13286323208701167,in_sample
2020-09-15 00:00:00+00:00,-0.024967101309193662,1.0231745190408692,-0.05157681734149089,0.010566292514136322,1.49728033211209,-0.12370081134748023,in_sample
2020-09-16 00:00:00+00:00,-0.007817078772527287,1.015176283227484,-0.058990716070023486,0.01590363726456312,1.5210925353973652,-0.10976446691591968,in_sample
2020-09-17 00:00:00+00:00,0.0002108266184708172,1.0153903094104286,-0.058792326264742845,-0.0011727987417075036,1.5193085999858305,-0.11080853402894397,in_sample
2020-09-18 00:00:00+00:00,0.00523527570192896,1.0207061576252592,-0.05386484459996754,-0.0008266782986886545,1.5180526205372111,-0.11154360931724139,in_sample
2020-09-19 00:00:00+00:00,-0.004655502747141627,1.0159542573044105,-0.05826957941509958,0.013494974048830821,1.5385387012561205,-0.09955391338145969,in_sample
2020-09-20 00:00:00+00:00,-0.01638313468600598,0.9993097418721711,-0.07369807573345111,-0.01439983239628162,1.5163840018228396,-0.11252018611065429,in_sample
2020-09-21 00:00:00+00:00,-0.038043163493975164,0.961292837981006,-0.10893753128310724,-0.04577031192162939,1.4469786330664396,-0.15314041401651923,in_sample
2020-09-22 00:00:00+00:00,0.00922232679996108,0.9701581946833289,-0.10071986199742,0.010426578509476592,1.462065669385642,-0.14431056605675963,in_sample
2020-09-23 00:00:00+00:00,-0.017110093446799354,0.9535586973141189,-0.11610662919349479,-0.02712166882694811,1.4224120084973144,-0.16751829150288688,in_sample
2020-09-24 00:00:00+00:00,0.044299083628770164,0.9958004737913783,-0.07695096284122183,0.047569279276727494,1.490075122576094,-0.1279177366186205,in_sample
2020-09-25 00:00:00+00:00,0.017748132637207734,1.013474072680422,-0.0605685660990809,-0.0038611010618261332,1.4843217919381146,-0.13128493437176214,in_sample
2020-09-26 00:00:00+00:00,0.009659631449634781,1.0232638587062752,-0.051494004675396,0.004023958418160278,1.4902946411080427,-0.12778926107044475,in_sample
2020-09-27 00:00:00+00:00,0.008308253666401984,1.0317653944120684,-0.04361357626213602,0.003868922761385285,1.4960604759661962,-0.12441474508987549,in_sample
2020-09-28 00:00:00+00:00,-0.01138817250564968,1.020015472115144,-0.054505069837724296,-0.007109026745913738,1.485424942029048,-0.1306393040853593,in_sample
2020-09-29 00:00:00+00:00,0.0072049684399931755,1.0273646514000383,-0.04769280870573156,0.013611811307165933,1.5056442660509053,-0.11880573033470276,in_sample
2020-09-30 00:00:00+00:00,6.456312242289442e-05,1.0274309812697997,-0.0476313247799558,-0.0059038588241373535,1.4967551548647688,-0.12400817689944543,in_sample
2020-10-01 00:00:00+00:00,-0.009348689016324576,1.0178258485401712,-0.05653472335347687,-0.01488628979857054,1.4744740238719476,-0.13704844503929847,in_sample
2020-10-02 00:00:00+00:00,-0.01904042056406586,0.9984460163229891,-0.07449869900841943,-0.004473914571600068,1.4678773530511011,-0.14090921657562205,in_sample
2020-10-03 00:00:00+00:00,-0.002377402338246959,0.9960723084291694,-0.07669898796544761,-0.0025735555103335583,1.4640996892006626,-0.14312013439518068,in_sample
2020-10-04 00:00:00+00:00,0.003350578746930938,0.9994097271361987,-0.07360539521750464,0.011596172314186193,1.48107764148178,-0.13318360782107053,in_sample
2020-10-05 00:00:00+00:00,-0.003383321953741496,0.996028402265596,-0.07673968642169293,0.011710893645123566,1.4984223842213436,-0.12303241324241332,in_sample
2020-10-06 00:00:00+00:00,-0.03864180742666059,0.9575400645537644,-0.11241613366366421,-0.017742234585071848,1.4718370227729658,-0.13859177789017074,in_sample
2020-10-07 00:00:00+00:00,0.016354062111660954,0.9731997342438804,-0.0979005319842916,0.006145190751063234,1.4808817420323828,-0.1332982600507715,in_sample
2020-10-08 00:00:00+00:00,0.013786357309142145,0.9866166135133287,-0.08546386638984005,0.02445877799929641,1.517102299803964,-0.11209979460174946,in_sample
2020-10-09 00:00:00+00:00,0.018195048514563616,1.0045681506614783,-0.06882383707048167,0.011998772831964821,1.5353056656621633,-0.10144608173972092,in_sample
2020-10-10 00:00:00+00:00,0.0030717282380916086,1.0076539110169527,-0.0659635169561732,0.02210946683715731,1.5692504553620206,-0.08157953368254756,in_sample
2020-10-11 00:00:00+00:00,0.009823453567637187,1.0175525524240756,-0.05678805293451317,0.006622522419628796,1.5796428516846683,-0.07549727355371427,in_sample
2020-10-12 00:00:00+00:00,0.0162794604180934,1.0341177589245931,-0.04143307137638785,0.014140351586996669,1.6019795569893756,-0.062424479958626766,in_sample
2020-10-13 00:00:00+00:00,-0.0075897086384244805,1.026269106436535,-0.04870831507507045,-0.00962675926857448,1.5865576854410612,-0.07145029378617362,in_sample
2020-10-14 00:00:00+00:00,-0.012089616770359246,1.0138619062364582,-0.06020906698264228,-0.00019528239761257282,1.5862478586522977,-0.07163162319910543,in_sample
2020-10-15 00:00:00+00:00,-0.005376287155648857,1.0084110934923576,-0.06526165290481867,0.007433566929692548,1.598039338276671,-0.06473053473474588,in_sample
2020-10-16 00:00:00+00:00,-0.033623010972066714,0.9745052762315102,-0.09669037060521157,-0.01591723178577642,1.5726029757265325,-0.07961743559553214,in_sample
2020-10-17 00:00:00+00:00,0.006934379368144378,0.9812628655131579,-0.09042647894809008,0.00329801783209005,1.5777894483832764,-0.07658199748578154,in_sample
2020-10-18 00:00:00+00:00,0.012927476591573074,0.993948118237259,-0.07866798854637691,0.012755090809025926,1.597914296074928,-0.06480371700902332,in_sample
2020-10-19 00:00:00+00:00,-0.013327461073296182,0.9807013133825759,-0.09094700506460685,0.021206667188355954,1.631800732747305,-0.044971320679846216,in_sample
2020-10-20 00:00:00+00:00,-0.03575165544740311,0.9456396179297064,-0.12344715452296684,0.013199659429544486,1.6533399466764505,-0.03236526736737255,in_sample
2020-10-21 00:00:00+00:00,0.020340013110245834,0.9648739401559645,-0.10561805815414071,0.0752972891664978,1.7778319627318693,0.0,in_sample
2020-10-22 00:00:00+00:00,0.022287480537956067,0.9863785493187716,-0.08568453803175169,0.01350414619488638,1.8018400654665423,0.0,in_sample
2020-10-23 00:00:00+00:00,-0.0009803559016324515,0.9854115472867032,-0.08658089259084611,-0.003319487357032691,1.7958588801498312,-0.003319487357032691,in_sample
2020-10-24 00:00:00+00:00,-0.0008883269635720555,0.9845361796390332,-0.08739230741299964,0.014317080076931221,1.8215703355438044,0.0,in_sample
2020-10-25 00:00:00+00:00,-0.001368366395618148,0.9831889734155449,-0.08864108911191826,-0.006641049265953103,1.8094731972040592,-0.006641049265953214,in_sample
2020-10-26 00:00:00+00:00,-0.016407440044367373,0.9670573592819462,-0.10359415580121434,0.0017990127312974558,1.8127284625227709,-0.004853983866834333,in_sample
2020-10-27 00:00:00+00:00,0.001234459382514408,0.9682511523125414,-0.10248757919630247,0.044617865540911295,1.8936085373257947,0.0,in_sample
2020-10-28 00:00:00+00:00,-0.029927035677531598,0.939274265532473,-0.12934746543472242,-0.027382756955928955,1.8417563149785303,-0.027382756955928955,in_sample
2020-10-29 00:00:00+00:00,-0.013526659373316638,0.926569022484493,-0.14112448570230174,0.01436915790910942,1.8682208022985562,-0.013407066205506024,in_sample
2020-10-30 00:00:00+00:00,-0.009374218584390788,0.917883161934198,-0.14917577251010938,0.007620485399709276,1.8824575516459054,-0.005888749158068807,in_sample
2020-10-31 00:00:00+00:00,0.0037401672898358,0.9213161985123555,-0.1459935475650519,0.017315515694008132,1.9150532749247342,0.0,in_sample
2020-11-01 00:00:00+00:00,0.004749272614543276,0.9256917803032854,-0.1419376381078593,-0.002239596974113578,1.9107643274049464,-0.002239596974113578,in_sample
2020-11-02 00:00:00+00:00,-0.021793476153948863,0.9055177385633392,-0.16063779973035675,-0.01543824339082922,1.8812654826559547,-0.01764326492175916,in_sample
2020-11-03 00:00:00+00:00,-0.016721033549476915,0.8903765460771751,-0.17467280324122825,0.03515443254109507,1.9474003031578742,0.0,in_sample
2020-11-04 00:00:00+00:00,-0.005004675486132894,0.8859205004035949,-0.17880329803088568,0.008401496801994757,1.9637613805770586,0.0,in_sample
2020-11-05 00:00:00+00:00,0.035837968781955144,0.9176700916403531,-0.14937327626187202,0.10360887797140439,2.1672244938222236,0.0,in_sample
2020-11-06 00:00:00+00:00,0.06077570563747058,0.9734421390021978,-0.09767583689259762,-0.0004993989903037122,2.166142184098247,-0.0004993989903038232,in_sample
2020-11-07 00:00:00+00:00,-0.020502866491297962,0.9534837847892322,-0.11617606874066078,-0.04917080154140596,2.0596312366534844,-0.04964564468306765,in_sample
2020-11-08 00:00:00+00:00,0.034502566267519075,0.9863814222589277,-0.08568187498356616,0.043769908137563096,2.149781106679063,-0.008048721852712548,in_sample
2020-11-09 00:00:00+00:00,-0.001763458410723201,0.9846419796436641,-0.08729423697120309,-0.009337435048987985,2.1297076652259057,-0.017311002484173388,in_sample
2020-11-10 00:00:00+00:00,0.02437220884602685,1.0086398796101046,-0.06504958149969309,-0.0022206681314551613,2.124978291284423,-0.01949322862408831,in_sample
2020-11-11 00:00:00+00:00,-0.020331297654793724,0.9881329219912562,-0.08405833675069674,0.025862587514089874,2.1799357283083074,0.0,in_sample
2020-11-12 00:00:00+00:00,-0.011854973566840035,0.9764186323205255,-0.09491680095728472,0.03816257750040797,2.2631276944857817,0.0,in_sample
2020-11-13 00:00:00+00:00,0.036578097089662295,1.012134167853701,-0.06181057982847815,0.0019350458161386808,2.267506950262384,0.0,in_sample
2020-11-14 00:00:00+00:00,-0.00575510495482491,1.0063092294893385,-0.06720995840907162,-0.015687593670307476,2.2319352225820697,-0.015687593670307365,in_sample
2020-11-15 00:00:00+00:00,0.0030363250231052073,1.0093647113838187,-0.06437770466448578,-0.00698682997489497,2.2163410706669096,-0.022564817095512613,in_sample
2020-11-16 00:00:00+00:00,0.020743268540917705,1.030302234647779,-0.04496984013947147,0.047316149989938605,2.321209797195446,0.0,in_sample
2020-11-17 00:00:00+00:00,0.017799110981254307,1.048640698466509,-0.02797115233366898,0.057636677167211214,2.454996616913768,0.0,in_sample
2020-11-18 00:00:00+00:00,-0.024889426584913943,1.022540632788074,-0.052164392976078666,0.006695525356239296,2.471434109011796,0.0,in_sample
2020-11-19 00:00:00+00:00,8.541996810823018e-05,1.0226279781763161,-0.052083428888754835,0.0013132212597930515,2.4746796488259277,0.0,in_sample
2020-11-20 00:00:00+00:00,0.014281404563429433,1.037232542050534,-0.03854584884433632,0.0478691510289877,2.5931404626839383,0.0,in_sample
2020-11-21 00:00:00+00:00,0.06055451147537309,1.1000416519207634,0.0,0.0030903901617578278,2.601154278457873,0.0,in_sample
2020-11-22 00:00:00+00:00,-0.021744251690333397,1.076122069371548,-0.02174425169033356,-0.015318350239477807,2.561308886193539,-0.015318350239477918,in_sample
2020-11-23 00:00:00+00:00,0.042078635128681936,1.1214038172825556,0.0,-0.002881986634264977,2.553927228217305,-0.01815618959309373,in_sample
2020-11-24 00:00:00+00:00,0.03159650198501368,1.1568362552213258,0.0,0.04338847583541994,2.6647382380442326,0.0,in_sample
2020-11-25 00:00:00+00:00,-0.02186610024792398,1.1315407576942234,-0.021866100247924014,-0.02283515227605948,2.603888534602654,-0.02283515227605948,in_sample
2020-11-26 00:00:00+00:00,-0.047275498396773946,1.0780466044179657,-0.06810786785748346,-0.08464187022821335,2.3834905391680836,-0.10554421250868107,in_sample
2020-11-27 00:00:00+00:00,-0.0019221503789708272,1.0759744367287356,-0.06989910467244109,-0.0006551895794546514,2.381928901004092,-0.10613025061992831,in_sample
2020-11-28 00:00:00+00:00,0.01226874034396469,1.0891752877097043,-0.058487938293978026,0.033459907490040575,2.461628021679543,-0.07622145149752524,in_sample
2020-11-29 00:00:00+00:00,0.006502660739081723,1.0962578250910722,-0.05236560477495045,0.026151755246436537,2.5260039152102762,-0.05206302099518023,in_sample
2020-11-30 00:00:00+00:00,0.01348887175295849,1.1110451063019027,-0.039583085949067565,0.08464343996977086,2.7398135759707833,0.0,in_sample
2020-12-01 00:00:00+00:00,-0.0130521270922288,1.0965436043692514,-0.05211856957278649,-0.048037525354969524,2.608199711847197,-0.048037525354969524,in_sample
2020-12-02 00:00:00+00:00,0.031246550643995025,1.130806809636524,-0.022500544452440097,0.023135190995434707,2.66854091033502,-0.02601369168357004,in_sample
2020-12-03 00:00:00+00:00,0.01108444473003744,1.1433411752182898,-0.01166550576378167,0.011833700300046823,2.7001196237063385,-0.014487829614604486,in_sample
2020-12-04 00:00:00+00:00,-0.03256766712079891,1.1061052204182775,-0.04385325457607003,-0.039625816211543485,2.5931251797481694,-0.053539553752535385,in_sample
2020-12-05 00:00:00+00:00,0.024316869769880657,1.1330022370149737,-0.02060275868670125,0.025900922621917788,2.6602895143777734,-0.029025354969574035,in_sample
2020-12-06 00:00:00+00:00,-0.015455683346780286,1.1154909132084765,-0.035740012319149805,0.011876149620684062,2.691883510684861,-0.017493914807302002,in_sample
2020-12-07 00:00:00+00:00,-0.00944077108976913,1.1049598188441576,-0.04484337013386841,-0.010433021488493899,2.663799032173363,-0.027744421906693573,in_sample
2020-12-08 00:00:00+00:00,-0.04441095826188775,1.0558874944484067,-0.08726279135641857,-0.044519133275752076,2.5452090080402177,-0.07102839756592294,in_sample
2020-12-09 00:00:00+00:00,0.01542262715549417,1.0721720535934334,-0.0731859856965621,0.011936032560160514,2.5755887056325997,-0.05994016227180521,in_sample
2020-12-10 00:00:00+00:00,-0.00949868421298562,1.061987829834361,-0.08198949934260003,-0.015345253366332301,2.5360656443772034,-0.07436561866125768,in_sample
2020-12-11 00:00:00+00:00,-0.007579524009602623,1.0539384675802257,-0.08894758197340014,-0.012164235809989266,2.5052163438493866,-0.08562525354969563,in_sample
2020-12-12 00:00:00+00:00,0.025803182261373583,1.081133433951471,-0.0654395303813946,0.04262159435697699,2.611992658633404,-0.04665314401622711,in_sample
2020-12-13 00:00:00+00:00,0.012851882113255348,1.0950280333933142,-0.05342866939814783,0.0199505319148936,2.6641033015309374,-0.027633367139959453,in_sample
2020-12-14 00:00:00+00:00,0.013566547409216503,1.109883783122766,-0.040586964565332506,0.00498720474032166,2.6773897301450393,-0.022783975659229183,in_sample
2020-12-15 00:00:00+00:00,0.021516502543036525,1.133764600364802,-0.01994375154857997,0.008002304015941153,2.6988150167348186,-0.014963995943204966,in_sample
2020-12-16 00:00:00+00:00,0.01637401500796337,1.152328878946673,-0.0038962958277880544,0.09893945454573538,2.9658343024104012,0.0,in_sample
2020-12-17 00:00:00+00:00,-0.004635533687272458,1.1469872196094988,-0.008513768104495223,0.06887168100136809,3.1700962963889254,0.0,in_sample
2020-12-18 00:00:00+00:00,0.01218577117387285,1.1609641434070168,0.0,0.013470663746620204,3.2127995976419865,0.0,in_sample
2020-12-19 00:00:00+00:00,0.0144948567577151,1.1777921523665449,0.0,0.03126271657365498,3.3132404408710205,0.0,in_sample
2020-12-20 00:00:00+00:00,0.0021521545784581307,1.1803269431397327,0.0,-0.015696549040393748,3.261233999808273,-0.015696549040393748,in_sample
2020-12-21 00:00:00+00:00,-0.0057927156422934115,1.1734896447931868,-0.0057927156422934445,-0.03164747863073092,3.1580241664895277,-0.046847271470792484,in_sample
2020-12-22 00:00:00+00:00,-0.0032771687326435595,1.1696439212211895,-0.00905090066835701,0.048257156809693,3.310421433900613,-0.0008508307865716658,in_sample
2020-12-23 00:00:00+00:00,-0.06261384081938405,1.0964080229224857,-0.07109802983402058,-0.0247081146212762,3.228627161667067,-0.025537922983249972,in_sample
2020-12-24 00:00:00+00:00,0.054449225492757984,1.156106590594661,-0.020520036999786107,0.021480514685473517,3.2979797348271753,-0.004605976027454606,in_sample
2020-12-25 00:00:00+00:00,-0.0013638175061800703,1.1545298721873978,-0.021855868920278465,0.04181411306358229,3.435881832340642,0.0,in_sample
2020-12-26 00:00:00+00:00,-0.004765407946123368,1.149028066360439,-0.026517124734979802,0.07193004448038831,3.6830249653702625,0.0,in_sample
2020-12-27 00:00:00+00:00,0.005756453857785232,1.1556423934057432,-0.020913315482172568,-0.007664993136249354,3.6547946042900645,-0.007664993136249354,in_sample
2020-12-28 00:00:00+00:00,0.03128151561265007,1.1917926389777052,0.0,0.030298445504462146,3.7655291994381495,0.0,in_sample
2020-12-29 00:00:00+00:00,0.0056602459784478925,1.1985384784696225,0.0,0.011075296668297652,3.8072335524350644,0.0,in_sample
2020-12-30 00:00:00+00:00,-0.006804603331166859,1.1903828995464965,-0.006804603331166836,0.0548906809990064,4.016215194850491,0.0,in_sample
2020-12-31 00:00:00+00:00,0.011171624434210001,1.2036814102331357,0.0,0.0015459928550152213,4.022424234845934,0.0,in_sample
2021-01-01 00:00:00+00:00,0.0317253633309812,1.2418686403075299,0.0,0.013314598669230904,4.075981199210296,0.0,in_sample
2021-01-02 00:00:00+00:00,0.04463388852728456,1.2972980667645466,0.0,0.09758102011237635,4.473719602588104,0.0,in_sample
2021-01-03 00:00:00+00:00,0.028345512998193656,1.3340706459785525,0.0,0.026541067971929122,4.592456898647747,0.0,in_sample
2021-01-04 00:00:00+00:00,0.019926513712511966,1.3606540229991038,0.0,-0.030962775752672922,4.450261685541101,-0.030962775752672922,in_sample
2021-01-05 00:00:00+00:00,0.012754178208344057,1.3780080468883344,0.0,0.06145439412420495,4.723749821120192,0.0,in_sample
2021-01-06 00:00:00+00:00,0.022745074505231,1.4093509425836173,0.0,0.08306470208991201,5.116126692758816,0.0,in_sample
2021-01-07 00:00:00+00:00,0.006067574346919107,1.417902284208644,0.0,0.07264999044093368,5.487813248082349,0.0,in_sample
2021-01-08 00:00:00+00:00,0.047311696890528464,1.4849856472995113,0.0,0.02881876263958616,5.645965235489211,0.0,in_sample
2021-01-09 00:00:00+00:00,0.03458038952252847,1.5363370294184926,0.0,-0.012333271731365558,5.576332012054079,-0.012333271731365447,in_sample
2021-01-10 00:00:00+00:00,0.00025543286282258583,1.5367294603841772,0.0,-0.04769703239283207,5.310357523441949,-0.059442043662917055,in_sample
2021-01-11 00:00:00+00:00,-0.045121517397362684,1.4673898953024127,-0.04512151739736281,-0.07360248780338485,4.9195019985912,-0.12866944917259382,in_sample
2021-01-12 00:00:00+00:00,0.017860939291652254,1.493598857139593,-0.028066490788692056,-0.03817053890510902,4.7317219561602135,-0.1619286058621613,in_sample
2021-01-13 00:00:00+00:00,0.0521221468886049,1.5714484361640753,0.0,0.09878086378971651,5.199125538202487,-0.07914318963177369,in_sample
2021-01-14 00:00:00+00:00,0.017608671046097875,1.5991195547423933,0.0,0.04655772803931035,5.441185011052351,-0.036270188691503,in_sample
2021-01-15 00:00:00+00:00,-0.00625361724696092,1.5891192731149038,-0.006253617246960941,-0.061487907942408326,5.106617927995152,-0.0955279186105944,in_sample
2021-01-16 00:00:00+00:00,0.032736388986048415,1.6411412997848196,0.0,-0.019849686738543815,5.005253161831017,-0.11348140608993273,in_sample
2021-01-17 00:00:00+00:00,0.020547169873295735,1.6748621088575797,0.0,-0.004325527970896359,4.983602799278099,-0.11731606706461051,in_sample
2021-01-18 00:00:00+00:00,0.004559675300089433,1.6824989362463931,0.0,0.022777637920224247,5.097117499378272,-0.0972106120422086,in_sample
2021-01-19 00:00:00+00:00,0.005477579525405055,1.691714957971092,0.0,-0.02169250788974586,4.986548237808047,-0.11679437796326186,in_sample
2021-01-20 00:00:00+00:00,0.017453143953319424,1.7212407026605452,0.0,-0.010894922770396942,4.9322201798662695,-0.12641683500573253,in_sample
2021-01-21 00:00:00+00:00,-0.07152229508107566,1.5981336172192997,-0.07152229508107566,-0.1301416901408451,4.2903327095116905,-0.2401064245766752,in_sample
2021-01-22 00:00:00+00:00,0.040947997494663116,1.6635739885733325,-0.03350299234620491,0.06821152999824798,4.582982867829012,-0.1882729211612112,in_sample
2021-01-23 00:00:00+00:00,0.03360575253066637,1.7194796443497815,-0.0010231330853619491,-0.027279777022852447,4.457960117095084,-0.21041665487534456,in_sample
2021-01-24 00:00:00+00:00,0.013514160200792047,1.7427169677255252,0.0,0.005895006245621337,4.48423981982809,-0.20576205612439613,in_sample
2021-01-25 00:00:00+00:00,0.006698101784256517,1.7543898633565016,0.0,-0.0006800796762139738,4.481190179463356,-0.20630220120810383,in_sample
2021-01-26 00:00:00+00:00,0.0008676773267717932,1.7559121076632542,0.0,0.0068351890388942405,4.511819961459224,-0.20087712671360702,in_sample
2021-01-27 00:00:00+00:00,-0.02709434810671064,1.708336813773438,-0.02709434810671063,-0.06445436276372518,4.221013480938715,-0.2523840822811986,in_sample
2021-01-28 00:00:00+00:00,0.22719054936548075,2.0964547929959,0.0,0.0993616413394669,4.6404203085208025,-0.17809973760514664,in_sample
2021-01-29 00:00:00+00:00,0.021611917302888296,2.1417632006113716,0.0,0.026036123024872904,4.761238862560568,-0.15670064125925898,in_sample
2021-01-30 00:00:00+00:00,-0.011887421539799537,2.1163031586072742,-0.011887421539799381,0.0005982021835839735,4.764087046044717,-0.15619617774144523,in_sample
2021-01-31 00:00:00+00:00,0.015498545524383244,2.149102779454345,0.0,-0.03393540654158589,4.602415815337687,-0.18483100349113335,in_sample
2021-02-01 00:00:00+00:00,0.010444909442273463,2.171549963367884,0.0,0.01267515963945165,4.660752170524229,-0.1744986063272519,in_sample
2021-02-02 00:00:00+00:00,0.004066437870625193,2.1803804363768777,0.0,0.05836656373365723,4.932784259131912,-0.12631692662122862,in_sample
2021-02-03 00:00:00+00:00,0.0318701926372775,2.24986958090676,0.0,0.060512797691306464,5.231280835059622,-0.07344791955554031,in_sample
2021-02-04 00:00:00+00:00,0.03027993426378426,2.3179954839187045,0.0,-0.017942495732688246,5.137418601000071,-0.0900725763050284,in_sample
2021-02-05 00:00:00+00:00,0.04556489541636877,2.4236147057190753,0.0,0.03747525822181563,5.329944689666108,-0.05597281113894792,in_sample
2021-02-06 00:00:00+00:00,0.015758293247126846,2.4618067369698453,0.0,0.02311858018150459,5.453165443337138,-0.034148242879743274,in_sample
2021-02-07 00:00:00+00:00,0.06498513964868544,2.621787591559905,0.0,-0.010198590862466217,5.397550840075203,-0.04399856978440697,in_sample
2021-02-08 00:00:00+00:00,0.059991719438253176,2.77907313717946,0.0,0.19568125510788503,6.453750362969738,0.0,in_sample
2021-02-09 00:00:00+00:00,0.021960732644672333,2.8401036193450486,0.0,0.0008873805954277003,6.459477295809572,0.0,in_sample
2021-02-10 00:00:00+00:00,0.08083322577893834,3.069678356443147,0.0,-0.03532910871292472,6.231269720197247,-0.03532910871292472,in_sample
2021-02-11 00:00:00+00:00,0.01183770457981831,3.1060163019817835,0.0,0.07157658862876248,6.677282749594669,0.0,in_sample
2021-02-12 00:00:00+00:00,0.02260052594933684,3.1762139040137862,0.0,-0.014548001350805584,6.580141631133855,-0.014548001350805584,in_sample
2021-02-13 00:00:00+00:00,0.003204504411768552,3.186392095481919,0.0,-0.002943559293368314,6.560772594083851,-0.017448737739597875,in_sample
2021-02-14 00:00:00+00:00,-0.026771277269859527,3.1010883092032837,-0.026771277269859506,0.030358763634114938,6.759949538524821,0.0,in_sample
2021-02-15 00:00:00+00:00,-0.017546182922160595,3.0466760464722293,-0.04384772646398327,-0.013844971586804311,6.666358229235714,-0.013844971586804311,in_sample
2021-02-16 00:00:00+00:00,-0.016102497002575374,2.9976169545660922,-0.05924416558260259,0.02535056161135163,6.835354154249295,0.0,in_sample
2021-02-17 00:00:00+00:00,0.021539439353183813,3.062183943163044,-0.038980812341015136,0.060910680406537354,7.251700226604271,0.0,in_sample
2021-02-18 00:00:00+00:00,0.03783179226823811,3.1780318499879225,-0.002623734067709549,-0.011014928358516696,7.171823268130786,-0.011014928358516696,in_sample
2021-02-19 00:00:00+00:00,0.053906779052781614,3.3493493107479244,0.0,0.08493656491610757,7.780973300711227,0.0,in_sample
2021-02-20 00:00:00+00:00,-0.0323318391858541,3.241058687455571,-0.03233183918585425,-0.0015479223842539414,7.768928957967773,-0.0015479223842539414,in_sample
2021-02-21 00:00:00+00:00,0.01958432923344768,3.3045326478556265,-0.013380707335745257,0.028077480698766255,7.9870609108352,0.0,in_sample
2021-02-22 00:00:00+00:00,-0.01668204857463447,3.2494062737076335,-0.029839538300641788,-0.058557670781247295,7.519357227508743,-0.058557670781247295,in_sample
2021-02-23 00:00:00+00:00,-0.03703094371713439,3.129077692871863,-0.0657654957544197,-0.0959163801179207,6.79812770143258,-0.14885741108969386,in_sample
2021-02-24 00:00:00+00:00,0.03302211021841757,3.2324064413278695,-0.03491510098537354,0.015778254649499335,6.905390291445598,-0.135427866578833,in_sample
2021-02-25 00:00:00+00:00,-0.020903122378369395,3.1648390539081634,-0.055088388734992555,-0.05256646458907199,6.542398337216602,-0.18087536701501516,in_sample
2021-02-26 00:00:00+00:00,0.007889611486528864,3.189808404460892,-0.04763340323300169,-0.016484399770054337,6.434550827570985,-0.19437814492663863,in_sample
2021-02-27 00:00:00+00:00,-0.0009426225228661278,3.1868016192152195,-0.048531125437139666,-0.0045451473480631055,6.405304845941074,-0.19803981496476697,in_sample
2021-02-28 00:00:00+00:00,-0.01888956822712136,3.1266043126027525,-0.06650396165917727,-0.02037345808688129,6.274806636128596,-0.2143785171819298,in_sample
2021-03-01 00:00:00+00:00,0.060435755919808154,3.315563007697032,-0.010087422933903523,0.09807374827736459,6.890200442649409,-0.13732967363474047,in_sample
2021-03-02 00:00:00+00:00,-0.005238597018629626,3.2981941092098315,-0.01527317600882594,-0.023030204042127078,6.731517720564039,-0.15719714727202072,in_sample
2021-03-03 00:00:00+00:00,0.03489216726838433,3.413275249751981,0.0,0.03969365066293329,6.998716233395453,-0.12374322525811265,in_sample
2021-03-04 00:00:00+00:00,0.0029879070292929914,3.423473798863627,0.0,-0.03946460209930769,6.722514682038536,-0.15832435021012392,in_sample
2021-03-05 00:00:00+00:00,-0.01365429225909129,3.3767286870726014,-0.013654292259091205,0.007952751397776625,6.775977170072692,-0.15163071300978292,in_sample
2021-03-06 00:00:00+00:00,-0.0068770050119538375,3.3535069069675947,-0.020437396634744642,0.0028221937943313513,6.795100290792602,-0.1492364504727378,in_sample
2021-03-07 00:00:00+00:00,0.03269690688141657,3.4631562100309012,0.0,0.0426729990731618,7.0850675992036365,-0.11293181831228116,in_sample
2021-03-08 00:00:00+00:00,0.02537810671744153,3.5510445579082357,0.0,0.028123392620531318,7.2843237370390455,-0.08798445155749657,in_sample
2021-03-09 00:00:00+00:00,0.04032704418551883,3.6942476886997473,0.0,0.04746093939987528,7.630044584491729,-0.04469933688112293,in_sample
2021-03-10 00:00:00+00:00,-0.013255372778345426,3.645279058450491,-0.013255372778345431,0.018758952018818054,7.7731762247536516,-0.02677889757813079,in_sample
2021-03-11 00:00:00+00:00,0.027228459880047292,3.7445343930450865,0.0,0.03389827479026031,8.036673488413468,0.0,in_sample
2021-03-12 00:00:00+00:00,-0.007442990965265096,3.7166638573885273,-0.007442990965265128,-0.00956858143174144,7.959773923699267,-0.00956858143174144,in_sample
2021-03-13 00:00:00+00:00,0.018058737525723442,3.78378211446045,0.0,0.06940667675201517,8.51223537944058,0.0,in_sample
2021-03-14 00:00:00+00:00,-0.03302450215626026,3.6588245938626316,-0.033024502156260294,-0.036402550719868865,8.202368299301034,-0.036402550719868754,in_sample
2021-03-15 00:00:00+00:00,-1.2245470100658191e-05,3.6587797898354637,-0.033036343225807285,-0.05743013886856274,7.731305148821079,-0.09174208604541945,in_sample
2021-03-16 00:00:00+00:00,0.004365388371822309,3.6747517845850695,-0.028815171322550626,0.023497927367003957,7.9129747956602206,-0.07039990755280823,in_sample
2021-03-17 00:00:00+00:00,0.007030263780967022,3.7005862589602816,-0.021987485796874928,0.0352003952650366,8.191514636189732,-0.037677616860252616,in_sample
2021-03-18 00:00:00+00:00,-0.0038950368877237245,3.6861723389754277,-0.025796880616351547,-0.021353652538204426,8.01659587888692,-0.058226714659555645,in_sample
2021-03-19 00:00:00+00:00,0.015200518243482902,3.742204068862646,-0.01098848832730237,0.006743499697833721,8.070655790773849,-0.051875866794434455,in_sample
2021-03-20 00:00:00+00:00,-0.0022125607226864586,3.733924215123603,-0.013176736352314089,0.0009726435815593515,8.07850566232772,-0.050953679941750596,in_sample
2021-03-21 00:00:00+00:00,-0.0030611829124233382,3.722493990119983,-0.016197582864574178,-0.012562083362785303,7.9770228007508255,-0.062875678929467,in_sample
2021-03-22 00:00:00+00:00,-0.02605938952970575,3.6254880692094575,-0.04183487327297242,-0.05722563266369629,7.520532624205129,-0.11650321108726513,in_sample
2021-03-23 00:00:00+00:00,-0.004128810225363438,3.6105191169973723,-0.04579095524578958,0.00499616106245826,7.558106416471129,-0.11208911883169237,in_sample
2021-03-24 00:00:00+00:00,-0.016695137397527166,3.550241004262703,-0.06172160635392432,-0.03839080882352941,7.267944597968495,-0.14617673572295642,in_sample
2021-03-25 00:00:00+00:00,0.0016781171422442839,3.5561987245510545,-0.06014706529734937,-0.01885492187765836,7.13090807036265,-0.16227550666822743,in_sample
2021-03-26 00:00:00+00:00,0.05206563165496529,3.7413544574353867,-0.011213028589283192,0.07218265643725563,7.64563595769129,-0.10180632737698603,in_sample
2021-03-27 00:00:00+00:00,0.0029895525159354024,3.7525394330666186,-0.008256998011178185,0.014501181173905087,7.756506709903495,-0.08878145820102445,in_sample
2021-03-28 00:00:00+00:00,0.013894405418969653,3.8046787373003164,0.0,-0.0004105466790856882,7.753322301832438,-0.08915555594728142,in_sample
2021-03-29 00:00:00+00:00,0.010484205717534612,3.8445677718713025,0.0,0.03355536807760151,8.013487885494701,-0.058591835365654155,in_sample
2021-03-30 00:00:00+00:00,0.011902624790744783,3.8903282195424764,0.0,0.019357934894701057,8.168612462261583,-0.040368117405322534,in_sample
2021-03-31 00:00:00+00:00,-0.0018910841742684641,3.88297128141379,-0.0018910841742684203,0.00022247107535844357,8.170429742260248,-0.04015462706845352,in_sample
2021-04-01 00:00:00+00:00,0.024607401008862537,3.9785211128414364,0.0,-0.0002249722993290515,8.168591621894626,-0.040370565689002214,in_sample
2021-04-02 00:00:00+00:00,0.016332771705019875,4.043501389901078,0.0,0.004036975875603588,8.201568029209872,-0.03649656481316965,in_sample
2021-04-03 00:00:00+00:00,-0.02467185414995059,3.943740713354316,-0.024671854149950545,-0.03213054891501732,7.938047146467502,-0.06745445906722725,in_sample
2021-04-04 00:00:00+00:00,0.03231023651517421,4.071163908557316,0.0,0.019252065077846714,8.09087094672231,-0.04950103162513375,in_sample
2021-04-05 00:00:00+00:00,0.02601956166027916,4.177093808905126,0.0,0.017322688346328663,8.231026582582746,-0.03303583422246892,in_sample
2021-04-06 00:00:00+00:00,0.036560955571413006,4.329812350070131,0.0,-0.01997522424020637,8.066609980868556,-0.0523511602661193,in_sample
2021-04-07 00:00:00+00:00,-0.010588907345172576,4.283964368273254,-0.010588907345172704,-0.035167246842446875,7.782929516489606,-0.08567736093299905,in_sample
2021-04-08 00:00:00+00:00,0.031663391236825704,4.4196092081105105,0.0,0.037560663341793754,8.075261511871382,-0.051334796101223046,in_sample
2021-04-09 00:00:00+00:00,0.019010600922894146,4.503628635001047,0.0,0.0009251188787220421,8.082732088746631,-0.05045716801150957,in_sample
2021-04-10 00:00:00+00:00,0.01292111176006153,4.561820523919709,0.0,0.028472207539772088,8.312865314265801,-0.02342158743123035,in_sample
2021-04-11 00:00:00+00:00,0.021348574151951197,4.659208887642502,0.0,0.004308198747736025,8.34867879020282,-0.01921429353713544,in_sample
2021-04-12 00:00:00+00:00,0.007134974132135241,4.6924522225320455,0.0,-0.0029791879541088973,8.323806506918324,-0.022136238499391725,in_sample
2021-04-13 00:00:00+00:00,0.0188678817987656,4.780988856413135,0.0,0.062401207921459756,8.843222087454533,0.0,in_sample
2021-04-14 00:00:00+00:00,0.03486058011871187,4.947656901488793,0.0,-0.009907507826822815,8.755607795408745,-0.009907507826822926,in_sample
2021-04-15 00:00:00+00:00,0.0350853892606562,5.121247369805699,0.0,0.003387068364987922,8.785263637588816,-0.00655399686817093,in_sample
2021-04-16 00:00:00+00:00,0.041528259358275144,5.333923858816875,0.0,-0.02859097094771612,8.534084420158488,-0.034957582681837795,in_sample
2021-04-17 00:00:00+00:00,-0.01935748883284742,5.230672487284569,-0.01935748883284738,-0.021726286848590348,8.34867045405604,-0.05592437106154913,in_sample
2021-04-18 00:00:00+00:00,0.01922153024471433,5.331214016699104,-0.0005080391451953714,-0.0657360758354032,7.799861619963421,-0.1179841981998031,in_sample
2021-04-19 00:00:00+00:00,-0.020004636840453074,5.224565016376306,-0.02050251284704807,-0.009007117022517885,7.729607353592964,-0.12592861774232744,in_sample
2021-04-20 00:00:00+00:00,0.011990936547138415,5.287212443974074,-0.008757420630515433,0.013951262878949544,7.837445137734001,-0.11373421811348394,in_sample
2021-04-21 00:00:00+00:00,-0.032530762405641254,5.115215392171003,-0.04100329746633913,-0.0462778600318805,7.474744948642404,-0.1547487019186733,in_sample
2021-04-22 00:00:00+00:00,-0.011677200453570721,5.055483996673432,-0.05220169419613796,-0.03876189591078061,7.185009662983494,-0.18751224475335393,in_sample
2021-04-23 00:00:00+00:00,-0.00042358711600789525,5.053342558787257,-0.05260316934705067,-0.011447248659518072,7.102761070750281,-0.19681299412047593,in_sample
2021-04-24 00:00:00+00:00,-0.016782036029295542,4.968537181897317,-0.06850241709310878,-0.02015194056955616,6.959626651772765,-0.21299877092919983,in_sample
2021-04-25 00:00:00+00:00,0.009759282781208606,5.017026541264402,-0.059411668771508275,-0.02053125823478208,6.816736759767546,-0.22915689639434333,in_sample
2021-04-26 00:00:00+00:00,0.04360609893298504,5.235799496972189,-0.018396280944747323,0.10028526041732477,7.500354980917185,-0.1518526950083512,in_sample
2021-04-27 00:00:00+00:00,0.01611195859826264,5.320158481696208,-0.002580722463428553,0.01892993763190165,7.64233623292307,-0.13579731942219386,in_sample
2021-04-28 00:00:00+00:00,0.01073964562453103,5.377295098455969,0.0,-0.0026266106124304134,7.622262791469913,-0.13806724335429033,in_sample
2021-04-29 00:00:00+00:00,-0.0053868104788776915,5.348328628871589,-0.005386810478877568,-0.023750053999351373,7.441233638575255,-0.15853819286843573,in_sample
2021-04-30 00:00:00+00:00,0.028208266768289473,5.499195709599278,0.0,0.07702487733108287,8.014393746778442,-0.09372470039533576,in_sample
2021-05-01 00:00:00+00:00,0.013786814083462896,5.5750120984561,0.0,0.0026381592451028,8.0355369937354,-0.09133380183507533,in_sample
2021-05-02 00:00:00+00:00,-0.01632081249280722,5.484023371352066,-0.016320812492807257,-0.02085211477766391,7.867979054041865,-0.11028141369379374,in_sample
2021-05-03 00:00:00+00:00,0.03688222990986767,5.686286382165361,0.0,0.010321324279763067,7.9491870172850145,-0.10109833964679515,in_sample
2021-05-04 00:00:00+00:00,-0.021876505491039602,5.5618903069022965,-0.02187650549103959,-0.0690644366154719,7.400180894385201,-0.16318047639180155,in_sample
2021-05-05 00:00:00+00:00,0.06247554071157159,5.909372411204466,0.0,0.07950030152082133,7.9884975067974455,-0.09665307194643968,in_sample
2021-05-06 00:00:00+00:00,0.012954106765152434,5.985923052334255,0.0,-0.01847758617421158,7.840889355713121,-0.11334474265475869,in_sample
2021-05-07 00:00:00+00:00,0.014710230870876145,6.073977362409392,0.0,0.016222633508961914,7.968089230115176,-0.09896085936605248,in_sample
2021-05-08 00:00:00+00:00,-0.00015479433671777224,6.073037145112339,-0.0001547943367177229,0.027446832550782174,8.186788040963838,-0.07423018895137179,in_sample
2021-05-09 00:00:00+00:00,-0.004508201829793779,6.045658667942338,-0.004662298322399394,-0.010733138984518997,8.098918107083376,-0.08416660500102857,in_sample
2021-05-10 00:00:00+00:00,-0.03692601847245801,5.822416564291723,-0.0414161566808805,-0.04156381615277294,7.762296163844199,-0.12223213585733572,in_sample
2021-05-11 00:00:00+00:00,0.025767465697977013,5.972445483391443,-0.0167158803795201,0.01504859434465966,7.879107809996998,-0.10902296334107442,in_sample
2021-05-12 00:00:00+00:00,-0.03397927516456713,5.769506114905909,-0.05012716204505363,-0.12545611098346454,6.890625586135332,-0.22080147733587496,in_sample
2021-05-13 00:00:00+00:00,0.020922584842599158,5.890219096094922,-0.030253367003260756,0.0022610803826779158,6.906205844472521,-0.21903964684206756,in_sample
2021-05-14 00:00:00+00:00,0.022864965406414264,6.024898751963334,-0.00808014378680355,0.003326835372244652,6.929181654363915,-0.21644152031486108,in_sample
2021-05-15 00:00:00+00:00,-0.018769930201961604,5.911811822915096,-0.0266984102538651,-0.0617537209811988,6.501278903852284,-0.26482917204178946,in_sample
2021-05-16 00:00:00+00:00,0.005288355209301137,5.943075583765217,-0.021551245721510126,-0.007781651305173165,6.450688218384827,-0.2705500150746958,in_sample
2021-05-17 00:00:00+00:00,-0.02596997343982648,5.7887340687039535,-0.04696153388235369,-0.0616658281153617,6.052901187484119,-0.3155321524638528,in_sample
2021-05-18 00:00:00+00:00,-0.026364139478723743,5.636119076311402,-0.07208757293166823,-0.01569221813801447,5.957917741682271,-0.3262729712358472,in_sample
2021-05-19 00:00:00+00:00,0.146919462897549,6.464174663829704,0.0,-0.14442687966404966,5.097434272956019,-0.42357726374558524,in_sample
2021-05-20 00:00:00+00:00,0.07852970531116304,6.971804395260137,0.0,0.10387706007826858,5.626940759172897,-0.36370016454120546,in_sample
2021-05-21 00:00:00+00:00,0.06806594500416521,7.4463468498077106,0.0,-0.08121618852206047,5.169942077673445,-0.41537801193438295,in_sample
2021-05-22 00:00:00+00:00,0.04943156199185921,7.814431405726866,0.0,0.005954150141544323,5.200724689027001,-0.4118970848413921,in_sample
2021-05-23 00:00:00+00:00,0.06183051676507229,8.297601737768169,0.0,-0.07429303563900758,4.814347064356451,-0.45558903567667475,in_sample
2021-05-24 00:00:00+00:00,-0.12492631118420819,7.261012960993116,-0.12492631118420816,0.11913042976370525,5.387882299164868,-0.3907331235287639,in_sample
2021-05-25 00:00:00+00:00,-4.0291680815741264e-05,7.260720402576493,-0.12496156937396807,-0.011676739816697923,5.3249693993945275,-0.39784737432425077,in_sample
2021-05-26 00:00:00+00:00,-0.058795611711746035,6.833821905039053,-0.17640998917391193,0.02341335732348404,5.44964481067917,-0.3837489597360303,in_sample
2021-05-27 00:00:00+00:00,0.02059427961830762,6.974559544213143,-0.1594487462001145,-0.017765053206948767,5.352831580658482,-0.39469669225515724,in_sample
2021-05-28 00:00:00+00:00,0.043438803827752545,7.277526068039196,-0.12293620517912984,-0.074139222547705,4.95597680883966,-0.4395734088969141,in_sample
2021-05-29 00:00:00+00:00,0.0250749077107594,7.460009362557925,-0.10094391146754811,-0.02968939185595898,4.808836871332974,-0.4562121335666729,in_sample
2021-05-30 00:00:00+00:00,-0.02719349355531969,7.257145646034583,-0.12539238741692615,0.03004367856872503,4.953312020584735,-0.43987474569797724,in_sample
2021-05-31 00:00:00+00:00,-0.029800060778497853,7.040882264704341,-0.15145574742923862,0.04464205323656789,5.17443803950501,-0.4148696042762803,in_sample
2021-06-01 00:00:00+00:00,0.003981305756780339,7.068914169797621,-0.14807743331159584,-0.014766919651223787,5.098027528735404,-0.4235101778154212,in_sample
2021-06-02 00:00:00+00:00,-0.026457396037455658,6.881889108052503,-0.17061708605171666,0.02388930328361405,5.219815854517577,-0.40973823761333705,in_sample
2021-06-03 00:00:00+00:00,-0.028488670054493234,6.6858332399015845,-0.19424510223602354,0.044647603047006434,5.4528681207685485,-0.3833844647524709,in_sample
2021-06-04 00:00:00+00:00,0.037639840420921895,6.937486936132376,-0.16391661646581113,-0.06164408342973049,5.116731063400574,-0.4213951642513375,in_sample
2021-06-05 00:00:00+00:00,0.00311920709021577,6.959126394571839,-0.16130869924787972,-0.03609777661199898,4.932028448490264,-0.4422815123588151,in_sample
2021-06-06 00:00:00+00:00,0.0036213039761712204,6.9843275066551795,-0.15827154310568592,0.008538078381638448,4.974138493963945,-0.43751966819644583,in_sample
2021-06-07 00:00:00+00:00,0.05566423309798771,7.373104741018321,-0.11141737407591124,-0.06286710886156,4.661428787771438,-0.4728811804484262,in_sample
2021-06-08 00:00:00+00:00,-0.0009194029044311052,7.366325887104754,-0.11223433952301287,-0.005316688404743086,4.636645423385958,-0.4756837069642579,in_sample
2021-06-09 00:00:00+00:00,-0.02707788254852631,7.166861379919562,-0.13627315380802363,0.11973512386516094,5.191814737473908,-0.41290463067310124,in_sample
2021-06-10 00:00:00+00:00,0.03084899956042816,7.387951883478351,-0.10962804470951737,-0.0186999995985917,5.094727803967183,-0.42388331384384925,in_sample
2021-06-11 00:00:00+00:00,0.019340822552150735,7.530840949880534,-0.09240751871683262,0.017201141215926086,5.182362936379928,-0.41397344936842595,in_sample
2021-06-12 00:00:00+00:00,0.009990289975762701,7.606076234731188,-0.08334040664899178,-0.0472748028038289,4.937367750504695,-0.44167773898734175,in_sample
2021-06-13 00:00:00+00:00,-0.0382422394036886,7.315202846439891,-0.11839552226960903,0.0972674996939813,5.4176131666659835,-0.38737112863515,in_sample
2021-06-14 00:00:00+00:00,-0.014771849766947166,7.207143768977537,-0.13141845116851025,0.03835111614326947,5.6253846784400965,-0.3638761276367165,in_sample
2021-06-15 00:00:00+00:00,-0.001732960775372656,7.194654071523427,-0.13292366892284768,-0.008798417351830401,5.575890196274588,-0.36947301095323126,in_sample
2021-06-16 00:00:00+00:00,0.009497124729662952,7.262982598627462,-0.12468893685646942,-0.0445492795679151,5.327488305080754,-0.3975625340633915,in_sample
2021-06-17 00:00:00+00:00,0.0008997967272759307,7.2695178065999695,-0.12390133482650445,-0.0074132278627419,5.287994420339098,-0.4020285402714324,in_sample
2021-06-18 00:00:00+00:00,0.02174675195616732,7.427606207181041,-0.10484903446584704,-0.05909768892908185,4.975486171027177,-0.43736727158694033,in_sample
2021-06-19 00:00:00+00:00,0.012387643072568323,7.519616741759192,-0.09376022380874516,-0.009170540897440294,4.929858271611124,-0.44252691803309063,in_sample
2021-06-20 00:00:00+00:00,-0.012962885657160113,7.4221408097501005,-0.10550770640548279,0.0029772003494630273,4.944535447380168,-0.4408672089786426,in_sample
2021-06-21 00:00:00+00:00,0.09156826987630666,8.101773402477248,-0.02360059466334352,-0.1119076199596275,4.3912042536578415,-0.5034384288632264,in_sample
2021-06-22 00:00:00+00:00,0.011459027357706262,8.194611845542171,-0.012412007165542582,0.02815921027652979,4.514857097603785,-0.48945564716634204,in_sample
2021-06-23 00:00:00+00:00,-0.04806305332731734,7.800753779413212,-0.0598785015305634,0.03548129000492373,4.675050051614653,-0.47134087492307486,in_sample
2021-06-24 00:00:00+00:00,-0.013036948623967202,7.699055753162783,-0.07213481720639658,0.02958899224345446,4.81338007132964,-0.45569838417174235,in_sample
2021-06-25 00:00:00+00:00,0.04726425922434598,8.062945920062962,-0.028279956681594443,-0.0888036360025678,4.385934419533269,-0.5040343467393644,in_sample
2021-06-26 00:00:00+00:00,-0.009887314154211159,7.983225040742884,-0.0378876580198273,0.021778018105002905,4.48145137872922,-0.49323319776319463,in_sample
2021-06-27 00:00:00+00:00,-0.024572342845424734,7.78705849802957,-0.06152901234277863,0.07540250425042982,4.819364035361945,-0.4550217118035572,in_sample
2021-06-28 00:00:00+00:00,-0.010028359767094003,7.708967073883922,-0.0709403370379853,-0.005779856900325786,4.791508800886976,-0.4581716083231172,in_sample
2021-06-29 00:00:00+00:00,-0.031637771583937095,7.465072534452291,-0.10033371444262718,0.04129181766463064,4.989358908631674,-0.4357985291684753,in_sample
2021-06-30 00:00:00+00:00,-0.0010068633902357402,7.457556226211897,-0.10123955548898411,-0.024501228862479407,4.867113484134239,-0.449622158529866,in_sample
2021-07-01 00:00:00+00:00,0.020436862647889815,7.609965278495905,-0.08287171173115604,-0.04400139417819282,4.652953705208851,-0.47383955087933616,in_sample
2021-07-02 00:00:00+00:00,0.008034555706969749,7.671107968454085,-0.07550299340862232,0.008091380222610134,4.690602522795899,-0.4695821866274016,in_sample
2021-07-03 00:00:00+00:00,-0.013531861135335811,7.5673036006707965,-0.08801315852185054,0.026421065290243684,4.814533238301271,-0.4555679829491759,in_sample
2021-07-04 00:00:00+00:00,-0.011667014836628697,7.479015757288496,-0.09865332253218628,0.018100051539638562,4.901676538053827,-0.44571373538072656,in_sample
2021-07-05 00:00:00+00:00,0.01622596075827666,7.600369973476792,-0.08402810671399041,-0.04556215164557087,4.678345608309482,-0.47096821022436686,in_sample
2021-07-06 00:00:00+00:00,-0.023160043820504794,7.424345071839021,-0.10524205590084523,0.015837449424935146,4.752438670273451,-0.4625896960096124,in_sample
2021-07-07 00:00:00+00:00,-0.012551497168057299,7.331158425695153,-0.1164726077023025,-0.010535283127146466,4.702370383337721,-0.4682514657175969,in_sample
2021-07-08 00:00:00+00:00,0.03343806429342872,7.576298172478859,-0.08692916195364675,-0.029356809326105182,4.564323792613351,-0.4838619060479614,in_sample
2021-07-09 00:00:00+00:00,-0.012235182314997132,7.483600783065801,-0.09810075012365105,0.029007939841787733,4.696725422607919,-0.4688898032685457,in_sample
2021-07-10 00:00:00+00:00,0.011227147620243351,7.56762027378825,-0.08797499410670251,-0.009082381575985288,4.6540679701621634,-0.4737135487341574,in_sample
2021-07-11 00:00:00+00:00,-0.00949102875354726,7.495795772173798,-0.09663104966158986,0.02256345009460259,4.759079800543806,-0.46183871065555493,in_sample
2021-07-12 00:00:00+00:00,0.027464990254627644,7.70166773000723,-0.07182003024421224,-0.03453455250671367,4.594727109288286,-0.4804238699595015,in_sample
2021-07-13 00:00:00+00:00,0.018592990033672353,7.84486476135391,-0.05456238931708868,-0.010939536818958873,4.544462922903158,-0.48610779216433164,in_sample
2021-07-14 00:00:00+00:00,-0.00883300344995988,7.775571043852403,-0.06291344299397261,0.0028713730647964564,4.557511771333948,-0.4846322159205436,in_sample
2021-07-15 00:00:00+00:00,0.023850546401739357,7.961022661833825,-0.040563416583654255,-0.028551648156678322,4.427387298768901,-0.4993468155628672,in_sample
2021-07-16 00:00:00+00:00,0.027140980976846973,8.177092626454904,-0.014523366524660242,-0.015172079206864364,4.360214627992514,-0.5069427653323162,in_sample
2021-07-17 00:00:00+00:00,0.010603585041766991,8.263799123513923,-0.004073781234930296,0.0036229863668011397,4.376011626146058,-0.5051564256930625,in_sample
2021-07-18 00:00:00+00:00,-0.003356305654724284,8.236063287786168,-0.007416414034659757,0.008583452525903423,4.413572914191884,-0.5009089593652505,in_sample
2021-07-19 00:00:00+00:00,0.025041245461285846,8.442304570210306,0.0,-0.02969685522712251,4.282503678324779,-0.5157303937441347,in_sample
2021-07-20 00:00:00+00:00,0.015177737598665558,8.570439653704971,0.0,-0.0339908161338609,4.1369378832022585,-0.5321911128895949,in_sample
2021-07-21 00:00:00+00:00,-0.0493795093566247,8.147235548634459,-0.04937950935662472,0.07872474047803757,4.462617244431119,-0.4953629796585086,in_sample
2021-07-22 00:00:00+00:00,0.004670027495712504,8.185283362660629,-0.04494008552733242,0.004611145703611541,4.48319502276464,-0.49303602483027764,in_sample
2021-07-23 00:00:00+00:00,-0.016105496157054824,8.053455312918894,-0.060321799309629,0.04234366375966858,4.673029925377606,-0.47156931272742597,in_sample
2021-07-24 00:00:00+00:00,-0.0041234243615499875,8.02024749908695,-0.06419649129437299,0.017706245321019054,4.7557717396288055,-0.462212789343423,in_sample
2021-07-25 00:00:00+00:00,-0.000676714099470572,8.014820084523075,-0.06482976272304819,0.033323400525854696,4.914250226117997,-0.4442918907250317,in_sample
2021-07-26 00:00:00+00:00,-0.005633812621144647,7.969666089974686,-0.07009833660873788,0.052230577546474866,5.1709243536360345,-0.41526693523034053,in_sample
2021-07-27 00:00:00+00:00,-0.006627354340765068,7.916848288818843,-0.0762611244340986,0.05976233600380909,5.479950872308311,-0.38032192134103915,in_sample
2021-07-28 00:00:00+00:00,-0.01568910362680012,7.79264003561791,-0.09075375937695584,0.014216959292212117,5.55785911078324,-0.3715119833224685,in_sample
2021-07-29 00:00:00+00:00,0.01688285342514987,7.924202035134202,-0.07540308836914833,0.0002454810979555244,5.559223460140037,-0.37135770139408253,in_sample
2021-07-30 00:00:00+00:00,0.020577733682688195,8.08726415426101,-0.05637697935777264,0.05474109599654109,5.863541445237787,-0.33694513297860973,in_sample
2021-07-31 00:00:00+00:00,0.008692262057954925,8.157560773621752,-0.048174760778431414,-0.017892934785828096,5.758625480544147,-0.34880913047364936,in_sample
2021-08-01 00:00:00+00:00,-0.007589194933709044,8.095651454727157,-0.05539834806170818,-0.03863457223984401,5.536143448413858,-0.373967611164292,in_sample
2021-08-02 00:00:00+00:00,0.022543359087166835,8.278154632515617,-0.03410385382773218,-0.017549724218619334,5.438985657659479,-0.3849543069402821,in_sample
2021-08-03 00:00:00+00:00,-0.013779672696420648,8.164084371149194,-0.047413586580720146,-0.02411956018624961,5.307799715737413,-0.3997889385513296,in_sample
2021-08-04 00:00:00+00:00,0.026419378310546575,8.379774404709806,-0.022246845751109245,0.0399978954675595,5.520100533930219,-0.3757817592570327,in_sample
2021-08-05 00:00:00+00:00,0.00847045733722877,8.450754926300503,-0.01396482937170318,0.02897186123488016,5.6800281206018335,-0.3576969950059464,in_sample
2021-08-06 00:00:00+00:00,0.012148875419322924,8.553422095099357,-0.001985610924669201,0.047527297810304736,5.949984508660583,-0.32717006880314037,in_sample
2021-08-07 00:00:00+00:00,0.03944086607248608,8.890776470413615,0.0,0.041463214730126374,6.196689993984102,-0.2992723768890688,in_sample
2021-08-08 00:00:00+00:00,-0.027424712091721603,8.646949485440668,-0.027424712091721593,-0.01823721427560887,6.083679630764292,-0.31205169670058097,in_sample
2021-08-09 00:00:00+00:00,0.02571243798344013,8.869283637831002,-0.0024174303171534683,0.056453968476542826,6.427127488860846,-0.27321428487262445,in_sample
2021-08-10 00:00:00+00:00,0.014559256390966875,8.998413812318391,0.0,-0.014477179921184025,6.33408080782822,-0.2837360924346699,in_sample
2021-08-11 00:00:00+00:00,-0.004966039068829708,8.953727337768921,-0.004966039068829753,-0.0014887039896256393,6.324651236458995,-0.28480239737148716,in_sample
2021-08-12 00:00:00+00:00,0.00192479149731496,8.970961396017936,-0.003050806161289721,-0.024977527408653333,6.166677086850167,-0.30266626509374406,in_sample
2021-08-13 00:00:00+00:00,0.04078696204655809,9.336859657998458,0.0,0.0767696990137905,6.640091030722893,-0.24913216415282835,in_sample
2021-08-14 00:00:00+00:00,-0.0019112916479032578,9.31901419611648,-0.0019112916479032682,-0.014830354206055607,6.541616128776819,-0.2602678001203764,in_sample
2021-08-15 00:00:00+00:00,0.024019025518871303,9.542847835903725,0.0,-0.001650676008320473,6.5308180399774045,-0.2614888583152999,in_sample
2021-08-16 00:00:00+00:00,0.009392776847405249,9.63248167611511,0.0,-0.022971313036074803,6.380796574399439,-0.2784534289315681,in_sample
2021-08-17 00:00:00+00:00,0.007770535873996029,9.707331220534973,0.0,-0.02659460617603504,6.211101802413893,-0.2976426758268015,in_sample
2021-08-18 00:00:00+00:00,0.03486721506518795,10.04579882591038,0.0,0.00020691271907025133,6.2123869583762525,-0.2974973491630979,in_sample
2021-08-19 00:00:00+00:00,0.010689948782040644,10.153187900834046,0.0,0.046023747771675616,6.498304288808608,-0.26516554435204687,in_sample
2021-08-20 00:00:00+00:00,0.02998163112114353,10.45759703518051,0.0,0.054749422731548814,6.854082697354827,-0.2249337821020695,in_sample
2021-08-21 00:00:00+00:00,0.03545367634425003,10.82835729580439,0.0,-0.00982005053844559,6.786775258872117,-0.2325449715324691,in_sample
2021-08-22 00:00:00+00:00,-0.01557463917558486,10.659709538057925,-0.01557463917558477,0.008700202197456708,6.845821575893001,-0.22586795760734668,in_sample
2021-08-23 00:00:00+00:00,0.026157245502843054,10.938538177433905,0.0,0.005086529656641581,6.880643050362857,-0.22193031201556002,in_sample
2021-08-24 00:00:00+00:00,-0.024257211394163255,10.673199744520765,-0.02425721139416326,-0.03643795491914925,6.6299264890789775,-0.25028158023029357,in_sample
2021-08-25 00:00:00+00:00,0.00753157663243479,10.753585766309907,-0.016908329808232758,0.026682880910389395,6.806832028031708,-0.23027693291925322,in_sample
2021-08-26 00:00:00+00:00,-0.028196315271737743,10.450374271741362,-0.04462789248197907,-0.04367165278873475,6.509566423112267,-0.26389201144828356,in_sample
2021-08-27 00:00:00+00:00,0.03913392491287789,10.85933843380316,-0.0072404321625109125,0.047615246474830064,6.819521032793036,-0.22884204814130227,in_sample
2021-08-28 00:00:00+00:00,0.009525028269064578,10.962773939368475,0.0,-0.003096529662020231,6.798404183634221,-0.23122996161333542,in_sample
2021-08-29 00:00:00+00:00,-0.0005910026618149429,10.956294910789433,-0.0005910026618148878,-0.002791221039651015,6.7794283348408095,-0.23337576871913368,in_sample
2021-08-30 00:00:00+00:00,0.0010207622256874064,10.967478682767858,0.0,-0.036288454180424035,6.53341336034247,-0.2611953770095723,in_sample
2021-08-31 00:00:00+00:00,-0.034410120449218345,10.590086420269582,-0.03441012044921832,0.0026713620714220454,6.550866472990211,-0.2592217623615244,in_sample
2021-09-01 00:00:00+00:00,0.02669520009824676,10.872790896316404,-0.008633505401768216,0.03589837778407445,6.7860319524506405,-0.23262902533255747,in_sample
2021-09-02 00:00:00+00:00,0.008310354820799254,10.96314764655715,-0.00039489807420489687,0.009340142096278425,6.849414455156415,-0.22546167138860396,in_sample
2021-09-03 00:00:00+00:00,0.014925170527005512,11.126774494694754,0.0,0.014765774818789934,6.950551366641819,-0.21402501283980624,in_sample
2021-09-04 00:00:00+00:00,0.003534513482235469,11.166102229160048,0.0,-0.001725865271369087,6.938555651421265,-0.21538149977431065,in_sample
2021-09-05 00:00:00+00:00,0.01813353084621312,11.368583088364492,0.0,0.0372207139902212,7.1968136468280495,-0.18617743898597394,in_sample
2021-09-06 00:00:00+00:00,0.01527094589593288,11.542192105620323,0.0,0.01707350080319192,7.3196884504075905,-0.17228263883684536,in_sample
2021-09-07 00:00:00+00:00,-0.01307384368160653,11.39129129028837,-0.013073843681606578,-0.11046206274887793,6.51114056549643,-0.2637140059239854,in_sample
2021-09-08 00:00:00+00:00,0.008619186286089877,11.489474951958478,-0.004567343289683667,-0.01711534066697551,6.3997001765873955,-0.276315791540919,in_sample
2021-09-09 00:00:00+00:00,0.006577824313020177,11.565050699641306,0.0,0.007632924893660187,6.448548607377231,-0.2707919643310229,in_sample
2021-09-10 00:00:00+00:00,0.012884082471669113,11.71405576664452,0.0,-0.03346089574928868,6.23277439469156,-0.29519191839208625,in_sample
2021-09-11 00:00:00+00:00,0.0009428322351156297,11.725100156025256,0.0,0.007421842172781856,6.2790330625475175,-0.2899609440482911,in_sample
2021-09-12 00:00:00+00:00,0.015146041973375747,11.90268901513045,0.0,0.01887317237018027,6.397538335855038,-0.2765602545557544,in_sample
2021-09-13 00:00:00+00:00,-0.02161235385931753,11.64544388825804,-0.02161235385931748,-0.02325398567933068,6.248770071010096,-0.2933831120361735,in_sample
2021-09-14 00:00:00+00:00,0.006494058800503567,11.721070085626353,-0.015258646955593536,0.046941076966450446,6.542094067859033,-0.26021375431246985,in_sample
2021-09-15 00:00:00+00:00,0.011942057320717554,11.861043776449051,-0.0034988092714562935,0.021639435617083036,6.683661291241369,-0.244205197478511,in_sample
2021-09-16 00:00:00+00:00,0.0013470523743010893,11.877021223629807,-0.0021564699764914375,-0.00749530413178201,6.6335652171496955,-0.24987010938462972,in_sample
2021-09-17 00:00:00+00:00,-0.00684666016688948,11.79570329551668,-0.008988365526291786,-0.009266622753324683,6.572094470772793,-0.25682128009695504,in_sample
2021-09-18 00:00:00+00:00,0.00961497685202381,11.909118709656411,0.0,0.020760580012603835,6.708534963883663,-0.24139245881874338,in_sample
2021-09-19 00:00:00+00:00,-0.01364823837952951,11.746580218616906,-0.013648238379529554,-0.02129516010616095,6.565675637749981,-0.25754712786593936,in_sample
2021-09-20 00:00:00+00:00,-0.0523079709906325,11.132140441302356,-0.06524229771293222,-0.08951727906035334,5.9779342194657525,-0.324009488809925,in_sample
2021-09-21 00:00:00+00:00,-0.016339697323880777,10.950244635924543,-0.08051595563946923,-0.05346692511144269,5.658312458232446,-0.3601526228477706,in_sample
2021-09-22 00:00:00+00:00,0.059738857780620276,11.60439974289304,-0.02558702908186583,0.06860219859009331,6.046485133176907,-0.31625768601302306,in_sample
2021-09-23 00:00:00+00:00,0.021760981538868397,11.856922871467786,-0.004382846410482366,0.03006181066176472,6.228253424419647,-0.29570315402850966,in_sample
2021-09-24 00:00:00+00:00,0.025632105701708853,12.160840771806257,0.0,-0.04527944295889941,5.9462415787550675,-0.32759332289180854,in_sample
2021-09-25 00:00:00+00:00,-0.019691739445636156,11.92137266388798,-0.01969173944563618,-0.003432597738845411,5.925830523357204,-0.3299014245312346,in_sample
2021-09-26 00:00:00+00:00,-0.0008891894790001192,11.91077230474001,-0.020563419237097924,0.01168585079380402,5.995078894682526,-0.32207075256116613,in_sample
2021-09-27 00:00:00+00:00,0.01450069289048824,12.083486756019578,-0.006360910173745293,-0.02380787949015062,5.852348778823979,-0.3382108103870384,in_sample
2021-09-28 00:00:00+00:00,0.01806867838881139,12.301819392029557,0.0,-0.02650281831478485,5.697245042424054,-0.3557500890420393,in_sample
2021-09-29 00:00:00+00:00,-0.007772636477322951,12.20620182188563,-0.007772636477322958,0.012032047742884577,5.765794566777413,-0.34799844335504393,in_sample
2021-09-30 00:00:00+00:00,-0.02095011829580185,11.950480449774695,-0.028559917119454492,0.055346410854437256,6.084910601772558,-0.31191249732323956,in_sample
2021-10-01 00:00:00+00:00,-0.04311164859179398,11.435275536120905,-0.0704403006005837,0.09880613938488803,6.68613712683588,-0.2439252276247601,in_sample
2021-10-02 00:00:00+00:00,-0.00978180716243463,11.323417875977265,-0.07953307432607948,-0.010334357494419688,6.617040195510446,-0.25173877461499783,in_sample
2021-10-03 00:00:00+00:00,0.006875630642670135,11.401273514905093,-0.07320428372635146,0.011772620390155808,6.694940097838593,-0.24292977925586734,in_sample
2021-10-04 00:00:00+00:00,-0.001988960774698379,11.378596829102339,-0.07504764405217834,0.020978971637755084,6.835393056267618,-0.22704722456708726,in_sample
2021-10-05 00:00:00+00:00,0.006596350793744927,11.453654045327692,-0.06894633384484561,0.045873610874539894,7.14895721750537,-0.19158908972248223,in_sample
2021-10-06 00:00:00+00:00,-0.012314470071629835,11.312608365375702,-0.08041176635179448,0.07514276519032492,7.686149631056055,-0.13084285851420185,in_sample
2021-10-07 00:00:00+00:00,0.0035287857182149116,11.352528136211198,-0.07716673652625827,-0.027233666416011104,7.476827595980327,-0.15451319416851983,in_sample
2021-10-08 00:00:00+00:00,-0.0025836736968399775,11.323196907873033,-0.07955103655566442,0.002973335124655918,7.499058710092452,-0.15199927855130801,in_sample
2021-10-09 00:00:00+00:00,0.01298606234667442,11.470240648882344,-0.06759802892944433,0.018263455303381138,7.636017433661657,-0.1365118552778949,in_sample
2021-10-10 00:00:00+00:00,-0.03248330322586677,11.097649343811035,-0.09788552488412505,-0.004744656961683691,7.599787150385496,-0.14060881031508188,in_sample
2021-10-11 00:00:00+00:00,0.002829925914162602,11.129054869275377,-0.09533260775345342,0.05118848263254128,7.988808722944015,-0.09661787932733645,in_sample
2021-10-12 00:00:00+00:00,-0.004186556373322199,11.082462453683359,-0.09912004879019998,-0.025881212890223937,7.782048663646223,-0.11999850431368764,in_sample
2021-10-13 00:00:00+00:00,-0.008217021702808152,10.991397619180887,-0.10652259890091564,0.024669962636471254,7.974031513413577,-0.09828890029506743,in_sample
2021-10-14 00:00:00+00:00,0.0008285721963760932,11.000504785647456,-0.10578228836827441,-0.00026936777849118076,7.97188356625919,-0.09853179221083574,in_sample
2021-10-15 00:00:00+00:00,0.012926439371159903,11.142702143811283,-0.09422323733424953,0.07536208444358383,8.572661328754034,-0.030595269012222537,in_sample
2021-10-16 00:00:00+00:00,0.003330354276422187,11.179811289546825,-0.0912066798192217,-0.012588989751278534,8.464740183145167,-0.04279909523546854,in_sample
2021-10-17 00:00:00+00:00,0.005218238549117394,11.238150211789794,-0.08646437948267416,0.01060129771478513,8.554477413904994,-0.03265152347119815,in_sample
2021-10-18 00:00:00+00:00,0.0017977868498361914,11.258354010457033,-0.08482203715725112,0.00757607624962553,8.619286787068438,-0.025322817653056773,in_sample
2021-10-19 00:00:00+00:00,0.002993828712003149,11.292059593943435,-0.08208215109549999,0.036732050333086574,8.935890863166344,0.0,in_sample
2021-10-20 00:00:00+00:00,0.029434814485424936,11.624439273249521,-0.055063409500135885,0.027170859201420594,9.178686695648699,0.0,in_sample
2021-10-21 00:00:00+00:00,0.021179337862269453,11.870637200077109,-0.03505027819151807,-0.057578956482357224,8.650187493834752,-0.05757895648235711,in_sample
2021-10-22 00:00:00+00:00,0.01673718822440598,12.069318289238437,-0.018899733070521285,-0.024510952640308892,8.438163157843576,-0.08067859404724853,in_sample
2021-10-23 00:00:00+00:00,0.0007575752801396499,12.078461706422502,-0.018156475760957025,0.009728280260880684,8.520251973930115,-0.07173517776031346,in_sample
2021-10-24 00:00:00+00:00,0.016179926916755107,12.273890334099242,-0.0022703192950800366,-0.006886086302984262,8.46158078351446,-0.07812728943828029,in_sample
2021-10-25 00:00:00+00:00,0.023112914631108216,12.557575713582862,0.0,0.03652080478375219,8.77060452347114,-0.04445975614038722,in_sample
2021-10-26 00:00:00+00:00,-0.016959496071043655,12.34460555760652,-0.016959496071043634,-0.04385268183016344,8.385989993845168,-0.08636275843027963,in_sample
2021-10-27 00:00:00+00:00,-0.012891845166991812,12.18546081411027,-0.02963270204057744,-0.03163402157930706,8.120707405416017,-0.1152647786457548,in_sample
2021-10-28 00:00:00+00:00,0.038771376154975314,12.65790789895585,0.0,0.03717183558553927,8.422569005928413,-0.08237754646083906,in_sample
2021-10-29 00:00:00+00:00,0.007491915416342499,12.75273987428268,0.0,0.027814805937709464,8.656841128325278,-0.05685405599156257,in_sample
2021-10-30 00:00:00+00:00,-0.004483974117056982,12.695556918764835,-0.004483974117057032,-0.006628820402829638,8.59945648322978,-0.06310600106805175,in_sample
2021-10-31 00:00:00+00:00,0.008193066323829889,12.799572458618233,0.0,-0.00883073466613482,8.523516964753405,-0.07137946338291368,in_sample
2021-11-01 00:00:00+00:00,0.007748495644654679,12.898749890067279,0.0,-0.0066136787777261175,8.467145161492027,-0.07752106131849879,in_sample
2021-11-02 00:00:00+00:00,0.019599531629181842,13.15155934651456,0.0,0.038131121819500846,8.790006905108276,-0.04234590453171061,in_sample
2021-11-03 00:00:00+00:00,0.004340812885912815,13.208647804795758,0.0,-0.0050617473428751225,8.74551411101249,-0.04719330760484075,in_sample
2021-11-04 00:00:00+00:00,-0.0008287265663505957,13.197701447454355,-0.0008287265663506904,-0.024061563440035072,8.535083368414641,-0.07011932627999684,in_sample
2021-11-05 00:00:00+00:00,-0.002600323449366476,13.163383154902801,-0.0034268950585935043,-0.006932233534846621,8.475916177265406,-0.0765654762697644,in_sample
2021-11-06 00:00:00+00:00,0.024001386761853268,13.479322605098089,0.0,0.008282791856538685,8.546120426755165,-0.06891686031656485,in_sample
2021-11-07 00:00:00+00:00,0.0029489339971901177,13.519072237787357,0.0,0.029345827514619227,8.796913402717886,-0.04159345509764467,in_sample
2021-11-08 00:00:00+00:00,0.0034953300378568536,13.566325857064053,0.0,0.0677638021113014,9.393025701729915,0.0,in_sample
2021-11-09 00:00:00+00:00,0.0008671119878894129,13.578089380846325,0.0,-0.008830155948440943,9.310083819955926,-0.008830155948440943,in_sample
2021-11-10 00:00:00+00:00,-0.01216846653701319,13.412864854578922,-0.0121684665370132,-0.031187145556527573,9.019728880719489,-0.039741914146117496,in_sample
2021-11-11 00:00:00+00:00,0.016244076672808562,13.63074445967872,0.0,-0.001368296705505534,9.007387215407448,-0.04105583212142638,in_sample
2021-11-12 00:00:00+00:00,-0.002477773520919979,13.596970561986103,-0.0024777735209198237,-0.010415031011255405,8.913574998228594,-0.051043265367944235,in_sample
2021-11-13 00:00:00+00:00,0.01311245655612293,13.775260247775028,0.0,0.004222826581673944,8.951215479668857,-0.047035985644081624,in_sample
2021-11-14 00:00:00+00:00,0.003682203173753279,13.825983554778663,0.0,0.017716019681189632,9.10979538927724,-0.030153256410286655,in_sample
2021-11-15 00:00:00+00:00,-0.012288341626952031,13.656085145528921,-0.012288341626952026,-0.029189370060786923,8.843886200481576,-0.05846247191117593,in_sample
2021-11-16 00:00:00+00:00,-0.022283304862075456,13.35178243700864,-0.03429782162630479,-0.05574563553961398,8.350878143595708,-0.11094907979888469,in_sample
2021-11-17 00:00:00+00:00,-0.0018626233824024453,13.326913094844718,-0.03609656108418058,0.004341161776946434,8.387130656596623,-0.10708956592634844,in_sample
2021-11-18 00:00:00+00:00,-0.016682587513183827,13.104585700859376,-0.05217696455815257,-0.057082715445667565,7.908370463920483,-0.1580593181530423,in_sample
2021-11-19 00:00:00+00:00,0.04271270641103892,13.664318022538481,-0.011692877515705247,0.020176367090909197,8.067932649491446,-0.1410720138873277,in_sample
2021-11-20 00:00:00+00:00,0.022686265596134778,13.97431037038784,0.0,0.028358772099161822,8.296729312809761,-0.11671387087956642,in_sample
2021-11-21 00:00:00+00:00,0.012707966320115428,14.15189543592157,0.0,-0.01766519654854648,8.15016595878889,-0.13231729395908365,in_sample
2021-11-22 00:00:00+00:00,-0.0009410902555523296,14.138577225029229,-0.0009410902555523348,-0.04079480557825177,7.817681523069611,-0.16771424125563417,in_sample
2021-11-23 00:00:00+00:00,0.005923560290077855,14.22232793963761,0.0,0.023208800833008914,7.999120536514427,-0.1483978868447865,in_sample
2021-11-24 00:00:00+00:00,0.006142722612301676,14.309691755071992,0.0,-0.0071064780197668265,7.942274962244222,-0.15444977854351105,in_sample
2021-11-25 00:00:00+00:00,0.01735420278989927,14.558025047650458,0.0,0.03189237205650719,8.195572950315198,-0.12748317628835848,in_sample
2021-11-26 00:00:00+00:00,-0.04065402597701336,13.966182719189264,-0.0406540259770134,-0.08870518362906754,7.468583146812069,-0.20487994135515042,in_sample
2021-11-27 00:00:00+00:00,0.006219690655405192,14.053048055339488,-0.034687190787082045,0.018288682212939333,7.605173690565029,-0.1903382432814612,in_sample
2021-11-28 00:00:00+00:00,0.0050138749048053936,14.123508280320179,-0.029847233117682226,0.04707741880206684,7.963205637458219,-0.15222145767240536,in_sample
2021-11-29 00:00:00+00:00,0.0028347788766172437,14.163545303256958,-0.027097064547032534,0.008937337097512321,8.034375490616993,-0.14464457505558603,in_sample
2021-11-30 00:00:00+00:00,7.284249664528657e-05,14.164577011258194,-0.027026195868220748,-0.014750299076675355,7.915866049236082,-0.1572613233903729,in_sample
2021-12-01 00:00:00+00:00,0.002675827732613429,14.202478979245656,-0.024422685580018588,0.004112154453707717,7.948417313065402,-0.1537958517880409,in_sample
2021-12-02 00:00:00+00:00,-0.020947198289175063,13.904976835869558,-0.04485829703159472,-0.012160961969638118,7.851756912402401,-0.16408650825299653,in_sample
2021-12-03 00:00:00+00:00,-0.02017596008954607,13.624430578182992,-0.06412919791054628,-0.051342889858134955,7.448625022056074,-0.20700472259069191,in_sample
2021-12-04 00:00:00+00:00,-0.01947134813983639,13.359144547188158,-0.08235186411193796,-0.08349511303439527,6.826701233888677,-0.2732159529137238,in_sample
2021-12-05 00:00:00+00:00,-0.017414304687288246,13.126504333681899,-0.09833206834601471,0.004903566981699248,6.860176420653099,-0.26965211865760574,in_sample
2021-12-06 00:00:00+00:00,0.006380926148242105,13.210263588419703,-0.09257859186389239,0.021227058971253543,7.005797790087505,-0.25414898111082074,in_sample
2021-12-07 00:00:00+00:00,-0.005025439035853091,13.14387621410855,-0.09713878283030841,0.0030239136677405742,7.0269827177783775,-0.2518935920207035,in_sample
2021-12-08 00:00:00+00:00,0.023109736650363814,13.44762773198158,-0.07627389786968986,-0.0024040476736552074,7.010089516322887,-0.2536920754904527,in_sample
2021-12-09 00:00:00+00:00,-0.025432732436031443,13.105617813974737,-0.0997667766693483,-0.057790402296196586,6.604973623042238,-0.29682151068469886,in_sample
2021-12-10 00:00:00+00:00,-0.021840394150705853,12.819385955329016,-0.11942822509445017,-0.008485739095022815,6.548925540147594,-0.30278849988226075,in_sample
2021-12-11 00:00:00+00:00,0.02406625799264776,13.12790060503729,-0.09823615757852944,0.047623543189067474,6.8608085784508,-0.2695848178944892,in_sample
2021-12-12 00:00:00+00:00,0.0014249860268551295,13.146607679961411,-0.09695115670355559,0.013686599036272007,6.954709714528671,-0.25958791816700544,in_sample
2021-12-13 00:00:00+00:00,-0.03787950474631658,12.64862069195035,-0.13115819964935904,-0.06746467677554058,6.485512471570282,-0.3095395799485735,in_sample
2021-12-14 00:00:00+00:00,0.021360850615182635,12.918805989039209,-0.11259899974384269,0.03522091828329654,6.71393817635676,-0.2852209299160916,in_sample
2021-12-15 00:00:00+00:00,0.03145576311299663,13.325176889933187,-0.08468512409354878,0.01130782939505881,6.789858243823975,-0.27713833013642386,in_sample
2021-12-16 00:00:00+00:00,-0.018458661745767352,13.079211957019394,-0.10158061177877509,-0.02549555478071841,6.616747041015248,-0.29556808943931234,in_sample
2021-12-17 00:00:00+00:00,0.006238891734739564,13.16081174439495,-0.09597547048327182,-0.03147896565843211,6.408458688140597,-0.31774287736055584,in_sample
2021-12-18 00:00:00+00:00,-0.01138476908403695,13.010978941726531,-0.10626758099812494,0.014973551408737906,6.504416073758244,-0.3075270652607365,in_sample
2021-12-19 00:00:00+00:00,0.007263403439902062,13.105482930928362,-0.09977604187159472,-0.0031476425041957468,6.483942497259508,-0.30970672250312703,in_sample
2021-12-20 00:00:00+00:00,0.0004007564660447829,13.110735037953573,-0.09941527129948624,0.004917864526985394,6.515829648061794,-0.3063119536805087,in_sample
2021-12-21 00:00:00+00:00,-0.015846336550809192,12.902977918113674,-0.11368624000299377,0.042155403178036455,6.790507073915242,-0.27706925440812613,in_sample
2021-12-22 00:00:00+00:00,-0.009161779759586522,12.784763676185108,-0.12180645146997737,-0.006249801790889631,6.748067750643638,-0.2815874282766153,in_sample
2021-12-23 00:00:00+00:00,0.030988577754293527,13.180945319434837,-0.09459248240803586,0.04628874510008196,7.060427338671264,-0.2483330118674173,in_sample
2021-12-24 00:00:00+00:00,-0.006204063551580634,13.099169897003154,-0.10020968818725529,-0.00018438377643148485,7.05912551041534,-0.24847160706530802,in_sample
2021-12-25 00:00:00+00:00,-0.013111027060681252,12.927426326011085,-0.11200686331437093,-0.007969327996961262,7.002869023851123,-0.2544607833276338,in_sample
2021-12-26 00:00:00+00:00,-0.00019933764280051296,12.924849403319781,-0.11218387377306083,0.007183806566351203,7.053176280327962,-0.24910497380743057,in_sample
2021-12-27 00:00:00+00:00,0.004207954430231135,12.979236580626552,-0.10844798397147348,-0.0011427000064807569,7.045116615746721,-0.24996302155872718,in_sample
2021-12-28 00:00:00+00:00,0.03876796141415287,13.482415123569444,-0.0738843298153693,-0.06282455610309445,6.602510291667898,-0.29708376179020646,in_sample
2021-12-29 00:00:00+00:00,0.0029217052506128483,13.521806766626918,-0.07117849279911614,-0.02284182725359163,6.451696892145559,-0.313139653077139,in_sample
2021-12-30 00:00:00+00:00,-0.007011105629979908,13.42700395107792,-0.07769055849749873,0.014180212393085201,6.5431833243719915,-0.30339982747338456,in_sample
2021-12-31 00:00:00+00:00,0.004022632915126417,13.48101585912306,-0.07398044618017874,-0.018780329639949134,6.420300184645667,-0.31648220834067986,in_sample
2022-01-01 00:00:00+00:00,-0.01093003746684651,13.333667850691693,-0.08410187459846186,0.03232572814525514,6.627841063025454,-0.2943869980250555,in_sample
2022-01-02 00:00:00+00:00,-0.0003550744750632495,13.328933405578942,-0.08442708664455012,-0.00889541519798509,6.568883664903588,-0.30066371864671937,in_sample
2022-01-03 00:00:00+00:00,0.0005232897345977643,13.335908299603219,-0.08394797673771548,-0.017643612521150653,6.452984826823513,-0.31300253701689906,in_sample
2022-01-04 00:00:00+00:00,0.009590967960974835,13.463812568835213,-0.07516215113202063,-0.013185042956512127,6.367901944684124,-0.32206062807734614,in_sample
2022-01-05 00:00:00+00:00,0.026533648927847923,13.821056644767031,-0.05062282833497167,-0.052619464137740435,6.03282635667317,-0.35773343454579243,in_sample
2022-01-06 00:00:00+00:00,-0.0058958224622697565,13.73957014854851,-0.05622018758884051,-0.007868878433796578,5.985354779460305,-0.36278735207144364,in_sample
2022-01-07 00:00:00+00:00,0.024012256501662554,14.069488231178044,-0.03355790465213282,-0.03542594349444217,5.7733179392489555,-0.3853612113309045,in_sample
2022-01-08 00:00:00+00:00,0.007738110108108382,14.178359480275635,-0.026079469305219982,0.0032293028854599726,5.79196173152885,-0.38337635651713986,in_sample
2022-01-09 00:00:00+00:00,-0.006292455827968564,14.08914277953294,-0.03220782122456867,0.003914071298609434,5.814631882704871,-0.3809628476121395,in_sample
2022-01-10 00:00:00+00:00,0.006731769912633683,14.183987646991,-0.025692866953806015,-0.0011868232276143198,5.80773094252645,-0.3816975352833497,in_sample
2022-01-11 00:00:00+00:00,-0.024100103982901966,13.84215206980632,-0.04917377017150237,0.02150948948065312,5.932652270141187,-0.368398164922665,in_sample
2022-01-12 00:00:00+00:00,-0.022624456481323375,13.528980902695126,-0.07068569682955805,0.027635157098200747,6.096602047635535,-0.3509437489867909,in_sample
2022-01-13 00:00:00+00:00,0.0036226768935043014,13.577992029203982,-0.06731909137665937,-0.030683179309728748,5.909538913827875,-0.37085885831872956,in_sample
2022-01-14 00:00:00+00:00,-0.006536695895489275,13.489236824437697,-0.07341574284385888,0.011945177447294286,5.98012940478524,-0.3633436557419535,in_sample
2022-01-15 00:00:00+00:00,-0.00544335478266435,13.415810122654902,-0.07845946969159123,0.0006530769659685021,5.9840348895530155,-0.3629278701482809,in_sample
2022-01-16 00:00:00+00:00,0.006870128818713201,13.507978466404937,-0.07212836753670715,-0.00022869476121822885,5.982666372122828,-0.36307356520689604,in_sample
2022-01-17 00:00:00+00:00,0.018037005119239204,13.751621943154055,-0.055392342151969975,-0.02053661044675137,5.859802683405662,-0.37615387528148025,in_sample
2022-01-18 00:00:00+00:00,0.008516578112869357,13.868738705611573,-0.04734751724789277,0.0038229964951914663,5.882204688526835,-0.3737689137331426,in_sample
2022-01-19 00:00:00+00:00,0.015317737716076186,14.081176407556926,-0.03275503638252719,-0.016054058829059303,5.787771428412657,-0.38382246443265644,in_sample
2022-01-20 00:00:00+00:00,0.018563096144295438,14.34256663903519,-0.014799975127810394,-0.023913837210669975,5.64936360466103,-0.39855763371108566,in_sample
2022-01-21 00:00:00+00:00,0.050367889667891436,15.064971453064496,0.0,-0.10416955124098382,5.060871933166344,-0.46120961510471725,in_sample
2022-01-22 00:00:00+00:00,0.0335360174446415,15.570190598517494,0.0,-0.03794681707945813,4.868827951655917,-0.4816549952845094,in_sample
2022-01-23 00:00:00+00:00,-0.021689522925682596,15.232480592573701,-0.021689522925682603,0.03385141935518843,5.033644688415685,-0.4641082811592182,in_sample
2022-01-24 00:00:00+00:00,0.018511360440401053,15.514454531224246,-0.0035796650619391857,0.011545677188606884,5.091761525070278,-0.4579210483654348,in_sample
2022-01-25 00:00:00+00:00,-0.023222332993423727,15.154172701888825,-0.026718869881289686,0.007802542600190865,5.131490211279652,-0.45369145425263935,in_sample
2022-01-26 00:00:00+00:00,0.009425048624396387,15.297001516466626,-0.01754564790471347,-0.003975441771406851,5.111090270744166,-0.45586327206547983,in_sample
2022-01-27 00:00:00+00:00,0.0025897943353942353,15.33661760434249,-0.015001293188873555,0.00933933139662102,5.158824436580691,-0.45078139883822643,in_sample
2022-01-28 00:00:00+00:00,-0.004044891256871169,15.274582653884709,-0.018985505846083273,0.015222051654951274,5.237352328633147,-0.44242116492148176,in_sample
2022-01-29 00:00:00+00:00,-0.01653922849659613,15.021952841181966,-0.03521072872336761,0.012038345499454817,5.300401385467607,-0.435708838261623,in_sample
2022-01-30 00:00:00+00:00,0.013595120809737437,15.226178104856011,-0.022094302024423307,-0.007339447617444872,5.261499367147535,-0.43985042368418903,in_sample
2022-01-31 00:00:00+00:00,-0.010982339312548812,15.058959050475181,-0.032833994215266005,0.015025874035945463,5.340557993878501,-0.43143368670917936,in_sample
2022-02-01 00:00:00+00:00,-0.012350276466915633,14.872976742897851,-0.044778761776109954,0.006281894657098608,5.374106816606171,-0.42786201302351157,in_sample
2022-02-02 00:00:00+00:00,0.021415037685771646,15.191482100346613,-0.024322662961295927,-0.04623723937455848,5.125622953302305,-0.4543160940826214,in_sample
2022-02-03 00:00:00+00:00,-0.00043116386243850476,15.184932082248062,-0.02474333977042731,0.010783629960183783,5.1808957745461415,-0.44843164076598074,in_sample
2022-02-04 00:00:00+00:00,-0.04004946864469414,14.576783620948259,-0.0638018508048207,0.11424392582863008,5.7727816471392535,-0.38541830604423033,in_sample
2022-02-05 00:00:00+00:00,-0.01368638203165903,14.37728019151913,-0.07661501633203804,-0.004219253910950571,5.748424815597497,-0.38801138226005183,in_sample
2022-02-06 00:00:00+00:00,-0.016482460990378846,14.140307231614669,-0.09183467330444695,0.023846946043583506,5.885507192010647,-0.37341732271352,in_sample
2022-02-07 00:00:00+00:00,-0.011145436056410007,13.982707341546714,-0.10195657188178098,0.03466933891389212,6.089553835530614,-0.35169411551710117,in_sample
2022-02-08 00:00:00+00:00,0.004941677191444177,14.051805367491074,-0.09751873115612286,0.004370979778913986,6.116171152208326,-0.34886038360547544,in_sample
2022-02-09 00:00:00+00:00,-0.0006326862206675827,14.042914983859559,-0.09808971861933102,0.007644207146632942,6.162924431440068,-0.34388293749637655,in_sample
2022-02-10 00:00:00+00:00,0.016600427139026062,14.276033370868657,-0.0831176227073328,-0.019991622721271973,6.039717571347008,-0.3569997822709382,in_sample
2022-02-11 00:00:00+00:00,0.01587069412722922,14.502603929847831,-0.068566062946674,-0.025425746509938008,5.886153243386321,-0.3733485428127523,in_sample
2022-02-12 00:00:00+00:00,-0.003914425383433313,14.445834568898954,-0.07221209159286679,-0.003921304819902716,5.863071842302344,-0.3758058341922197,in_sample
2022-02-13 00:00:00+00:00,0.00716365583065523,14.549319555937126,-0.06556573833319479,-0.003761622962345723,5.841017176630457,-0.37815381729928454,in_sample
2022-02-14 00:00:00+00:00,-0.006490185120288677,14.454891778644859,-0.07163038967415258,0.01151277332459899,5.908263483370092,-0.370994643155084,in_sample
2022-02-15 00:00:00+00:00,-0.02763208345173324,14.05547300273157,-0.09728317622072946,0.0471358824450665,6.186754696376704,-0.3413459205975249,in_sample
2022-02-16 00:00:00+00:00,-0.0022764634979473676,14.023476231494467,-0.099338178119046,-0.015021468865653476,6.093820553325647,-0.3512398723445048,in_sample
2022-02-17 00:00:00+00:00,0.02877411133383402,14.426989297866864,-0.07342243458210962,-0.07681135959982399,5.625745911467352,-0.40107201980387885,in_sample
2022-02-18 00:00:00+00:00,0.0073486693372623035,14.533008471749111,-0.06661332243852791,-0.012963150472812823,5.5528185206951886,-0.40883601333353903,in_sample
2022-02-19 00:00:00+00:00,0.0015099739056205705,14.554952935311615,-0.06520393291155624,0.0021467818289178098,5.564739210594695,-0.4075669132290529,in_sample
2022-02-20 00:00:00+00:00,0.018163569139541272,14.819322829274915,-0.04822469991562417,-0.042057194788852614,5.330701889665548,-0.4324829869587399,in_sample
2022-02-21 00:00:00+00:00,0.025939239034223988,15.203724786468808,-0.023536372899865432,-0.03601168679189215,5.138734322833964,-0.4529202318814519,in_sample
2022-02-22 00:00:00+00:00,-0.014341639216978454,14.985678450827038,-0.03754046194823779,0.033136504228581165,5.309014014452107,-0.4347919208318204,in_sample
2022-02-23 00:00:00+00:00,0.011872663298189562,15.163598365368642,-0.026113503914818148,-0.025756306919292316,5.172273420057055,-0.4493495935921398,in_sample
2022-02-24 00:00:00+00:00,0.002048515159603786,15.194661226494242,-0.0241184826638543,0.02920666813510331,5.323338293340677,-0.4332669299137256,in_sample
2022-02-25 00:00:00+00:00,-0.015376221643777423,14.961024747673557,-0.03912385317248057,0.023236269773535767,5.447032818020534,-0.42009816740761674,in_sample
2022-02-26 00:00:00+00:00,0.0010686080094782504,14.977012218548921,-0.03809705322586421,-0.0027062598519591585,5.432291731792821,-0.421667532455239,in_sample
2022-02-27 00:00:00+00:00,0.01698422446053428,15.23138515581692,-0.02175987766860299,-0.03650448985020205,5.233988693406253,-0.44277926414676916,in_sample
2022-02-28 00:00:00+00:00,-0.048821422420257186,14.487767267079146,-0.06951895190938828,0.14554576343172654,5.995773573581092,-0.36167814674702214,in_sample
2022-03-01 00:00:00+00:00,-0.0308625382781631,14.040637995233798,-0.09823595887319014,0.02871277951569917,6.167928898225381,-0.3433501521145169,in_sample
2022-03-02 00:00:00+00:00,0.005369586488492745,14.116030415302825,-0.0933938588621468,-0.011451972221533935,6.097293947818508,-0.350870087931776,in_sample
2022-03-03 00:00:00+00:00,0.008461448808202673,14.235472484036942,-0.08572265740970675,-0.03272592211130265,5.897754380992482,-0.3721134628742374,in_sample
2022-03-04 00:00:00+00:00,0.018242855907980943,14.495168157345256,-0.06904362758890026,-0.07825298295621863,5.436237507936713,-0.4212474573623789,in_sample
2022-03-05 00:00:00+00:00,-0.00021153409993456777,14.492101934995691,-0.06924055660721662,0.006322886343945733,5.470610219838092,-0.4175880708140116,in_sample
2022-03-06 00:00:00+00:00,0.01539444688083591,14.715199828425643,-0.05491202979706988,-0.02473644511379014,5.335286770396128,-0.43199487153393734,in_sample
2022-03-07 00:00:00+00:00,0.010246423517160114,14.865977998007335,-0.045228258193397486,-0.011387694623331002,5.27453015392696,-0.4384631404813948,in_sample
2022-03-08 00:00:00+00:00,-0.008096170851869727,14.745620500255331,-0.052958253339600914,0.019652932530463296,5.378190139171981,-0.4274272944679073,in_sample
2022-03-09 00:00:00+00:00,-0.03434151812226184,14.239233506621817,-0.08548110464507752,0.08337918723634008,5.826619261778639,-0.37968664764692917,in_sample
2022-03-10 00:00:00+00:00,-0.0006983012375734845,14.229290232242045,-0.08611971432148824,-0.06033502235469457,5.4750700583669305,-0.4171132676280672,in_sample
2022-03-11 00:00:00+00:00,0.005003522845868557,14.30048681099956,-0.08154709343370703,-0.01761607015976774,5.378620840089095,-0.42738144120072896,in_sample
2022-03-12 00:00:00+00:00,-0.008492468241978541,14.179040380912314,-0.08934702557447416,0.0020561568465373714,5.389680128154373,-0.4262040476305995,in_sample
2022-03-13 00:00:00+00:00,0.006925211039034318,14.277233227881121,-0.08304056154325312,-0.027038662012858206,5.243950388811788,-0.4417187224510618,in_sample
2022-03-14 00:00:00+00:00,-0.011457931915319401,14.113645661616923,-0.09354702035820006,0.05060712118843691,5.509331621644537,-0.4134657141809074,in_sample
2022-03-15 00:00:00+00:00,0.0029999930185991954,14.155986500068755,-0.09082766774758633,-0.009653551488129852,5.45614700516981,-0.41912785310861544,in_sample
2022-03-16 00:00:00+00:00,-0.023667554399949355,13.820948919493429,-0.1123455533800991,0.046721499325201865,5.711066373790054,-0.39198863548960095,in_sample
2022-03-17 00:00:00+00:00,-0.0041705341972513195,13.763308179386218,-0.11604754660506955,-0.005052814931226335,5.682209412343343,-0.39506080439055435,in_sample
2022-03-18 00:00:00+00:00,-0.01856119463097653,13.50784473750252,-0.13245476013706203,0.020866495020551046,5.800777206751733,-0.3824378436776338,in_sample
2022-03-19 00:00:00+00:00,-0.0043973165802849495,13.448446467874385,-0.13626963120445867,0.010459504448941948,5.861450461753074,-0.37597844955608184,in_sample
2022-03-20 00:00:00+00:00,0.00969661928174494,13.57885093320429,-0.12789436665616716,-0.021977709406895696,5.73262920680175,-0.3896930138553788,in_sample
2022-03-21 00:00:00+00:00,-0.008537466649218884,13.462921946227345,-0.13533993941543598,-0.006761833208114187,5.693866124261393,-0.39381980790143556,in_sample
2022-03-22 00:00:00+00:00,-0.004802763984641412,13.398262709575967,-0.13949269761336935,0.03337562832463048,5.883902483754945,-0.3735881631122008,in_sample
2022-03-23 00:00:00+00:00,-0.012842247899438837,13.226198898437785,-0.1505435457098958,0.012233824008613947,5.95588511122505,-0.36592475094280286,in_sample
2022-03-24 00:00:00+00:00,-0.018305496062530603,12.984086766580186,-0.1660932674891945,0.025788527079702916,6.1094786156994765,-0.3495728842119219,in_sample
2022-03-25 00:00:00+00:00,-0.0034454977503489657,12.939350124835597,-0.16896649126006136,0.007213451768569135,6.1535490450249295,-0.344881059583215,in_sample
2022-03-26 00:00:00+00:00,0.005836354267294904,13.014868756152705,-0.16411628529506195,0.004484021440215313,6.181141690876237,-0.34194349220849507,in_sample
2022-03-27 00:00:00+00:00,-0.01435151387435947,12.828085686625812,-0.17611248202400098,0.052408224917508184,6.505084354858666,-0.307455918739728,in_sample
2022-03-28 00:00:00+00:00,-0.009724204097132367,12.703342763233561,-0.18412413240187941,0.006430902504869662,6.546917918130715,-0.30300223527281855,in_sample
2022-03-29 00:00:00+00:00,0.019548565699322864,12.95167489384165,-0.16817492940164547,0.006294313259864293,6.588126270394048,-0.2986151130002005,in_sample
2022-03-30 00:00:00+00:00,-0.00019684876296668908,12.94912537266045,-0.1683386731377975,-0.007703744319200401,6.537373030064325,-0.3040184028389983,in_sample
2022-03-31 00:00:00+00:00,-0.01580273508696155,12.744493774788445,-0.1814811967682718,-0.032881929390562115,6.322411591689985,-0.32690362057397704,in_sample
2022-04-01 00:00:00+00:00,0.022466222426675862,13.030814406648227,-0.1630921712744513,0.016705489386015016,6.42803057142898,-0.31565921615171044,in_sample
2022-04-02 00:00:00+00:00,-0.01246689514496991,12.868360609786981,-0.17352581342117712,-0.010193186386606157,6.362508457715602,-0.3226348293134321,in_sample
2022-04-03 00:00:00+00:00,0.01095999320029016,13.009397754569129,-0.16446766195605778,0.013053940857655766,6.445564266828956,-0.3137925444362538,in_sample
2022-04-04 00:00:00+00:00,-0.001248722857206513,12.993152622234506,-0.16551101028450854,0.004063165518490175,6.471753661305148,-0.3110043699642764,in_sample
2022-04-05 00:00:00+00:00,-0.0036264594878436486,12.946033480630602,-0.16853725079876347,-0.02368996734713158,6.31843802839015,-0.3273266539421389,in_sample
2022-04-06 00:00:00+00:00,-0.028988795354261125,12.570743565411188,-0.19264035428004944,-0.0509637754137221,5.996426571745753,-0.3616086272774287,in_sample
2022-04-07 00:00:00+00:00,0.02179694991832042,12.844747433342505,-0.1750423765162188,0.0059638968760209465,6.032188641444277,-0.35780132696396993,in_sample
2022-04-08 00:00:00+00:00,-0.0113023828797862,12.699571179856717,-0.18436636343643098,-0.027360187575863004,5.8671468287213715,-0.37537200311920593,in_sample
2022-04-09 00:00:00+00:00,0.008566029499629313,12.808356081216012,-0.17737962164473753,0.011804628077254575,5.936406314909071,-0.36799850192938766,in_sample
2022-04-10 00:00:00+00:00,-0.011999019701786134,12.654668364250007,-0.18725025977171317,-0.013745181697119135,5.854809331482721,-0.37668547735321967,in_sample
2022-04-11 00:00:00+00:00,-0.026743236756509085,12.316241572109764,-0.20898581849842945,-0.06252432345207926,5.4887413390908435,-0.41565779617956533,in_sample
2022-04-12 00:00:00+00:00,-0.02173105191358863,12.048596687125949,-0.22617538874102483,0.014051172492001163,5.565864590410387,-0.4074471030793282,in_sample
2022-04-13 00:00:00+00:00,0.015794776880661984,12.238901583524186,-0.2139530016614244,0.026687002473746224,5.714400832503205,-0.3916336424533807,in_sample
2022-04-14 00:00:00+00:00,-0.007943793540445854,12.141678276182834,-0.22019719672931326,-0.029513880446780716,5.545746689507721,-0.4095888943978552,in_sample
2022-04-15 00:00:00+00:00,0.00413305737280856,12.191860529100483,-0.21697422700391844,0.015372320303437936,5.630997683940564,-0.4005129057718321,in_sample
2022-04-16 00:00:00+00:00,-0.00016857604443751653,12.189805273478152,-0.21710622639142274,-0.004157465549784689,5.607587005058664,-0.4030052527136262,in_sample
2022-04-17 00:00:00+00:00,-0.03015706087019552,11.822196573850041,-0.24071600157703366,-0.017638314214216688,5.508678623479881,-0.41353523365050016,in_sample
2022-04-18 00:00:00+00:00,0.008260907606863878,11.919858647456799,-0.23444362661869145,0.028663954541212844,5.666579137125459,-0.3967248342478351,in_sample
2022-04-19 00:00:00+00:00,-0.018501028247824874,11.699329005910121,-0.24860720670792136,0.0168515358361776,5.762069698523265,-0.38655872117308654,in_sample
2022-04-20 00:00:00+00:00,-0.0024193830530054314,11.671023847581687,-0.25042511369816267,-0.0035010814290779013,5.741896223308713,-0.3887064290422172,in_sample
2022-04-21 00:00:00+00:00,-0.007091037637812214,11.588264178206682,-0.2557403774292878,-0.021242411264115746,5.619924502297317,-0.40169177847961235,in_sample
2022-04-22 00:00:00+00:00,-0.0045813029161238285,11.53517482973425,-0.25915005620852416,-0.019174384051342752,5.512165911550717,-0.41316397010012007,in_sample
2022-04-23 00:00:00+00:00,0.013717454967974007,11.693408071008836,-0.24898748046653862,-0.006530692490333778,5.476167651026679,-0.41699641575364443,in_sample
2022-04-24 00:00:00+00:00,0.001671680462480157,11.712955712820948,-0.24773202751055656,0.00046428906688045224,5.478710175795455,-0.4167257335635268,in_sample
2022-04-25 00:00:00+00:00,-0.018746664583905528,11.493376860786555,-0.26183454286803076,0.024791166878838755,5.614533794044392,-0.40226568388816797,in_sample
2022-04-26 00:00:00+00:00,0.03125976015246508,11.852657064796635,-0.2387596677252507,-0.057343297616985534,5.292577911711882,-0.436541740672854,in_sample
2022-04-27 00:00:00+00:00,-0.00427088551724984,11.802035723397665,-0.24201083803550938,0.02927780709146144,5.447532986827512,-0.42004491845218317,in_sample
2022-04-28 00:00:00+00:00,0.00748673731379173,11.890394464626729,-0.23633597229318015,0.013351526435257277,5.520265867508075,-0.4123016328496357,in_sample
2022-04-29 00:00:00+00:00,0.023959182219168804,12.175278592262515,-0.21803920669912824,-0.02920279368275347,5.359058682305291,-0.42946406701321893,in_sample
2022-04-30 00:00:00+00:00,0.02234281504315931,12.447308589948372,-0.2005680013234048,-0.024828762684005468,5.225999886072674,-0.4436297682960454,in_sample
2022-05-01 00:00:00+00:00,-0.021920776085292755,12.174453925483574,-0.21809217116181245,0.02195961663720114,5.340760840116887,-0.4314120912994758,in_sample
2022-05-02 00:00:00+00:00,0.0010589946827721968,12.187346607456316,-0.21726413492865482,0.002213810954592166,5.352584274970594,-0.43015334515854586,in_sample
2022-05-03 00:00:00+00:00,0.0028718806223581913,12.222347212016233,-0.21501621096533163,-0.021095064061299462,5.239671166796585,-0.4421742968475436,in_sample
2022-05-04 00:00:00+00:00,-0.03801032851947474,11.75777177920841,-0.24485370266900142,0.05226593552869163,5.51352748219192,-0.4130190146103302,in_sample
2022-05-05 00:00:00+00:00,0.03044613900626585,12.115750533202139,-0.22186241353039493,-0.07935943957262381,5.07597703113691,-0.4596014966506409,in_sample
2022-05-06 00:00:00+00:00,0.009496702979485528,12.230810217389502,-0.21447267199451936,-0.014764046235496542,5.001035071558886,-0.4675799651396839,in_sample
2022-05-07 00:00:00+00:00,0.013691956968274592,12.39827394457313,-0.2037172656220647,-0.014685250574380748,4.927593618401778,-0.47539868676242825,in_sample
2022-05-08 00:00:00+00:00,0.006107138599367672,12.473991921945567,-0.1988542565989352,-0.040452029650348,4.728262455245323,-0.496619874640126,in_sample
2022-05-09 00:00:00+00:00,0.052738229111714455,13.131848165862808,-0.15660324883157506,-0.11681358721203572,4.175937156568129,-0.5554215128146571,in_sample
2022-05-10 00:00:00+00:00,-0.017213914226356822,12.905797657902104,-0.17112140816497634,0.0314573171948922,4.307300936288229,-0.5414362663252426,in_sample
2022-05-11 00:00:00+00:00,0.05801487782734546,13.654525932289737,-0.1230341179259653,-0.062169982033475124,4.039516114466419,-0.5699451654090054,in_sample
2022-05-12 00:00:00+00:00,0.00043175483361956434,13.660421339861784,-0.12265548366746049,-0.0018572848559056387,4.032013582361834,-0.5707438997405002,in_sample
2022-05-13 00:00:00+00:00,-0.02293279872501254,13.347149646775868,-0.14277544887300808,0.008738590040901828,4.067247696097442,-0.5669928066577763,in_sample
2022-05-14 00:00:00+00:00,-0.01333122943124625,13.169215732581522,-0.1542033060381791,0.02751560242260287,4.179160466657507,-0.5550783528796445,in_sample
2022-05-15 00:00:00+00:00,-0.01829885477322909,12.928234166413688,-0.16968041690866376,0.04137660489763895,4.352079938090227,-0.5366690056763388,in_sample
2022-05-16 00:00:00+00:00,0.0273915536026601,13.28235858557075,-0.1469366735410791,-0.046535608024415476,4.149553252000337,-0.5582303952137475,in_sample
2022-05-17 00:00:00+00:00,-0.010095438385895751,13.148267352850747,-0.15554872179261237,0.019094844760217944,4.228788327171541,-0.5497948731905711,in_sample
2022-05-18 00:00:00+00:00,0.03873035232334238,13.657504379868158,-0.12284282626774334,-0.05704898643098866,3.9875402392752086,-0.5754786193610837,in_sample
2022-05-19 00:00:00+00:00,-0.007677122653545932,13.552654043602569,-0.1295768694769236,0.05642042326641272,4.212518947366968,-0.5515269433797942,in_sample
2022-05-20 00:00:00+00:00,0.013766568586040915,13.739227585016708,-0.11759412975170125,-0.03730223384641773,4.0553825805098205,-0.5682559902116588,in_sample
2022-05-21 00:00:00+00:00,0.009326970701735705,13.867372958166637,-0.10936395605285587,0.008170914285910102,4.088518763971739,-0.5647282469142232,in_sample
2022-05-22 00:00:00+00:00,-0.013687869763443357,13.677558163154156,-0.12155486622903278,0.029108925695100485,4.207531152875216,-0.5520579537964732,in_sample
2022-05-23 00:00:00+00:00,0.016411778045710337,13.902031211935135,-0.10713801966824932,-0.03917250033020736,4.0427116373998535,-0.5696049637492947,in_sample
2022-05-24 00:00:00+00:00,0.007820805923640517,14.010756299988072,-0.10015511940347743,0.018743749505974572,4.118487211656165,-0.5615377470011966,in_sample
2022-05-25 00:00:00+00:00,0.007452320611677887,14.11516894794767,-0.09344918685249515,-0.0035893681834895386,4.103704444694538,-0.5631115494617716,in_sample
2022-05-26 00:00:00+00:00,0.03297436437038592,14.580607671986852,-0.06355625001949972,-0.011602514837473432,4.0560911529863635,-0.5681805541914622,in_sample
2022-05-27 00:00:00+00:00,0.009630271280582513,14.721022879303828,-0.05453804266818152,-0.019551962732068162,3.976786609925303,-0.5766234719028931,in_sample
2022-05-28 00:00:00+00:00,-0.003917418760197165,14.663354468107151,-0.05824181307688592,0.013820956426954245,4.0317496043803756,-0.5707720033558679,in_sample
2022-05-29 00:00:00+00:00,0.04958613794636467,15.390453585519156,-0.011543661707998032,0.014955821743145803,4.0920477327764875,-0.5643525459508905,in_sample
2022-05-30 00:00:00+00:00,-0.01885070313433015,15.100332713875847,-0.030176758702387563,0.0771980932203391,4.407946015113444,-0.5307213931820041,in_sample
2022-05-31 00:00:00+00:00,-0.0010041748819460414,15.085169339055545,-0.031150630841226157,0.002247332671426072,4.417852136207091,-0.5296667680369005,in_sample
2022-06-01 00:00:00+00:00,0.028911455042112382,15.521303534204302,-0.003139785862213307,-0.06292573700067294,4.139855534576262,-0.559262833294087,in_sample
2022-06-02 00:00:00+00:00,-0.013235683994650464,15.315868465440522,-0.016333912643380688,0.021485456540780934,4.228802220749512,-0.5497933940529203,in_sample
2022-06-03 00:00:00+00:00,0.04018690775027466,15.93136585857652,0.0,-0.024782255865374747,4.124002962110833,-0.5609505293537826,in_sample
2022-06-04 00:00:00+00:00,-0.019286559641977428,15.62410462076692,-0.019286559641977452,0.005578988505127613,4.147010727231561,-0.5585010774038651,in_sample
2022-06-05 00:00:00+00:00,0.005942397055694239,15.716949254063223,-0.013458770981514268,0.002060411948379137,4.155555277684005,-0.5575914077485515,in_sample
2022-06-06 00:00:00+00:00,0.007123608408953257,15.82891064593256,-0.006431037586699051,0.04852239559476956,4.357192774783721,-0.5361246830208017,in_sample
2022-06-07 00:00:00+00:00,0.06061160759150723,16.788326366604856,0.0,-0.007751616647322268,4.323417486735115,-0.5397204666501796,in_sample
2022-06-08 00:00:00+00:00,-0.010923593838512578,16.60493750814767,-0.010923593838512713,-0.029744746626561347,4.194818529031335,-0.5534113647470618,in_sample
2022-06-09 00:00:00+00:00,0.013101937756187874,16.82249436582481,0.0,-0.0032855841682537523,4.181036099683652,-0.5548786692967709,in_sample
2022-06-10 00:00:00+00:00,0.020547519000685698,17.16815488844552,0.0,-0.03374837588433299,4.039932921805563,-0.569900791279478,in_sample
2022-06-11 00:00:00+00:00,0.03662422197727794,17.796925204020237,0.0,-0.022732196838126772,3.94809637141425,-0.5796778911520355,in_sample
2022-06-12 00:00:00+00:00,0.03509498848452624,18.421508089115303,0.0,-0.06517294407865792,3.6907873073829167,-0.6070715204470074,in_sample
2022-06-13 00:00:00+00:00,0.029323766415116775,18.9616960893347,0.0,-0.1540841793809078,3.1220953738553496,-0.6676155827743181,in_sample
2022-06-14 00:00:00+00:00,-0.008451064494739629,18.80144957275408,-0.008451064494739646,-0.015521883274369763,3.073634573890917,-0.6727748149007144,in_sample
2022-06-15 00:00:00+00:00,-0.04575061035714687,17.94127177920146,-0.053815033493084696,0.02010604492218393,3.1354332087079455,-0.6661956106294383,in_sample
2022-06-16 00:00:00+00:00,0.04526917843429373,18.75345841271229,-0.010982017412436873,-0.09660352276503814,2.832539315352271,-0.6984422905570671,in_sample
2022-06-17 00:00:00+00:00,-0.008050527165868737,18.60248318630676,-0.018944133548790876,0.0034285882456810413,2.842250926354317,-0.6974083733390766,in_sample
2022-06-18 00:00:00+00:00,0.019071071658241123,18.95725247617404,-0.00023434681896206122,-0.07320614157293481,2.634180702653818,-0.7195599387992007,in_sample
2022-06-19 00:00:00+00:00,-0.044171220763448725,18.119887491980524,-0.04439521619733511,0.08462686645885742,2.857103161205802,-0.6958271751902468,in_sample
2022-06-20 00:00:00+00:00,-0.01112980038424707,17.918216761209766,-0.05503090668729027,0.0002869063712664932,2.8579228823061174,-0.6957399060688428,in_sample
2022-06-21 00:00:00+00:00,-0.00896061703405418,17.757658482879396,-0.06349841284148283,0.006951837861750798,2.877790698805297,-0.6936247392280324,in_sample
2022-06-22 00:00:00+00:00,0.01873146793036033,18.090285493269743,-0.04595636339489151,-0.03551858485692616,2.775575645669308,-0.7045067549258244,in_sample
2022-06-23 00:00:00+00:00,-0.027811504056571713,17.58716744488913,-0.07248975186448103,0.056023306336159706,2.9310725703258242,-0.6879522463367679,in_sample
2022-06-24 00:00:00+00:00,-0.035111835612942635,16.969649712666886,-0.10505633922633495,0.0063801750045031635,2.949773326275402,-0.6859613270586344,in_sample
2022-06-25 00:00:00+00:00,-0.013529833825190447,16.74005317198281,-0.11716477823951033,0.011808093748822523,2.984604526249838,-0.6822531289677869,in_sample
2022-06-26 00:00:00+00:00,0.027968791989584036,17.208252237044576,-0.09247294356101288,-0.021078210027977162,2.9216944051950926,-0.6889506642511365,in_sample
2022-06-27 00:00:00+00:00,-0.0002308623386019608,17.20427949968988,-0.0926824573796069,-0.014223147923591473,2.880138713482473,-0.6933747649650275,in_sample
2022-06-28 00:00:00+00:00,0.029208368744826622,17.706788439305882,-0.06618119202610051,-0.022257597684515296,2.816033744722183,-0.7001995060863557,in_sample
2022-06-29 00:00:00+00:00,0.0012218334563722896,17.728423185825932,-0.06504022096432838,-0.007829845179242678,2.7939846364814853,-0.7025468975383601,in_sample
2022-06-30 00:00:00+00:00,0.007284851966189516,17.857572124328634,-0.05822917737971234,-0.009269066479694166,2.7680870071426944,-0.7053040101196684,in_sample
2022-07-01 00:00:00+00:00,0.008948681891901468,18.01737385663094,-0.04980156987300888,-0.03270007779757578,2.6775703466586696,-0.7149405919153888,in_sample
2022-07-02 00:00:00+00:00,0.00109051504760741,18.037022073939966,-0.04876536418674238,-0.0016137401411373542,2.6732494439095476,-0.7154006037248237,in_sample
2022-07-03 00:00:00+00:00,-0.008038728110209465,17.892027357569717,-0.05641208079305926,0.003378220353517758,2.6822802695909926,-0.714439164251728,in_sample
2022-07-04 00:00:00+00:00,-0.029346266409768576,17.366963156123607,-0.08410286325114535,0.04769008437835054,2.810198441974172,-0.7008207438997407,in_sample
2022-07-05 00:00:00+00:00,0.0035600217814887093,17.428789923237716,-0.08084224949471652,-0.002798295314091259,2.8023346768423294,-0.7016579358101593,in_sample
2022-07-06 00:00:00+00:00,-0.013496619251460774,17.19356018163008,-0.0932477716853155,0.019043133366385634,2.855699909830685,-0.6959765680929895,in_sample
2022-07-07 00:00:00+00:00,-0.012076876223178958,16.985915683480755,-0.10419850611176362,0.051537162901805544,3.0028745812823003,-0.6803080629568319,in_sample
2022-07-08 00:00:00+00:00,0.008644791345033749,17.132755380368785,-0.09645448911053012,-0.001179823627934562,2.999331718899579,-0.6806852430578156,in_sample
2022-07-09 00:00:00+00:00,-0.013806434471013701,16.896213115901816,-0.10892923099820429,-0.0003659457381218756,2.998234126239834,-0.680802094932238,in_sample
2022-07-10 00:00:00+00:00,0.016670290009791016,17.177877888611135,-0.0940748228596967,-0.03365152919369785,2.8973389630111335,-0.691543592553193,in_sample
2022-07-11 00:00:00+00:00,0.02919873958561109,17.679450271714117,-0.06762294952832848,-0.04313362552628297,2.7723662291579023,-0.7048484357231861,in_sample
2022-07-12 00:00:00+00:00,0.011868269718720893,17.889274756017535,-0.05655724721378519,-0.031642302661581634,2.6846421778461402,-0.7141877108510722,in_sample
2022-07-13 00:00:00+00:00,-0.027926267854381973,17.389694077460355,-0.08290408223336854,0.046431953795755154,2.8092953594060277,-0.7009168878470502,in_sample
2022-07-14 00:00:00+00:00,-0.020462035569504225,17.033865538704564,-0.10166973152335645,0.01772988264152997,2.8591038364336914,-0.6956141793685149,in_sample
2022-07-15 00:00:00+00:00,0.002447944983526018,17.07556350440009,-0.09947066844908958,0.011881274722284285,2.893073634573897,-0.6919976878120242,in_sample
2022-07-16 00:00:00+00:00,-0.020812470533157594,16.7201788421277,-0.11821290862623701,0.0173077015429981,2.943146089583019,-0.6866668757181215,in_sample
2022-07-17 00:00:00+00:00,0.010416659855228806,16.89434725784474,-0.10902763243066504,-0.018368069488044925,2.88908617769609,-0.6924222003178373,in_sample
2022-07-18 00:00:00+00:00,-0.04855011990552527,16.074124672750795,-0.152284447708666,0.0783624437348518,3.115482030740938,-0.6683196522961543,in_sample
2022-07-19 00:00:00+00:00,-0.013128599396554143,15.863093929271981,-0.16341376559692766,0.042900655104598284,3.2491382508263285,-0.6540903480943383,in_sample
2022-07-20 00:00:00+00:00,0.02161424087788064,16.20596266252771,-0.14533158921142053,-0.00702987697715296,3.2262972086412574,-0.6565220503924449,in_sample
2022-07-21 00:00:00+00:00,-0.02009758925630743,15.880261881433174,-0.16250836388179046,-0.003315892599530579,3.215599153603238,-0.6576609863836506,in_sample
2022-07-22 00:00:00+00:00,0.00994180159030036,16.038140294260394,-0.15418218820196716,-0.020281276329149556,3.150382698605231,-0.6646040585170523,in_sample
2022-07-23 00:00:00+00:00,0.0029241081700159158,16.085037551326703,-0.15170892542814352,-0.010359380995012102,3.117746683950285,-0.6680785528590548,in_sample
2022-07-24 00:00:00+00:00,-0.003032543974714031,16.03625896761738,-0.15428140541514002,0.005810999901961544,3.135863909625061,-0.6661497573622599,in_sample
2022-07-25 00:00:00+00:00,0.03155679067139396,16.542311835010747,-0.12759324075891998,-0.056294471569209414,2.959332107919763,-0.6849436803548038,in_sample
2022-07-26 00:00:00+00:00,-0.00974160028871662,16.381163245262766,-0.1360918786966212,-0.0027699530516431814,2.951134896916605,-0.6858163715688446,in_sample
2022-07-27 00:00:00+00:00,-0.042712022313415095,15.681490635211407,-0.1729911416504717,0.08003860458547152,3.1873396160092997,-0.6606695523656145,in_sample
2022-07-28 00:00:00+00:00,-0.009283787045327742,15.535907015600804,-0.18066891577598831,0.03901730954487803,3.3117010324317873,-0.6474297912522617,in_sample
2022-07-29 00:00:00+00:00,-0.0003661873561880062,15.530217962884779,-0.1809689444595629,-0.0027311400307097333,3.30265631317237,-0.6483927098630082,in_sample
2022-07-30 00:00:00+00:00,-0.0009972420304528108,15.514730576790097,-0.18178571665239396,-0.0059399859493248774,3.283038581076677,-0.6504812522261023,in_sample
2022-07-31 00:00:00+00:00,-0.009946954022525685,15.360406265070893,-0.18992445650942635,-0.014380086246662205,3.2358282031296746,-0.6555073619639162,in_sample
2022-08-01 00:00:00+00:00,0.0016142714529532815,15.385202130410361,-0.18861677468483395,-0.0013954426988290747,3.231312790288952,-0.6559880817004642,in_sample
2022-08-02 00:00:00+00:00,-0.0066111679368721105,15.283487975383496,-0.19398096544855348,-0.012146567143643372,3.1920634325195936,-0.6601666455643029,in_sample
2022-08-03 00:00:00+00:00,0.009193018861818492,15.423989368615574,-0.18657121726093717,-0.007556006285065031,3.167944181161149,-0.6627344285262939,in_sample
2022-08-04 00:00:00+00:00,-0.004081171735247898,15.361041419159616,-0.189890959817689,-0.008446812709690055,3.1411851499881283,-0.6655832476419589,in_sample
2022-08-05 00:00:00+00:00,0.02569849566164826,15.755797075428287,-0.1690723761631019,0.030483570629265433,3.236939689367391,-0.655389030951843,in_sample
2022-08-06 00:00:00+00:00,-0.0009683039242030793,15.740540675291202,-0.16987696664199192,-0.015228709637266524,3.1876452747246713,-0.6606370113372944,in_sample
2022-08-07 00:00:00+00:00,0.0094246679294273,15.888890044185462,-0.16205333271202393,0.009784991696922374,3.218836357270586,-0.6573163473109871,in_sample
2022-08-08 00:00:00+00:00,0.015494956852278731,16.135087709850715,-0.14906938525788604,0.02747779245331894,3.3072828746368645,-0.6479001570252532,in_sample
2022-08-09 00:00:00+00:00,-0.0037620343935654277,16.074386954943062,-0.15227061549708365,-0.0279024045974694,3.215001729750465,-0.65772458930264,in_sample
2022-08-10 00:00:00+00:00,0.018476303880941708,16.371382213022436,-0.1366077097802041,0.034602120984261076,3.326247608567899,-0.6458811341317523,in_sample
2022-08-11 00:00:00+00:00,-0.0076784395468701035,16.24567554440104,-0.1432372152858905,-0.0009899377216395777,3.3229548305886643,-0.6462316897550195,in_sample
2022-08-12 00:00:00+00:00,0.006919510680613001,16.358087669844295,-0.1373088360463095,0.019663673005201332,3.3882963277884137,-0.6392753053827596,in_sample
2022-08-13 00:00:00+00:00,-0.0005504875404354904,16.349082746396693,-0.1377837367833099,0.0017016914402869787,3.3940621626465672,-0.6386614632576293,in_sample
2022-08-14 00:00:00+00:00,-0.0022413985547722554,16.312437935957067,-0.13971630706958482,-0.005522125342830253,3.375319725963075,-0.6406568199487155,in_sample
2022-08-15 00:00:00+00:00,-0.011723439491553758,16.121200056855148,-0.14980179088922507,-0.008598795592345332,3.3462960415807075,-0.6437467385014799,in_sample
2022-08-16 00:00:00+00:00,0.004629709312286456,16.195836526883603,-0.1458656203232156,-0.010055967980336478,3.3126457957338453,-0.6473292098919994,in_sample
2022-08-17 00:00:00+00:00,-0.012652211371473916,15.990923379807635,-0.156672309034529,-0.021385731661284324,3.2418024416574,-0.6548713327740223,in_sample
2022-08-18 00:00:00+00:00,-0.01335963161041661,15.777290534343006,-0.167938856312691,-0.006342920572062871,3.2212399462596473,-0.6570604564973785,in_sample
2022-08-19 00:00:00+00:00,-0.033981956103710714,15.241147339969473,-0.19621392157307638,-0.10179813759699108,2.8933237189773835,-0.6919710633343077,in_sample
2022-08-20 00:00:00+00:00,-0.004833430432258512,15.167480314593929,-0.20009896566557084,0.014545087851562277,2.9354073666529183,-0.687490755389682,in_sample
2022-08-21 00:00:00+00:00,0.01260278956372294,15.358632877210665,-0.1900179812580497,0.01788165355597826,2.9878973042290724,-0.6819025733445198,in_sample
2022-08-22 00:00:00+00:00,-0.0022901759132854245,15.323458906134285,-0.1918729825675668,-0.0055148426456363975,2.971419520754928,-0.6836568305985066,in_sample
2022-08-23 00:00:00+00:00,0.005681858202398104,15.410524626809213,-0.18728131944498883,0.006134567728059093,2.989647895053476,-0.6817162020005043,in_sample
2022-08-24 00:00:00+00:00,-0.0030931016370008228,15.362858307858987,-0.18979514092623473,-0.0075889247241869295,2.9669596822260913,-0.6841316337844507,in_sample
2022-08-25 00:00:00+00:00,0.0025682894660377154,15.402314575019291,-0.18771430032134306,0.009056469475389628,2.9938298620228836,-0.6812709815675784,in_sample
2022-08-26 00:00:00+00:00,-0.03460904629964821,14.869255156770702,-0.21582673371006378,-0.06123916967927856,2.810490207111573,-0.7007896820090714,in_sample
2022-08-27 00:00:00+00:00,0.0004441084331858078,14.875858718381016,-0.21547847574942558,-0.010124229436394794,2.7820361594260348,-0.7038189559181482,in_sample
2022-08-28 00:00:00+00:00,-0.015084618532782845,14.651462064266665,-0.22731268367350288,-0.0237915690749555,2.715847153970026,-0.7108655676871141,in_sample
2022-08-29 00:00:00+00:00,0.015290693147439782,14.87549307485272,-0.21549775902063573,0.03724261414503127,2.816992401602213,-0.7000974455884426,in_sample
2022-08-30 00:00:00+00:00,-0.007780279510994609,14.759757580866502,-0.2216014057324568,-0.023299055510345057,2.751359139265063,-0.7070848918513717,in_sample
2022-08-31 00:00:00+00:00,-0.0020286728077981105,14.729814862012507,-0.2231805217942756,0.012038519221738042,2.78448142914901,-0.7035586276915871,in_sample
2022-09-01 00:00:00+00:00,0.002383313212454682,14.764920624390152,-0.22132911766817576,0.004041613651672771,2.795735227305888,-0.7023605261943446,in_sample
2022-09-02 00:00:00+00:00,0.004777251637563365,14.835456365621512,-0.21760921092043328,-0.009019754006708958,2.7705183832876985,-0.705045161030758,in_sample
2022-09-03 00:00:00+00:00,0.003055816810627904,14.880790802576914,-0.21521836799468352,-0.006032796750413683,2.753804408988039,-0.7068245636248105,in_sample
2022-09-04 00:00:00+00:00,0.008296668949338988,15.004251797570262,-0.20870729459641346,0.008677796445130559,2.7777013630989402,-0.7042804468652342,in_sample
2022-09-05 00:00:00+00:00,0.001325536675886907,15.024140483622183,-0.20765840709403927,-0.010393793734713164,2.748830508074258,-0.7073540949038386,in_sample
2022-09-06 00:00:00+00:00,-0.02148229161566049,14.701387516478361,-0.22467972025206207,-0.0507154446067456,2.6094223467086857,-0.7221957620931339,in_sample
2022-09-07 00:00:00+00:00,0.01697741385517543,14.950979056590924,-0.2115167869924709,0.026914783164283973,2.679654383354387,-0.7147187212677514,in_sample
2022-09-08 00:00:00+00:00,-0.01185538737784192,14.773729408197037,-0.22086456092360063,0.0011562192150151862,2.682752651242021,-0.7143888735715971,in_sample
2022-09-09 00:00:00+00:00,0.0124434925109723,14.957566199447067,-0.21116939492242037,0.10578840247963428,2.9665567684649177,-0.6841745287763275,in_sample
2022-09-10 00:00:00+00:00,0.004348487677271351,15.022608991747331,-0.20773917475678616,0.013464780816785371,3.006500805132849,-0.6799220080299428,in_sample
2022-09-11 00:00:00+00:00,-0.003651465270440868,14.967754456742552,-0.21063208764529262,0.008355091383811963,3.031620394105238,-0.6772477271570859,in_sample
2022-09-12 00:00:00+00:00,0.002198685503109821,15.000663841480698,-0.2088965158597783,0.02592539974244179,3.110216364689755,-0.6688802454658518,in_sample
2022-09-13 00:00:00+00:00,-0.029971628394864214,14.551069519147562,-0.23260717550831145,-0.09932547127669078,2.8012926584944693,-0.7017688711339782,in_sample
2022-09-14 00:00:00+00:00,0.00795955800616254,14.66688960103692,-0.22649906780825702,0.0027030378177308467,2.8088646584889116,-0.7009627411142287,in_sample
2022-09-15 00:00:00+00:00,0.01466176685261152,14.881932116820314,-0.21515817748018407,-0.026027600534203943,2.7357566512031193,-0.7087459634333508,in_sample
2022-09-16 00:00:00+00:00,0.006209544925046063,14.974342142871196,-0.21028466692419223,0.005164848558717905,2.7498864200000885,-0.7072416804423689,in_sample
2022-09-17 00:00:00+00:00,-0.012531456162351073,14.78669183074776,-0.22018095000136817,0.015637236326891513,2.7928870438217395,-0.7026637494127825,in_sample
2022-09-18 00:00:00+00:00,0.021494503771572353,15.104524434072845,-0.20341912649002858,-0.03469803999602028,2.695979337470846,-0.7129807345279247,in_sample
2022-09-19 00:00:00+00:00,0.00834809592306537,15.230618452920769,-0.19676919294748818,0.006395423741915485,2.7132212677334206,-0.7111451247031373,in_sample
2022-09-20 00:00:00+00:00,0.007901985127678113,15.350970573421087,-0.19042207505606645,-0.033888758026689,2.6212735687183364,-0.7209340576769021,in_sample
2022-09-21 00:00:00+00:00,0.008500205226831698,15.481456973726221,-0.1835404965469304,-0.022224224563783923,2.563017796284029,-0.7271360818471946,in_sample
2022-09-22 00:00:00+00:00,-0.016746951232372433,15.222189768781156,-0.19721370403446603,0.051226453448976805,2.694312108114272,-0.7131582310460345,in_sample
2022-09-23 00:00:00+00:00,-0.006848487640379202,15.117940790290152,-0.2027115760602517,-0.005765115379657071,2.678779087942186,-0.714811906939759,in_sample
2022-09-24 00:00:00+00:00,0.003643253193477836,15.173019276353186,-0.1998068524636103,-0.019174615029537323,2.6274145301817193,-0.7202802788351971,in_sample
2022-09-25 00:00:00+00:00,0.006612642246404243,15.273353024625505,-0.19451546145092802,-0.005885463486859477,2.611950977899491,-0.7219265590406669,in_sample
2022-09-26 00:00:00+00:00,-0.007562959076849396,15.15784128073399,-0.20060730805300941,0.022159928083958613,2.669831623728569,-0.7157644715869493,in_sample
2022-09-27 00:00:00+00:00,0.004910332939312445,15.23227132806365,-0.1966820237862964,-0.007608124352763035,2.649519212734303,-0.717926970832589,in_sample
2022-09-28 00:00:00+00:00,-0.0012294440121428999,15.213544103288026,-0.19766965826199911,0.017682130665282347,2.696368357654047,-0.712939318673699,in_sample
2022-09-29 00:00:00+00:00,-0.0022774009715947896,15.178896763165797,-0.19949688616181327,0.009027530877556478,2.7207099062600353,-0.7103478695092933,in_sample
2022-09-30 00:00:00+00:00,0.006682113057488104,15.280323867425212,-0.1941478338522752,-0.008722073279713971,2.6969796750847914,-0.7128742366170585,in_sample
2022-10-01 00:00:00+00:00,0.0026118572782182882,15.32023389253188,-0.19204306300695428,-0.005548200312182949,2.6820162916095347,-0.7144672678670956,in_sample
2022-10-02 00:00:00+00:00,0.008754302242670788,15.454351850455513,-0.18496996378145458,-0.013188976377952688,2.6466432420942123,-0.7182331523263288,in_sample
2022-10-03 00:00:00+00:00,-0.013206608464466064,15.25025227649445,-0.19573374635657248,0.030058689512530545,2.7261978695587596,-0.7097636101371814,in_sample
2022-10-04 00:00:00+00:00,-0.016458335729909714,14.999258504562084,-0.20897063037527275,0.03623483844664155,2.8249812089357995,-0.6992469414391655,in_sample
2022-10-05 00:00:00+00:00,-0.00011618112547178162,14.997515873827782,-0.20906253305771705,-0.009000147543402393,2.799555961248038,-0.7019537633403428,in_sample
2022-10-06 00:00:00+00:00,0.006890996500278445,15.100863703227198,-0.20361218574107876,-0.009727047146401935,2.772324548423988,-0.7048528731361388,in_sample
2022-10-07 00:00:00+00:00,0.004529109618346678,15.169257170270825,-0.20000525803158464,-0.021704921319033676,2.7121514622296194,-0.7112590183022578,in_sample
2022-10-08 00:00:00+00:00,0.005434702651570611,15.251697572436452,-0.19565752448616636,-0.005875753679389861,2.6962155282963614,-0.712955589187859,in_sample
2022-10-09 00:00:00+00:00,-0.0055781730555506835,15.16662096398648,-0.20014428601051248,0.0012264121775513726,2.699522199853567,-0.7126035544269409,in_sample
2022-10-10 00:00:00+00:00,0.0131046776305093,15.365374642463646,-0.18966243472775945,-0.015748841996911955,2.657007851260917,-0.7171297156387451,in_sample
2022-10-11 00:00:00+00:00,0.007630906654044035,15.482626382064701,-0.18347882440890173,-0.003608031792512012,2.6474212824606136,-0.7181503206178774,in_sample
2022-10-12 00:00:00+00:00,-0.0031841600575405918,15.433327221553107,-0.186078758522355,0.004880608764104011,2.6603423099740664,-0.7167747226025252,in_sample
2022-10-13 00:00:00+00:00,0.002868135073637101,15.47759208866016,-0.18374432246249484,0.01135888865677881,2.6905608420619798,-0.7135575982117819,in_sample
2022-10-14 00:00:00+00:00,0.003550733410039592,15.53254889199633,-0.18084601615712792,-0.010374118922826803,2.662648643917328,-0.7165291857524729,in_sample
2022-10-15 00:00:00+00:00,0.00038783684702219437,15.538572986784821,-0.18052831805880853,-0.0054371080012104445,2.648171535671073,-0.7180704471847279,in_sample
2022-10-16 00:00:00+00:00,-0.0030479989373580207,15.491211432833042,-0.18302606687456013,0.010047008457325202,2.674777737486408,-0.7152378985832228,in_sample
2022-10-17 00:00:00+00:00,-0.010367204582223387,15.330610874682383,-0.19149580277761535,0.014995922480378399,2.714888497089996,-0.7109676281850272,in_sample
2022-10-18 00:00:00+00:00,0.006405050799587765,15.428804216123439,-0.18631729232272598,-0.01124325762770828,2.6843643062867115,-0.7142172936040905,in_sample
2022-10-19 00:00:00+00:00,0.007769857618493664,15.548683828106332,-0.17999509353744314,-0.010568865839583053,2.655993620069002,-0.7172376926872619,in_sample
2022-10-20 00:00:00+00:00,-0.0025454209697101885,15.509105882238876,-0.1820823512216182,-0.004289443261650816,2.6446008861324093,-0.7184505855610133,in_sample
2022-10-21 00:00:00+00:00,-0.0010216344340054785,15.493261245628943,-0.18291796405579097,0.006104640472400336,2.660745223735239,-0.7167318276106485,in_sample
2022-10-22 00:00:00+00:00,0.001611828886980016,15.518233731658176,-0.18160096762722366,0.0023079855254843906,2.6668861851986216,-0.7160780487689434,in_sample
2022-10-23 00:00:00+00:00,0.011088293408146998,15.690304460451008,-0.17252631903133064,0.019046527499205546,2.7176811062622583,-0.710670321517193,in_sample
2022-10-24 00:00:00+00:00,-0.005387301804677858,15.605776054915276,-0.1769841694861365,-0.012402419136329557,2.68397528610351,-0.7142587094583164,in_sample
2022-10-25 00:00:00+00:00,0.016846531371290923,15.868679250797747,-0.16311920747831565,0.03883404682655134,2.78820490804536,-0.7031622188011414,in_sample
2022-10-26 00:00:00+00:00,0.01406742713072615,16.091910739819212,-0.15134644791241247,0.03438258347742451,2.8840705960483946,-0.692956169009818,in_sample
2022-10-27 00:00:00+00:00,-0.0057647246105811175,15.999145305946103,-0.1562387019299888,-0.022776431596036262,2.818381759399359,-0.6999495318233508,in_sample
2022-10-28 00:00:00+00:00,0.015168574147943658,16.24182952782307,-0.14344004611704864,0.014655788617485399,2.8596873667084926,-0.6955520555871764,in_sample
2022-10-29 00:00:00+00:00,0.025919031799699864,16.66280202384002,-0.1212388414340071,0.010392172104864317,2.8894057299894333,-0.6923881801518661,in_sample
2022-10-30 00:00:00+00:00,0.0014448693000838563,16.68687759493764,-0.1199691464138889,-0.00870811234474711,2.864244460283129,-0.6950668984376758,in_sample
2022-10-31 00:00:00+00:00,0.0072744559337344725,16.80826555067364,-0.11356740074914995,-0.0064805293079026605,2.8456826401132664,-0.6970430263393002,in_sample
2022-11-01 00:00:00+00:00,0.001215328478099794,16.828693114464837,-0.11249009396736431,-0.0004833512352310221,2.8443071758940923,-0.6971894609667408,in_sample
2022-11-02 00:00:00+00:00,-0.011481111492178264,16.635481012550013,-0.12267969414893765,-0.016217193155562915,2.798180497028864,-0.7021001979677834,in_sample
2022-11-03 00:00:00+00:00,-0.007073900010137539,16.517803283246693,-0.1288857702693914,0.002959270311468254,2.8064610694998513,-0.7012186319278372,in_sample
2022-11-04 00:00:00+00:00,0.026842202806081305,16.961177508886557,-0.10550314544769901,0.04643138264429658,2.936768937294121,-0.6873457998998922,in_sample
2022-11-05 00:00:00+00:00,0.007390207484000694,17.086524129850194,-0.09889262809877153,0.007205169934145994,2.957928856544646,-0.6850930732575464,in_sample
2022-11-06 00:00:00+00:00,-0.023979277093356434,16.676801633178194,-0.12050053146045736,-0.018313848350626438,2.9037577960339456,-0.6908602309584695,in_sample
2022-11-07 00:00:00+00:00,-0.004517762460755382,16.601459804794356,-0.12447390114367973,-0.015377990430622046,2.8591038364336914,-0.6956141793685149,in_sample
2022-11-08 00:00:00+00:00,-0.037117370210877035,15.98525727517881,-0.1569711274842146,-0.09935564129726993,2.575035741229337,-0.7258566277791518,in_sample
2022-11-09 00:00:00+00:00,-0.07427792822046964,14.797905482707339,-0.21958956556472553,-0.14184741556059133,2.209773576359804,-0.7647431566217444,in_sample
2022-11-10 00:00:00+00:00,0.06727828925060325,15.79348324807601,-0.16708488662260024,0.1058157812008802,2.44360249361938,-0.7398492699568211,in_sample
2022-11-11 00:00:00+00:00,-0.025075506529160557,15.397453655770692,-0.1879706549863318,-0.030117125312713267,2.3700082111045866,-0.7476842620937254,in_sample
2022-11-12 00:00:00+00:00,0.012894958102141963,15.596003175541528,-0.1774995706046707,-0.014737693674047092,2.335079756084351,-0.7514028141481292,in_sample
2022-11-13 00:00:00+00:00,0.027205709291142854,16.020303504039052,-0.15512286303070122,-0.028898845117184102,2.2675986478769974,-0.7585869857186303,in_sample
2022-11-14 00:00:00+00:00,0.003956418466389299,16.083686528659594,-0.15178017552416567,0.017400681322451872,2.3070564093159276,-0.7543862347900276,in_sample
2022-11-15 00:00:00+00:00,-0.00941052358989204,15.932330617169216,-0.15976236819180956,0.017048876255630674,2.3463891285531147,-0.7501987961002832,in_sample
2022-11-16 00:00:00+00:00,0.00811406052201714,16.061606512053714,-0.15294462919444152,-0.014074832872462029,2.3133640937149678,-0.7537147062965115,in_sample
2022-11-17 00:00:00+00:00,0.0034312941050837487,16.1167186077967,-0.1500381330939169,0.0018918237180642894,2.317740570775976,-0.7532487779364729,in_sample
2022-11-18 00:00:00+00:00,0.0024808355486569296,16.156701536246622,-0.14792951747949334,0.00045557813464736086,2.3187964827018064,-0.7531363634750032,in_sample
2022-11-19 00:00:00+00:00,0.0012246800996287884,16.176488327093704,-0.14688600371606952,0.00019173502219937966,2.319241077196893,-0.7530890310701739,in_sample
2022-11-20 00:00:00+00:00,0.018252962783521766,16.471757166496218,-0.13131414569179745,-0.02517836924680561,2.260846368982871,-0.7593058466169755,in_sample
2022-11-21 00:00:00+00:00,0.014984788143014807,16.718582957979347,-0.11829707220215535,-0.030701916104371785,2.191434053437485,-0.766695618320954,in_sample
2022-11-22 00:00:00+00:00,-0.014199042030537238,16.481195095867974,-0.13081640913240467,0.028377607303620156,2.2536217084377146,-0.7600749981954521,in_sample
2022-11-23 00:00:00+00:00,-0.028373164805357932,16.013571431223657,-0.15547789840220372,0.02313108023131072,2.305750412986611,-0.7545252737292137,in_sample
2022-11-24 00:00:00+00:00,-0.000839973897216201,16.000120449220223,-0.15618727492316797,-0.0002048711119679858,2.3052780313355816,-0.7545755644093448,in_sample
2022-11-25 00:00:00+00:00,-0.0010310436922592817,15.983623625955666,-0.15705728271080655,-0.0045984908753406994,2.2946772313433614,-0.7557041464369941,in_sample
2022-11-26 00:00:00+00:00,-0.0011591800901833147,15.965095727679474,-0.1580344051258532,-0.004050593057682961,2.285382427680459,-0.7566936895254572,in_sample
2022-11-27 00:00:00+00:00,-0.004173994701098627,15.898457502709608,-0.16154876505736526,-0.0016170999197531177,2.2816867359400517,-0.757087140140601,in_sample
2022-11-28 00:00:00+00:00,0.012803226399740927,16.102009053523457,-0.1508138840712525,-0.01328047933944676,2.25138484238431,-0.7603131393572496,in_sample
2022-11-29 00:00:00+00:00,-0.006867277553918305,15.991432088177206,-0.156645480824269,0.014113363571847337,2.283159455205026,-0.7569303515496039,in_sample
2022-11-30 00:00:00+00:00,-0.020148866410463498,15.669222859320524,-0.17363811836780152,0.04381982815276375,2.383207110177468,-0.7462790813253548,in_sample
2022-12-01 00:00:00+00:00,0.004980144079429489,15.74725784677263,-0.1695227171355247,-0.010656841540694795,2.3578096496456498,-0.74898294495123,in_sample
2022-12-02 00:00:00+00:00,-0.0074626704980962685,15.629741250213605,-0.1757202954536965,0.0066291505848383725,2.373439924863536,-0.747318915093949,in_sample
2022-12-03 00:00:00+00:00,0.008960142761549229,15.769785963141596,-0.168334631625514,-0.011912427559562122,2.3451664936916266,-0.7503289602135639,in_sample
2022-12-04 00:00:00+00:00,-0.00960373537682871,15.618337111802356,-0.17632172574545524,0.013033561420658257,2.375732365228826,-0.7470748573815478,in_sample
2022-12-05 00:00:00+00:00,-0.0015312347627949585,15.594421771079714,-0.17758297055235273,-0.008257551390391527,2.3561146331331324,-0.7491633997446417,in_sample
2022-12-06 00:00:00+00:00,-0.005755221215661827,15.504672424056817,-0.18231616248835147,0.007093871437584998,2.372828607432792,-0.7473839971505893,in_sample
2022-12-07 00:00:00+00:00,0.013405072861885714,15.71251368760097,-0.17135505106852145,-0.014673333879826167,2.3380113010363273,-0.7510907161037859,in_sample
2022-12-08 00:00:00+00:00,-0.007262226470139845,15.598405854786439,-0.17737285835099936,0.023056810078440737,2.39191838356557,-0.7453516620182301,in_sample
2022-12-09 00:00:00+00:00,0.0028563324009524384,15.642960086832673,-0.1750231617924044,-0.005460037174721211,2.378858420272403,-0.7467420514100916,in_sample
2022-12-10 00:00:00+00:00,-0.000769936406563693,15.630916002355399,-0.17565834149471216,-0.00011680878402053896,2.3785805487129736,-0.74677163416311,in_sample
2022-12-11 00:00:00+00:00,0.007723493599110193,15.751641282047819,-0.1692915439717667,-0.002494158878504682,2.3726479909191625,-0.7474032259400514,in_sample
2022-12-12 00:00:00+00:00,0.0026087401015363067,15.79273322032531,-0.16712444150984063,0.007184976547814914,2.3896954110901367,-0.7455883240423768,in_sample
2022-12-13 00:00:00+00:00,-0.00919433845950764,15.647529485896928,-0.1747821812892506,0.033552325581395204,2.469875249563399,-0.7370522206589383,in_sample
2022-12-14 00:00:00+00:00,7.203869069319932e-05,15.648656713433676,-0.17472273367805402,0.0015075574756289178,2.473598728459749,-0.7366558117684927,in_sample
2022-12-15 00:00:00+00:00,-0.008469756836289245,15.516116396256328,-0.18171263144631844,-0.02539331270114986,2.410785862450804,-0.7433429930882858,in_sample
2022-12-16 00:00:00+00:00,-0.03458680121258674,14.979463562867652,-0.21001457399725532,-0.04193801219470028,2.309682295552531,-0.7541066777740045,in_sample
2022-12-17 00:00:00+00:00,0.006216096779529367,15.07257735807987,-0.2051039481348046,0.008656107699063442,2.3296751542534535,-0.7519781986943359,in_sample
2022-12-18 00:00:00+00:00,3.593013738212151e-06,15.07263151405739,-0.2051010920623697,-0.0022483301526717847,2.324437275358215,-0.7525358335887313,in_sample
2022-12-19 00:00:00+00:00,-0.02087623636998278,14.757971695852277,-0.2216955895547168,-0.01799728636067488,2.2826037120861664,-0.7569895170556407,in_sample
2022-12-20 00:00:00+00:00,-0.0026860345437101875,14.71833127408212,-0.2237861420866949,0.027877194263871585,2.346236299195427,-0.7502150666144435,in_sample
2022-12-21 00:00:00+00:00,0.0006862582798508869,14.728431850784546,-0.2232534588997669,-0.004003031882135688,2.3368442404867236,-0.751214963666463,in_sample
2022-12-22 00:00:00+00:00,-0.004329726419204972,14.664661770286745,-0.2266165589197946,-0.00024376322861419109,2.336274603789894,-0.7512756083101506,in_sample
2022-12-23 00:00:00+00:00,0.0029623440008178627,14.70810354310598,-0.22432553112277864,-0.0023252356456839873,2.3308422148030554,-0.7518539511316589,in_sample
2022-12-24 00:00:00+00:00,-1.3712649088487474e-05,14.707901856043335,-0.2243361676745773,0.0031293960563649748,2.338136343238069,-0.7510774038649277,in_sample
2022-12-25 00:00:00+00:00,0.0024123180899701118,14.743381993756175,-0.222465019780123,-0.00026739715608270487,2.337511132229354,-0.751143965059219,in_sample
2022-12-26 00:00:00+00:00,-0.001424950826968152,14.722373399391865,-0.223572968893184,0.005260217303440173,2.3498069487340905,-0.749834928238158,in_sample
2022-12-27 00:00:00+00:00,0.009158741832421276,14.8572118165174,-0.21646187416356344,-0.012694452163733105,2.3199774368293777,-0.7530106367746756,in_sample
2022-12-28 00:00:00+00:00,0.012758855314070151,15.046772832454838,-0.20646482458295867,-0.009533961744379704,2.297858860698822,-0.7553654239149346,in_sample
2022-12-29 00:00:00+00:00,0.0011920838153680505,15.064709846821927,-0.2055188641434188,0.0055202853860572,2.31054369738676,-0.7540149712396479,in_sample
2022-12-30 00:00:00+00:00,0.0017491003783817068,15.091059536515212,-0.20412923688807505,-0.0017498181031009308,2.3065006661970666,-0.7544454002960646,in_sample
2022-12-31 00:00:00+00:00,0.001784218953295902,15.11798529096558,-0.2027092291881567,-0.0038310483579501176,2.2976643506072216,-0.7553861318420474,in_sample
2023-01-01 00:00:00+00:00,-0.001922139844877718,15.08892640906354,-0.2042417335466874,0.004396042956656299,2.307764981792469,-0.7543107987698312,in_sample
2023-01-02 00:00:00+00:00,-0.015481875797862534,14.855321524475329,-0.21656156419303996,0.0033533409992594354,2.315503704722569,-0.7534869190982707,in_sample
2023-01-03 00:00:00+00:00,-0.010261911223171948,14.702877533799487,-0.22460113987011177,7.20028801153294e-05,2.3156704276582265,-0.7534691694464597,in_sample
2023-01-04 00:00:00+00:00,-0.01974512586548336,14.412567366309828,-0.2399114879593287,0.010493664202745334,2.3399702955302994,-0.750882157695007,in_sample
2023-01-05 00:00:00+00:00,0.004571785279966467,14.47845852964165,-0.23643652648850955,-0.0010865628395508864,2.3374277707615234,-0.7511528398851246,in_sample
2023-01-06 00:00:00+00:00,-0.00691982209240476,14.37827017244427,-0.24172024988146767,0.007132752410276,2.3541000643272687,-0.749377874704025,in_sample
2023-01-07 00:00:00+00:00,0.0015482860882317761,14.400531848125103,-0.24054621589337122,-0.00043083605802707314,2.353085833135353,-0.7494858517525418,in_sample
2023-01-08 00:00:00+00:00,-0.01553983456952609,14.176749965492046,-0.2523480020615889,0.011112095179051096,2.3792335468776296,-0.7467021146935171,in_sample
2023-01-09 00:00:00+00:00,-0.00894197846675983,14.049981772571979,-0.2590334901277841,0.002627783260436667,2.385485656964784,-0.7460365027506047,in_sample
2023-01-10 00:00:00+00:00,-0.007674307108082887,13.942157897586293,-0.26471989468134793,0.01509053740018751,2.421483917488822,-0.7422040570970803,in_sample
2023-01-11 00:00:00+00:00,0.019348469011465128,14.211917307620695,-0.2504933503488431,0.029084044799412512,2.491910464226124,-0.7347063083445851,in_sample
2023-01-12 00:00:00+00:00,0.005208391043624322,14.285938530438434,-0.24658962662766326,0.05030748730186163,2.617272218262556,-0.7213600493203662,in_sample
2023-01-13 00:00:00+00:00,0.02026842486329536,14.575492002144282,-0.23131918508373883,0.057660048837456346,2.7681842621884925,-0.7052936561561121,in_sample
2023-01-14 00:00:00+00:00,0.034615943822109196,15.08003641447011,-0.20471057317746444,0.052127563465534266,2.9124829630000164,-0.6899313325136942,in_sample
2023-01-15 00:00:00+00:00,-0.006982534425536041,14.974739541067734,-0.21026370897851765,-0.0038210544392923707,2.9013542070448817,-0.6911161217720783,in_sample
2023-01-16 00:00:00+00:00,-0.005662594207252847,14.889943667687366,-0.21473566512531317,0.014634122982181363,2.943812981325646,-0.6865958771108778,in_sample
2023-01-17 00:00:00+00:00,0.00030885471595466524,14.89454249700943,-0.21449313253221602,-0.002709042254451677,2.9358380675700313,-0.6874449021225038,in_sample
2023-01-18 00:00:00+00:00,-0.014852617452074862,14.673319555177677,-0.22615996554069273,-0.02133841909241918,2.873191924496744,-0.6941143337904858,in_sample
2023-01-19 00:00:00+00:00,0.018129677844894897,14.939342111628246,-0.21213049501246306,0.018776595744680824,2.9271406877599007,-0.6883708422919774,in_sample
2023-01-20 00:00:00+00:00,0.0296463964567293,15.382239770672289,-0.18877300331143543,0.07560173340990972,3.1484375976892243,-0.6648111377881809,in_sample
2023-01-21 00:00:00+00:00,-0.006770284467224507,15.278097631681783,-0.1942652408465092,0.005330720927051225,3.165221039878741,-0.6630243395058738,in_sample
2023-01-22 00:00:00+00:00,0.0005307897100595203,15.286207088693963,-0.19383756512731332,-0.00339304447829214,3.1544813041068065,-0.6641677129100323,in_sample
2023-01-23 00:00:00+00:00,0.0030238205637540426,15.33242983603056,-0.1913998745790192,0.009183161121534944,3.183449414177289,-0.6610837109078715,in_sample
2023-01-24 00:00:00+00:00,-0.02415399787898133,14.962090358291448,-0.21093080029338163,-0.012468849697334639,3.143755461912844,-0.6653096071765396,in_sample
2023-01-25 00:00:00+00:00,0.01897738361500607,15.246031686703127,-0.19595633139176338,0.0191449304825122,3.2039424416851836,-0.6589019828727698,in_sample
2023-01-26 00:00:00+00:00,-0.0018503416449174809,15.217821319353488,-0.19744408687612147,-0.0025454671604380197,3.1957869114159405,-0.6597702366738577,in_sample
2023-01-27 00:00:00+00:00,0.01340746314127796,15.421853697783273,-0.18668384805209837,0.0028736756528808804,3.204970566455072,-0.6587925266866019,in_sample
2023-01-28 00:00:00+00:00,-0.0005043434351257047,15.414075787113328,-0.18709403871401498,-0.002258539968787887,3.1977320123319446,-0.6595631574027294,in_sample
2023-01-29 00:00:00+00:00,0.014180292557636554,15.632651891280178,-0.17556679436113287,0.0314738941340551,3.298377091157159,-0.6488482842594909,in_sample
2023-01-30 00:00:00+00:00,-0.016823359176253244,15.369658173635838,-0.18943653029642538,-0.03876951849808119,3.1705005995078945,-0.6624622671985255,in_sample
2023-01-31 00:00:00+00:00,0.0009918235718998636,15.384902162904496,-0.18863259434065227,0.013124509748070778,3.2121118655324,-0.6580322499340308,in_sample
2023-02-01 00:00:00+00:00,0.01116725143757626,15.556709233700161,-0.1795718505134004,0.026410720001384114,3.2969460526261,-0.6490006354375353,in_sample
2023-02-02 00:00:00+00:00,-0.003628698534450886,15.500258625702955,-0.18254893693706464,-0.009983143699957897,3.2640321664117247,-0.6525047125325563,in_sample
2023-02-03 00:00:00+00:00,0.0058141624709432856,15.590379647694434,-0.17779614364437135,-0.002911493161821932,3.25452895907925,-0.653516442685783,in_sample
2023-02-04 00:00:00+00:00,-0.003493692551175459,15.535911654449286,-0.18066867113286877,-0.004358647069119481,3.2403436159703944,-0.6550266422273687,in_sample
2023-02-05 00:00:00+00:00,-0.012225217222075252,15.345981759730673,-0.19068517460512102,-0.01686775916921779,3.1856862802306933,-0.660845569746074,in_sample
2023-02-06 00:00:00+00:00,-0.013094271951461036,15.145037301206598,-0.2012825630231908,-0.007479545732079651,3.161858794009649,-0.6633822908173956,in_sample
2023-02-07 00:00:00+00:00,0.021229226559999356,15.466554729333554,-0.18432640959618818,0.020933574130953314,3.228047799465657,-0.6563356790484298,in_sample
2023-02-08 00:00:00+00:00,-0.0024598900630156016,15.428508705045779,-0.18633287695588674,-0.011973779918309613,3.1893958655490713,-0.6604506399932792,in_sample
2023-02-09 00:00:00+00:00,-0.03151340654574069,14.942303837829172,-0.2119742997972791,-0.05064057606105621,3.0278830216309154,-0.6776456151851826,in_sample
2023-02-10 00:00:00+00:00,-0.0007428990158464652,14.93120321501357,-0.21255972331442152,-0.008020776932465945,3.0035970473368128,-0.6802311477989845,in_sample
2023-02-11 00:00:00+00:00,0.00805672693098576,15.05149984206799,-0.20621553203070586,0.01076387925212563,3.0359274032763874,-0.676789194485302,in_sample
2023-02-12 00:00:00+00:00,-0.002045864982054218,15.02070650561371,-0.20783950787702277,-0.003670262181197481,3.024784753743281,-0.6779754628813369,in_sample
2023-02-13 00:00:00+00:00,-0.010709134613322797,14.85984773765788,-0.21632286122252375,-0.0002250690135086053,3.02410396842268,-0.6780479406262319,in_sample
2023-02-14 00:00:00+00:00,0.006219462373964791,14.95226800154509,-0.2114488107445608,0.01935110400529272,3.0826237188384455,-0.6718178128405718,in_sample
2023-02-15 00:00:00+00:00,0.02458683670612459,15.31989697328529,-0.19206083141991692,0.09668550618819682,3.3806687534820825,-0.640087351953113,in_sample
2023-02-16 00:00:00+00:00,-0.0218292991662745,14.985474359058943,-0.20969757723900273,-0.03312428593738437,3.268686515032161,-0.6520092014194994,in_sample
2023-02-17 00:00:00+00:00,0.013266461506685657,15.184278577802825,-0.1992130605688034,0.044838608213681574,3.4152498690530324,-0.636405778339982,in_sample
2023-02-18 00:00:00+00:00,0.008586341909168412,15.314655985315904,-0.19233723011045045,0.0022537273966194427,3.4229469112492183,-0.6355863360813743,in_sample
2023-02-19 00:00:00+00:00,-0.020179600961634035,15.005612338667527,-0.20863554251838967,-0.015058712743892255,3.3714017369751232,-0.6410739367662741,in_sample
2023-02-20 00:00:00+00:00,0.003576649490272502,15.059282154389848,-0.20580510923491835,0.02406669441479603,3.452540232328416,-0.6324357728849224,in_sample
2023-02-21 00:00:00+00:00,-0.003292261957133595,15.00970305265121,-0.20841980686033412,-0.016358214721186037,3.3960628378744544,-0.6384484674358976,in_sample
2023-02-22 00:00:00+00:00,-0.008782738365873089,14.877876757790327,-0.2153720485922871,-0.011131839269496124,3.358258412214127,-0.6424732009840411,in_sample
2023-02-23 00:00:00+00:00,0.005316054299538454,14.956968358496583,-0.21120092379766797,-0.010032559274842479,3.3245664856333503,-0.6460601097875135,in_sample
2023-02-24 00:00:00+00:00,-0.014934467618916094,14.733593998869463,-0.2229812180590427,-0.03147671425228182,3.2199200563523567,-0.6572009745742159,in_sample
2023-02-25 00:00:00+00:00,-0.008666564324950377,14.605904358740558,-0.22971530131442863,-0.0012685755708589097,3.2158353444287493,-0.6576358410435853,in_sample
2023-02-26 00:00:00+00:00,0.013210584692104517,14.798856895276478,-0.21953939006541068,0.017242571134786555,3.271284614112823,-0.651732602678778,in_sample
2023-02-27 00:00:00+00:00,-0.003086177262092627,14.753184999621313,-0.22194802985374973,-0.0027733772769936715,3.2622121076974633,-0.6526984795648263,in_sample
2023-02-28 00:00:00+00:00,-0.011427393565933391,14.584594548279616,-0.23083913593136074,-0.014923339011925107,3.2135290104854874,-0.6578813778936374,in_sample
2023-03-01 00:00:00+00:00,0.010778802382977726,14.741799010751377,-0.22254850297684448,0.021193622025456493,3.281635329701556,-0.6506306451288453,in_sample
2023-03-02 00:00:00+00:00,-0.009683974479270907,14.599039805352719,-0.23007732343288767,-0.006888288639192552,3.259030478342,-0.6530372020868862,in_sample
2023-03-03 00:00:00+00:00,-0.016535295362687677,14.357640370159578,-0.242808222296356,-0.04750374087163367,3.1042143390060852,-0.6695192329310478,in_sample
2023-03-04 00:00:00+00:00,-0.004166468885697689,14.297819708285271,-0.24596303827866428,-0.000317775748786997,3.103227894970112,-0.6696242517042628,in_sample
2023-03-05 00:00:00+00:00,0.0003405737302471849,14.302689170077722,-0.24570623309786666,0.0037473640852985213,3.11485681973222,-0.6683862134904457,in_sample
2023-03-06 00:00:00+00:00,0.001522892359284927,14.32447062613206,-0.24455752488359528,-0.000994674255332617,3.111758551844585,-0.6687160611866001,in_sample
2023-03-07 00:00:00+00:00,-0.0037552964652959927,14.27067799222251,-0.24739443534013428,-0.00937621388483334,3.082582038104531,-0.6718222502535247,in_sample
2023-03-08 00:00:00+00:00,-0.019063164660339957,13.998633707842082,-0.2617414791435335,-0.022161526292304834,3.014267315218891,-0.6790951700830806,in_sample
2023-03-09 00:00:00+00:00,-0.01845227832832876,13.740327022448655,-0.27536403084863736,-0.06209150326797397,2.82710692636543,-0.6990206333785756,in_sample
2023-03-10 00:00:00+00:00,0.0013303380196443221,13.758606301888966,-0.2744000200684734,-0.010221984146095764,2.798208284184805,-0.7020972396924818,in_sample
2023-03-11 00:00:00+00:00,0.00046305637342118925,13.764977312226447,-0.2740640263732119,0.015243069864897762,2.8408615685571696,-0.6975562871041684,in_sample
2023-03-12 00:00:00+00:00,0.024206643804344945,14.098181214998402,-0.2564915528348679,0.07526177050270699,3.0546698399598795,-0.6747938377942158,in_sample
2023-03-13 00:00:00+00:00,-0.001434994361041694,14.077950404453935,-0.2575584832639367,0.09702904549217228,3.351061538824913,-0.6432393942872159,in_sample
2023-03-14 00:00:00+00:00,0.0026358400887184445,14.115057630496986,-0.25560152615059484,0.023342109081863294,3.429282382804201,-0.6349118493125565,in_sample
2023-03-15 00:00:00+00:00,-0.02046353155558376,13.826213703266427,-0.2708345478101405,-0.01598298389547248,3.374472217706814,-0.6407470473454218,in_sample
2023-03-16 00:00:00+00:00,0.006256720183361148,13.91272045360312,-0.26627236360841455,0.02891963109354423,3.472060709378309,-0.6303575844853848,in_sample
2023-03-17 00:00:00+00:00,0.025167295086999344,14.262865994721881,-0.24780642366986094,0.09578077981945055,3.804617391703038,-0.5949529456730496,in_sample
2023-03-18 00:00:00+00:00,-0.002354813344398265,14.229279607548147,-0.24957769914097372,-0.017418930762489016,3.738345024779201,-0.6020084322679209,in_sample
2023-03-19 00:00:00+00:00,0.016352918581515746,14.461969858444004,-0.23730610435327237,0.038974987921358784,3.884046976965842,-0.5864967157227605,in_sample
2023-03-20 00:00:00+00:00,-0.001421045396278684,14.441418742755541,-0.23838992700245099,-0.00899995349785565,3.849090734789663,-0.5902182260524662,in_sample
2023-03-21 00:00:00+00:00,0.0023471084830000264,14.475314319193219,-0.2366023455393802,0.013969051512231045,3.9028588815391907,-0.5844939633434197,in_sample
2023-03-22 00:00:00+00:00,-0.012818936065025044,14.289756190414339,-0.2463882912641009,-0.0305185628188287,3.7837492375899133,-0.5971746104247262,in_sample
2023-03-23 00:00:00+00:00,0.015208678194218483,14.507084493788192,-0.2349268533025416,0.03856604660385243,3.9296734870240972,-0.581639227677151,in_sample
2023-03-24 00:00:00+00:00,-0.009066071075718529,14.375562234666054,-0.2418630608286243,-0.029882513496982344,3.812244966009366,-0.5941408991026966,in_sample
2023-03-25 00:00:00+00:00,-0.005307785037877527,14.299259840525815,-0.2458870887310205,0.0003061347211439358,3.8134120265589675,-0.5940166515400196,in_sample
2023-03-26 00:00:00+00:00,0.006842948684733453,14.397108941844204,-0.24072673277671186,0.018471762249838708,3.8838524668742402,-0.5865174236498735,in_sample
2023-03-27 00:00:00+00:00,-0.01377563883548746,14.19877956878619,-0.25118620708342054,-0.030131321478269912,3.766826859620681,-0.5989762000835424,in_sample
2023-03-28 00:00:00+00:00,0.006115443608722588,14.285611404551783,-0.24660687855940555,0.005078931838300438,3.7859583164873736,-0.5969394275382305,in_sample
2023-03-29 00:00:00+00:00,-0.003917192773075662,14.229651910798905,-0.24955806464999764,0.039956403189759904,3.9372315934405675,-0.5808345767950527,in_sample
2023-03-30 00:00:00+00:00,-0.000832947688129643,14.217799355136915,-0.25018314352512294,-0.011415565396898253,3.892285868702913,-0.5856195870957672,in_sample
2023-03-31 00:00:00+00:00,0.001929492055279574,14.24523248603621,-0.24873637785764002,0.01570230233803316,3.9534037181993402,-0.5791128605693859,in_sample
2023-04-01 00:00:00+00:00,-0.0014215797780315503,14.224981751600703,-0.2498043590308483,-0.0003900909860867774,3.951861531044509,-0.5792770448486376,in_sample
2023-04-02 00:00:00+00:00,-0.003774369404163114,14.171291415702683,-0.2526358745052588,-0.009935381348483596,3.9125982796971797,-0.5834570878501273,in_sample
2023-04-03 00:00:00+00:00,0.008572853485912012,14.292779820715664,-0.24622883135676565,-0.013319744897234531,3.8604834687262546,-0.5890053331787148,in_sample
2023-04-04 00:00:00+00:00,0.006381982416850625,14.38399609021939,-0.24141827701215546,0.013283620227380055,3.911764665018893,-0.5835458361091823,in_sample
2023-04-05 00:00:00+00:00,-0.0034404287571759944,14.334508976427493,-0.24402812338659097,-4.262090129003582e-05,3.9115979420832354,-0.5835635857609933,in_sample
2023-04-06 00:00:00+00:00,-0.006767836102329977,14.237495369067654,-0.2491444171454814,-0.004660083824678529,3.8933695677846876,-0.5855042143589957,in_sample
2023-04-07 00:00:00+00:00,0.005304823831297895,14.313022773799476,-0.24516126055569165,-0.004714018584866531,3.8750161512843966,-0.5874581551958562,in_sample
2023-04-08 00:00:00+00:00,-0.001224548027251021,14.29549578999782,-0.2460855968449709,0.0012262151900095386,3.8797677549506338,-0.5869522901192428,in_sample
2023-04-09 00:00:00+00:00,-0.003077904701133094,14.251495616300758,-0.24840607353069366,0.013769073479224625,3.9331885622508755,-0.5812650058514692,in_sample
2023-04-10 00:00:00+00:00,0.008694028130665976,14.37539852009294,-0.2418716947911319,0.046405080997830916,4.1157084960618695,-0.5618335745313803,in_sample
2023-04-11 00:00:00+00:00,0.010195352245311234,14.521960771672015,-0.23414230967238647,0.01897168088417489,4.193790404261443,-0.5535208209332301,in_sample
2023-04-12 00:00:00+00:00,0.007729103731067049,14.634202512854753,-0.22822291614060908,-0.010273280525822326,4.150706418971963,-0.5581076267887218,in_sample
2023-04-13 00:00:00+00:00,0.005181530871816336,14.710030084959522,-0.22422392935443125,0.01632468619246863,4.218465398738746,-0.5508938724652025,in_sample
2023-04-14 00:00:00+00:00,3.3488476824828674e-05,14.710522701461116,-0.22419794979546814,0.002977337325073215,4.231025193224941,-0.549556732028774,in_sample
2023-04-15 00:00:00+00:00,0.003651872423743636,14.764243653653436,-0.22136481968204247,-0.005671015430284476,4.20703098406824,-0.5521112027519066,in_sample
2023-04-16 00:00:00+00:00,0.006816129251602287,14.864878646698886,-0.2160575416531506,0.00020475290947263858,4.207892385902469,-0.5520194962175499,in_sample
2023-04-17 00:00:00+00:00,-0.01581951588485114,14.62972346282105,-0.22845913182577782,-0.028613314138926094,4.087490639201847,-0.5648377031003915,in_sample
2023-04-18 00:00:00+00:00,0.012039751471812478,14.805861697414759,-0.21916997152261375,0.032148198504418746,4.218896099655861,-0.5508480191980241,in_sample
2023-04-19 00:00:00+00:00,-0.023979974981706745,14.450817504328143,-0.23789425607046677,-0.05172595485710896,4.000669670458229,-0.5740808342809682,in_sample
2023-04-20 00:00:00+00:00,-0.007130350758977666,14.347778106768308,-0.24332833734011605,-0.019628339543880657,3.9221431677635694,-0.5824409202839478,in_sample
2023-04-21 00:00:00+00:00,-0.010309548276924879,14.199858995709974,-0.25112928037608917,-0.03462286440972162,3.786347336670575,-0.5968980116840048,in_sample
2023-04-22 00:00:00+00:00,0.006149169152381842,14.287176330614566,-0.2465243476478558,0.020354095954499662,3.863415013678232,-0.5886932351343714,in_sample
2023-04-23 00:00:00+00:00,0.003545778532791412,14.337835493741865,-0.2438526898547645,-0.008314393394516562,3.8312930614082297,-0.5921130013832901,in_sample
2023-04-24 00:00:00+00:00,0.001835181949886861,14.364148030640429,-0.2424650219597304,-0.002846678270960301,3.820386602700638,-0.5932741244392596,in_sample
2023-04-25 00:00:00+00:00,0.004524392994843565,14.429137081367154,-0.2390376360117361,0.028700790980998203,3.9300347200513546,-0.5816007700982273,in_sample
2023-04-26 00:00:00+00:00,0.004825931104595023,14.498771102820589,-0.23536528406993895,0.003860471529022469,3.9452065071961826,-0.5799855517834266,in_sample
2023-04-27 00:00:00+00:00,0.003357295171725929,14.547447757040048,-0.23279817963001292,0.037438503445919924,4.0929091346107125,-0.5642608394165343,in_sample
2023-04-28 00:00:00+00:00,0.0003023213301374028,14.551845760796061,-0.23256623815519484,-0.0053973318849926954,4.0708183456361,-0.5666126682814914,in_sample
2023-04-29 00:00:00+00:00,0.0016505336941366742,14.575864072536133,-0.23129956287325204,-0.0029795221843003095,4.058689252067021,-0.5679039554507413,in_sample
2023-04-30 00:00:00+00:00,0.0015975013649091705,14.599149035286741,-0.2300715628757357,0.000352586375103936,4.06012029059808,-0.567751604272697,in_sample
2023-05-01 00:00:00+00:00,-0.005245389865071509,14.52257080689838,-0.23411013769665767,-0.03998904972111006,3.8977599384236656,-0.5850368068613061,in_sample
2023-05-02 00:00:00+00:00,-0.001835676883425935,14.49591205938024,-0.2355160640121382,0.02146187407322908,3.9814131713897916,-0.5761309190651385,in_sample
2023-05-03 00:00:00+00:00,0.0013233229469538936,14.515094832445442,-0.23450440487706792,0.012628897457819477,4.031694030068485,-0.570777919906472,in_sample
2023-05-04 00:00:00+00:00,0.0033212663028594266,14.563303327795252,-0.2319619901519988,-0.006630275962837384,4.004962786051407,-0.5736237807468352,in_sample
2023-05-05 00:00:00+00:00,-0.0010719641493627632,14.547691988731561,-0.23278529936390369,0.023086796641920593,4.0974245474514355,-0.5637801196799863,in_sample
2023-05-06 00:00:00+00:00,0.00010930801706063591,14.549282168095658,-0.23270143664631737,-0.02216570876354207,4.006602228252039,-0.573449242504027,in_sample
2023-05-07 00:00:00+00:00,-0.005641648738543268,14.467200228705313,-0.23703026561834772,-0.014508735063007538,3.948471498019474,-0.5796379544354613,in_sample
2023-05-08 00:00:00+00:00,0.00343052878595121,14.516830375542007,-0.23441287598174188,-0.026728220863213248,3.8429358797483073,-0.5908734840318224,in_sample
2023-05-09 00:00:00+00:00,-0.00257562584059134,14.47944045210328,-0.23638474196158732,-0.0017932161476221786,3.836044665074466,-0.5916071363066768,in_sample
2023-05-10 00:00:00+00:00,0.0016535096759726206,14.503382346993503,-0.23512209674370033,-0.0009887650216223731,3.8322517182882594,-0.592010940885377,in_sample
2023-05-11 00:00:00+00:00,0.006240006814114147,14.593883551666446,-0.23034925341541568,-0.022713347762563063,3.7452084522970983,-0.6012777382683683,in_sample
2023-05-12 00:00:00+00:00,-0.0037012136360755074,14.53986847086172,-0.23319789525369028,-0.0063547061180276865,3.721408753231997,-0.6038115010643881,in_sample
2023-05-13 00:00:00+00:00,-0.0015443298686968754,14.517414117695244,-0.23438209064742954,-0.0008362858454886712,3.7182965917663915,-0.6041428278981934,in_sample
2023-05-14 00:00:00+00:00,0.000244799157583286,14.520967968441544,-0.23419466802818933,0.005201268930264957,3.737636452302656,-0.6020838682881178,in_sample
2023-05-15 00:00:00+00:00,0.0027064201290459334,14.560267808444564,-0.23212207706281018,0.009315327170199783,3.77245375869912,-0.5983771493349213,in_sample
2023-05-16 00:00:00+00:00,0.0061517155817277635,14.6498384347959,-0.22739831047941295,-0.004703066016020663,3.7547116596295727,-0.6002660081151415,in_sample
2023-05-17 00:00:00+00:00,-0.006122094988206761,14.560150732336195,-0.23212825141070703,0.01372813119801064,3.8062568339036678,-0.5947784074302417,in_sample
2023-05-18 00:00:00+00:00,0.007137092915344484,14.664067880974299,-0.22664787939395725,-0.021408391067243904,3.7247709991010884,-0.6034535497528664,in_sample
2023-05-19 00:00:00+00:00,0.00144875216025363,14.685312480994964,-0.22552748383859267,0.0022678697317721763,3.733218294507733,-0.6025542340611092,in_sample
2023-05-20 00:00:00+00:00,0.0011063528253973166,14.701559617950156,-0.22467064398214487,0.008165209656830541,3.7637008045771037,-0.5993090060549986,in_sample
2023-05-21 00:00:00+00:00,0.005068392861436505,14.77607289776976,-0.22074097020884165,-0.013167463408331637,3.7141424119529263,-0.6045850900558174,in_sample
2023-05-22 00:00:00+00:00,-0.0009007050225525281,14.762764014697137,-0.22144285273084396,0.004017536509456576,3.7290641146942685,-0.6029964962187332,in_sample
2023-05-23 00:00:00+00:00,-0.0018409644141899667,14.735586291490995,-0.2228761487333798,0.013774114946982552,3.780428672454735,-0.5975281243232953,in_sample
2023-05-24 00:00:00+00:00,0.01408105355027588,14.943078871156189,-0.21193342616849797,-0.032932866346440215,3.655928320252533,-0.6107826768131572,in_sample
2023-05-25 00:00:00+00:00,0.0035175772096549774,14.995642304835444,-0.20916134114869744,0.005624425206545602,3.676490815650285,-0.608593553089801,in_sample
2023-05-26 00:00:00+00:00,-0.007872824399069184,14.877584246218222,-0.21538747503782907,0.008619972942127907,3.708182067003172,-0.6052196401080606,in_sample
2023-05-27 00:00:00+00:00,-0.004698100219592849,14.807687864404054,-0.21907366331364908,0.005683797991000272,3.729258624785868,-0.6029757882916205,in_sample
2023-05-28 00:00:00+00:00,-0.005982830803905893,14.719095973314273,-0.2237458134563577,0.04523202789699576,3.8979405549372945,-0.5850175780718443,in_sample
2023-05-29 00:00:00+00:00,0.008562546675790502,14.845128919611218,-0.21709910075179983,-0.011894196188296902,3.8515776852465513,-0.5899534604129524,in_sample
2023-05-30 00:00:00+00:00,-0.002908923281391091,14.801945578481709,-0.219376499404645,-0.0015114349614026024,3.8457562760765116,-0.5905732190886863,in_sample
2023-05-31 00:00:00+00:00,0.0021017962951159104,14.83305625285907,-0.21773578782321323,-0.017304850777273173,3.7792060375932457,-0.597658288436576,in_sample
2023-06-01 00:00:00+00:00,0.0006611140118853889,14.842862594186917,-0.21721862199154673,-0.014550882133443133,3.7242152559822297,-0.6035127152589032,in_sample
2023-06-02 00:00:00+00:00,-0.00598803905055303,14.753982953350933,-0.22190594745110703,0.015761808299105118,3.782915622911624,-0.5972633586837813,in_sample
2023-06-03 00:00:00+00:00,0.0033318829478098055,14.803141497565479,-0.21931342914562724,-0.006350127443274789,3.75889362659898,-0.5998207876822157,in_sample
2023-06-04 00:00:00+00:00,0.00358978073574633,14.856281529741967,-0.21651093553291834,0.0017556893575656485,3.765493076135421,-0.5991181972980304,in_sample
2023-06-05 00:00:00+00:00,0.028679216872599847,15.282348049653836,-0.1940410827357565,-0.05120210756242993,3.57269189462555,-0.6196441904797976,in_sample
2023-06-06 00:00:00+00:00,-0.006018639318284126,15.190369108806486,-0.19889185876412485,0.05859683371767899,3.782040327499423,-0.597356544355789,in_sample
2023-06-07 00:00:00+00:00,0.007608817687127874,15.305949857955573,-0.19279637296978713,-0.032900464706206445,3.657609443187079,-0.6106037011573964,in_sample
2023-06-08 00:00:00+00:00,-0.003950656446212281,15.24548130848384,-0.19598535718232002,0.006077664961121831,3.6798391679414055,-0.6082370809159301,in_sample
2023-06-09 00:00:00+00:00,0.0055656675651957425,15.330332589318267,-0.19151047896284712,-0.0006720556975599035,3.6773661110624865,-0.6085003674177932,in_sample
2023-06-10 00:00:00+00:00,0.02913921291205554,15.777046414651036,-0.16795173067217972,-0.024236722696377888,3.5882388083756074,-0.6179890354484221,in_sample
2023-06-11 00:00:00+00:00,0.001341700769093018,15.798214489959589,-0.16683537086930011,0.003225356802676327,3.599812158825829,-0.6167569137852087,in_sample
2023-06-12 00:00:00+00:00,0.01545301853969019,16.042344591366938,-0.1539604624087293,-0.0005827888181738627,3.597714228552139,-0.6169802635704971,in_sample
2023-06-13 00:00:00+00:00,-0.0060274368454705084,15.9456503724892,-0.15905991229033167,0.0008959327741477896,3.6009375386415163,-0.6166371036354845,in_sample
2023-06-14 00:00:00+00:00,0.013921811330032445,16.167642708509653,-0.14735250304937686,-0.03094760398178864,3.489497149732482,-0.6285012667334849,in_sample
2023-06-15 00:00:00+00:00,-0.0008951359499327459,16.1531704702956,-0.1481157384765175,0.01872120847749814,3.5548247533542594,-0.6215463614988761,in_sample
2023-06-16 00:00:00+00:00,-0.003956979450977216,16.089252706676508,-0.15148662699397675,0.029308882557326,3.6590126945621946,-0.6104543082546539,in_sample
2023-06-17 00:00:00+00:00,-0.002907248218879505,16.04247725540192,-0.15395346598634396,0.0065651579586878395,3.6830346908748393,-0.6078968792562194,in_sample
2023-06-18 00:00:00+00:00,-0.00027325138838191215,16.038093626218796,-0.15418464937639886,-0.006759993813398535,3.658137399149993,-0.6105474939266616,in_sample
2023-06-19 00:00:00+00:00,-0.0015295601331874915,16.013562397595802,-0.15547837481675086,0.018944385997561763,3.727438566071607,-0.6031695553238905,in_sample
2023-06-20 00:00:00+00:00,-0.010218535090456511,15.849927248312753,-0.16410814867833534,0.0544980151704344,3.93057656959224,-0.5815430837298416,in_sample
2023-06-21 00:00:00+00:00,-0.008093700085563083,15.721642690786915,-0.170873606626899,0.060016401207468206,4.166475629969562,-0.5564288055549319,in_sample
2023-06-22 00:00:00+00:00,0.008897930099979955,15.861532768506397,-0.16349609793461672,-0.0037847841672641325,4.150706418971962,-0.558107626788722,in_sample
2023-06-23 00:00:00+00:00,-0.01794922384272404,15.576830566355774,-0.17851069371810036,0.026724686192468594,4.261632745496052,-0.5462981917838055,in_sample
2023-06-24 00:00:00+00:00,-0.002832679962536922,15.532706390530626,-0.18083771001544335,-0.0048641493932853885,4.240903527162643,-0.5485050651589727,in_sample
2023-06-25 00:00:00+00:00,-0.0023311594910853384,15.496497174606098,-0.18274730796248007,-0.002168771007921566,4.23170597854554,-0.5494842542838794,in_sample
2023-06-26 00:00:00+00:00,-0.0031169236617702165,15.448195775888014,-0.18529462221593718,-0.00649747192855743,4.204210587740032,-0.5524114676950429,in_sample
2023-06-27 00:00:00+00:00,-0.0023688015686776586,15.41160206550085,-0.18722449759284232,0.013982108453045594,4.262994316137256,-0.5461532362940156,in_sample
2023-06-28 00:00:00+00:00,0.013787847463674077,15.62409488395082,-0.1760180729434413,-0.020105464879804025,4.177284833631354,-0.5552780364625188,in_sample
2023-06-29 00:00:00+00:00,-0.013489915396175707,15.413327165824501,-0.18713351942741208,0.012425872155868989,4.229191240932708,-0.5497519781986951,in_sample
2023-06-30 00:00:00+00:00,-0.022193142990003148,15.071256992081658,-0.20517358146254017,0.0006668878675686329,4.232011637260913,-0.549451713255559,in_sample
2023-07-01 00:00:00+00:00,-0.014429528394592783,14.853785861372211,-0.21664255183759895,0.0037228908542950023,4.247766954680542,-0.5477743711594198,in_sample
2023-07-02 00:00:00+00:00,-0.004099218378146436,14.792896949384224,-0.21985370508576407,0.0012788811262005595,4.253199343667381,-0.5471960283379116,in_sample
2023-07-03 00:00:00+00:00,-0.0046242691769415485,14.724490611983512,-0.22346131155084126,0.017518872886089776,4.32771060232829,-0.5392634131160468,in_sample
2023-07-04 00:00:00+00:00,-0.0039721185169968925,14.666003190170306,-0.22654581525439454,-0.012613567048701424,4.273122734478446,-0.5450749449464974,in_sample
2023-07-05 00:00:00+00:00,-0.009616070620610661,14.524973867771527,-0.23398340531671513,-0.008703964416814758,4.235929626248863,-0.5490345964380007,in_sample
2023-07-06 00:00:00+00:00,-0.007735636220109067,14.412613953823856,-0.23990903103175176,-0.020138806890489525,4.150623057504133,-0.5581165016146274,in_sample
2023-07-07 00:00:00+00:00,0.006591071047457676,14.50760851637309,-0.2348992174527511,0.015180221192726773,4.213630433604678,-0.5514086123677217,in_sample
2023-07-08 00:00:00+00:00,-0.002482244681605403,14.47159708229051,-0.23679838480112114,-0.0019322142317800273,4.205488796913405,-0.5522753870311587,in_sample
2023-07-09 00:00:00+00:00,-0.0013267222877514251,14.452397291902075,-0.23781094139405334,-0.004013967947722574,4.188608099678088,-0.554072539277022,in_sample
2023-07-10 00:00:00+00:00,-0.00015498908174166283,14.45015732811684,-0.23792907237636018,0.00826262612860651,4.223217002404981,-0.5503880073885894,in_sample
2023-07-11 00:00:00+00:00,-0.001537449767525429,14.42794093709202,-0.23910071814687306,0.006957946369531065,4.252601919814607,-0.5472596312569011,in_sample
2023-07-12 00:00:00+00:00,-0.010784703255070593,14.272339875503796,-0.2473067911086554,-0.007824649442636611,4.219326800572974,-0.550802165930846,in_sample
2023-07-13 00:00:00+00:00,0.027892781363458595,14.670435131196196,-0.22631208399928904,0.03532561271564005,4.368377105050735,-0.5349339772118147,in_sample
2023-07-14 00:00:00+00:00,0.001516432753121416,14.692681859531685,-0.22513883830277126,-0.036524742618878836,4.2088232556265535,-0.5519203939949389,in_sample
2023-07-15 00:00:00+00:00,0.008078825551031106,14.811381473151641,-0.21887887015115004,-0.0005578791349901691,4.206475240949378,-0.5521703682579437,in_sample
2023-07-16 00:00:00+00:00,-0.00957197321609451,14.669607326397276,-0.22635574068458864,-0.001968529944115005,4.198194668478391,-0.5530519342978899,in_sample
2023-07-17 00:00:00+00:00,0.005292654117058266,14.747248484008962,-0.22226110921038444,-0.003001641470969818,4.185593193258282,-0.5543935121472711,in_sample
2023-07-18 00:00:00+00:00,-0.005784525284319379,14.661942652279071,-0.2267599594887555,-0.009310863337770203,4.146621707048353,-0.5585424932580916,in_sample
2023-07-19 00:00:00+00:00,0.004092135278101639,14.721941305051965,-0.22359575664053866,0.0016719382421530593,4.153554602456109,-0.5578044035702843,in_sample
2023-07-20 00:00:00+00:00,-0.0006627825325694059,14.712183859509466,-0.22411034381125006,-0.003495509357595572,4.139035813475939,-0.5593501024154919,in_sample
2023-07-21 00:00:00+00:00,0.0023865622440114092,14.747295402035524,-0.22225863485227104,0.0033701453459098474,4.152984965759279,-0.5578650482139719,in_sample
2023-07-22 00:00:00+00:00,-0.006189976413398529,14.656009991335504,-0.22707283555825986,-0.0036097339033970277,4.13799379512808,-0.5594610377393108,in_sample
2023-07-23 00:00:00+00:00,0.005214496162162552,14.732433699187938,-0.22304240982564727,0.009646280658754058,4.177910044640068,-0.5552114752682278,in_sample
2023-07-24 00:00:00+00:00,-0.005123935806471169,14.656945654640205,-0.22702349064205118,-0.03016215065778094,4.051895292438978,-0.5686272537620396,in_sample
2023-07-25 00:00:00+00:00,0.003334616092249493,14.705820941483394,-0.2244459107350154,0.0018001769316755567,4.059189420873992,-0.5678507064953084,in_sample
2023-07-26 00:00:00+00:00,0.0018542539594297355,14.733089268190804,-0.22300783649424394,0.00409702802887435,4.075820033705822,-0.5660801787271617,in_sample
2023-07-27 00:00:00+00:00,-0.004086084564547743,14.672888619543945,-0.2261826921803194,-0.004305290428142872,4.0582724447278755,-0.567948329580269,in_sample
2023-07-28 00:00:00+00:00,-0.005813732327851352,14.587584372633541,-0.23068145887864144,0.003088015282594503,4.070804452058128,-0.5666141474191424,in_sample
2023-07-29 00:00:00+00:00,0.006789419940150034,14.686625608851722,-0.22545823223522488,0.0013378885252166572,4.0762507346229375,-0.5660343254599831,in_sample
2023-07-30 00:00:00+00:00,-0.0035759044984975284,14.63410763826928,-0.2282279196268493,-0.002317726174286161,4.066803101602349,-0.5670401390626063,in_sample
2023-07-31 00:00:00+00:00,-0.0025997329589877603,14.596062866316696,-0.23023432094102192,-0.0017184185083580772,4.059814631882707,-0.5677841453010173,in_sample
2023-08-01 00:00:00+00:00,0.0018004953841476265,14.62234301013423,-0.22884836138900078,0.016440343864644325,4.126559380457573,-0.5606783680260148,in_sample
2023-08-02 00:00:00+00:00,-0.012224806747400898,14.443587692641131,-0.23827554114396177,-0.01788143240003781,4.052770587851179,-0.5685340680900319,in_sample
2023-08-03 00:00:00+00:00,-0.003516962801069579,14.392790132012125,-0.24095449773042332,0.00034624495630808383,4.054173839226296,-0.5683846751872894,in_sample
2023-08-04 00:00:00+00:00,-0.0013235417946457773,14.373740672730841,-0.2419591261767151,-0.002710742215612072,4.043184019050876,-0.5695546730691643,in_sample
2023-08-05 00:00:00+00:00,0.002170107180325492,14.40493323057287,-0.240314096233451,-0.0014913525605561029,4.037154206211264,-0.5701966188096621,in_sample
2023-08-06 00:00:00+00:00,0.0009220261687919619,14.418214955971159,-0.23961364595011592,0.0006263400062633817,4.039682837402069,-0.5699274157571953,in_sample
2023-08-07 00:00:00+00:00,0.00021667479996208028,14.421339019812555,-0.23944888938895825,0.004361000003439308,4.057299894269873,-0.5680518692158333,in_sample
2023-08-08 00:00:00+00:00,0.0040855104290831125,14.480257550779342,-0.23634164989470607,0.01904960842661807,4.134589868525072,-0.5598234264637854,in_sample
2023-08-09 00:00:00+00:00,0.0003949359022641654,14.485976324360177,-0.23604005379518567,-0.006256930676434069,4.108720026342224,-0.5625775807697917,in_sample
2023-08-10 00:00:00+00:00,0.002560487868981537,14.523067491009055,-0.2340839436205404,-0.004365498025212355,4.090783417181077,-0.5644871474771247,in_sample
2023-08-11 00:00:00+00:00,0.0038833824231597927,14.579466116034004,-0.23110959866958058,-0.0009577600641224038,4.086865428193127,-0.5649042642946832,in_sample
2023-08-12 00:00:00+00:00,0.007530552474527803,14.689257550671396,-0.2253194291552012,0.0001767775492511614,4.087587894247642,-0.5648273491368356,in_sample
2023-08-13 00:00:00+00:00,-0.002011433025636288,14.659711092911898,-0.22687764723971715,-0.0043302844595812795,4.069887475912009,-0.5667117705041032,in_sample
2023-08-14 00:00:00+00:00,0.0034896007774123886,14.710867632138363,-0.2241797588764901,0.004308152376140573,4.087421171311984,-0.5648450987886466,in_sample
2023-08-15 00:00:00+00:00,-0.0032908306962061316,14.662456657366697,-0.22673285194071735,-0.007841737623005218,4.055368686931839,-0.5682574693493108,in_sample
2023-08-16 00:00:00+00:00,-0.013543597874541036,14.463874240546435,-0.23720567124362546,-0.016252809296716464,3.9894575530352605,-0.5752744983652582,in_sample
2023-08-17 00:00:00+00:00,-0.011307117006021317,14.3003295221482,-0.2458306759704032,-0.07329771821803699,3.6970394174700627,-0.6064059085040959,in_sample
2023-08-18 00:00:00+00:00,0.005033837391298629,14.37231505560468,-0.2420343102277327,-0.021330567424660996,3.618179468904088,-0.6148014938106975,in_sample
2023-08-19 00:00:00+00:00,0.005325328694996268,14.44885235738382,-0.23799789379016567,0.00177405047980006,3.6245983019269,-0.6141181322159741,in_sample
2023-08-20 00:00:00+00:00,0.002635833756518913,14.48693713017037,-0.2359893829160794,0.0033578270719059056,3.6367690762298945,-0.6128224076337713,in_sample
2023-08-21 00:00:00+00:00,-0.010975465895856256,14.327936245762771,-0.24437475538795606,-0.0023112863359043834,3.6283634615571647,-0.6137172859125757,in_sample
2023-08-22 00:00:00+00:00,-0.006969665776314455,14.228075318865464,-0.24964121079504775,-0.002718702374843951,3.618499021197432,-0.6147674736447264,in_sample
2023-08-23 00:00:00+00:00,0.007598406089294551,14.336186013007275,-0.24393968000199706,0.014390809540630656,3.6705721514344427,-0.6092236657290917,in_sample
2023-08-24 00:00:00+00:00,-0.00836363485314962,14.216283388007652,-0.2502630924454158,-0.009636930717054293,3.63519910191912,-0.6129895501883249,in_sample
2023-08-25 00:00:00+00:00,0.0008062928082947787,14.227745875064082,-0.24965858496874138,-0.004314990483324732,3.619513252389348,-0.6146594965962096,in_sample
2023-08-26 00:00:00+00:00,0.0009608689739553334,14.241416874644752,-0.2489376051831641,-0.0018194589988369536,3.6129276964308787,-0.6153606078427438,in_sample
2023-08-27 00:00:00+00:00,0.004373474553711105,14.303701348954805,-0.24565285291118333,0.0032071618924562895,3.6245149404590715,-0.6141270070418796,in_sample
2023-08-28 00:00:00+00:00,0.0010246649910250485,14.318357850969157,-0.24487989979848168,0.0007206461282520671,3.627126933117705,-0.6138489291635073,in_sample
2023-08-29 00:00:00+00:00,0.01634676712254455,14.552416712336207,-0.232536127370935,0.06104226916668254,3.8485349916707996,-0.5902773915585033,in_sample
2023-08-30 00:00:00+00:00,-0.0093407243071154,14.416486599824015,-0.23970479582083426,-0.014790560322886837,3.791613002721752,-0.5963374185143079,in_sample
2023-08-31 00:00:00+00:00,-0.009217203948443753,14.283606902613432,-0.24671259177877725,-0.049922317005247296,3.602326896438659,-0.616489189870393,in_sample
2023-09-01 00:00:00+00:00,-0.012759461845032872,14.101355765330087,-0.25632413372231966,-0.005106448626967075,3.583931799204453,-0.6184475681202064,in_sample
2023-09-02 00:00:00+00:00,0.0022388781155046724,14.13292698215203,-0.2546591341002816,0.0023337313340259236,3.5922957331432683,-0.6175571272543547,in_sample
2023-09-03 00:00:00+00:00,0.004800763644982359,14.200775824205135,-0.2510809287681507,0.004111263236875162,3.6070646065269236,-0.6159848039314307,in_sample
2023-09-04 00:00:00+00:00,0.0017486927612457624,14.225608618092997,-0.24977129940952858,-0.005704469207036378,3.5864882175512,-0.6181754067924379,in_sample
2023-09-05 00:00:00+00:00,-0.004568860714315935,14.160613793740557,-0.25319898984640865,-0.0013287363446191636,3.581722720306991,-0.6186827510067023,in_sample
2023-09-06 00:00:00+00:00,0.0010562990546332317,14.175571636703912,-0.25241014464538425,-0.0012529238121467001,3.5772350946222113,-0.6191605124679482,in_sample
2023-09-07 00:00:00+00:00,0.0008022070181634584,14.186943379757356,-0.25181042281671095,0.019159216076186203,3.6457721147553945,-0.6118639264359778,in_sample
2023-09-08 00:00:00+00:00,-0.005143752343732111,14.113969256497334,-0.2556589247079034,-0.012991269287785823,3.5984089074507066,-0.6169063066879518,in_sample
2023-09-09 00:00:00+00:00,0.0005689225211054636,14.121999011469546,-0.2552354523067859,-0.00027799442466736046,3.597408569836762,-0.6170128045988177,in_sample
2023-09-10 00:00:00+00:00,-0.00778174943570234,14.012105153631055,-0.26103102340552864,-0.0024794728995928272,3.588488892779089,-0.617962410970706,in_sample
2023-09-11 00:00:00+00:00,-0.00892391241027836,13.887062354556441,-0.26762551782657074,-0.026250174226820078,3.494290434132629,-0.6279909642439193,in_sample
2023-09-12 00:00:00+00:00,-0.0025931435707937825,13.85105120809451,-0.2695246700064322,0.02685444366689982,3.5881276597518306,-0.6180008685496299,in_sample
2023-09-13 00:00:00+00:00,0.0015417438880685422,13.872405981637915,-0.26839846413102975,0.014872724175049923,3.641492892740187,-0.6123195008324599,in_sample
2023-09-14 00:00:00+00:00,0.004602662052472523,13.936255978226093,-0.265031149504355,0.011461318051575908,3.6832292009664354,-0.607876171329107,in_sample
2023-09-15 00:00:00+00:00,0.006488274302856346,14.026678229767644,-0.2602624699982843,0.003047871959200643,3.69445521196737,-0.6066810281071666,in_sample
2023-09-16 00:00:00+00:00,0.013538357123846045,14.216576408903515,-0.2502476391392092,-0.0016622102884046308,3.688314250503988,-0.6073348069488715,in_sample
2023-09-17 00:00:00+00:00,-0.002880808128339518,14.175621180027585,-0.25240753183461884,-0.0012317822419943836,3.6837710505073225,-0.6078184849607213,in_sample
2023-09-18 00:00:00+00:00,0.005796464805852359,14.257789669298711,-0.2480741384037779,0.008889576151646983,3.7165182137860397,-0.6043321575175113,in_sample
2023-09-19 00:00:00+00:00,0.0018047724928712755,14.283521735903006,-0.2467170832920904,0.01667669785681447,3.7784974651166974,-0.5977337244567732,in_sample
2023-09-20 00:00:00+00:00,-0.013730972937136994,14.087395085500315,-0.2570603906354143,-0.0032468010001470704,3.766229435767903,-0.5990398030025323,in_sample
2023-09-21 00:00:00+00:00,0.004492917105412619,14.150688583850666,-0.2537224245562115,-0.020477576481959026,3.6891061844483604,-0.6072504961027694,in_sample
2023-09-22 00:00:00+00:00,-0.003109864802468998,14.106681855493049,-0.25604324692095615,0.0005310214442277861,3.6910651789423357,-0.6070419376939902,in_sample
2023-09-23 00:00:00+00:00,0.0010999870806136848,14.122199023284418,-0.25522490410403387,-0.00013550798556094534,3.690565010135363,-0.6070951866494232,in_sample
2023-09-24 00:00:00+00:00,-0.0038857005152655674,14.067324387262959,-0.2581188770779138,-0.012449601138421196,3.6446189477837643,-0.6119866948610038,in_sample
2023-09-25 00:00:00+00:00,0.0008399870123936893,14.079140757047387,-0.25749570656991927,0.0022148183162806756,3.652691116585179,-0.6111273158858213,in_sample
2023-09-26 00:00:00+00:00,-0.01048875334296274,13.931468122365864,-0.2652836509597982,-0.003107586390521333,3.641340063382501,-0.61233577134662,in_sample
2023-09-27 00:00:00+00:00,-0.0066362421146340875,13.839015526893537,-0.27015940653760906,0.0057537926192727795,3.6622915789634534,-0.6101052317690381,in_sample
2023-09-28 00:00:00+00:00,0.01844633147655325,14.094294594611782,-0.2566965250255574,0.024742408837767016,3.7529054944932785,-0.6004582960097613,in_sample
2023-09-29 00:00:00+00:00,0.005604171975680177,14.173281445395885,-0.25253092452168,-0.004475821677933256,3.7361081587257905,-0.6022465734297191,in_sample
2023-09-30 00:00:00+00:00,0.004635915554538784,14.238987581307452,-0.2490657210081333,0.0022312380768214624,3.744444305508663,-0.6013590908391693,in_sample
2023-10-01 00:00:00+00:00,0.014352159369638979,14.443347800336687,-0.23828819255991707,0.03823619990427041,3.887617626504499,-0.5861165773464757,in_sample
2023-10-02 00:00:00+00:00,-0.009836838778316658,14.30127091660562,-0.24578102880524533,-0.018004817485901436,3.8176217806843122,-0.5935684728317926,in_sample
2023-10-03 00:00:00+00:00,0.00486998151760395,14.370917841647735,-0.24210799635530078,-0.0023873991906133707,3.8085075935350385,-0.5945387871307937,in_sample
2023-10-04 00:00:00+00:00,0.004662355936145723,14.437920175754602,-0.2385744340731506,0.012687873923828974,3.8568294577197566,-0.5893943463809064,in_sample
2023-10-05 00:00:00+00:00,-0.00815708976285036,14.320148764892103,-0.24478545076214508,-0.013018825784047339,3.8066180669309215,-0.5947399498513183,in_sample
2023-10-06 00:00:00+00:00,-0.013611974219071883,14.125223269091117,-0.25506541173623876,0.018902563653351967,3.8785729072450827,-0.5870794959572223,in_sample
2023-10-07 00:00:00+00:00,0.0005318981205861608,14.132736448800808,-0.25466918242878156,0.0009564304725195871,3.8822824925634607,-0.5866845662044275,in_sample
2023-10-08 00:00:00+00:00,0.0024153280659295288,14.166871643793982,-0.25286896398669956,-0.0014959023726872633,3.8764749769713926,-0.5873028457425107,in_sample
2023-10-09 00:00:00+00:00,-0.027266617148314003,13.780588978493345,-0.27324069990529753,-0.011572978939973999,3.8316126137015667,-0.5920789812173197,in_sample
2023-10-10 00:00:00+00:00,0.0028733630033876537,13.82018561302904,-0.2711524566200375,-0.007146923486944345,3.8042283715198306,-0.5949943615272759,in_sample
2023-10-11 00:00:00+00:00,-0.001964015513261852,13.793042554088892,-0.2725839245020385,-0.018870611952726768,3.732440254141326,-0.6026370657695611,in_sample
2023-10-12 00:00:00+00:00,-0.007680406444343635,13.687106381169361,-0.2781707756160122,-0.004485473394256312,3.715698492685724,-0.6044194266389153,in_sample
2023-10-13 00:00:00+00:00,0.017049221155879212,13.920460884845964,-0.26586414953271287,0.0039560275201913075,3.730397898179522,-0.6028544990042459,in_sample
2023-10-14 00:00:00+00:00,-0.007747299793443963,13.812614901108152,-0.27155172005539785,-0.0005027970413187255,3.7285222651533756,-0.6030541825871196,in_sample
2023-10-15 00:00:00+00:00,-0.009709377711011654,13.678503005856545,-0.2786244995483168,0.011309308660284678,3.770689274296739,-0.5985649998165883,in_sample
2023-10-16 00:00:00+00:00,0.012614983776400267,13.851057099360867,-0.2695243593134262,0.04961348278174493,3.9577663016823705,-0.5786484113469988,in_sample
2023-10-17 00:00:00+00:00,0.0006559685966057061,13.86014295784784,-0.26904519023255036,-0.0036649196280316154,3.9432614062801727,-0.5801926310545555,in_sample
2023-10-18 00:00:00+00:00,0.014114120456524578,14.055766685099554,-0.25872840599921665,-0.0026354824729846182,3.9328690099575248,-0.5812990260174411,in_sample
2023-10-19 00:00:00+00:00,0.0054906772136624595,14.132942362957987,-0.25465832294890123,0.013770396826238152,3.987026176890254,-0.5755333474541688,in_sample
2023-10-20 00:00:00+00:00,0.015559582612650592,14.352845047214263,-0.243061117550173,0.03331718757078295,4.1198626758753285,-0.561391312373757,in_sample
2023-10-21 00:00:00+00:00,0.01560034843810667,14.57675443102896,-0.23125260723760466,0.008174552321856154,4.1535407088781335,-0.5578058827079355,in_sample
2023-10-22 00:00:00+00:00,0.003971339601752931,14.634643673165932,-0.22819965027298306,0.002880041745552786,4.165503079511556,-0.5565323451904965,in_sample
2023-10-23 00:00:00+00:00,0.02507792039421582,15.001650102199301,-0.20884450254230102,0.10314694061337826,4.595161978278778,-0.5107900133359067,in_sample
2023-10-24 00:00:00+00:00,0.00114277049731315,15.018793545347108,-0.20794039338101933,0.02548829896595506,4.712284840578137,-0.49832088293868126,in_sample
2023-10-25 00:00:00+00:00,-0.008734512149602115,14.887611710652909,-0.2148586476382418,0.016826370256803225,4.791575490061226,-0.4898794443649014,in_sample
2023-10-26 00:00:00+00:00,0.015099368704231205,15.112405248997486,-0.203003508873993,-0.00967591344160379,4.745212620370483,-0.4948153267060095,in_sample
2023-10-27 00:00:00+00:00,-0.000512740754201234,15.10465650293232,-0.20341216145594865,-0.007638929554371399,4.708964275442959,-0.49867439683725034,in_sample
2023-10-28 00:00:00+00:00,0.01035964908557358,15.261135443860825,-0.1951597909827968,0.005709126636395112,4.735848348817724,-0.49581226548272705,in_sample
2023-10-29 00:00:00+00:00,-0.01788620225500727,14.988171688670871,-0.20955532574424085,0.012966972358639417,4.7972579634515515,-0.4892744770656765,in_sample
2023-10-30 00:00:00+00:00,-0.0206926172296418,14.678027188945052,-0.2259116948298241,-0.0012974751365533166,4.79103364052034,-0.48993713073328704,in_sample
2023-10-31 00:00:00+00:00,0.008482990126851149,14.802540748670523,-0.21934511137975465,0.004860253220352773,4.8143192772004975,-0.4874580960303512,in_sample
2023-11-01 00:00:00+00:00,0.0274437028230738,15.208777278003478,-0.19792105060908083,0.022683066196459656,4.923522800056128,-0.4758320740941482,in_sample
2023-11-02 00:00:00+00:00,0.0022448197268069526,15.242918241257755,-0.1961205279610314,-0.014033196566339612,4.854430036804086,-0.48318782563215545,in_sample
2023-11-03 00:00:00+00:00,-0.0006847442143291416,15.232480741182561,-0.1966709797785281,-0.006860312363158538,4.82112713040651,-0.4867333185814021,in_sample
2023-11-04 00:00:00+00:00,-0.017299123065447623,14.968972182248782,-0.2105678673613849,0.010642528616384705,4.87243611385509,-0.48127086323656787,in_sample
2023-11-05 00:00:00+00:00,0.02438207669858242,15.33394681009532,-0.19131987255506455,-0.00126034725133084,4.866295152391708,-0.4819246420782728,in_sample
2023-11-06 00:00:00+00:00,0.016579532247960885,15.588176475721813,-0.17791233430380615,0.0009107650140611767,4.870727203764602,-0.48145279716763045,in_sample
2023-11-07 00:00:00+00:00,-0.009608037234208573,15.438404695729664,-0.18581098320559875,0.009957954668629032,4.919229684462948,-0.47628912762828135,in_sample
2023-11-08 00:00:00+00:00,-0.0014786954622263658,15.415575996762074,-0.18701492081012716,0.006219197040091329,4.94982334315609,-0.4730320665209635,in_sample
2023-11-09 00:00:00+00:00,0.015559375136082418,15.655432726634485,-0.17436538098297416,0.030673623995486565,5.101652363228141,-0.45686805027174904,in_sample
2023-11-10 00:00:00+00:00,0.015828763015637775,15.903238861171642,-0.16129660626104725,0.016636936777461697,5.186528231055756,-0.4478319983623006,in_sample
2023-11-11 00:00:00+00:00,0.020600757741904153,16.230857632262275,-0.14401868082931824,-0.004508389944924307,5.163145339329798,-0.450321387028793,in_sample
2023-11-12 00:00:00+00:00,0.005877473548837715,16.326254068670845,-0.13898767326759343,-0.0020612398115283925,5.152502858603664,-0.45145440646939494,in_sample
2023-11-13 00:00:00+00:00,-0.0133758943639358,16.10787581888953,-0.15050448319601262,-0.016159954699276113,5.069238645820738,-0.4603188784113371,in_sample
2023-11-14 00:00:00+00:00,-0.009801494508908467,15.949994562500503,-0.15883080883930922,-0.025412347682137293,4.940417390869414,-0.4740334427106341,in_sample
2023-11-15 00:00:00+00:00,0.03818360328482847,16.559022827270194,-0.12671193814860937,0.0654292865378665,5.263665375953268,-0.43961982612441286,in_sample
2023-11-16 00:00:00+00:00,0.0013060818244138908,16.58065026601495,-0.12557135248354756,-0.04512532466161279,5.0261407669532865,-0.4649071634044798,in_sample
2023-11-17 00:00:00+00:00,0.014464630671053011,16.82048324839875,-0.11292306504903371,0.01232585139318898,5.088092231128002,-0.4583116886190435,in_sample
2023-11-18 00:00:00+00:00,-0.00806495110110394,16.68482687350348,-0.12007729715233029,-0.0011195486853494696,5.082395864159706,-0.45891813505591916,in_sample
2023-11-19 00:00:00+00:00,0.008311964365500895,16.823510559920592,-0.11276341100186515,0.02173265283248904,5.192849809032767,-0.44715899073113374,in_sample
2023-11-20 00:00:00+00:00,-0.004659833505693235,16.74511580173009,-0.11689778578675569,0.0023170010621818005,5.204881647556046,-0.4458780575254401,in_sample
2023-11-21 00:00:00+00:00,-0.010900954224833838,16.56257806088589,-0.1265244425997436,-0.04605939272605941,4.965147959658603,-0.4714005776920027,in_sample
2023-11-22 00:00:00+00:00,0.012559415597348755,16.770594362116086,-0.11555410006022804,0.04690936564345072,5.198059900772062,-0.44660431411204005,in_sample
2023-11-23 00:00:00+00:00,-0.00015440373612619007,16.768004919689517,-0.11569066181158028,-0.0031833514195448442,5.18151264940806,-0.44836596705428156,in_sample
2023-11-24 00:00:00+00:00,-0.00993770187452661,16.601369485767048,-0.12447866437935662,0.011047264595393846,5.238754190650451,-0.44227191993250603,in_sample
2023-11-25 00:00:00+00:00,0.0011393122027760602,16.620283628604977,-0.12348117223789323,0.0015992022553259488,5.247132018167237,-0.44137999992900345,in_sample
2023-11-26 00:00:00+00:00,0.004894534890694618,16.701632186718424,-0.11919102025306083,-0.008703457552440397,5.2014638273750675,-0.4462419253875657,in_sample
2023-11-27 00:00:00+00:00,0.00863032996617605,16.84577278346351,-0.111589348120674,-0.0054383392230866745,5.1731765026251875,-0.4492534496448314,in_sample
2023-11-28 00:00:00+00:00,-0.0022776837853646656,16.80740343994268,-0.11361286665720471,0.015517949847318135,5.25345359614425,-0.4407069922978364,in_sample
2023-11-29 00:00:00+00:00,0.012630630364076634,17.019691540172506,-0.1024172384164782,0.0006611640189251311,5.256926990637114,-0.44033720788510733,in_sample
2023-11-30 00:00:00+00:00,0.002056125394600606,17.05468616015652,-0.10057169570663071,-0.003179419141530304,5.240213016337455,-0.4421166104791596,in_sample
2023-12-01 00:00:00+00:00,-0.016563529600508886,16.77220036111538,-0.11546940304832942,0.02500742374750775,5.371257243764211,-0.42816538415571603,in_sample
2023-12-02 00:00:00+00:00,-0.02564364981713476,16.342099928392116,-0.13815199592909921,0.020046559751681237,5.478932473042981,-0.4167020673611139,in_sample
2023-12-03 00:00:00+00:00,-0.01644415524247954,16.073367900181523,-0.15232435830346225,0.01381260301762377,5.5546107922534915,-0.4086452045765724,in_sample
2023-12-04 00:00:00+00:00,-0.04401867806281432,15.365839493198258,-0.1896379194769917,0.05036055798317651,5.834344091130752,-0.37886424711302136,in_sample
2023-12-05 00:00:00+00:00,0.012880996187629494,15.563766813129872,-0.1791996486071753,0.049736742464833394,6.1245253606425445,-0.3479709781359813,in_sample
2023-12-06 00:00:00+00:00,0.022105307323783914,15.907808661649819,-0.16105560458816703,-0.006962072696833244,6.081885969848153,-0.3525104515866436,in_sample
2023-12-07 00:00:00+00:00,0.011329437288145984,16.088035182273806,-0.15155083667210711,-0.010937799830039285,6.01536351852083,-0.35959256265923134,in_sample
2023-12-08 00:00:00+00:00,0.015422400060306093,16.336151297039113,-0.13846571424443233,0.0210989467849223,6.1422813532900635,-0.34608064021811,in_sample
2023-12-09 00:00:00+00:00,0.01626099536007502,16.601793377481748,-0.12445630922121553,-0.010748820954772142,6.076259070769713,-0.35310950233526484,in_sample
2023-12-10 00:00:00+00:00,0.013937652066553907,16.83318339725791,-0.11225328589007433,0.0017309068625768198,6.086776509294103,-0.35198979513352113,in_sample
2023-12-11 00:00:00+00:00,-0.005169774681481886,16.746159631922023,-0.11684273637624865,-0.05795480483907789,5.7340185645988795,-0.38954510009028886,in_sample
2023-12-12 00:00:00+00:00,-0.008987974331022781,16.595645579007098,-0.1247805311919552,0.005912141697560047,5.767918894849228,-0.38593600422205276,in_sample
2023-12-13 00:00:00+00:00,0.0004807112023327288,16.60362329174687,-0.12435980338879937,0.03275924364687466,5.9568715552610065,-0.3658197321695895,in_sample
2023-12-14 00:00:00+00:00,-0.0012839273513150454,16.582305445671665,-0.12548406178713944,0.003671137026239002,5.978740046988075,-0.3634915695070472,in_sample
2023-12-15 00:00:00+00:00,0.010372444121632391,16.754304482314733,-0.11641319408454975,-0.024734850949517106,5.830856803059916,-0.37923551066340144,in_sample
2023-12-16 00:00:00+00:00,0.003523045393055079,16.813330657534994,-0.11330027765860506,0.007610560426992041,5.875232891100741,-0.3745111450063744,in_sample
2023-12-17 00:00:00+00:00,-0.0033369622978712873,16.757225207029155,-0.1162591612015913,-0.021067741218424474,5.751455004953055,-0.38768878233838877,in_sample
2023-12-18 00:00:00+00:00,0.009010682413403016,16.908219241499566,-0.10829605316742441,0.03080453661541438,5.92862591124504,-0.3688268190139027,in_sample
2023-12-19 00:00:00+00:00,-0.011124125397985754,16.720130090400488,-0.1182154796898689,-0.008750530210889007,5.876747291099631,-0.3743499190024244,in_sample
2023-12-20 00:00:00+00:00,0.02709668035753445,17.173190110996465,-0.09432204639880337,0.03334885799192877,6.072730101964964,-0.35348520329859745,in_sample
2023-12-21 00:00:00+00:00,0.030695465076718508,17.700329168304407,-0.0665218404032838,0.00428745633040406,6.09876666708347,-0.3507132993407801,in_sample
2023-12-22 00:00:00+00:00,-0.017248527629221057,17.395024551598603,-0.0826229642303622,0.0023441611251973082,6.113063158816096,-0.34919126669798717,in_sample
2023-12-23 00:00:00+00:00,0.010479629417631475,17.577317962609957,-0.07300919285925112,-0.006227385952471853,6.074994755174311,-0.3532441038614982,in_sample
2023-12-24 00:00:00+00:00,0.010746721028887136,17.766216495190175,-0.0630470812585664,-0.016393292655036307,5.975405588274928,-0.36384656254326697,in_sample
2023-12-25 00:00:00+00:00,0.0025773604224182617,17.812006438440992,-0.060632215888133056,0.014032142558197958,6.059253331332655,-0.3549199668199863,in_sample
2023-12-26 00:00:00+00:00,-0.0045312290939064585,17.73129615664628,-0.06488870652137912,-0.024612548409952417,5.9101196653870645,-0.37079703036492306,in_sample
2023-12-27 00:00:00+00:00,0.008902185156026704,17.88914343808909,-0.05656417264534086,0.021516978736908943,6.0372875845597855,-0.35725848344608513,in_sample
2023-12-28 00:00:00+00:00,-0.006558581830465072,17.771816026973454,-0.06275177372083895,-0.019646152925636096,5.918678109417479,-0.3698858815719587,in_sample
2023-12-29 00:00:00+00:00,-0.010886051702259422,17.578351118860777,-0.07295470636996493,-0.011854432266590886,5.848515540661635,-0.37735552670908656,in_sample
2023-12-30 00:00:00+00:00,0.005558401721285085,17.676058655977204,-0.0678018162141425,0.0018790785625879547,5.859505360837055,-0.3761855288272118,in_sample
2023-12-31 00:00:00+00:00,0.0071964097038618394,17.80326281601511,-0.061093336158423606,0.003314822806360418,5.878928582841149,-0.37411769439123055,in_sample
2024-01-01 00:00:00+00:00,0.0032479236186074185,17.86108645380352,-0.05804383902926469,0.045285248381150334,6.145157323930154,-0.3457744587243704,in_sample
2024-01-02 00:00:00+00:00,-0.0036999340562104913,17.795001611752173,-0.06152901470869754,0.016947696370353427,6.249303584404176,-0.3346868428931009,in_sample
2024-01-03 00:00:00+00:00,0.006060040550707205,17.90284004311929,-0.05584184248217017,-0.047361259943352385,5.953328692878286,-0.36619691227057316,in_sample
2024-01-04 00:00:00+00:00,0.0013151981565147901,17.92638582534038,-0.0546000874139444,0.03020572002007027,6.133153272562819,-0.347052433654762,in_sample
2024-01-05 00:00:00+00:00,-0.010281116891507756,17.742082557227786,-0.06431985442446286,3.6245180523586384e-05,6.133375569810362,-0.34702876745234745,in_sample
2024-01-06 00:00:00+00:00,-0.007188608783833629,17.614541666713396,-0.07104609293780595,-0.004274511047583807,6.1071583881782265,-0.34981990019962683,in_sample
2024-01-07 00:00:00+00:00,-0.0011139802110477744,17.594919415870002,-0.07208092920724873,-0.0009054364863603226,6.1016287441455885,-0.3504085969846914,in_sample
2024-01-08 00:00:00+00:00,-0.009193508044077345,17.43316038268531,-0.08061176064883468,0.06958141398869211,6.526188699797286,-0.3052091086479879,in_sample
2024-01-09 00:00:00+00:00,0.0017535389980390323,17.463730109275414,-0.0789995775167941,-0.018280831206211157,6.40688454575641,-0.31791046365640707,in_sample
2024-01-10 00:00:00+00:00,-3.062619831893133e-05,17.4631952616137,-0.07902778425838486,0.011903109684694435,6.483146395241722,-0.3097914770905269,in_sample
2024-01-11 00:00:00+00:00,-0.002195962434068656,17.42484674084039,-0.08105020464697432,-0.006966990907123161,6.4379783732565246,-0.3146001535936561,in_sample
2024-01-12 00:00:00+00:00,-0.016391305472420344,17.139230755101167,-0.09611299145642405,-0.07658758076559524,5.944909184627585,-0.3670932696870285,in_sample
2024-01-13 00:00:00+00:00,0.002275954373838363,17.178238862302464,-0.0940557858658736,0.0013438064544777362,5.952897991961172,-0.3662427655377515,in_sample
2024-01-14 00:00:00+00:00,-8.361614106960446e-05,17.176802484258427,-0.09413153742508373,-0.025941502670002614,5.798470872808458,-0.38268338052768736,in_sample
2024-01-15 00:00:00+00:00,-0.005005323437396443,17.090827032204437,-0.09866570207200842,0.018691790324165014,5.906854674563772,-0.3711446277128886,in_sample
2024-01-16 00:00:00+00:00,0.0008209288071694688,17.104857384453524,-0.09792577078194942,0.014536046101375932,5.992716986427359,-0.36200355703022513,in_sample
2024-01-17 00:00:00+00:00,-0.004228953331508284,17.032521740832564,-0.10174060059886891,-0.008105163100178503,5.944145037839155,-0.36717462225782893,in_sample
2024-01-18 00:00:00+00:00,-0.0004612432856096369,17.024665604542605,-0.10215491671557841,-0.03413239714468708,5.741257118722007,-0.3887744693741614,in_sample
2024-01-19 00:00:00+00:00,0.0059106854608975586,17.125293048008015,-0.096848036835671,0.008206063920664253,5.788370241623209,-0.38375871359990377,in_sample
2024-01-20 00:00:00+00:00,0.004967587089829606,17.210364432662846,-0.09236155080330177,0.0007104761630447598,5.79248274070276,-0.3833208888552325,in_sample
2024-01-21 00:00:00+00:00,-0.0016799939450406307,17.18145112462403,-0.0938863779022383,-0.002681582469454491,5.776949720530674,-0.38497456474895697,in_sample
2024-01-22 00:00:00+00:00,-0.005358429517758346,17.089385529759923,-0.09874172388132985,-0.04841269841269846,5.4972719959653,-0.41474960566190433,in_sample
2024-01-23 00:00:00+00:00,0.001092314870571654,17.108052519703012,-0.09775726606409962,0.008163368463618648,5.542148252813097,-0.4099719910494444,in_sample
2024-01-24 00:00:00+00:00,-0.011734558955280154,16.907297068800528,-0.10834468661744356,0.004730508899473573,5.568365434445231,-0.4071808583021651,in_sample
2024-01-25 00:00:00+00:00,-0.003864408440589933,16.841960367300295,-0.11179040693657594,-0.003128843999430919,5.550942887669028,-0.4090356969164143,in_sample
2024-01-26 00:00:00+00:00,0.006115825861145167,16.944962864067012,-0.10635827173720136,0.04638165057704868,5.808404781058046,-0.3816257971072823,in_sample
2024-01-27 00:00:00+00:00,0.001975428088784115,16.978436419672093,-0.10459294676588149,0.007075471698113178,5.849501984697608,-0.37725050793587156,in_sample
2024-01-28 00:00:00+00:00,0.005440518915047106,17.070807924161244,-0.0997214677560947,-0.0019238899629948625,5.83824818654073,-0.37844860943311387,in_sample
2024-01-29 00:00:00+00:00,0.00015574385329016754,17.073466597566128,-0.09958125490844871,0.030139548608797417,6.014210351549197,-0.3597153310842577,in_sample
2024-01-30 00:00:00+00:00,0.008254195165452316,17.21439432301327,-0.09214902285583138,-0.00853360192387198,5.962887474522646,-0.36517926556674274,in_sample
2024-01-31 00:00:00+00:00,-0.001796785442343384,17.18346374989492,-0.09378023627538135,-0.008336770095740076,5.913176252540783,-0.37047162008172163,in_sample
2024-02-01 00:00:00+00:00,-0.002439858440893272,17.141538530820956,-0.09599128421520908,0.012032283455316595,5.9843252653326005,-0.3628969561713786,in_sample
2024-02-02 00:00:00+00:00,0.006892667481569005,17.25968945603641,-0.08976025273686428,0.0025398977540247447,5.999524839633373,-0.36127877958127597,in_sample
2024-02-03 00:00:00+00:00,-0.00047334736930946874,17.251519627437293,-0.09019111232667221,-0.004390718354870038,5.973182615799495,-0.3640832245674135,in_sample
2024-02-04 00:00:00+00:00,0.0013958506994578685,17.275600173175963,-0.08892115495444042,-0.009818014346721693,5.914537823181988,-0.37032666459193164,in_sample
2024-02-05 00:00:00+00:00,-0.001475580110679625,17.25010864116037,-0.09026552477745065,0.002879942119270895,5.93157134977499,-0.36851324183190814,in_sample
2024-02-06 00:00:00+00:00,-0.011608793243914945,17.04985569651007,-0.1008264442071708,0.009046000623054384,5.985228347900747,-0.3628008122240689,in_sample
2024-02-07 00:00:00+00:00,0.0032344638846527616,17.105002838998974,-0.09791809981492383,0.028949072752216143,6.158495158782752,-0.3443544865794905,in_sample
2024-02-08 00:00:00+00:00,-0.001331175682413682,17.08223307517208,-0.0991189293039958,0.021271843740271024,6.289497705475594,-0.3304076976689996,in_sample
2024-02-09 00:00:00+00:00,0.0018642193500901134,17.11407810461357,-0.09743948937987434,0.04080045770735441,6.546112090608354,-0.3030880252565735,in_sample
2024-02-10 00:00:00+00:00,-0.009599797825937562,16.949786414831973,-0.10610388780750257,0.013084699285382362,6.631765998802369,-0.2939691416386738,in_sample
2024-02-11 00:00:00+00:00,-0.013064258067768994,16.728350030915042,-0.1177819773029607,0.0119582842753172,6.711070541863431,-0.2855262239272429,in_sample
2024-02-12 00:00:00+00:00,0.008153982942834393,16.864752711728887,-0.11058838659402803,0.03395620184086412,6.9389530077512225,-0.26126540817691213,in_sample
2024-02-13 00:00:00+00:00,-0.017394640820847827,16.571396395775942,-0.12605938215111567,-0.004949583129770341,6.904608083005788,-0.26492183644997747,in_sample
2024-02-14 00:00:00+00:00,0.0073994794630092295,16.69401610307987,-0.11959267649745331,0.04279585644030548,7.2000966993026765,-0.2334635368902872,in_sample
2024-02-15 00:00:00+00:00,0.005380803261791895,16.78384331937973,-0.11485537789944522,0.001453017181494154,7.210558563515183,-0.23234974623914706,in_sample
2024-02-16 00:00:00+00:00,-0.008127458545997047,16.64743332855896,-0.12204935412277984,0.004819021744366436,7.24530640202179,-0.22865042297420513,in_sample
2024-02-17 00:00:00+00:00,-0.014389529498307605,16.407884595606554,-0.13468265083968822,-0.008997365221693365,7.180117734179727,-0.2355905368323049,in_sample
2024-02-18 00:00:00+00:00,0.0037525772442785106,16.469456449966774,-0.13143548064614985,0.009607309682387877,7.249099348807997,-0.22824661839550497,in_sample
2024-02-19 00:00:00+00:00,-0.006810626882853688,16.35728912712264,-0.13735094951115423,-0.0069399857022111044,7.198790702973362,-0.2336025758294732,in_sample
2024-02-20 00:00:00+00:00,-0.006417763598501297,16.252311912392432,-0.14288722718566316,0.009333420826111993,7.265980046043315,-0.22644946614964134,in_sample
2024-02-21 00:00:00+00:00,0.00997207476916317,16.41438118195457,-0.1343400345295539,-0.008023343416689865,7.207682592875093,-0.23265592773288657,in_sample
2024-02-22 00:00:00+00:00,0.0037019833260826473,16.475146947398134,-0.13113537577132484,-0.010811946535897898,7.129753514033205,-0.2409524108168769,in_sample
2024-02-23 00:00:00+00:00,0.004982822752717386,16.55723968446199,-0.12680597735268706,-0.010620282986696372,7.05403351408878,-0.2490137110143713,in_sample
2024-02-24 00:00:00+00:00,0.012739612543425838,16.76817250283067,-0.11568182382892489,0.01635156454653064,7.169377998407793,-0.23673391023646329,in_sample
2024-02-25 00:00:00+00:00,-0.010098348074940802,16.598841660316435,-0.12461197658089729,0.0031549103621753005,7.191996743345321,-0.23432587414077133,in_sample
2024-02-26 00:00:00+00:00,0.011899253116631476,16.796355478675427,-0.11419551291496566,0.053061051021058514,7.573611649487254,-0.1936984002830503,in_sample
2024-02-27 00:00:00+00:00,-0.0025741439272457096,16.753119242220134,-0.1164757011561226,0.047015681066048254,7.929690159317654,-0.1557895814277137,in_sample
2024-02-28 00:00:00+00:00,0.01804295372269423,17.05539499741829,-0.10053431311920669,0.09484796187439226,8.681805109224358,-0.0757179438330049,in_sample
2024-02-29 00:00:00+00:00,0.0011574640597902248,17.07513600415333,-0.09949321391362753,-0.020557579947477755,8.503328206603058,-0.09471894609667697,in_sample
2024-03-01 00:00:00+00:00,0.00320816089130671,17.129915787695595,-0.09660424326014905,0.020052840288023566,8.673844089046716,-0.07656548970697985,in_sample
2024-03-02 00:00:00+00:00,0.010283478874237367,17.306070914815827,-0.08731419208063917,-0.006258149048703587,8.619561879912245,-0.08234448050911014,in_sample
2024-03-03 00:00:00+00:00,0.010891056012721948,17.494552302509224,-0.077374079824573,0.018352705275153536,8.777754158695224,-0.06550301921577584,in_sample
2024-03-04 00:00:00+00:00,0.025488938498738806,17.94046987021085,-0.05385732448787928,0.08100698813678697,9.488813585696281,0.0,in_sample
2024-03-05 00:00:00+00:00,-0.0332498235313665,17.343952412956543,-0.0853164014841522,-0.06660673183359578,8.85679472377483,-0.06660673183359567,in_sample
2024-03-06 00:00:00+00:00,0.024543854124134363,17.769639850916075,-0.06286654067244102,0.03734583684981674,9.187559134541242,-0.03174837912393591,in_sample
2024-03-07 00:00:00+00:00,0.011611735017842519,17.97597620022741,-0.05198479526637512,0.011219133772178536,9.290635589511462,-0.020885434664198566,in_sample
2024-03-08 00:00:00+00:00,0.007055038882120673,18.102797411264092,-0.04529651113613775,0.019593240616120777,9.472669248093455,-0.0017014073948257158,in_sample
2024-03-09 00:00:00+00:00,0.015522003740270874,18.3837891003911,-0.030477600011143302,0.002638595956010903,9.497663794864103,0.0,in_sample
2024-03-10 00:00:00+00:00,0.006429012410494454,18.501978708669427,-0.024244528469362536,0.009387054729293798,9.586818884706924,0.0,in_sample
2024-03-11 00:00:00+00:00,0.028521446255247874,19.02968190002448,0.0,0.045679967768956775,10.024744462367162,0.0,in_sample
2024-03-12 00:00:00+00:00,0.01599214599500732,19.334007351208225,0.0,-0.009016850117388175,9.934352844084879,-0.009016850117388286,in_sample
2024-03-13 00:00:00+00:00,0.008321799004905579,19.494901074344348,0.0,0.022717864375300767,10.160040124653182,0.0,in_sample
2024-03-14 00:00:00+00:00,0.016486623601438974,19.81630617050435,0.0,-0.022865511790350124,9.927725607392494,-0.022865511790350124,in_sample
2024-03-15 00:00:00+00:00,0.0004572324630330261,19.825366828982908,0.0,-0.026636158168370616,9.663289137861804,-0.048892620570072265,in_sample
2024-03-16 00:00:00+00:00,-0.009590403287784276,19.6352335657647,-0.009590403287784266,-0.06040355301485789,9.079592140125069,-0.10634288558629046,in_sample
2024-03-17 00:00:00+00:00,0.01867957263815746,20.00201133742359,0.0,0.047388716316506097,9.509862356323033,-0.06399362210711179,in_sample
2024-03-18 00:00:00+00:00,-0.0008768295807531704,19.984472982208377,-0.0008768295807530802,-0.01151094482080528,9.400394855485946,-0.07476793987495867,in_sample
2024-03-19 00:00:00+00:00,-0.010942477629941052,19.7657933336544,-0.01180971252262153,-0.0840363582618977,8.610419905607028,-0.15252107275502036,in_sample
2024-03-20 00:00:00+00:00,0.022322711970937867,20.207019445118654,0.0,0.09523817207510876,9.430460558216172,-0.07180872885203438,in_sample
2024-03-21 00:00:00+00:00,-0.024353812037188956,19.71490149172041,-0.024353812037189004,-0.03442286273284967,9.105837108913144,-0.10375972956859003,in_sample
2024-03-22 00:00:00+00:00,0.001977419219067001,19.75388611683215,-0.02242455051410197,-0.026150482377910178,8.86771507606039,-0.1271968449668801,in_sample
2024-03-23 00:00:00+00:00,0.0021736234555176297,19.79682362703332,-0.020299669587561242,0.0030442139566948523,8.894710298058927,-0.12453984542088092,in_sample
2024-03-24 00:00:00+00:00,0.008700375451887187,19.969063425343304,-0.011775908882634911,0.05061831950178286,9.344945585801872,-0.08022552360531487,in_sample
2024-03-25 00:00:00+00:00,0.0014645686748189944,19.998309490101533,-0.010328586835083087,0.03954154642593255,9.71445918553067,-0.04385621844556675,in_sample
2024-03-26 00:00:00+00:00,-0.0011878016635094991,19.97455546482181,-0.011504120185968247,0.0017677219127438804,9.731631647903388,-0.04216602213117915,in_sample
2024-03-27 00:00:00+00:00,0.0060010918607887155,20.094424607044626,-0.005572065607193033,-0.007302542255521849,9.6605659965794,-0.04916064522834074,in_sample
2024-03-28 00:00:00+00:00,0.001535863658293236,20.1252869035329,-0.004044759881967619,0.01878399484558302,9.842030018464563,-0.03130008368933235,in_sample
2024-03-29 00:00:00+00:00,-0.006378768552532204,19.996912356321957,-0.010397727847362037,-0.013200411639400333,9.712111170853495,-0.04408732133968596,in_sample
2024-03-30 00:00:00+00:00,0.0010650253345304117,20.018209574593822,-0.009343776356410705,-0.003740865992595488,9.675779464458142,-0.047663262571177256,in_sample
2024-03-31 00:00:00+00:00,-0.004494858633067068,19.928230552468914,-0.013796636035656729,0.024710627623233616,9.914874047768897,-0.02413042408064836,in_sample
2024-04-01 00:00:00+00:00,-0.014150435764491489,19.646237406136226,-0.027751843388159503,-0.023303392514328114,9.683823846103614,-0.04687149585108785,in_sample
2024-04-02 00:00:00+00:00,-0.013768819548896062,19.375731908476364,-0.041138552813294815,-0.060182209469153425,9.101029930935024,-0.10423287513879853,in_sample
2024-04-03 00:00:00+00:00,-0.014945877456604294,19.08614459374026,-0.05546957850080947,0.007123087750151358,9.165857365749828,-0.09785224730471143,in_sample
2024-04-04 00:00:00+00:00,0.0028690422179002634,19.14090354835665,-0.05275968084543714,0.0381677653667698,9.515697659071046,-0.06341928355367898,in_sample
2024-04-05 00:00:00+00:00,-0.0031492960248041724,19.08062317690065,-0.05574282101708483,-0.009697780256650912,9.423416514184648,-0.072502037534392,in_sample
2024-04-06 00:00:00+00:00,-0.011954277480689238,18.85252811293951,-0.06703073334777954,0.015862718703972156,9.572897519579525,-0.05778939825729279,in_sample
2024-04-07 00:00:00+00:00,-0.009301650701729008,18.67716848158842,-0.07570888758162675,0.006692152286739139,9.636960807605899,-0.05148398142425048,in_sample
2024-04-08 00:00:00+00:00,0.013397409533207939,18.927394156656984,-0.06332578102065345,0.033385378596853865,9.958694392690864,-0.01981741503891854,in_sample
2024-04-09 00:00:00+00:00,-0.01706218502780179,18.60445145546197,-0.07930748985565073,-0.034725942543360255,9.612869343403398,-0.053855179166279354,in_sample
2024-04-10 00:00:00+00:00,0.016815834044795256,18.917300823631468,-0.0638252773987773,0.021569809204602386,9.82021710104938,-0.03344701590097332,in_sample
2024-04-11 00:00:00+00:00,0.01852726920682164,19.26778674865732,-0.04648051628852279,-0.008856606448345183,9.733243302948077,-0.04200739529261199,in_sample
2024-04-12 00:00:00+00:00,0.019498161759683576,19.64347317143373,-0.02788863915410633,-0.04167112740290946,9.327648081227412,-0.08192802717441872,in_sample
2024-04-13 00:00:00+00:00,-0.00016997232892840101,19.64013432455054,-0.02805387118608693,-0.04761500467704549,8.883512074213934,-0.1256420284543731,in_sample
2024-04-14 00:00:00+00:00,0.003840454693619344,19.715561370600575,-0.024321156113738418,0.02621532475128907,9.11639622817145,-0.10272045028142618,in_sample
2024-04-15 00:00:00+00:00,0.008714718985895778,19.887376947594543,-0.015818389168785862,-0.03388203164172099,8.80751420271008,-0.1331221043764601,in_sample
2024-04-16 00:00:00+00:00,-0.004589357942403743,19.796106656246522,-0.02033515086122184,0.00587291596666506,8.859239993497804,-0.1280310033421036,in_sample
2024-04-17 00:00:00+00:00,-0.006897523590927137,19.659562543576552,-0.027092412269358657,-0.039371128361954,8.510441718524445,-0.16236140663716592,in_sample
2024-04-18 00:00:00+00:00,0.005873493751813056,19.775032861339625,-0.02137804563173129,0.035760637993943245,8.81478054398915,-0.13240691613016187,in_sample
2024-04-19 00:00:00+00:00,-0.00020661536480401127,19.770947035710968,-0.021580243963838286,0.005396800378280497,8.86235215496341,-0.1277246894469395,in_sample
2024-04-20 00:00:00+00:00,-0.010258906133982237,19.568118745891674,-0.03161776040064712,0.017398420377692014,9.016543083290609,-0.1125484769088555,in_sample
2024-04-21 00:00:00+00:00,0.008087408615978814,19.726374118035693,-0.023786057532550586,0.00023729837342756355,9.018682694298214,-0.1123378861059301,in_sample
2024-04-22 00:00:00+00:00,0.003653491246556345,19.798444253202234,-0.02021946843897937,0.028737101887769123,9.277853497777722,-0.08682904949704362,in_sample
2024-04-23 00:00:00+00:00,-0.008076020055405525,19.638551620347545,-0.02813219566176206,-0.005865704273862571,9.223432352863536,-0.09218544024417596,in_sample
2024-04-24 00:00:00+00:00,0.004392790744963293,19.72481966814989,-0.023862983765537304,-0.03217983228467325,8.926623846659359,-0.12139876052270282,in_sample
2024-04-25 00:00:00+00:00,0.0017827737659615876,19.759984559192596,-0.02212275230101024,0.0035610894941635607,8.958412353058048,-0.11826998287924106,in_sample
2024-04-26 00:00:00+00:00,-0.0029427545511754964,19.701835774699873,-0.025000405022167493,-0.011321550649205592,8.856989233866432,-0.12825253392699865,in_sample
2024-04-27 00:00:00+00:00,0.005249216584412698,19.805254977791805,-0.019882420978414084,-0.005142057575985737,8.811446085276005,-0.1327351095892657,in_sample
2024-04-28 00:00:00+00:00,-0.0035164225407073642,19.73561133276344,-0.02332892852582913,-0.00524589646962359,8.765222151364977,-0.1372846914160999,in_sample
2024-04-29 00:00:00+00:00,0.004098651251000386,19.816500720841727,-0.01932589441691579,0.011953087973522791,8.869993622847714,-0.12697257943649165,in_sample
2024-04-30 00:00:00+00:00,0.0008400530152724984,19.83314763202442,-0.018502076177520976,-0.04998558951417875,8.426621762622664,-0.17061136971540147,in_sample
2024-05-01 00:00:00+00:00,-0.004244306817707093,19.74896966831323,-0.02266785450716602,-0.03864062046587702,8.101011869283662,-0.20265946099694232,in_sample
2024-05-02 00:00:00+00:00,0.0018121433348990525,19.784757632068786,-0.020896788573728675,0.012504373357846932,8.202309946273534,-0.1926892172039012,in_sample
2024-05-03 00:00:00+00:00,-0.008878704384167968,19.609094617741235,-0.029589956549572083,0.06465469784049582,8.732627817443943,-0.14049278247884533,in_sample
2024-05-04 00:00:00+00:00,-0.010357366582863878,19.405996036427226,-0.039640849105280984,0.01607701694570096,8.873022422845489,-0.12667447037780533,in_sample
2024-05-05 00:00:00+00:00,0.00031041446270452277,19.412019938260123,-0.03934273973545255,0.0019384882297124317,8.890222672374149,-0.12498153911792542,in_sample
2024-05-06 00:00:00+00:00,0.005545667247610693,19.519672541441697,-0.03401525423102403,-0.013208726636244283,8.772794151359417,-0.13653941876938402,in_sample
2024-05-07 00:00:00+00:00,-0.0062798657898731226,19.39709161761917,-0.04008150878951788,-0.013410871865042417,8.655143333097142,-0.1481191779847829,in_sample
2024-05-08 00:00:00+00:00,-0.010769831131746134,19.188188216450406,-0.05041966884009519,-0.018269230769230704,8.497020522204021,-0.16368238531006085,in_sample
2024-05-09 00:00:00+00:00,0.002464439001906328,19.23547633586695,-0.04807948603654155,0.030939584256490127,8.759914804579878,-0.13780706600517467,in_sample
2024-05-10 00:00:00+00:00,0.010005332380200795,19.427933670098785,-0.03855520489480546,-0.036034835789316766,8.444252713068437,-0.16887604680038748,in_sample
2024-05-11 00:00:00+00:00,-0.009996866804523986,19.233715204911682,-0.048166640451374865,0.0005116974699768129,8.448573615817558,-0.1684507627762981,in_sample
2024-05-12 00:00:00+00:00,-0.009906557565897894,19.04317529802814,-0.0575960324208854,0.010633259441005682,8.538409490980982,-0.15960868399892814,in_sample
2024-05-13 00:00:00+00:00,-0.016738980648907303,18.724411955220695,-0.07337091419764563,0.023696705599796752,8.740741666979268,-0.13969417839502507,in_sample
2024-05-14 00:00:00+00:00,-0.001624966994148281,18.693985403808625,-0.07487665587789238,-0.02164289540485853,8.551566709319948,-0.15831368730821238,in_sample
2024-05-15 00:00:00+00:00,-0.01001839178588795,18.5067017339936,-0.08414490398957841,0.07513992575202466,9.194130796921735,-0.0950694402660559,in_sample
2024-05-16 00:00:00+00:00,-0.0034207975280657757,18.443394054449307,-0.08727785883807715,-0.01447214523826068,9.06107200068912,-0.10816572675706604,in_sample
2024-05-17 00:00:00+00:00,-0.0011182431296886328,18.42276985575978,-0.08829850410174622,0.027021805430121004,9.305918525280058,-0.08406675454958212,in_sample
2024-05-18 00:00:00+00:00,-0.0029621404289239695,18.36819902435727,-0.09099909196185696,-0.0014198268139744563,9.292705732629203,-0.08536722113128326,in_sample
2024-05-19 00:00:00+00:00,0.00641153626452184,18.485967398515893,-0.08517099967548702,-0.009650907753468996,9.203022686823466,-0.09419425770844425,in_sample
2024-05-20 00:00:00+00:00,-0.0018360472936509772,18.45202628810333,-0.08685066898568616,0.07891224860128565,9.929253900969352,-0.022715089788260867,in_sample
2024-05-21 00:00:00+00:00,0.0009518846241299091,18.469590488211015,-0.08598145617795916,-0.018158158018092396,9.74895693963379,-0.04046078361658301,in_sample
2024-05-22 00:00:00+00:00,-0.005246567475843174,18.372688535463425,-0.09077691614229344,-0.013534505364207416,9.617009629638888,-0.05344767228789182,in_sample
2024-05-23 00:00:00+00:00,-0.004172513819281182,18.296028238651854,-0.09457066202449926,-0.01761363554279105,9.447619127010917,-0.07011990001039337,in_sample
2024-05-24 00:00:00+00:00,-0.006247892415237116,18.181716622590617,-0.10022768711776953,0.008591189104689922,9.528785409520154,-0.062131124226694645,in_sample
2024-05-25 00:00:00+00:00,-0.0006165894898652316,18.17050596721342,-0.10078247726916445,0.0106482406272006,9.630250209445682,-0.05214447076069839,in_sample
2024-05-26 00:00:00+00:00,-0.004602370885717907,18.08687855957115,-0.10492100981570829,-0.011398785822282154,9.520477049893223,-0.062948872928963,in_sample
2024-05-27 00:00:00+00:00,0.0003956302145370121,18.09403427521598,-0.10456688952279414,0.01367835935573214,9.650701556219664,-0.050131550878191544,in_sample
2024-05-28 00:00:00+00:00,-0.006747792078021613,17.971939494074224,-0.11060908597207053,-0.014700208460502018,9.508834231553143,-0.06409481509033588,in_sample
2024-05-29 00:00:00+00:00,0.004024299271703863,18.044263957091335,-0.10702991076448776,-0.011013946420613596,9.40410444080432,-0.07440282465170556,in_sample
2024-05-30 00:00:00+00:00,-0.006316666749360917,17.930284354936884,-0.11267050523533562,0.010575194240523,9.50355467192399,-0.06461445473391791,in_sample
2024-05-31 00:00:00+00:00,-0.01401704314814232,17.678954785475273,-0.12510824105007123,-0.012055114944629297,9.388988227971376,-0.07589063499964532,in_sample
2024-06-01 00:00:00+00:00,0.0002735056793099998,17.683790080013363,-0.12486895318521696,0.0032747392268774878,9.419734716022205,-0.07286441781215391,in_sample
2024-06-02 00:00:00+00:00,-0.026995299962591448,17.206410862327903,-0.14849337830055875,9.882122502924418e-05,9.420665585746294,-0.07277279713815377,in_sample
2024-06-03 00:00:00+00:00,-0.010900510652569077,17.01885219743062,-0.15777523530112658,0.015419012209851868,9.565922943437847,-0.0584758695759201,in_sample
2024-06-04 00:00:00+00:00,0.012744975886819474,17.235757058308216,-0.14704110098375722,0.02510624330078981,9.806087332252405,-0.03483773568392867,in_sample
2024-06-05 00:00:00+00:00,0.004550420959095264,17.314187008472214,-0.14315977893242704,0.007839331255313109,9.882960499168462,-0.02727150897882691,in_sample
2024-06-06 00:00:00+00:00,-0.0059243698670515,17.211611360686728,-0.14823601731899738,-0.004263825803104915,9.84082127718104,-0.03141905381825827,in_sample
2024-06-07 00:00:00+00:00,0.009111998708060134,17.36844354116894,-0.14047474500923585,-0.020513906536778204,9.63894758925581,-0.051288432821534724,in_sample
2024-06-08 00:00:00+00:00,0.0017845830473896297,17.399438971072055,-0.1389408508103761,-0.00043962696570909454,9.634710047974517,-0.051705512009146526,in_sample
2024-06-09 00:00:00+00:00,-0.006857152268130601,17.28012836866737,-0.1448452645082362,0.004623160505577095,9.679252858951,-0.047321394384610804,in_sample
2024-06-10 00:00:00+00:00,0.010609348611697834,17.46345927458545,-0.13577262980245997,-0.0015559711829544742,9.66419222042994,-0.04880373484156564,in_sample
2024-06-11 00:00:00+00:00,-0.0002524427809424193,17.4590507503613,-0.13599079776315914,-0.032174264326389035,9.353253945428795,-0.07940777490304718,in_sample
2024-06-12 00:00:00+00:00,0.005270940744823318,17.551076372327316,-0.13143665645518676,0.014105616845933033,9.485187361845725,-0.06642225370448462,in_sample
2024-06-13 00:00:00+00:00,-0.0012338180507519266,17.52942153748901,-0.1325083055866738,-0.02172833574775579,9.27909002621717,-0.08670734442262684,in_sample
2024-06-14 00:00:00+00:00,-0.007660080350904846,17.395144760006964,-0.13915336166962244,-0.011187822761649313,9.175277211614466,-0.09692510078274241,in_sample
2024-06-15 00:00:00+00:00,-0.008638960465640189,17.244868792131175,-0.14659018174513783,0.002634778777008462,9.199452037284797,-0.09454569820423575,in_sample
2024-06-16 00:00:00+00:00,0.00374550474462816,17.309459530012592,-0.14339373122175203,0.006643640213430224,9.260569886781225,-0.08853018559340198,in_sample
2024-06-17 00:00:00+00:00,-0.014011970132010337,17.06691990007681,-0.15539647267476575,-0.0027230337146080252,9.235353042763036,-0.09101214862787865,in_sample
2024-06-18 00:00:00+00:00,0.016911926208511334,17.355554390033486,-0.141112600145193,-0.019889547644801442,9.051666048402438,-0.10909150580629023,in_sample
2024-06-19 00:00:00+00:00,-0.0067593010150419144,17.238242973628317,-0.14691807861883832,-0.0033215656178050557,9.021600345672212,-0.11205071682921441,in_sample
2024-06-20 00:00:00+00:00,0.00734901373384936,17.364927057988947,-0.14064876786250935,-0.0012258676555743087,9.010541057606934,-0.11313922513524388,in_sample
2024-06-21 00:00:00+00:00,-0.007822915282664239,17.229082704724657,-0.14737139974957403,-0.011256052055385934,8.909117938415319,-0.12312177618300146,in_sample
2024-06-22 00:00:00+00:00,0.0079209719052205,17.3655537847815,-0.14061775256140296,0.001808995072047903,8.925234488862205,-0.12153550779733047,in_sample
2024-06-23 00:00:00+00:00,0.00877933760295513,17.518011844120373,-0.13307294568115313,-0.01626867995018677,8.780032705482537,-0.1358269654685791,in_sample
2024-06-24 00:00:00+00:00,-0.012550737691495437,17.29814787258831,-0.14395351973756976,-0.046226831595587714,8.374159612202442,-0.17577494680531114,in_sample
2024-06-25 00:00:00+00:00,0.0031513828476058266,17.35266095908933,-0.1412557895429175,0.024956199729234685,8.583146812049057,-0.15520542175594543,in_sample
2024-06-26 00:00:00+00:00,0.00364731591259805,17.415951595531336,-0.13812367811926596,-0.014854850771636507,8.45564544700502,-0.16775471914844853,in_sample
2024-06-27 00:00:00+00:00,0.0012659734040863391,17.437999727058134,-0.13703256561815325,0.013504742844655304,8.569836764352404,-0.15651546064687027,in_sample
2024-06-28 00:00:00+00:00,0.0024202307111251993,17.480203709538152,-0.13494398533076135,-0.020300898155053315,8.395861380993853,-0.17363895437564036,in_sample
2024-06-29 00:00:00+00:00,0.0049126926012265475,17.566078576969936,-0.13069423104784916,0.00914449493461822,8.472637292864109,-0.16608229997976254,in_sample
2024-06-30 00:00:00+00:00,0.0005843582254750177,17.576343459475726,-0.13018624507130916,0.02924778296688868,8.720443149562966,-0.1416920560773236,in_sample
2024-07-01 00:00:00+00:00,0.002778806955388082,17.625184724931206,-0.12776920055922125,0.0018736258483891266,8.736781997257395,-0.14008390812771232,in_sample
2024-07-02 00:00:00+00:00,-0.006941439044958392,17.502840579506966,-0.13382373748667464,-0.01208582205853359,8.631190804674343,-0.1504767009993503,in_sample
2024-07-03 00:00:00+00:00,-0.003906735753675411,17.434461606424126,-0.13720765926042033,-0.03083530252593214,8.365045425053166,-0.1766720089268633,in_sample
2024-07-04 00:00:00+00:00,-0.022652880118046975,17.039520837731107,-0.15675239072196312,-0.05251959872442202,7.9257165960178115,-0.21991286463660897,in_sample
2024-07-05 00:00:00+00:00,-0.02615222539584393,16.593899448145585,-0.1788051922643089,-0.007730616924266243,7.864445917163699,-0.2259434194476515,in_sample
2024-07-06 00:00:00+00:00,0.010716301338521583,16.77172467501304,-0.1700050212469839,0.028462200268881244,8.088285351861797,-0.2039120660325252,in_sample
2024-07-07 00:00:00+00:00,0.008178057701810782,16.908884807164178,-0.16321727441852862,-0.04096983647107322,7.756909623664643,-0.2365276585037671,in_sample
2024-07-08 00:00:00+00:00,-0.005053791070976571,16.82343083610556,-0.16744619948541983,0.01532305587049465,7.8757691832104335,-0.22482892915944297,in_sample
2024-07-09 00:00:00+00:00,-0.004446605298192136,16.74862367941596,-0.1711482376258181,0.023582376019644746,8.061498533532832,-0.20654855348733037,in_sample
2024-07-10 00:00:00+00:00,-0.0001158220719609806,16.746683819118914,-0.1712442369542848,-0.005449544320202948,8.017567039987094,-0.21087250231103027,in_sample
2024-07-11 00:00:00+00:00,-0.013881682986174726,16.514211663272203,-0.18274876172985077,-0.00678427227199474,7.963173682228851,-0.2162261581126701,in_sample
2024-07-12 00:00:00+00:00,0.0032543317951913343,16.567954387360512,-0.1800891550404886,0.009674520853870217,8.040213572080564,-0.2086435217346132,in_sample
2024-07-13 00:00:00+00:00,-0.0072830427325911605,16.447289267565743,-0.18606060076124376,0.022533264212891035,8.221385828828328,-0.19081167712327618,in_sample
2024-07-14 00:00:00+00:00,0.0002888996247237428,16.452040883262864,-0.18582545397425587,0.02690370770946693,8.442571590133879,-0.16904151100268716,in_sample
2024-07-15 00:00:00+00:00,0.008612620480777844,16.59373606752465,-0.1788132776042265,0.06442089326267975,8.986449593404426,-0.11551042287727353,in_sample
2024-07-16 00:00:00+00:00,-0.0063254172743696995,16.488773762756797,-0.18400762628355183,0.0050927171362047385,9.032215039242397,-0.11100596765106618,in_sample
2024-07-17 00:00:00+00:00,0.0009576890893100883,16.504564881485493,-0.18322615929028319,-0.014679280110752257,8.899628624660808,-0.12405576006870334,in_sample
2024-07-18 00:00:00+00:00,-0.002902112272520057,16.456666781190332,-0.18559652867728016,-0.0014955733837893614,8.886318576964156,-0.12536579895962818,in_sample
2024-07-19 00:00:00+00:00,0.008045288491568922,16.589065413054627,-0.17904441780195368,0.041713636200181536,9.256999237242553,-0.0888816260891937,in_sample
2024-07-20 00:00:00+00:00,0.0071089916595102305,16.7069969407151,-0.1732082514152795,0.007019581886867465,9.321979501415047,-0.08248595605489728,in_sample
2024-07-21 00:00:00+00:00,0.0015266796690408544,16.73250317327522,-0.1719460052621844,0.015536041111488652,9.466806158189486,-0.06823142014779782,in_sample
2024-07-22 00:00:00+00:00,0.0038686260244962852,16.797234970506317,-0.16874257402845372,-0.00937509172561568,9.378053982107836,-0.076966836050959,in_sample
2024-07-23 00:00:00+00:00,-0.010291308893459004,16.624369436868825,-0.17729730096910845,-0.023449166804939914,9.158146429975659,-0.09861119467889146,in_sample
2024-07-24 00:00:00+00:00,0.002524153309824089,16.666331894006635,-0.17522067322834844,-0.008580565686232777,9.079564352969115,-0.10634562053178409,in_sample
2024-07-25 00:00:00+00:00,-0.0010461135183418512,16.648897018911143,-0.17608348603173318,0.006460517698329671,9.138223039164595,-0.10057215059703983,in_sample
2024-07-26 00:00:00+00:00,0.006839154143141934,16.76276139193677,-0.17044859399162415,0.03207243093670664,9.431308066472424,-0.07172531301451279,in_sample
2024-07-27 00:00:00+00:00,-5.2566321295188356e-05,16.761880235235648,-0.17049220045736324,-0.00012816263396309147,9.430099325188907,-0.07184428314343805,in_sample
2024-07-28 00:00:00+00:00,-0.004270672050332307,16.69029574180401,-0.1740347562324025,0.005034343148608178,9.477573681117367,-0.06717162876943972,in_sample
2024-07-29 00:00:00+00:00,-0.0006327508272447829,16.679734943366423,-0.17455738642367202,-0.02148338720671983,9.273963295945705,-0.08721194186599968,in_sample
2024-07-30 00:00:00+00:00,0.003599717134244002,16.739777271036704,-0.17158602650424626,-0.00884943820224715,9.191893930868325,-0.09528960337820569,in_sample
2024-07-31 00:00:00+00:00,0.007401944395936133,16.863684171597274,-0.16545415233561422,-0.023541663832598037,8.975501453962925,-0.11658799140133236,in_sample
2024-08-01 00:00:00+00:00,-0.00792767336894235,16.729994391687846,-0.17207015922730462,0.011255104346937772,9.07652165939337,-0.10664509706321645,in_sample
2024-08-02 00:00:00+00:00,-0.008855030300889738,16.581849784415734,-0.17940150305435765,-0.05885909605090556,8.54228579923501,-0.15922715910272012,in_sample
2024-08-03 00:00:00+00:00,-0.013628952424405994,16.355856542595287,-0.19058540092876886,-0.012996940652563183,8.43126221766512,-0.17015463381814888,in_sample
2024-08-04 00:00:00+00:00,-0.009276295505391729,16.20413478406238,-0.1980937699361317,-0.04185740698628648,8.078351443612211,-0.20488980904610654,in_sample
2024-08-05 00:00:00+00:00,-0.021393794993530058,15.857466846444618,-0.21524958742615274,-0.07122599729983059,7.502962805502405,-0.2615223253600564,in_sample
2024-08-06 00:00:00+00:00,0.03736885003846159,16.450042147019285,-0.18592436694105963,0.03681455323861038,7.779181029152888,-0.23433559969149886,in_sample
2024-08-07 00:00:00+00:00,-0.006450396033588268,16.343932860401793,-0.19117547717558392,-0.015864993070339506,7.655764376032461,-0.24648286009659892,in_sample
2024-08-08 00:00:00+00:00,0.007782094814542708,16.47112289556396,-0.18488112805063706,0.11899373717172779,8.566752390042744,-0.15681903959654153,in_sample
2024-08-09 00:00:00+00:00,0.0035856344515027673,16.53018232127323,-0.18195840974130528,-0.013804780424198637,8.448490254349725,-0.16845896761277623,in_sample
2024-08-10 00:00:00+00:00,0.011187138673155891,16.715107763193863,-0.17280686503067233,0.0013369819400546046,8.459785733240517,-0.16734721227006022,in_sample
2024-08-11 00:00:00+00:00,-0.012043978179572918,16.513791370024748,-0.18276956109853537,-0.036078233007444616,8.15457161236361,-0.19738785356007937,in_sample
2024-08-12 00:00:00+00:00,-0.0003108276366997507,16.50865842728025,-0.18302357890449827,0.010742318943794071,8.242170621473628,-0.18876593789485863,in_sample
2024-08-13 00:00:00+00:00,-0.008099058400113662,16.37495383857018,-0.1896403186504666,0.020681482580288568,8.4126309296054,-0.17198841477089444,in_sample
2024-08-14 00:00:00+00:00,-0.01293957349956297,16.16306891982405,-0.20012602730837126,-0.03141840282078601,8.148319502276454,-0.19800321629590012,in_sample
2024-08-15 00:00:00+00:00,-0.0005500016456084942,16.154179205320062,-0.20056595930963106,-0.019388522390324625,7.990335627163049,-0.21355274889371534,in_sample
2024-08-16 00:00:00+00:00,-0.005944780607015187,16.058146154058026,-0.205318419291315,0.02336770356975193,8.177051421521423,-0.19517528265661743,in_sample
2024-08-17 00:00:00+00:00,0.008621880509837877,16.19659757140783,-0.19846676965907561,0.010425640006184622,8.262302415954265,-0.1867844698855161,in_sample
2024-08-18 00:00:00+00:00,0.005756588314171148,16.28983471571673,-0.19385267283187513,-0.018135651647510853,8.112460177532132,-0.2015326634540182,in_sample
2024-08-19 00:00:00+00:00,0.005723430604313707,16.383068454267875,-0.1892387445479753,0.017271793115259504,8.252576911374248,-0.18774170080790364,in_sample
2024-08-20 00:00:00+00:00,-0.0004334395925940545,16.375967383751618,-0.18959016057622935,-0.0069968096837461635,8.194835201324885,-0.19342491754139413,in_sample
2024-08-21 00:00:00+00:00,-0.003309990757980574,16.32176308305841,-0.19227260965489856,0.036232535192403104,8.491754856152832,-0.1642006574808973,in_sample
2024-08-22 00:00:00+00:00,-0.0012628236510625163,16.301151574610085,-0.1932926269070374,-0.012599803664921416,8.384760412194664,-0.17473156509990828,in_sample
2024-08-23 00:00:00+00:00,0.0234464200683217,16.683355222025778,-0.17437822696528738,0.060812031171551206,8.894654723747035,-0.12454531531186663,in_sample
2024-08-24 00:00:00+00:00,0.005771430378982807,16.77964204517754,-0.16961320838284522,0.0015089058245951747,8.908075920067459,-0.1232243366389717,in_sample
2024-08-25 00:00:00+00:00,-0.0010467691600342054,16.762077633368232,-0.1704824316672099,0.0011494701051990575,8.91831548703242,-0.12221650922497218,in_sample
2024-08-26 00:00:00+00:00,0.01219031779506405,16.966412686624526,-0.16037034889264434,-0.021539113447224034,8.726222877999094,-0.14112318741487573,in_sample
2024-08-27 00:00:00+00:00,0.006393426258404596,17.074886195006123,-0.15500223863391938,-0.05450136607671685,8.250631810458243,-0.1879331469923814,in_sample
2024-08-28 00:00:00+00:00,0.001839695201048847,17.10629878119753,-0.15344770030743726,-0.0063063594035480675,8.198600360955147,-0.19305433242715564,in_sample
2024-08-29 00:00:00+00:00,-0.006156017407582653,17.000992108121167,-0.1586590910007738,0.005307574987290176,8.242115047161741,-0.18877140778584378,in_sample
2024-08-30 00:00:00+00:00,-0.00019364498872078697,16.997699951196147,-0.15882201245160732,-0.003824810529438616,8.210590518744512,-0.19187420344712625,in_sample
2024-08-31 00:00:00+00:00,0.0021486160603031326,17.0342214822995,-0.15701464391798747,-0.0026126847196863423,8.189138834356587,-0.1939855813673642,in_sample
2024-09-01 00:00:00+00:00,-0.0018903557249160636,17.002020744200948,-0.15860818611187744,-0.028397455799694327,7.956588126270385,-0.21687434019440088,in_sample
2024-09-02 00:00:00+00:00,0.021088767632930834,17.36057240896567,-0.14086426966054078,0.032199426906078576,8.212785704064002,-0.1916581427532158,in_sample
2024-09-03 00:00:00+00:00,-0.010077648744654392,17.185618658221973,-0.149522337774884,-0.028085620372140352,7.982124522581919,-0.21436092528675987,in_sample
2024-09-04 00:00:00+00:00,0.00825976425352772,17.327567816889914,-0.14249759278201313,0.008579350726433788,8.050605968403216,-0.20762065212040415,in_sample
2024-09-05 00:00:00+00:00,0.008176581260324427,17.469248083188496,-0.13548615466847147,-0.031048515138545785,7.800646607118782,-0.23222285429851475,in_sample
2024-09-06 00:00:00+00:00,0.003862579912564678,17.53672444992223,-0.13214690085535996,-0.03950436097510579,7.492487047711927,-0.26255339981074266,in_sample
2024-09-07 00:00:00+00:00,-0.00032051104111303127,17.53110373611107,-0.13242505735569998,0.003842181290876656,7.521274541268782,-0.25971999628047493,in_sample
2024-09-08 00:00:00+00:00,0.00907443297854651,17.69018856200436,-0.12455230668480788,0.013017480405431492,7.619182585233619,-0.25008341583752325,in_sample
2024-09-09 00:00:00+00:00,-0.0023163992646340168,17.649211022228094,-0.12658019307782875,0.03957723980481265,7.920728801526063,-0.22040378735251887,in_sample
2024-09-10 00:00:00+00:00,0.010163816156227516,17.828594358360483,-0.11770291473306416,0.010508682687247806,8.003965227153046,-0.21221125812962627,in_sample
2024-09-11 00:00:00+00:00,0.0012481742102898043,17.85084755004431,-0.11660165426541991,-0.005261321562044841,7.961853792321568,-0.2163560680235651,in_sample
2024-09-12 00:00:00+00:00,0.020672093507799964,18.21986193979231,-0.09833996105775888,0.013803092171849274,8.07175199407577,-0.20553935860058392,in_sample
2024-09-13 00:00:00+00:00,-0.0005641551114970336,18.209583111548206,-0.09884863717756076,0.04060794877532392,8.399529285578318,-0.17327794157062548,in_sample
2024-09-14 00:00:00+00:00,0.008090069284463168,18.35689990056182,-0.09155826021653879,-0.008141431317218006,8.331145094802821,-0.18000864242775727,in_sample
2024-09-15 00:00:00+00:00,-0.005534199769139909,18.255309149370007,-0.09658575828312554,-0.01440030685077709,8.211174049019315,-0.19181676959178284,in_sample
2024-09-16 00:00:00+00:00,0.003278071193039897,18.31515135241259,-0.09362430208197159,-0.015456722024348335,8.08425621425008,-0.20430863312894243,in_sample
2024-09-17 00:00:00+00:00,0.017240555310947408,18.630914732332233,-0.07799788172951727,0.03598741987041776,8.375187736972332,-0.17567375382208705,in_sample
2024-09-18 00:00:00+00:00,0.006326363889692411,18.7487806785268,-0.07216496082227097,0.024125346294852523,8.577242041411193,-0.15578659767310898,in_sample
2024-09-19 00:00:00+00:00,0.0019958223818037583,18.786199914636533,-0.07031316688445821,0.019301760905025223,8.742797916519041,-0.13949179242857757,in_sample
2024-09-20 00:00:00+00:00,-0.02798976077874062,18.26037867308426,-0.09633487894250714,0.003953794005425282,8.77736513851202,-0.1360895202358624,in_sample
2024-09-21 00:00:00+00:00,0.012166996749140385,18.482552641037753,-0.08533998835228884,0.002293603394976307,8.797496932992658,-0.13410805222651967,in_sample
2024-09-22 00:00:00+00:00,0.010135751953877363,18.669887210081793,-0.07606922135209704,0.0037554918936333337,8.830535861408777,-0.130856202035894,in_sample
2024-09-23 00:00:00+00:00,-0.00701546506045952,18.538909268676743,-0.08255102544798465,-0.0040340851877957995,8.794912727489967,-0.13436240215732564,in_sample
2024-09-24 00:00:00+00:00,0.0012591406958036228,18.562252363792744,-0.08139582810780299,0.014866828852168945,8.925665189779323,-0.12149311614219582,in_sample
2024-09-25 00:00:00+00:00,0.0015605296313470135,18.591219308630983,-0.07996231907808626,-0.01750693848833562,8.769404118334378,-0.1368730821194738,in_sample
2024-09-26 00:00:00+00:00,0.013686599007668434,18.84566987237184,-0.06737013226736277,0.03201602068493492,9.050165541981526,-0.10923919286288664,in_sample
2024-09-27 00:00:00+00:00,-0.005205321169103478,18.747572108039247,-0.07222477026080965,0.009370701513067514,9.134971941919284,-0.10089213921966567,in_sample
2024-09-28 00:00:00+00:00,0.002914982774990361,18.80222095780707,-0.06952032144705722,0.0011102729142078438,9.145114253838445,-0.09989388411488997,in_sample
2024-09-29 00:00:00+00:00,-0.011447095181212437,18.586990144884865,-0.08017161089163671,-0.003866453163503092,9.109755097901093,-0.10337410225414256,in_sample
2024-09-30 00:00:00+00:00,0.010640919984180914,18.784772819763344,-0.07038379060395661,-0.03445272929976628,8.79589917152594,-0.13426531159234056,in_sample
2024-10-01 00:00:00+00:00,0.0075672851360919745,18.926922551907204,-0.06334911968032375,-0.039998989086876824,8.444072096554805,-0.1688938239460892,in_sample
2024-10-02 00:00:00+00:00,0.004500856058370128,19.01210990594126,-0.059133388891059124,-0.0025371523344435154,8.422648199322822,-0.17100246692083487,in_sample
2024-10-03 00:00:00+00:00,0.00377226404546987,19.083828604567962,-0.05558419160238981,0.0017254291303903102,8.437180881880963,-0.1695720904282384,in_sample
2024-10-04 00:00:00+00:00,-0.015704193127802323,18.78413247454395,-0.07041547985041541,0.02185511599415091,8.621576448718104,-0.1514229921397673,in_sample
2024-10-05 00:00:00+00:00,0.0028007863226178382,18.83674281586089,-0.0678119122406633,-0.0005043961427393384,8.617227758813039,-0.15185101110934918,in_sample
2024-10-06 00:00:00+00:00,-0.00695940786893713,18.705650239683045,-0.07429938935394498,0.012353461855341141,8.723680353230323,-0.14137343492744225,in_sample
2024-10-07 00:00:00+00:00,0.001750168177315447,18.738388273468534,-0.07267925760347071,-0.009533471467272348,8.640513395493198,-0.14955912678660355,in_sample
2024-10-08 00:00:00+00:00,0.008901122087286693,18.90518095520966,-0.06442506246132584,-0.0009486949013276513,8.63231618449004,-0.1503659357069017,in_sample
2024-10-09 00:00:00+00:00,0.006109239893948992,19.020677240903552,-0.0587094107291356,-0.024549465087869704,8.420397439691449,-0.17122399750573003,in_sample
2024-10-10 00:00:00+00:00,0.00681906442206418,19.150380464360566,-0.05229068956101468,-0.0051677710604821625,8.376882753484853,-0.175506922147042,in_sample
2024-10-11 00:00:00+00:00,-0.00953120877274101,18.967854190077325,-0.06132350485467908,0.036750412981895186,8.684736654176337,-0.14520646103523194,in_sample
2024-10-12 00:00:00+00:00,-0.008821074400278527,18.80053733705302,-0.06960364005614861,0.010670463453262835,8.777406819245938,-0.13608541781762318,in_sample
2024-10-13 00:00:00+00:00,0.0010200480389971787,18.819714788295773,-0.06865459107369776,-0.005321641129542809,8.730696610105909,-0.1406828611905767,in_sample
2024-10-14 00:00:00+00:00,-0.018762138723817365,18.46661668869509,-0.0861286228357635,0.05132256945439018,9.17877839326328,-0.09658049765068222,in_sample
2024-10-15 00:00:00+00:00,-0.0008906577059566217,18.450169254238357,-0.08694256942008805,0.014821788877301234,9.314824308759762,-0.08319020451922399,in_sample
2024-10-16 00:00:00+00:00,0.0019810756890077034,18.486720436006006,-0.08513373354169829,0.008172232903417287,9.39094722246536,-0.07569782134242065,in_sample
2024-10-17 00:00:00+00:00,0.002227330115015651,18.527896465161,-0.08309602435520369,-0.0028183808734761895,9.36447995642974,-0.07830285692406147,in_sample
2024-10-18 00:00:00+00:00,-0.019858054142404522,18.15996849401097,-0.10130395314694396,0.014929934793736166,9.504291031556486,-0.06454197867836486,in_sample
2024-10-19 00:00:00+00:00,0.0031428656219602167,18.217042834686676,-0.09847947223669795,-0.0007411435538052791,9.497246987524958,-0.06523528736072282,in_sample
2024-10-20 00:00:00+00:00,-0.004960304603950002,18.126680753243424,-0.1029512886611178,0.009699065642047477,9.5893614094757,-0.056168943052964826,in_sample
2024-10-21 00:00:00+00:00,0.007042769668630907,18.25434279064532,-0.09663358120561594,-0.02392491462631907,9.359936756433076,-0.07875002051209112,in_sample
2024-10-22 00:00:00+00:00,-0.02720614823812631,17.757712434693453,-0.12121070190868122,0.0005581218605643645,9.36516074175034,-0.07823585075949446,in_sample
2024-10-23 00:00:00+00:00,0.017846115244761422,18.074618617286323,-0.10552772681908063,-0.011263025469391619,9.25968069779106,-0.08861770384916234,in_sample
2024-10-24 00:00:00+00:00,-0.013331871283672556,17.83365012837919,-0.11745271603194263,0.022905688461030804,9.471780059103283,-0.0677418649046323,in_sample
2024-10-25 00:00:00+00:00,-0.0024603495903836817,17.789773114590787,-0.1196240908805476,-0.022163939812655298,9.261848095954608,-0.08840437810074442,in_sample
2024-10-26 00:00:00+00:00,-0.012406651317233543,17.569061602545364,-0.13054660781308514,0.006135355850639401,9.318672829857856,-0.0828114145685076,in_sample
2024-10-27 00:00:00+00:00,0.016218425408838444,17.854004117649534,-0.11644544282544,0.013728571471169682,9.446604895819007,-0.0702197255208703,in_sample
2024-10-28 00:00:00+00:00,0.027288318033439472,18.341209860182293,-0.09233472506936591,0.02864135214714536,9.717168433235107,-0.043589561260043985,in_sample
2024-10-29 00:00:00+00:00,-0.017351277281445504,18.022966442221087,-0.1080838769334268,0.040027166142407866,10.10611914854597,-0.005307161728266618,in_sample
2024-10-30 00:00:00+00:00,0.002231106590457977,18.063177601429928,-0.10609391699311732,-0.005368472425573478,10.051864726567441,-0.010647142802443832,in_sample
2024-10-31 00:00:00+00:00,-0.004151457539734366,17.98818908658491,-0.10980493014123072,-0.02801835547139564,9.770228007508091,-0.03836718284204588,in_sample
2024-11-01 00:00:00+00:00,0.0004969593040589082,17.997128484514658,-0.10936253941883711,-0.01175167337628813,9.655411479151994,-0.04966797761720598,in_sample
2024-11-02 00:00:00+00:00,0.005170730829578523,18.090186791613423,-0.1047572928434326,-0.0018547963537206558,9.63750265714679,-0.05143064998714553,in_sample
2024-11-03 00:00:00+00:00,0.012315146548604114,18.312970093043766,-0.0937322477082303,-0.00870880221893544,9.553571552621234,-0.059691552847351614,in_sample
2024-11-04 00:00:00+00:00,0.009780387723360873,18.492078040920045,-0.08486859770963806,-0.013498636611525172,9.424611361890195,-0.07238443487821278,in_sample
2024-11-05 00:00:00+00:00,-0.01112111176826214,18.286425574199548,-0.09504587631715566,0.02238985292101492,9.635627024120643,-0.05161525880789186,in_sample
2024-11-06 00:00:00+00:00,0.0056731969788919034,18.390168068521827,-0.0899118933166424,0.08978401830631921,10.500752337247155,0.0,in_sample
2024-11-07 00:00:00+00:00,0.0025780359065625366,18.437578582130197,-0.0875656534994772,0.0036980731649551846,10.53958488767737,0.0,in_sample
2024-11-08 00:00:00+00:00,0.025288263578068355,18.903832929056456,-0.06449177324748923,0.008209925203732205,10.626114091283586,0.0,in_sample
2024-11-09 00:00:00+00:00,-0.011640705918975206,18.68377896918787,-0.07538174939989717,0.0025221554819292447,10.652914803190523,0.0,in_sample
2024-11-10 00:00:00+00:00,-0.0010793969263951384,18.66361175559508,-0.07637977949768382,0.04871072877635618,11.171826046846366,0.0,in_sample
2024-11-11 00:00:00+00:00,0.015011311164979836,18.943777039120697,-0.06251502896945615,0.10345603780624302,12.327618904713674,0.0,in_sample
2024-11-12 00:00:00+00:00,0.01788659904284548,19.28261678337651,-0.04574661118393919,-0.008530478795522045,12.222458413047738,-0.008530478795522045,in_sample
2024-11-13 00:00:00+00:00,-0.017439492579086602,18.946337731077445,-0.062388306076765154,0.027750875278497844,12.561642332064853,0.0,in_sample
2024-11-14 00:00:00+00:00,0.002726777851661268,18.998000185172643,-0.059831647276316624,-0.03351940477783699,12.140583558061959,-0.03351940477783699,in_sample
2024-11-15 00:00:00+00:00,-0.005642683503219692,18.890800482933603,-0.06513671973047985,0.042249781707363265,12.65352056319008,0.0,in_sample
2024-11-16 00:00:00+00:00,0.007745168165574595,19.037112909456244,-0.057896046412971636,-0.004735678224225048,12.593597561399196,-0.004735678224225048,in_sample
2024-11-17 00:00:00+00:00,0.0002972473196941139,19.04277164024329,-0.057616008537894836,-0.008201378369940282,12.490312702759404,-0.012898217505210252,in_sample
2024-11-18 00:00:00+00:00,0.0032315869529794205,19.104310012624467,-0.0545706127263893,0.00675751585930584,12.574716188935989,-0.006227861555252678,in_sample
2024-11-19 00:00:00+00:00,0.005463147816035321,19.208679682146798,-0.0494055922340898,0.02020276795046594,12.82876026214403,0.0,in_sample
2024-11-20 00:00:00+00:00,0.010120736740150323,19.40308567233568,-0.03978487648643181,0.02114128957426109,13.099976797724791,0.0,in_sample
2024-11-21 00:00:00+00:00,0.003797497727053511,19.476768846074197,-0.03613846173740687,0.04325895129815027,13.666668056024466,0.0,in_sample
2024-11-22 00:00:00+00:00,0.029939558175545295,20.059894700012883,-0.007280873139423383,0.005638081141198015,13.743721839454151,0.0,in_sample
2024-11-23 00:00:00+00:00,-0.0004750129676794955,20.050365989900094,-0.007752427597945588,-0.01208939622771199,13.577568540493532,-0.01208939622771199,in_sample
2024-11-24 00:00:00+00:00,0.004487230446879884,20.14033660264106,-0.003299984080220253,0.0024036715084598814,13.610204555148478,-0.009714783656519121,in_sample
2024-11-25 00:00:00+00:00,-0.010253254834550252,19.933832599000564,-0.013519403337045932,-0.049983462705338044,12.929919403354193,-0.059212667835271016,in_sample
2024-11-26 00:00:00+00:00,0.004238249166184332,20.018317148392136,-0.009338452770782157,-0.011203043067136709,12.78506495942381,-0.06975234883452908,in_sample
2024-11-27 00:00:00+00:00,-0.013260587224350643,19.75286250776117,-0.022475206627625366,0.042205400048249686,13.324663740679151,-0.0304908745731457,in_sample
2024-11-28 00:00:00+00:00,0.002812292223337421,19.808413329380397,-0.0197261212531048,-0.002198003862147191,13.295376078315325,-0.032621859375220996,in_sample
2024-11-29 00:00:00+00:00,0.00423561842270701,19.892314209802915,-0.015574055152986044,0.019038731629019034,13.54850317537725,-0.01420420657208632,in_sample
2024-11-30 00:00:00+00:00,-0.007427738487336956,19.744559301944562,-0.022886113631459204,-0.010677189351933958,13.40384324153847,-0.02472973492085606,in_sample
2024-12-01 00:00:00+00:00,-0.004942529212422042,19.646971240808302,-0.027715527558698994,0.008188641421465137,13.513602507512957,-0.01674359643110579,in_sample
2024-12-02 00:00:00+00:00,0.030576992077063724,20.2477165247768,0.0,-0.01413251001643967,13.322621384717346,-0.030639477403271553,in_sample
2024-12-03 00:00:00+00:00,0.001534290984076834,20.278782413688905,0.0,0.00023777120778389893,13.325789120494838,-0.0304089913810357,in_sample
2024-12-04 00:00:00+00:00,-0.013483219976055087,20.00535912955858,-0.01348321997605506,0.028739497024917293,13.708765597277974,-0.002543433473444434,in_sample
2024-12-05 00:00:00+00:00,-0.005210050509416958,19.901130198034554,-0.018623022228367203,-0.01690790900559247,13.476979035980202,-0.019408338337306152,in_sample
2024-12-06 00:00:00+00:00,-0.014310140809120393,19.616342222640043,-0.03266666496710824,0.028875842126152795,13.866138154960638,0.0,in_sample
2024-12-07 00:00:00+00:00,-0.02867055170199476,19.05393086874182,-0.060400645362231775,0.0009689136043686819,13.879573244859035,0.0,in_sample
2024-12-08 00:00:00+00:00,0.0036136820154103735,19.122785716045065,-0.05700523207268604,0.013021125294296665,14.060300907111712,0.0,in_sample
2024-12-09 00:00:00+00:00,0.005933882996773884,19.236258089056456,-0.051409611453235415,-0.03805237154150187,13.52527311300898,-0.038052371541501984,in_sample
2024-12-10 00:00:00+00:00,0.00926031907733457,19.41439197681508,-0.04262536178159948,-0.007670332853616624,13.42152976629613,-0.04543083003952575,in_sample
2024-12-11 00:00:00+00:00,-0.00464600252945533,19.32419266258296,-0.047073326772398505,0.04671623065265473,14.048533046569892,-0.0008369565217389852,in_sample
2024-12-12 00:00:00+00:00,-0.0014049312978492946,19.297043499505627,-0.048412123280171415,-0.011204041327079195,13.891132701731285,-0.012031620553359601,in_sample
2024-12-13 00:00:00+00:00,0.010949378778971315,19.508334138096,-0.037992827176488886,0.013897445950487253,14.084183967644641,0.0,in_sample
2024-12-14 00:00:00+00:00,0.004364193888463048,19.593472290715575,-0.03379444135219489,8.976846640940117e-05,14.085448283240044,0.0,in_sample
2024-12-15 00:00:00+00:00,-0.003954084943686996,19.515998036936306,-0.037614900204150925,0.030374527771475757,14.513287123293004,0.0,in_sample
2024-12-16 00:00:00+00:00,0.0149282684048093,19.807338093819425,-0.023248157125609237,0.014960693238777578,14.730415959830891,0.0,in_sample
2024-12-17 00:00:00+00:00,0.0161669204986278,20.127561754071646,-0.007457087734970669,0.00048479955330549274,14.737557258908222,0.0,in_sample
2024-12-18 00:00:00+00:00,-0.0003635884154809003,20.12024360578599,-0.007817964839737845,-0.05555995497508359,13.918739241160564,-0.05555995497508359,in_sample
2024-12-19 00:00:00+00:00,-0.005476631764983997,20.010052440535326,-0.013251780490143084,-0.027417347184249485,13.537124335018628,-0.08145399558423994,in_sample
2024-12-20 00:00:00+00:00,-0.003539171193437627,19.939233439358606,-0.0167440513638083,0.003386894156478526,13.582973142324427,-0.07834297748942742,in_sample
2024-12-21 00:00:00+00:00,0.000350008225099003,19.946212335064548,-0.016399903694408247,-0.0051409306455109105,13.513144019439899,-0.08308115232110247,in_sample
2024-12-22 00:00:00+00:00,0.0009971358439261895,19.966101418334404,-0.015419120782292683,-0.021676547215864872,13.220225715067729,-0.10295678701593036,in_sample
2024-12-23 00:00:00+00:00,0.002136441065089034,20.008757817314265,-0.013315621760030538,-0.0030729295296546555,13.179600893079197,-0.10571333759448542,in_sample
2024-12-24 00:00:00+00:00,-0.005199571731633542,19.904720845782258,-0.018445957961171433,0.039701205235865844,13.702846933062135,-0.0702090792706267,in_sample
2024-12-25 00:00:00+00:00,-0.005830753062583245,19.78866133375085,-0.024169157197880264,0.0076297410856234205,13.807396107297329,-0.06311501528169805,in_sample
2024-12-26 00:00:00+00:00,0.006028065804104126,19.907948686445827,-0.018286784663794742,-0.0365134931983091,13.303239843447168,-0.09732395879880773,in_sample
2024-12-27 00:00:00+00:00,-0.01290637218393574,19.651009291279863,-0.030957140798812066,-0.01558312706916909,13.095933766535097,-0.11139047425114046,in_sample
2024-12-28 00:00:00+00:00,-0.00036340887433056277,19.643867940113857,-0.03130929957345263,0.010611199579031894,13.234897333405584,-0.10196126122559046,in_sample
2024-12-29 00:00:00+00:00,0.006316855210558481,19.76795540966689,-0.025190220675043506,-0.016366940271323238,13.01828255925264,-0.1166594076244456,in_sample
2024-12-30 00:00:00+00:00,-0.004877753606797309,19.671532193868376,-0.02994510259208727,-0.010039487726787644,12.88758567127517,-0.12552769466017333,in_sample
2024-12-31 00:00:00+00:00,0.005113905350841775,19.772130547613855,-0.02498433366162267,0.008512354017332857,12.99728936293777,-0.11808387681876753,in_sample
2025-01-01 00:00:00+00:00,0.009441974084322416,19.958818491836265,-0.01577826100824742,0.011031663653982005,13.14067108760318,-0.10835487477680827,out_of_sample
2025-01-02 00:00:00+00:00,-0.001110415013784738,19.936655920125524,-0.016871155604117227,0.025233424507485225,13.472255219469908,-0.08585561482202164,out_of_sample
2025-01-03 00:00:00+00:00,0.003326419749202458,20.002973606111283,-0.013600856400108219,0.0121504627839224,13.635949355129581,-0.07474833749078502,out_of_sample
2025-01-04 00:00:00+00:00,0.003508067211432979,20.07314538195004,-0.01014050190705984,0.00028019566827675035,13.63977008907173,-0.07448908598288406,out_of_sample
2025-01-05 00:00:00+00:00,-0.007729061746050126,19.917998801855507,-0.017791187087734417,0.001701075242530603,13.662972364284059,-0.07291472228035767,out_of_sample
2025-01-06 00:00:00+00:00,0.004769489693672329,20.012997491859533,-0.013106552277515338,0.03905015446379001,14.196513545543846,-0.03671189898429994,out_of_sample
2025-01-07 00:00:00+00:00,0.005190601603500271,20.11687698873163,-0.007983981565282905,-0.05147856144622642,13.465697450667381,-0.08630058468285551,out_of_sample
2025-01-08 00:00:00+00:00,-0.006393332967315531,19.988263095880143,-0.014326270280046516,-0.019667706352539116,13.20085806737552,-0.10427095647779983,out_of_sample
2025-01-09 00:00:00+00:00,-0.019329021416603327,19.601909530419174,-0.03337837891158679,-0.02639818721642384,12.852379344695503,-0.12791657946388701,out_of_sample
2025-01-10 00:00:00+00:00,0.00606496345764706,19.72079439542127,-0.027515854102314052,0.023453639173285135,13.153814412364174,-0.10746304958962882,out_of_sample
2025-01-11 00:00:00+00:00,0.004237077901448882,19.804352937553126,-0.023395363018221538,-0.0011935506017924924,13.13811466925643,-0.10852833760391312,out_of_sample
2025-01-12 00:00:00+00:00,-0.0030010092970490115,19.74491989026549,-0.026326162613345083,-0.0006619960343688946,13.129417289446298,-0.10911848830917159,out_of_sample
2025-01-13 00:00:00+00:00,-0.003119081871944735,19.68333386857276,-0.029363131028724676,-0.00015449751798668476,13.127388827062468,-0.10925612729154799,out_of_sample
2025-01-14 00:00:00+00:00,-0.014230527148432835,19.40322965158437,-0.043175805343890206,0.021480590102375574,13.409372885571102,-0.09012242327569508,out_of_sample
2025-01-15 00:00:00+00:00,0.014183239959459158,19.678430313721286,-0.02960493819206622,0.04087555393001496,13.957488430122943,-0.05293067331858947,out_of_sample
2025-01-16 00:00:00+00:00,0.005734094036717296,19.79126828363515,-0.024040601654893412,-0.005202070475811338,13.884880591644123,-0.05785739470146534,out_of_sample
2025-01-17 00:00:00+00:00,0.0035824288556575725,19.86216909422451,-0.02054429654431167,0.04107671402297841,14.455225860950291,-0.019157272334753728,out_of_sample
2025-01-18 00:00:00+00:00,0.017699461761587428,20.213718796609918,-0.0032084577738290543,0.004630799913496908,14.522165119616758,-0.014615185916327378,out_of_sample
2025-01-19 00:00:00+00:00,0.006939035064664666,20.353982500126868,0.0,-0.03073735007074918,14.075792246549875,-0.04490330390121722,out_of_sample
2025-01-20 00:00:00+00:00,0.006122852775990762,20.478606938380235,0.0,0.009239819763797952,14.205850029940661,-0.03607838257226559,out_of_sample
2025-01-21 00:00:00+00:00,-0.008947936415763923,20.295365665612184,-0.00894793641576408,0.03781898059220934,14.743100796518824,0.0,out_of_sample
2025-01-22 00:00:00+00:00,0.003893590360646686,20.374387505733612,-0.005089185654093442,-0.02308449834848214,14.40276371053008,-0.02308449834848214,out_of_sample
2025-01-23 00:00:00+00:00,-0.0023691666452734356,20.326117186437152,-0.007446295170463579,0.0019215761554780553,14.430439717849218,-0.021207280814591778,out_of_sample
2025-01-24 00:00:00+00:00,-0.008260486666422352,20.15821356643845,-0.01564527181491604,0.009088799691134852,14.561595093899745,-0.012311229850774486,out_of_sample
2025-01-25 00:00:00+00:00,0.014028703859174449,20.441007174892007,-0.001836050840829384,-0.0010123263373728042,14.546854007672032,-0.01331109320592383,out_of_sample
2025-01-26 00:00:00+00:00,0.015343848199639664,20.754650886031296,0.0,-0.020457106836545558,14.249267461101454,-0.03349589358664462,out_of_sample
2025-01-27 00:00:00+00:00,0.003075793011255124,20.81848789617759,0.0,-0.005253505018033344,14.174408862991259,-0.03857342775963701,out_of_sample
2025-01-28 00:00:00+00:00,0.010611798798249058,21.03940950101561,0.0,-0.007270050469852851,14.071360195176982,-0.04556304746288209,out_of_sample
2025-01-29 00:00:00+00:00,0.015318027375926942,21.361691751725505,0.0,0.023880426068033422,14.407390271994574,-0.022770686381220373,out_of_sample
2025-01-30 00:00:00+00:00,0.00038820076554153555,21.369984376816788,0.0,0.009437965172008678,14.543366719601195,-0.013547630154220336,out_of_sample
2025-01-31 00:00:00+00:00,-0.011786558934300691,21.11810579653435,-0.011786558934300695,-0.021945625061498775,14.224203446440947,-0.03519594400388282,out_of_sample
2025-02-01 00:00:00+00:00,0.007351142212950584,21.27334799551281,-0.00452206139227751,-0.01734816570081754,13.97743960808995,-0.05193352463612433,out_of_sample
2025-02-02 00:00:00+00:00,-0.010499927205945298,21.049979390133185,-0.014974507282783045,-0.02921466031036668,13.569093457930938,-0.07963096466552655,out_of_sample
2025-02-03 00:00:00+00:00,-0.003603936464014301,20.974116601842336,-0.01852447657397016,0.037159868734289336,14.073319189670956,-0.04543017212539302,out_of_sample
2025-02-04 00:00:00+00:00,-0.014467214227428148,20.670679563732428,-0.032723693230351625,-0.035380285249724364,13.575401142329978,-0.07920312492637682,out_of_sample
2025-02-05 00:00:00+00:00,0.001281788370867809,20.697175000415154,-0.03148384970891838,-0.011838104429540919,13.414694125934167,-0.0901036144918933,out_of_sample
2025-02-06 00:00:00+00:00,-0.0021491704197150697,20.652693244132596,-0.03356535597014032,-0.00039460111109723695,13.409400672727044,-0.09046266061659813,out_of_sample
2025-02-07 00:00:00+00:00,0.007955813534370526,20.817002220565467,-0.02587658214908306,-0.0006278810258706358,13.400981164476342,-0.0910337418543179,out_of_sample
2025-02-08 00:00:00+00:00,0.021794330746446086,21.270694852109973,-0.00464621419258171,-0.00044165902057458073,13.3950625002605,-0.09143519500162578,out_of_sample
2025-02-09 00:00:00+00:00,0.0033898621713228374,21.34279957594689,-0.0012721020469901312,0.00012135431414606046,13.396688048883163,-0.09132493674285802,out_of_sample
2025-02-10 00:00:00+00:00,-0.00010122666464477734,21.340639115531637,-0.0013731999409876128,0.009910436864004168,13.52945507997838,-0.08231956989855305,out_of_sample
2025-02-11 00:00:00+00:00,-0.011303301332900667,21.099419440972095,-0.012660979581164966,-0.01692147809799216,13.300516702164757,-0.09784807919747074,out_of_sample
2025-02-12 00:00:00+00:00,0.0009734105453454316,21.119957838356605,-0.011699893366858283,0.021778643162013722,13.590183909291607,-0.07820043443638713,out_of_sample
2025-02-13 00:00:00+00:00,-0.00563762907681033,21.000891349946077,-0.017271562784628047,-0.012837328747867138,13.415722250704057,-0.09003387849916833,out_of_sample
2025-02-14 00:00:00+00:00,0.0073450418981160556,21.15514377680921,-0.010053381238811165,0.009160050786759744,13.538610947861569,-0.08169854261198994,out_of_sample
2025-02-15 00:00:00+00:00,-8.775754496164216e-05,21.15328725332805,-0.01014025652371664,0.0009533573263302841,13.551518081797049,-0.08082307318980919,out_of_sample
2025-02-16 00:00:00+00:00,0.010287332236712816,21.370898147201654,0.0,-0.01508130164653776,13.347143549836957,-0.09468545768957126,out_of_sample
2025-02-17 00:00:00+00:00,0.004219120244345899,21.46106453621437,0.0,-0.0033705642936701086,13.302156144365387,-0.09773687856042312,out_of_sample
2025-02-18 00:00:00+00:00,0.0020110741754398483,21.504224328880596,0.0,-0.0012658862457072262,13.285317127863985,-0.09887904103586231,out_of_sample
2025-02-19 00:00:00+00:00,0.007737037996503058,21.670603329598475,0.0,0.010206856162807698,13.420918448865379,-0.08968142902242393,out_of_sample
2025-02-20 00:00:00+00:00,-0.0038552621578739903,21.587057472643576,-0.0038552621578740176,0.01713182467545904,13.650843270714974,-0.07408601086562172,out_of_sample
2025-02-21 00:00:00+00:00,0.013874348815994052,21.886563837929945,0.0,-0.021627860348142347,13.355604738821572,-0.09411154931701149,out_of_sample
2025-02-22 00:00:00+00:00,-0.0013210125126963583,21.857651413240113,-0.0013210125126963401,0.003905213782887218,13.407761230526413,-0.09057386125364586,out_of_sample
2025-02-23 00:00:00+00:00,-0.005625933143829465,21.734681727708097,-0.006939513728447033,-0.0029522306491074346,13.368178426885738,-0.09325869697355227,out_of_sample
2025-02-24 00:00:00+00:00,-0.002219896547218681,21.68643298278586,-0.009144005273100664,-0.04888773872772767,12.714638412686503,-0.13758722888954855,out_of_sample
2025-02-25 00:00:00+00:00,0.0010100910934358115,21.708338255590167,-0.008143150457949333,-0.03142015746138582,12.315142471695308,-0.16468437395454905,out_of_sample
2025-02-26 00:00:00+00:00,-0.0068979313454248774,21.558595628679846,-0.014984910910579852,-0.04998471329244103,11.699573606092056,-0.2064373860311267,out_of_sample
2025-02-27 00:00:00+00:00,0.011391261695999607,21.804175233284372,-0.003764346256253881,0.005457881330269476,11.76342849044886,-0.2021062154559462,out_of_sample
2025-02-28 00:00:00+00:00,-0.00014387559858992818,21.801038144520923,-0.003907680257272839,-0.004352288524249404,11.712230655624051,-0.20557887941798714,out_of_sample
2025-03-01 00:00:00+00:00,-0.005707710178108541,21.67660413721011,-0.009593086529004147,0.02026225509966828,11.949546860954461,-0.18948211601619003,out_of_sample
2025-03-02 00:00:00+00:00,-0.019203842897504108,21.26033003680774,-0.028612705299903007,0.09551586660264144,13.0909181848874,-0.11206479793053725,out_of_sample
2025-03-03 00:00:00+00:00,-0.006144755942890923,21.129690497466246,-0.034581643151860075,-0.08522459532087778,11.975249980201651,-0.18773871619806903,out_of_sample
2025-03-04 00:00:00+00:00,-0.000944747468082846,21.10972827586739,-0.03549371970013315,0.012219132246698461,12.121577143397008,-0.1778135881524202,out_of_sample
2025-03-05 00:00:00+00:00,-0.008283474364133691,20.934866382860413,-0.04348318274704299,0.03805565648357123,12.582871719205233,-0.1465247444976887,out_of_sample
2025-03-06 00:00:00+00:00,0.005205386566688869,21.04384045510518,-0.03850414295570259,-0.007489557350929377,12.488631579824858,-0.1529168963713724,out_of_sample
2025-03-07 00:00:00+00:00,-0.003821884214174176,20.963413333464214,-0.042178868793734,-0.034865688113403626,12.053206846199481,-0.1824510316686221,out_of_sample
2025-03-08 00:00:00+00:00,-0.005178403265125548,20.854856325410026,-0.04713885286697883,-0.006559943195571849,11.974138493963935,-0.18781410646047425,out_of_sample
2025-03-09 00:00:00+00:00,-0.005212268312782418,20.74615521861746,-0.05210542083066183,-0.06376885920586828,11.21056134223078,-0.2396062743545886,out_of_sample
2025-03-10 00:00:00+00:00,-0.006499707788124675,20.611311271969367,-0.05826645860920998,-0.02628617602442962,10.915878553456237,-0.2595941176747757,out_of_sample
2025-03-11 00:00:00+00:00,-0.008392745668392588,20.438325778571656,-0.06617018870949753,0.055088725915705794,11.517220395216718,-0.21880610095698516,out_of_sample
2025-03-12 00:00:00+00:00,-0.006115866093120709,20.313327714942332,-0.0718813667891145,0.008983545647558433,11.620685870370139,-0.2117882099053381,out_of_sample
2025-03-13 00:00:00+00:00,-0.0017801720582023175,20.277166496535084,-0.07353357764665347,-0.030550916001420347,11.265663272465568,-0.23586880209584926,out_of_sample
2025-03-14 00:00:00+00:00,0.0022972070471476134,20.323747346307112,-0.07140529245227767,0.03520239155261007,11.662241562082759,-0.20896955646966242,out_of_sample
2025-03-15 00:00:00+00:00,0.008816621325920638,20.502934130583185,-0.06321822455057546,0.00432571914634039,11.712689143697107,-0.20554778093474513,out_of_sample
2025-03-16 00:00:00+00:00,-0.008055635466335058,20.337769967236927,-0.07076459704510218,-0.02089251971165862,11.467981554885885,-0.22214588958153692,out_of_sample
2025-03-17 00:00:00+00:00,0.004276368935616771,20.424741774944536,-0.06679084363403065,0.017219196138674064,11.665450978594162,-0.20875186708696747,out_of_sample
2025-03-18 00:00:00+00:00,-8.459212526130164e-05,20.42301400262988,-0.0668697857798809,-0.015444916742989867,11.485279059460346,-0.22097262862285538,out_of_sample
2025-03-19 00:00:00+00:00,-0.0035950411189628675,20.34959242751727,-0.07022442726934897,0.050125746829716045,12.060987249863494,-0.18192329983178557,out_of_sample
2025-03-20 00:00:00+00:00,-0.004682960452720453,20.254296090950227,-0.07457852950635213,-0.030252344781349527,11.696114105177163,-0.20667203822286306,out_of_sample
2025-03-21 00:00:00+00:00,0.0008743338578959692,20.272005107790395,-0.07376940218187567,-0.0015834438061570477,11.677593965741213,-0.20792822847019032,out_of_sample
2025-03-22 00:00:00+00:00,0.013549510307653381,20.5466808499552,-0.061219431149475034,-0.002919680239095057,11.643499125399263,-0.21024082476947092,out_of_sample
2025-03-23 00:00:00+00:00,-0.00753595521409493,20.39184198327164,-0.06829403947219503,0.026720394630862954,11.954618016914038,-0.18913814794396644,out_of_sample
2025-03-24 00:00:00+00:00,-0.0015805975799445485,20.35961068718227,-0.06976669165862526,0.016493848510416687,12.151795675484916,-0.1757639153932783,out_of_sample
2025-03-25 00:00:00+00:00,0.002478533768523578,20.410072669784444,-0.06746107699129567,-0.0010701619191569867,12.138791286503636,-0.17664598146341937,out_of_sample
2025-03-26 00:00:00+00:00,0.008973116924075032,20.59321463827929,-0.05909329619888759,-0.005677018832594305,12.069879139765224,-0.18132017773254372,out_of_sample
2025-03-27 00:00:00+00:00,-0.0014132833107873507,20.564110591715547,-0.060423063940377664,0.0036535756465123637,12.113977356246618,-0.17832906907161628,out_of_sample
2025-03-28 00:00:00+00:00,-0.00936194427569646,20.371590534276645,-0.06921933085849752,-0.03223261063043048,11.72351224093687,-0.20481366825457414,out_of_sample
2025-03-29 00:00:00+00:00,-0.0026375381551059455,20.317859686962297,-0.0716743003873932,-0.021048627175850543,11.47674840258587,-0.22155124888681588,out_of_sample
2025-03-30 00:00:00+00:00,0.003222343574787361,20.38333081157801,-0.06868291603393661,-0.0030494632871979066,11.441750479675777,-0.22392509977430053,out_of_sample
2025-03-31 00:00:00+00:00,-0.0021348629803129397,20.3398151932129,-0.07067115039942873,0.001999931999883353,11.464633202594761,-0.22237300274703287,out_of_sample
2025-04-01 00:00:00+00:00,0.002668461705293064,20.394091211148726,-0.06819127195264552,0.03154967128184927,11.826338611503601,-0.1978391266038102,out_of_sample
2025-04-02 00:00:00+00:00,0.007453626450281536,20.5461011488296,-0.06124591777066857,-0.030965368082339184,11.460131683332012,-0.22267833330977393,out_of_sample
2025-04-03 00:00:00+00:00,0.003029068432128223,20.60833669522283,-0.05840236741465621,0.00844273693066988,11.55688656032522,-0.2161156109673985,out_of_sample
2025-04-04 00:00:00+00:00,-0.002670486579242909,20.553302408657718,-0.060916891255522354,0.008172490277285283,11.651335103375166,-0.20970932341951387,out_of_sample
2025-04-05 00:00:00+00:00,0.007968186616733264,20.717074957840055,-0.05343410179642438,-0.004235565153413945,11.601985114420561,-0.21305665107030614,out_of_sample
2025-04-06 00:00:00+00:00,-0.007206750099993407,20.56777217581607,-0.06025576567795332,-0.06126618294950914,10.89117577182299,-0.2612696662567321,out_of_sample
2025-04-07 00:00:00+00:00,-0.0020465739114237597,20.525678709864938,-0.06217902171132772,0.009567546880979716,10.995377606608898,-0.25420182915624157,out_of_sample
2025-04-08 00:00:00+00:00,-0.0029157782654933018,20.465830381998217,-0.06491349973674543,-0.0359123073035128,10.600508227082196,-0.2809851622539803,out_of_sample
2025-04-09 00:00:00+00:00,0.013044342319448874,20.732793679352778,-0.05271591132901621,0.08244132538379167,11.47442817506464,-0.22170862605958652,out_of_sample
2025-04-10 00:00:00+00:00,0.0037300128696844117,20.810127266601274,-0.04918252948702617,-0.03666150046011529,11.053758421244948,-0.2502419556234067,out_of_sample
2025-04-11 00:00:00+00:00,0.014351173539652658,21.108777014386526,-0.035537182963160996,0.047990075439729996,11.584229121773044,-0.21426101051222957,out_of_sample
2025-04-12 00:00:00+00:00,0.01858237343875681,21.501028191703305,-0.017615174729186944,0.022301965859222284,11.842580204152235,-0.19673748639441357,out_of_sample
2025-04-13 00:00:00+00:00,-0.01247814973677351,21.23273514243264,-0.029873519678050298,-0.01788056472597843,11.6308281822893,-0.21110027376089036,out_of_sample
2025-04-14 00:00:00+00:00,0.01681651491243322,21.589795749587108,-0.013559373254769747,0.01003658899319948,11.74756202440546,-0.20318241145178084,out_of_sample
2025-04-15 00:00:00+00:00,0.010971291543735311,21.826663693125525,-0.0027368455481627807,-0.011178668281415671,11.616239925419274,-0.21208977095495896,out_of_sample
2025-04-16 00:00:00+00:00,-0.001395556705160534,21.7962033462573,-0.004128582830167593,0.0045605301840598855,11.66921613822443,-0.20849648257306952,out_of_sample
2025-04-17 00:00:00+00:00,0.008300535437699217,21.97712350454021,0.0,0.011013215859030812,11.797731734460381,-0.19977948348246455,out_of_sample
2025-04-18 00:00:00+00:00,-0.013355712990565998,21.683603350655346,-0.013355712990566038,-0.005817582288170531,11.729097459281396,-0.20443483218598768,out_of_sample
2025-04-19 00:00:00+00:00,-0.009225381580718717,21.4835638357006,-0.02245788302266427,0.007414032053635777,11.816057363804726,-0.1985364865310586,out_of_sample
2025-04-20 00:00:00+00:00,-0.015043718078304184,21.16037115803907,-0.037163751040139914,0.001080580244547491,11.828825561960493,-0.1976704408916784,out_of_sample
2025-04-21 00:00:00+00:00,0.004777195495033376,21.261458387808485,-0.03256409404915417,0.027334188407635462,12.152156908512175,-0.1757394135579965,out_of_sample
2025-04-22 00:00:00+00:00,0.0006939676706589934,21.276213152560686,-0.03189272480698957,0.06789952667322163,12.977282610658872,-0.11977250988319244,out_of_sample
2025-04-23 00:00:00+00:00,0.002934395453394534,21.338645975701013,-0.029051915220265068,0.0024324205689423284,13.008848819810016,-0.11763142643088376,out_of_sample
2025-04-24 00:00:00+00:00,-0.005723345964343385,21.216517522371433,-0.03460898702287607,0.0031986893383786352,13.050460085834521,-0.114809003482088,out_of_sample
2025-04-25 00:00:00+00:00,0.0108627922975522,21.44698814549433,-0.02412214496298204,0.007028518624190294,13.142185487602061,-0.10858742207709626,out_of_sample
2025-04-26 00:00:00+00:00,-0.004493491071548412,21.350616295750946,-0.028507243391512782,-0.00017020502834286244,13.139948621548657,-0.10873914498018677,out_of_sample
2025-04-27 00:00:00+00:00,0.0086468462039227,21.535231791219267,-0.020106894936894326,-0.00928991273656965,13.01787964549146,-0.11701888054884135,out_of_sample
2025-04-28 00:00:00+00:00,-0.0004674801078420783,21.525164498739105,-0.020564975471322966,0.013574593023690129,13.194592063710386,-0.10503277120468957,out_of_sample
2025-04-29 00:00:00+00:00,0.0033348171625669333,21.596946986736576,-0.017298738741905573,-0.008096326169592105,13.087764342687876,-0.11227871780011234,out_of_sample
2025-04-30 00:00:00+00:00,-0.001729600911886953,21.55959288753434,-0.018998419739490124,-0.0007961774987500503,13.077344159209284,-0.11298550151016151,out_of_sample
2025-05-01 00:00:00+00:00,0.004630440938304103,21.659423309053945,-0.01445594986171106,0.02441644152303679,13.396646368149245,-0.09132776387769848,out_of_sample
2025-05-02 00:00:00+00:00,-0.011986616683210268,21.399800104268927,-0.02626928861513722,0.004230305330765516,13.453318272694807,-0.0874838028733117,out_of_sample
2025-05-03 00:00:00+00:00,0.01100961198784146,21.635403600034298,-0.015548891302144985,-0.010615380166723032,13.31050618472623,-0.09717050921410386,out_of_sample
2025-05-04 00:00:00+00:00,0.005748242070259489,21.75976913721506,-0.009890028023014308,-0.016420102439060114,13.091946309657281,-0.11199506193781283,out_of_sample
2025-05-05 00:00:00+00:00,0.00324171520318568,21.830308111644978,-0.006680373474030943,0.004950642150817863,13.156759850894115,-0.10759886726130774,out_of_sample
2025-05-06 00:00:00+00:00,0.018725354635432744,22.239088372836292,0.0,0.022199295223592763,13.448830647010025,-0.08778819105777291,out_of_sample
2025-05-07 00:00:00+00:00,-0.006742138598517473,22.08914935672195,-0.0067421385985174664,0.001957666874313757,13.475158977265933,-0.08600238421704887,out_of_sample
2025-05-08 00:00:00+00:00,-0.01151068443186167,21.834888129108464,-0.018175216400575733,0.06433449773374966,14.342076561950764,-0.027200806675808042,out_of_sample
2025-05-09 00:00:00+00:00,-0.0024460995568172587,21.781477818932697,-0.020576857568610607,-0.002772500898495789,14.30231314179646,-0.02989789331335535,out_of_sample
2025-05-10 00:00:00+00:00,0.015598377333530738,22.12123352883434,-0.005299445823773397,0.017941188184791734,14.558913633351251,-0.012493108858827262,out_of_sample
2025-05-11 00:00:00+00:00,-0.005062454406763518,22.009245792673244,-0.010335072027673031,-0.006833745591131923,14.459421721497666,-0.019241479722375776,out_of_sample
2025-05-12 00:00:00+00:00,-0.006202736382597495,21.8727282430415,-0.016473702682987645,-0.012812197627235511,14.274164752826296,-0.03180715170876769,out_of_sample
2025-05-13 00:00:00+00:00,-0.010265219358497162,21.648199889657885,-0.02656981586979712,0.013069000859456947,14.460713824249014,-0.019153838542329438,out_of_sample
2025-05-14 00:00:00+00:00,0.006764679687708465,21.79464302772691,-0.019984872475809157,-0.005994312176937355,14.374031791285113,-0.02503333663165741,out_of_sample
2025-05-15 00:00:00+00:00,0.01712891167609965,22.167961543160967,-0.003198279915205604,0.0024782979776354352,14.409654925203922,-0.022617078721569595,out_of_sample
2025-05-16 00:00:00+00:00,0.0018807756390885897,22.209654505199598,-0.0013235195230685282,-0.0029147322698369615,14.367654638996216,-0.025465888262207304,out_of_sample
2025-05-17 00:00:00+00:00,0.005504079612894979,22.331898211771108,0.0,-0.0032162549486423053,14.321444598663161,-0.02860023842170467,out_of_sample
2025-05-18 00:00:00+00:00,-0.002287791924259673,22.28080747538883,-0.0022877919242596523,0.03228572869898594,14.783822873553158,0.0,out_of_sample
2025-05-19 00:00:00+00:00,0.0005668139861116524,22.293436548687744,-0.0017222746906078168,-0.008232494671433277,14.662115130523217,-0.008232494671433277,out_of_sample
2025-05-20 00:00:00+00:00,-0.004640417740803731,22.189985690223732,-0.006354700357382725,0.012020096350287446,14.838355167091114,0.0,out_of_sample
2025-05-21 00:00:00+00:00,0.00848643046323172,22.378299460763923,0.0,0.026305218815338094,15.22868134662115,0.0,out_of_sample
2025-05-22 00:00:00+00:00,2.649164408812226e-05,22.378892298708536,0.0,0.018731952978528366,15.513944289531048,0.0,out_of_sample
2025-05-23 00:00:00+00:00,0.005753793193944153,22.507655816904855,0.0,-0.039325576042850474,14.903849493648549,-0.039325576042850474,out_of_sample
2025-05-24 00:00:00+00:00,-0.003173875635275936,22.436219316500402,-0.0031738756352760467,0.003984282871032807,14.963230645898543,-0.03549797739083882,out_of_sample
2025-05-25 00:00:00+00:00,0.01543600772516023,22.782544971193293,0.0,0.011671428398990047,15.13787292099972,-0.024240861093274946,out_of_sample
2025-05-26 00:00:00+00:00,0.0028082553959686233,22.846524176042543,0.0,0.003954811074939668,15.19774034847872,-0.020381918044253045,out_of_sample
2025-05-27 00:00:00+00:00,-0.005363612607574676,22.72398427093266,-0.005363612607574675,-0.0045480807556305125,15.128619798070734,-0.024837300190663658,out_of_sample
2025-05-28 00:00:00+00:00,0.005237112915406244,22.842992342447452,-0.00015458953702873757,-0.01070995956443832,14.966592891767634,-0.03528125327437015,out_of_sample
2025-05-29 00:00:00+00:00,0.002821091323187992,22.907434509940384,0.0,-0.020266776578097057,14.663268297494843,-0.05483299257496044,out_of_sample
2025-05-30 00:00:00+00:00,0.019112593129162563,23.34525498536181,0.0,-0.015064444821342393,14.442374301326693,-0.0690714088052683,out_of_sample
2025-05-31 00:00:00+00:00,-0.009532743095155938,23.122710667095447,-0.009532743095155949,0.005721019721019793,14.524999409522932,-0.06374554797618204,out_of_sample
2025-06-01 00:00:00+00:00,-0.0067040136453457395,22.967695699265857,-0.01617284910071415,0.00993450648382943,14.669298110334456,-0.05444432205203731,out_of_sample
2025-06-02 00:00:00+00:00,-0.011048435594529686,22.71393859257776,-0.027042600013574614,0.0021878459945843254,14.701392275448514,-0.05237559184938234,out_of_sample
2025-06-03 00:00:00+00:00,-0.0031888455191693924,22.641507351274132,-0.030145210858863902,-0.004575941059006161,14.634119570910734,-0.056711865287155105,out_of_sample
2025-06-04 00:00:00+00:00,0.005927374713202042,22.775712049416853,-0.02439651810623089,-0.0065346942611845815,14.538490073733215,-0.06287596484770663,out_of_sample
2025-06-05 00:00:00+00:00,0.0018430036730971537,22.817687770381333,-0.02259847730561415,-0.030419966017404154,14.096229699745882,-0.09138324615113214,out_of_sample
2025-06-06 00:00:00+00:00,0.0021072870360658636,22.865771188012857,-0.02053881174780925,0.02741413739200027,14.48266567744391,-0.06647430162444601,out_of_sample
2025-06-07 00:00:00+00:00,0.003002852725941241,22.93443373135553,-0.017597634048712507,0.012159439754412915,14.658766778232092,-0.05512315213585228,out_of_sample
2025-06-08 00:00:00+00:00,0.003990264193960641,23.02594818108252,-0.013677589063795015,0.001601781863848517,14.682246925003849,-0.05360966553737312,out_of_sample
2025-06-09 00:00:00+00:00,-0.016994265246998076,22.63463911012957,-0.030439413734303478,0.04306917810487665,15.314599232796617,-0.012849411665668553,out_of_sample
2025-06-10 00:00:00+00:00,-0.0034681782899266206,22.556138146167495,-0.0338020227103587,6.804084991185455e-05,15.315641251144475,-0.012782245100647294,out_of_sample
2025-06-11 00:00:00+00:00,0.004280388716904134,22.65268718538528,-0.029666319790072615,-0.0148355247044053,15.088425676999313,-0.027428138492084142,out_of_sample
2025-06-12 00:00:00+00:00,0.007853584293877525,22.830591973678544,-0.02204572243935543,-0.027536832412523027,14.672938227762973,-0.054209686851563244,out_of_sample
2025-06-13 00:00:00+00:00,-0.006307007451023999,22.686599259989265,-0.028213687354691208,0.003956083496276408,14.73098559652771,-0.0504680614027786,out_of_sample
2025-06-14 00:00:00+00:00,0.007556993194630879,22.85804173620632,-0.020869904803395234,-0.006294605257325281,14.638259857146224,-0.056444990135470885,out_of_sample
2025-06-15 00:00:00+00:00,0.0002733428357784007,22.864289818154838,-0.020602266606578157,0.0016581260992085678,14.662531937862354,-0.054880456947575484,out_of_sample
2025-06-16 00:00:00+00:00,-0.00414863112542213,22.76943431375457,-0.02466542652750192,0.011517549694602502,14.83140837810538,-0.04399499564312925,out_of_sample
2025-06-17 00:00:00+00:00,0.0103257975671412,23.004546883196717,-0.01459431916159093,-0.021003259013340547,14.519900466407403,-0.0640742163676864,out_of_sample
2025-06-18 00:00:00+00:00,-0.007939486831308597,22.821902586157353,-0.02241793458810426,0.0031078960462356253,14.565026807658686,-0.06116545632516546,out_of_sample
2025-06-19 00:00:00+00:00,-0.0027399645948013368,22.759371381085277,-0.02509647483584565,-0.0021529521294861853,14.533669002177113,-0.06318672215520549,out_of_sample
2025-06-20 00:00:00+00:00,-0.0057016194251218524,22.62960610711532,-0.030655003712541373,-0.013010589147390617,14.34457740598562,-0.07537521482106446,out_of_sample
2025-06-21 00:00:00+00:00,0.0029061813727039145,22.69537184685544,-0.02783791134060709,-0.011296310465964354,14.182536606104549,-0.08582006345897131,out_of_sample
2025-06-22 00:00:00+00:00,0.0054669464759112074,22.8194462299931,-0.022523153235996185,-0.011511582115168784,14.01927317136199,-0.09634372086650311,out_of_sample
2025-06-23 00:00:00+00:00,0.016674242287795706,23.19994320530533,-0.00622446746234262,0.04346873832437925,14.628673288345915,-0.05706292253366685,out_of_sample
2025-06-24 00:00:00+00:00,0.003256220387745869,23.275487333364996,-0.0029885153124503683,0.00706613771940412,14.732041508453536,-0.05039999928355732,out_of_sample
2025-06-25 00:00:00+00:00,-0.0031800675420323326,23.201469711571175,-0.006159079173938875,0.011742360298354626,14.905030447776113,-0.03924945393582702,out_of_sample
2025-06-26 00:00:00+00:00,-0.0037491463537366876,23.114484006000705,-0.009885134238448168,-0.003414429530201324,14.854138271666676,-0.0425298689714656,out_of_sample
2025-06-27 00:00:00+00:00,-0.005779190281334882,22.980901004675154,-0.015607196448062632,0.0009072738105593281,14.867615042298986,-0.04166118139719055,out_of_sample
2025-06-28 00:00:00+00:00,0.0007649846984677297,22.998481042300728,-0.014854151016063799,0.002152121236474569,14.899611952367247,-0.0395987200739375,out_of_sample
2025-06-29 00:00:00+00:00,-1.8439681840104645e-06,22.998438633833405,-0.01485596759366592,0.009966337501515321,15.04810651372615,-0.030027036781307137,out_of_sample
2025-06-30 00:00:00+00:00,0.007167291518762194,23.16327514799845,-0.007795153125440879,-0.011286144005436372,14.878271416603091,-0.040974291325573176,out_of_sample
2025-07-01 00:00:00+00:00,-0.002781266230885082,23.098851913032625,-0.01055473896017356,-0.013535672730872195,14.676884003906862,-0.053955349458682966,out_of_sample
2025-07-02 00:00:00+00:00,-0.007744745460658298,22.91995718453275,-0.01821774065418158,0.029933385650415367,15.116212832942217,-0.0256370300915173,out_of_sample
2025-07-03 00:00:00+00:00,-0.007125149670395607,22.756649059153894,-0.025213086195759682,0.00684926470588243,15.219747775985496,-0.018963360191004308,out_of_sample
2025-07-04 00:00:00+00:00,-0.0037680893966453586,22.670899971130915,-0.028886170429654134,-0.014695303856307795,14.996088957801025,-0.033379991707168766,out_of_sample
2025-07-05 00:00:00+00:00,0.004573920519319525,22.774594865700312,-0.024444372957987293,0.002019726614252537,15.026376957778794,-0.0314276835505507,out_of_sample
2025-07-06 00:00:00+00:00,-0.0037520165184653847,22.689144209562848,-0.02810467378533077,0.009175855775223063,15.164256825567508,-0.022540203666936764,out_of_sample
2025-07-07 00:00:00+00:00,-0.0032610643411831175,22.615153450449082,-0.03127408697701195,-0.008629741135252167,15.03339321465438,-0.03097542867940739,out_of_sample
2025-07-08 00:00:00+00:00,0.010006969487200262,22.841462600976076,-0.021580076323930775,0.006184619962866567,15.126369038439353,-0.024982379971109858,out_of_sample
2025-07-09 00:00:00+00:00,-0.007394654520170192,22.67255787630647,-0.028815153635166513,0.02137167032076781,15.44964481067915,-0.004144624838912758,out_of_sample
2025-07-10 00:00:00+00:00,-0.0028960535325261213,22.606896934977392,-0.03162775694021713,0.042979355197261926,16.113660582668864,0.0,out_of_sample
2025-07-11 00:00:00+00:00,0.0059531988618152995,22.741480288079877,-0.02586284440502007,0.013112696069640162,16.32495411645874,0.0,out_of_sample
2025-07-12 00:00:00+00:00,-0.016345602716785916,22.369757086099305,-0.04178570334203546,-0.0009421276595744654,16.30957392564434,-0.0009421276595745764,out_of_sample
2025-07-13 00:00:00+00:00,0.004802097441467773,22.47717883936872,-0.03718426491967641,0.014047276881283155,16.538679026393623,0.0,out_of_sample
2025-07-14 00:00:00+00:00,0.004300413551039916,22.573840003838686,-0.033043759085382596,0.006537391747025945,16.64679885016748,0.0,out_of_sample
2025-07-15 00:00:00+00:00,-0.011589215623104577,22.312226904592737,-0.04425002345944873,-0.017343187290565165,16.35809029992066,-0.017343187290565165,out_of_sample
2025-07-16 00:00:00+00:00,-0.003965809528400522,22.22374086253467,-0.04804034582318184,0.007238074206822764,16.476491371393394,-0.010230644360334495,out_of_sample
2025-07-17 00:00:00+00:00,0.009373527084292543,22.432055699423938,-0.03911712622160157,0.004940522317517404,16.557893844728145,-0.005340666769601876,out_of_sample
2025-07-18 00:00:00+00:00,0.01077147351985621,22.673681993386225,-0.028767001791014102,-0.010742041642403,16.380028259537585,-0.016025338747167717,out_of_sample
2025-07-19 00:00:00+00:00,-0.00388051700335712,22.585696384882176,-0.03253588795478568,-0.0006955259024024052,16.368635525600993,-0.01670971861137671,out_of_sample
2025-07-20 00:00:00+00:00,0.005611929266594635,22.712445715430917,-0.027106547790019087,-0.00507917538093805,16.285496355019813,-0.021704022400921508,out_of_sample
2025-07-21 00:00:00+00:00,-0.012780701456452005,22.422164727396122,-0.03954080855165176,0.0009742697242696163,16.30136282106321,-0.020750898248572014,out_of_sample
2025-07-22 00:00:00+00:00,0.0054643382282337245,22.544687019275788,-0.034292534675162134,0.02270089030786626,16.671418270332897,0.0,out_of_sample
2025-07-23 00:00:00+00:00,-0.0012481671896344836,22.516547480637747,-0.03549789904816569,-0.01066889345023947,16.49355268514234,-0.010668893450239358,out_of_sample
2025-07-24 00:00:00+00:00,0.0038465229333995207,22.603157896903,-0.03178791959754246,-0.00353119063964924,16.435310806286004,-0.014162410193201747,out_of_sample
2025-07-25 00:00:00+00:00,0.00019957098026270373,22.607668831281515,-0.031594692563554516,-0.00600874260213724,16.33655525406491,-0.02008605451786205,out_of_sample
2025-07-26 00:00:00+00:00,0.002138366018605137,22.656012302070206,-0.0295238875618955,0.002599854571432081,16.37902792192364,-0.017538420767090335,out_of_sample
2025-07-27 00:00:00+00:00,-0.007582181945055777,22.484230294646487,-0.036882214019731685,0.013013914760639622,16.59218319516169,-0.004752749519349897,out_of_sample
2025-07-28 00:00:00+00:00,0.007084248780386408,22.643514175689262,-0.03005924801903259,-0.011572271430892123,16.400173947596194,-0.01627002084276097,out_of_sample
2025-07-29 00:00:00+00:00,0.002966622407640828,22.710688932230592,-0.02718180005012194,-0.001223299621996965,16.380111621005415,-0.017473417354411103,out_of_sample
2025-07-30 00:00:00+00:00,-0.0039914455544526155,22.620040453853484,-0.03106475092960248,-0.001068729484210773,16.362605712761383,-0.018523472482305348,out_of_sample
2025-07-31 00:00:00+00:00,0.00702513151054634,22.778949212815682,-0.024257853379679006,-0.017607900077268535,16.074494586367337,-0.03580521310702145,out_of_sample
2025-08-01 00:00:00+00:00,-0.0005517103484495744,22.766381830808164,-0.024796180419387803,-0.021197556036312015,15.73375458661742,-0.056243786132105233,out_of_sample
2025-08-02 00:00:00+00:00,0.001445432001529167,22.799289087665446,-0.02338658961055251,-0.006499194665008923,15.631497852747517,-0.06237744148234459,out_of_sample
2025-08-03 00:00:00+00:00,-0.0005010058158802621,22.78786651123459,-0.023875878609024292,0.014594413948064489,15.859630403038794,-0.04869338973629456,out_of_sample
2025-08-04 00:00:00+00:00,0.0007842382276770602,22.8057376272799,-0.023110364758071933,0.007457678789811295,15.977906432309783,-0.04159885060632362,out_of_sample
2025-08-05 00:00:00+00:00,0.001970830345750113,22.85068386705296,-0.021185081020488328,-0.008108547583044134,15.848348817725972,-0.049370091929826554,out_of_sample
2025-08-06 00:00:00+00:00,-0.00048819961360716565,22.839528172018408,-0.021662938085726946,0.007639195719104874,15.969417456169225,-0.04210804400564383,out_of_sample
2025-08-07 00:00:00+00:00,-0.0013709213610645582,22.80821697497075,-0.023004161262226375,0.02156671683733391,16.313825360503603,-0.021449459429953577,out_of_sample
2025-08-08 00:00:00+00:00,0.0010736680394352713,22.83270542857328,-0.02195519205551244,-0.00674246869568107,16.2038299037036,-0.028047305816888968,out_of_sample
2025-08-09 00:00:00+00:00,-0.005328929576505904,22.71103154930331,-0.027167123959715878,-0.0017671540845181077,16.175195239504433,-0.02976489599037302,out_of_sample
2025-08-10 00:00:00+00:00,0.0005080765001530928,22.722570490727747,-0.026672850436823436,0.024335585769368562,16.568828090591676,-0.006153656400294527,out_of_sample
2025-08-11 00:00:00+00:00,0.004027905766907732,22.814094863446318,-0.022752380398009975,-0.005143586909764242,16.483604883314776,-0.011265591443550882,out_of_sample
2025-08-12 00:00:00+00:00,0.005875244544338897,22.94813324982681,-0.0170108116524752,0.012129778771243549,16.683547363901972,0.0,out_of_sample
2025-08-13 00:00:00+00:00,0.002284773891830049,23.000564545542254,-0.014764903618987524,0.027005937658747037,17.134102203938262,0.0,out_of_sample
2025-08-14 00:00:00+00:00,0.01686648288261676,23.388503173740165,0.0,-0.041206124684671774,16.428072252162874,-0.04120612468467166,out_of_sample
2025-08-15 00:00:00+00:00,-0.0055006769630619855,23.25985057313187,-0.005500676963062001,-0.008144300427427753,16.29427709629777,-0.049014830053217495,out_of_sample
2025-08-16 00:00:00+00:00,-0.0009795072643550185,23.237067380527677,-0.006474796274372752,0.0004305963887885067,16.301293353173353,-0.04860533927324706,out_of_sample
2025-08-17 00:00:00+00:00,0.0057211847668037,23.370010936450342,-0.0007906550133822687,0.00020540408779701202,16.304641705464473,-0.04840991892082558,out_of_sample
2025-08-18 00:00:00+00:00,0.0001689463143561428,23.373959213664516,-0.0006218422772765742,-0.009971556097885137,16.142059056042516,-0.05789875279649759,out_of_sample
2025-08-19 00:00:00+00:00,0.0008781313668639055,23.394484620417835,0.0,-0.028914580026785264,15.675318197669482,-0.0851392147020974,out_of_sample
2025-08-20 00:00:00+00:00,0.0036500649390901136,23.479876008498902,0.0,0.012375890987926352,15.869314226884898,-0.07381699735412184,out_of_sample
2025-08-21 00:00:00+00:00,0.012014185884683844,23.761967603414337,0.0,-0.015393909149408413,15.625023445412817,-0.08807457435257882,out_of_sample
2025-08-22 00:00:00+00:00,-0.004367434679636638,23.658188762046784,-0.004367434679636628,0.03943814010396385,16.241245309180727,-0.052109931651528996,out_of_sample
2025-08-23 00:00:00+00:00,0.012451668416342227,23.952772683843026,0.0,-0.013006266173356984,16.030007349702736,-0.06443844218355088,out_of_sample
2025-08-24 00:00:00+00:00,0.016864951854690044,24.356735041942372,0.0,-0.016734689986141138,15.761750146229897,-0.08009477481656035,out_of_sample
2025-08-25 00:00:00+00:00,0.005482035257693103,24.490259522204592,0.0,-0.02981410588093225,15.291827658501399,-0.1075209266006023,out_of_sample
2025-08-26 00:00:00+00:00,-0.006618810038862194,24.328163146624682,-0.006618810038862333,0.01495402674807389,15.520502058333564,-0.09417477066489155,out_of_sample
2025-08-27 00:00:00+00:00,0.003197869282163474,24.405961432242734,-0.003442106846006654,-0.004610155411472028,15.448950131780576,-0.09835076574775858,out_of_sample
2025-08-28 00:00:00+00:00,-0.007138178693113098,24.23174731836216,-0.010555715165372015,0.011802699584243515,15.631289449077942,-0.08770887070551614,out_of_sample
2025-08-29 00:00:00+00:00,0.0002027783519612178,24.236660992148515,-0.01035507728393592,-0.03710781433738086,15.051246462347697,-0.12156200055301536,out_of_sample
2025-08-30 00:00:00+00:00,0.0024596101790728907,24.29627373023154,-0.007920936558355796,0.003927726146563781,15.110363636616235,-0.11811173665445229,out_of_sample
2025-08-31 00:00:00+00:00,0.004502196409223274,24.405660326577298,-0.003454401761263104,-0.005052506530560108,15.034018425663094,-0.12256748286423003,out_of_sample
2025-09-01 00:00:00+00:00,0.004264146316027062,24.50972963314908,0.0,0.009051977480491358,15.170106021893488,-0.11462498347846617,out_of_sample
2025-09-02 00:00:00+00:00,0.003114482804321618,24.5860647646301,0.0,0.01831796380368167,15.447991474900547,-0.09840671597314055,out_of_sample
2025-09-03 00:00:00+00:00,-0.0011882186543009149,24.556851143840912,-0.0011882186543009654,0.004243263661546148,15.513541375769867,-0.09458101795353546,out_of_sample
2025-09-04 00:00:00+00:00,0.004520895862588081,24.66787011057529,0.0,-0.008780241411860068,15.377328737337727,-0.10253081519478402,out_of_sample
2025-09-05 00:00:00+00:00,-0.0048600558741337015,24.54798288354202,-0.00486005587413374,-0.0005827642723036375,15.36836737954614,-0.10305382817118192,out_of_sample
2025-09-06 00:00:00+00:00,0.01149313926130875,24.83011626940679,0.0,-0.004335763084358346,15.301733779595047,-0.10694277427165377,out_of_sample
2025-09-07 00:00:00+00:00,0.003399777482357708,24.914533139583845,0.0,0.008541312367605913,15.432430667572515,-0.09931489354456047,out_of_sample
2025-09-08 00:00:00+00:00,-0.0012896169820213067,24.882402934547905,-0.0012896169820213466,0.008432064532392314,15.562557918853157,-0.09172025860356348,out_of_sample
2025-09-09 00:00:00+00:00,0.0012777382576245949,24.914196132719006,-1.3526517352424605e-05,-0.004577163640519077,15.49132554459351,-0.09587760361130337,out_of_sample
2025-09-10 00:00:00+00:00,0.004412596639392642,25.024132430847413,0.0,0.02149688026626051,15.8243407149913,-0.0764417927100911,out_of_sample
2025-09-11 00:00:00+00:00,-0.003222297017369164,24.943497243553242,-0.0032222970173692023,0.013434969200188274,16.036940245110493,-0.06403381664056995,out_of_sample
2025-09-12 00:00:00+00:00,0.0038178544988428814,25.038727886721418,0.0,0.004777045232051469,16.113549434045094,-0.05956266384699138,out_of_sample
2025-09-13 00:00:00+00:00,-0.003915977902918405,24.94067678159983,-0.003915977902918422,-0.0009975995530201454,16.097474564332124,-0.060500843713180985,out_of_sample
2025-09-14 00:00:00+00:00,0.003932755881463445,25.038762374900347,0.0,-0.0056333919371808205,16.006791180912444,-0.06579341068519517,out_of_sample
2025-09-15 00:00:00+00:00,0.0064268418524280075,25.19968254086436,0.0,0.000786390070306453,16.01937876255458,-0.0650587598997433,out_of_sample
2025-09-16 00:00:00+00:00,0.0012669287550242988,25.23160874329286,0.0,0.012547202703194982,16.22037715506761,-0.053327862644628854,out_of_sample
2025-09-17 00:00:00+00:00,0.0038208802572872666,25.328015698999703,0.0,-0.0029533873588512005,16.172472098222034,-0.05612375216807086,out_of_sample
2025-09-18 00:00:00+00:00,0.004827139950136643,25.450277575438037,0.0,0.005279955327420094,16.257862028434594,-0.051140127744905395,out_of_sample
2025-09-19 00:00:00+00:00,0.003608404977283386,25.54211248371449,0.0,-0.0123708415265803,16.05673859371982,-0.06287832285550454,out_of_sample
2025-09-20 00:00:00+00:00,-0.006025918952294223,25.388197784017244,-0.006025918952294207,0.00047936523044578294,16.064435635916006,-0.06242909930678453,out_of_sample
2025-09-21 00:00:00+00:00,0.006003042524774982,25.5406042149421,-5.9050275240668526e-05,-0.0038140573526982413,16.00316495706189,-0.06600504849424949,out_of_sample
2025-09-22 00:00:00+00:00,0.014853133393213978,25.91996221628992,0.0,-0.022392018328950436,15.644821794022144,-0.0869190805675133,out_of_sample
2025-09-23 00:00:00+00:00,0.005481440218113366,26.062040939634272,0.0,-0.005840786397015352,15.55344373170389,-0.09225219118110894,out_of_sample
2025-09-24 00:00:00+00:00,0.0036090117008443995,26.1560991503333,0.0,0.011675167713292911,15.735032795790797,-0.08165408327177426,out_of_sample
2025-09-25 00:00:00+00:00,-0.00134474259449257,26.120925929700075,-0.0013447425944926872,-0.038139933247390845,15.13489969531383,-0.1166797352338027,out_of_sample
2025-09-26 00:00:00+00:00,-0.00021597872820794417,26.115284365338162,-0.001560430886905384,0.006003607672500522,15.225763695247142,-0.11137662691497718,out_of_sample
2025-09-27 00:00:00+00:00,-0.004469775883544891,25.998554897090056,-0.006023231994104039,-0.00010220050461495767,15.22420761451434,-0.11146744467211911,out_of_sample
2025-09-28 00:00:00+00:00,0.0062238687474912464,26.160366490393987,0.0,0.023200973194265728,15.577424047282623,-0.09085262467372457,out_of_sample
2025-09-29 00:00:00+00:00,0.004672876462403754,26.282610651214807,0.0,0.01906446330525613,15.874399276422457,-0.07352021789774688,out_of_sample
2025-09-30 00:00:00+00:00,0.001778164680834504,26.329345461194922,0.0,-0.002348212933813376,15.837122806725043,-0.07569578970499602,out_of_sample
2025-10-01 00:00:00+00:00,0.028973212235881615,27.09219117527397,0.0,0.040035512260853556,16.471170131030327,-0.03869079716097179,out_of_sample
2025-10-02 00:00:00+00:00,-0.009994152454603514,26.821427686339018,-0.009994152454603555,0.016270442437268384,16.73916335652171,-0.023049871111762932,out_of_sample
2025-10-03 00:00:00+00:00,0.005921932407979646,26.98026236818303,-0.004131404741935185,0.014121693574023375,16.975548692128033,-0.009253680754500615,out_of_sample
2025-10-04 00:00:00+00:00,0.012015006986401788,27.304430409031703,0.0,0.0013136065907857208,16.997847884772217,-0.007952229859742976,out_of_sample
2025-10-05 00:00:00+00:00,0.009653359123988719,27.56800988144604,0.0,0.008856233938625113,17.148384802092924,0.0,out_of_sample
2025-10-06 00:00:00+00:00,-0.005612348478744606,27.413288603125892,-0.005612348478744589,0.009736953187600372,17.31535782215386,0.0,out_of_sample
2025-10-07 00:00:00+00:00,0.00013610477625000499,27.4170196826375,-0.005477007569928527,-0.02681569624925273,16.85103444634786,-0.02681569624925273,out_of_sample
2025-10-08 00:00:00+00:00,0.022911625308855058,28.04518816469159,0.0,0.01608587930231309,17.12209815257093,-0.011161171000212633,out_of_sample
2025-10-09 00:00:00+00:00,0.015977893620905827,28.49329119776532,0.0,-0.013455320012171645,16.891714842648277,-0.024466313884865865,out_of_sample
2025-10-10 00:00:00+00:00,0.04329362142628445,29.726868960070256,0.0,-0.07291043787881657,15.660132516946685,-0.09559290210505633,out_of_sample
2025-10-11 00:00:00+00:00,-0.001949499830903239,29.668916434059316,-0.0019494998309032008,-0.01894869267505883,15.363393478632368,-0.11273023425620943,out_of_sample
2025-10-12 00:00:00+00:00,-0.008789524409401723,29.408140768861653,-0.010721889063955103,0.03902455346444289,15.96294304883453,-0.07810492784555711,out_of_sample
2025-10-13 00:00:00+00:00,-0.02425168811231824,28.69494371097207,-0.03471355326671943,0.001893042654820487,15.993161580922445,-0.07635974115069988,out_of_sample
2025-10-14 00:00:00+00:00,-0.006575959569203562,28.506246921288145,-0.04106123791313765,-0.018487228514167398,15.697492348111929,-0.09343528968093162,out_of_sample
2025-10-15 00:00:00+00:00,0.014848147622680295,28.929511883744006,-0.02682277361256169,-0.020222368162515325,15.380051878620142,-0.11176817501614789,out_of_sample
2025-10-16 00:00:00+00:00,0.004286752304923613,29.053525535491964,-0.022651003894246013,-0.023212495144490974,15.023042499065653,-0.13238625194076792,out_of_sample
2025-10-17 00:00:00+00:00,-0.01528965017324222,28.60930729375493,-0.03759432814187247,-0.01619171104251005,14.779793735941434,-0.1464344030458521,out_of_sample
2025-10-18 00:00:00+00:00,-0.007511088982598914,28.394420240941024,-0.04482304278055671,0.006945945895133088,14.88245338357251,-0.14050558259146162,out_of_sample
2025-10-19 00:00:00+00:00,0.002486339052698256,28.465018396864803,-0.04244814900958449,0.01371111162975236,15.08650836323926,-0.12872095868922417,out_of_sample
2025-10-20 00:00:00+00:00,-0.00841719608836903,28.22542275535936,-0.05050805070415143,0.017347508246904342,15.348221691487543,-0.11360643833473061,out_of_sample
2025-10-21 00:00:00+00:00,-0.00768411805739347,28.00853527468734,-0.0578040589370854,-0.02006157333355052,15.040312216484175,-0.13138888777446545,out_of_sample
2025-10-22 00:00:00+00:00,-0.003089181706379095,27.9220118198943,-0.06071467340204162,-0.006666746725516037,14.94004226426419,-0.13717969806264185,out_of_sample
2025-10-23 00:00:00+00:00,0.015753772182450023,28.361888832980597,-0.04591738635249909,0.023192166052895757,15.286534205294284,-0.11716902634630111,out_of_sample
2025-10-24 00:00:00+00:00,-0.0065940994140055225,28.174867718446947,-0.05220870195606497,0.008538898568428044,15.417064370336098,-0.10963062220920561,out_of_sample
2025-10-25 00:00:00+00:00,0.0016502982998405102,28.22136465474093,-0.050644563588299496,0.005623374493310518,15.503760296877973,-0.10462374176051203,out_of_sample
2025-10-26 00:00:00+00:00,-0.013101084257772972,27.85163417852983,-0.06308214915130406,0.026063407456263787,15.907841118599748,-0.08128718551535141,out_of_sample
2025-10-27 00:00:00+00:00,-0.010699399071773027,27.553638429652707,-0.07310660713500228,-0.0037878457053323045,15.847584670937552,-0.08476712790413077,out_of_sample
2025-10-28 00:00:00+00:00,0.004866432302917074,27.687726345769665,-0.06859594318660367,-0.010788670580840098,15.676610300420835,-0.09464127386592935,out_of_sample
2025-10-29 00:00:00+00:00,-0.006501263713461009,27.507721135169675,-0.0746512465837349,-0.02523984454971262,15.28093509337179,-0.11749238737527912,out_of_sample
2025-10-30 00:00:00+00:00,-0.005083768717086512,27.36787824298436,-0.07935550562874749,-0.015657504255102483,15.041673787125376,-0.131310254075111,out_of_sample
2025-10-31 00:00:00+00:00,-0.007953457141533843,27.150208996324068,-0.0866778121573184,0.011950472689318259,15.221428898920053,-0.12092900099094483,out_of_sample
2025-11-01 00:00:00+00:00,0.00014525483336752108,27.154152695407724,-0.08654514769511235,0.004471632652502278,15.289493537402205,-0.11699811840790808,out_of_sample
2025-11-02 00:00:00+00:00,-0.00998051905432814,26.88314015702707,-0.0956619012538098,0.004068254349042899,15.351695085980404,-0.11340584216290805,out_of_sample
2025-11-03 00:00:00+00:00,-0.011806780939739093,26.56573681022075,-0.10633922308116628,-0.035756401426672135,14.80277371390622,-0.1451072587730734,out_of_sample
2025-11-04 00:00:00+00:00,-0.0013367434424679694,26.530225235745355,-0.10753381826450337,-0.0478084171797567,14.095076532774254,-0.1859783275895961,out_of_sample
2025-11-05 00:00:00+00:00,-0.0003842592057747172,26.520030752467246,-0.10787675661067775,0.023525805246509934,14.426674558218954,-0.16682781225803067,out_of_sample
2025-11-06 00:00:00+00:00,-0.003770595636821762,26.420034440223613,-0.11124059261970887,-0.024378593372304636,14.074972525449562,-0.18713937823210558,out_of_sample
2025-11-07 00:00:00+00:00,-0.023330578001591516,25.803639765911242,-0.13197586329824296,0.019738296797018107,14.35278851056676,-0.1710948940250422,out_of_sample
2025-11-08 00:00:00+00:00,0.001608121352724456,25.84513514999681,-0.13057997514933273,-0.010027568796149633,14.208864936360467,-0.17940679700068574,out_of_sample
2025-11-09 00:00:00+00:00,-0.006514819864484116,25.676758750121333,-0.13624408999781024,0.02348016462418334,14.542491424188997,-0.16013913350477593,out_of_sample
2025-11-10 00:00:00+00:00,0.016018978919192847,26.088074207252728,-0.12240760228415692,0.012378834171199893,14.72251051396513,-0.14974263511155128,out_of_sample
2025-11-11 00:00:00+00:00,0.010958083500888265,26.37394950279317,-0.11279087151024203,-0.027938127499025578,14.311191138120227,-0.17349723377879023,out_of_sample
2025-11-12 00:00:00+00:00,-0.009757545402432776,26.116604493078196,-0.12144785486293364,-0.013591467664927581,14.116681046519869,-0.184730619400859,out_of_sample
2025-11-13 00:00:00+00:00,0.0038032145732787457,26.215931543890825,-0.11810653254116321,-0.019206580726690792,13.84554787240694,-0.20038915657333556,out_of_sample
2025-11-14 00:00:00+00:00,0.014099902640886086,26.585573626299823,-0.10567192051036,-0.05127124469290345,13.135669399533455,-0.24138619978576292,out_of_sample
2025-11-15 00:00:00+00:00,0.006756328535166167,26.765194496014953,-0.09962954618710385,0.010739870685779973,13.276744790255602,-0.23323878567101386,out_of_sample
2025-11-16 00:00:00+00:00,0.006206384203348375,26.931309576334566,-0.0940415012253979,-0.014007909142185637,13.090765355529715,-0.2439795070950862,out_of_sample
2025-11-17 00:00:00+00:00,-0.0002284168589701211,26.925158011193187,-0.0942484374200453,-0.021778422592672375,12.805669135555474,-0.2604444408782899,out_of_sample
2025-11-18 00:00:00+00:00,0.015172074456167056,27.33366851328307,-0.08050630727379271,0.008106785635626501,12.909481950158181,-0.25444902249485435,out_of_sample
2025-11-19 00:00:00+00:00,-0.07169969992790082,25.373852682951963,-0.14643372912785924,-0.015153325175506271,12.713860372320106,-0.2657465988919063,out_of_sample
2025-11-20 00:00:00+00:00,-0.1171016759732057,22.402532007881064,-0.24638777000118628,-0.053629756231361014,12.032019139793018,-0.3051244298053811,out_of_sample
2025-11-21 00:00:00+00:00,0.00920488117284918,22.60874465298456,-0.23945085897364127,-0.017410824086936394,11.82253177113943,-0.31722278612034926,out_of_sample
2025-11-22 00:00:00+00:00,0.01690721836819288,22.990995635863282,-0.2265920885665671,-0.004748893863808723,11.766387822556782,-0.32046522264169075,out_of_sample
2025-11-23 00:00:00+00:00,-0.02710778618909444,22.367760641891895,-0.24755746486665875,0.02501257536362278,12.060695484726097,-0.30346830781081346,out_of_sample
2025-11-24 00:00:00+00:00,-0.0056102058394949805,22.242272900522327,-0.25177882237114824,0.01658147837115842,12.26067964604721,-0.29191878262195203,out_of_sample
2025-11-25 00:00:00+00:00,-0.007412514543274463,22.077401729171726,-0.25732502273190805,-0.010459267216713086,12.132441921370686,-0.29932479328564465,out_of_sample
2025-11-26 00:00:00+00:00,-0.003073904756264267,22.00953789899047,-0.2596079348768908,0.03566025873727874,12.565087939401772,-0.27433853412341447,out_of_sample
2025-11-27 00:00:00+00:00,-0.00972725755313319,21.795445455221543,-0.2668099191846395,0.009444028567605844,12.683752988855963,-0.26748536650926524,out_of_sample
2025-11-28 00:00:00+00:00,-0.006603464920033195,21.65151999574149,-0.27165151416302,-0.004867885755847623,12.62200992835082,-0.27105116405958474,out_of_sample
2025-11-29 00:00:00+00:00,-0.011017094321834625,21.41298315773732,-0.27967579813065147,-0.0009114144756394715,12.610506045790457,-0.27171553858066133,out_of_sample
2025-11-30 00:00:00+00:00,-0.014807080963082649,21.095919382459577,-0.29034169690739875,-0.004896160414256556,12.548762985285315,-0.2752813361309808,out_of_sample
2025-12-01 00:00:00+00:00,-0.0003641126247492764,21.08823809188173,-0.2906000924548129,-0.04516134746669087,11.982043939829696,-0.3080106075255655,out_of_sample
2025-12-02 00:00:00+00:00,0.0004577998559633029,21.097892284242715,-0.2902753292793183,0.05806362590675507,12.677764856750269,-0.2678311943094873,out_of_sample
2025-12-03 00:00:00+00:00,0.012845340691345748,21.36890189850313,-0.2811586740868579,0.02331639435347843,12.973364621670928,-0.25075965770269193,out_of_sample
2025-12-04 00:00:00+00:00,0.005007652623453462,21.47590993615549,-0.2775589664353022,-0.014371893630852228,12.786912805294012,-0.26152766020613216,out_of_sample
2025-12-05 00:00:00+00:00,0.004654881947833033,21.575877761630586,-0.27419608870978807,-0.029838745603560368,12.405367367041935,-0.2835627484885075,out_of_sample
2025-12-06 00:00:00+00:00,-0.010223796832135455,21.355290370920684,-0.28161656043878847,-0.00102364806218036,12.392668636776026,-0.2842961280926911,out_of_sample
2025-12-07 00:00:00+00:00,0.011224930027517573,21.595002011051587,-0.2735527565967866,0.012873736926424684,12.552208592622234,-0.2750823447285329,out_of_sample
2025-12-08 00:00:00+00:00,0.010032633228119299,21.811656745788966,-0.2662645778441438,0.002937614975416558,12.589082148558473,-0.27295281576846353,out_of_sample
2025-12-09 00:00:00+00:00,0.012621046928167578,22.08694268915865,-0.257004068648256,0.02237702348947357,12.87078833550768,-0.2566836638489588,out_of_sample
2025-12-10 00:00:00+00:00,-0.006928171744919765,21.93392055688796,-0.2621516720664375,-0.007134190573239496,12.77896567869434,-0.2619866242472625,out_of_sample
2025-12-11 00:00:00+00:00,0.005645922557604927,22.057757773736807,-0.25798583754766635,0.0054361120926313955,12.848433568551611,-0.2579747008108093,out_of_sample
2025-12-12 00:00:00+00:00,0.005411638271177305,22.177126379881518,-0.2539703253083837,-0.02430753426509147,12.536119829331291,-0.27601150619641535,out_of_sample
2025-12-13 00:00:00+00:00,-0.003159487732057453,22.107058021151996,-0.2563273969133226,-0.00042447267858891635,12.530798588968223,-0.2763188195316477,out_of_sample
2025-12-14 00:00:00+00:00,0.006152878793591092,22.24308006963903,-0.25175166952441597,-0.022978934775305326,12.242854185509835,-0.2929482421757459,out_of_sample
2025-12-15 00:00:00+00:00,0.0004192474915276352,22.252405425162078,-0.25143796828882425,-0.019620103769002806,12.002648115961362,-0.30682067103431354,out_of_sample
2025-12-16 00:00:00+00:00,0.0022836878849357652,22.3032229738422,-0.2497284862458825,0.016626943658923254,12.202215469943333,-0.2952952173860709,out_of_sample
2025-12-17 00:00:00+00:00,0.0009940796576439828,22.325394154100394,-0.24898265659634977,-0.01849901453209346,11.976486508641116,-0.3083315614004817,out_of_sample
2025-12-18 00:00:00+00:00,0.012869765855326154,22.612716749491533,-0.23931723923345571,-0.008490561660108531,11.874799411468041,-0.31420421492676187,out_of_sample
2025-12-19 00:00:00+00:00,0.0028650730588192785,22.677503835037214,-0.23713782754927515,0.030774648793666204,12.240242192851204,-0.29309909049695637,out_of_sample
2025-12-20 00:00:00+00:00,-0.011460912262970357,22.41759895324068,-0.24588092397647188,0.0025062429057889357,12.270919213012176,-0.2913274251074186,out_of_sample
2025-12-21 00:00:00+00:00,0.002733901461756005,22.478886459788004,-0.24381923673219308,0.003402369543754169,12.312669414816396,-0.2889162591221103,out_of_sample
2025-12-22 00:00:00+00:00,0.00031159386978499857,22.48589074300847,-0.24358361544190943,-0.0004491019653288797,12.307139770783758,-0.28923560822765193,out_of_sample
2025-12-23 00:00:00+00:00,-0.0026781576226792723,22.425669983312346,-0.24560941774813316,-0.012626790018231748,12.151740101173043,-0.2982102809549976,out_of_sample
2025-12-24 00:00:00+00:00,0.0038610159374874945,22.51225585252675,-0.24269670368696827,0.00187850862650496,12.174567249780143,-0.29689196291377906,out_of_sample
2025-12-25 00:00:00+00:00,-0.008744832668192983,22.315389942112855,-0.24931919429229676,-0.005072620062469113,12.11281029569703,-0.3004585628487858,out_of_sample
2025-12-26 00:00:00+00:00,0.0017750203313261497,22.355000212961578,-0.24798672059982918,0.0015530586308307726,12.131622200270376,-0.2993721339821944,out_of_sample
2025-12-27 00:00:00+00:00,0.010351573267421454,22.586409635559274,-0.24020220004004433,0.0058544495878292135,12.202646170860449,-0.29527034346076486,out_of_sample
2025-12-28 00:00:00+00:00,0.006786898212227838,22.739701298735497,-0.2350455297098415,0.0010372381002261566,12.215303220392444,-0.2945393710106431,out_of_sample
2025-12-29 00:00:00+00:00,-0.0012056553567195627,22.712285056054473,-0.23596780116459348,-0.008157369441711526,12.115658479181175,-0.30029407398789143,out_of_sample
2025-12-30 00:00:00+00:00,-0.0015415860296274953,22.67727211471114,-0.23714562252850369,0.014357254828659016,12.289606075383782,-0.2902482177030128,out_of_sample
2025-12-31 00:00:00+00:00,0.004335001535497235,22.775578124149302,-0.23383864763080398,-0.009576588401147279,12.171913576387592,-0.29704521838905174,out_of_sample
2026-01-01 00:00:00+00:00,-0.0027295146467866734,22.7134118500704,-0.2359298962638977,0.013603749420716404,12.337497238651384,-0.287482397685922,out_of_sample
2026-01-02 00:00:00+00:00,-0.0018348618280992271,22.67173587768081,-0.2373318593312349,0.012966216216216075,12.497467895414706,-0.27824374039645783,out_of_sample
2026-01-03 00:00:00+00:00,0.0053318626164402805,22.792618458656822,-0.23326541758325314,0.007163868488984093,12.586998111862759,-0.2730731734715569,out_of_sample
2026-01-04 00:00:00+00:00,-0.009881522669097155,22.56739268266952,-0.24084192274058502,0.009948584812982553,12.712220930119477,-0.2658412802850064,out_of_sample
2026-01-05 00:00:00+00:00,0.0036457392868372634,22.64966751277421,-0.23807423031340058,0.025413920222608022,13.035288298689702,-0.24718342915143754,out_of_sample
2026-01-06 00:00:00+00:00,0.0012867856017122644,22.67881277881322,-0.23709379520339424,-0.0012193250225958074,13.019394045490358,-0.24810135723369797,out_of_sample
2026-01-07 00:00:00+00:00,-0.002548432099860215,22.62101736434097,-0.23903800986488055,-0.025398044990822544,12.688726889769747,-0.26719811279121497,out_of_sample
2026-01-08 00:00:00+00:00,-0.009793422598990145,22.399480181672885,-0.2464904322160424,-0.0029366678346181008,12.651464313650306,-0.2693501085225284,out_of_sample
2026-01-09 00:00:00+00:00,0.0012316552449310179,22.42706861892237,-0.24556236820477562,-0.0050098945967375075,12.588081810944532,-0.2730105874659483,out_of_sample
2026-01-10 00:00:00+00:00,0.0005555447199037345,22.43952785847653,-0.24514324436193502,-0.00147896993055463,12.569464416462782,-0.27408578294691777,out_of_sample
2026-01-11 00:00:00+00:00,0.0027587546474289347,22.501433010242216,-0.24306077977917528,0.005469240496254857,12.638209840265535,-0.27011558351420395,out_of_sample
2026-01-12 00:00:00+00:00,0.00785276985303251,22.678131585035075,-0.23711671029004733,0.0031682724230579495,12.678251131979268,-0.2678031108454322,out_of_sample
2026-01-13 00:00:00+00:00,-0.0017738216490704385,22.637904624269073,-0.23846992918504895,0.04517789082174084,13.251027777430439,-0.23472399972718894,out_of_sample
2026-01-14 00:00:00+00:00,0.010597955366005708,22.877820127056967,-0.23039926748468098,0.016070215318028103,13.463974646998917,-0.2224258496250855,out_of_sample
2026-01-15 00:00:00+00:00,0.003957243971898985,22.96835324284495,-0.22735376962516574,-0.013833753491717338,13.277717340713602,-0.2331826187429037,out_of_sample
2026-01-16 00:00:00+00:00,-0.010311546073245798,22.731514010154772,-0.23532094682799554,-0.0006654996008049752,13.268881025123756,-0.23369293540402059,out_of_sample
2026-01-17 00:00:00+00:00,-0.001469241927769556,22.69811591668937,-0.23644444535420295,-0.0041443420516692475,13.21389024351274,-0.2368687739963169,out_of_sample
2026-01-18 00:00:00+00:00,-0.003208772780380815,22.62528282016997,-0.23889452163425895,-0.01570742283238291,13.006334082197187,-0.2488555988397515,out_of_sample
2026-01-19 00:00:00+00:00,0.005342353269923828,22.74615507382726,-0.23482842729315467,-0.010942807699703017,12.86400826945761,-0.2570752275763566,out_of_sample
2026-01-20 00:00:00+00:00,0.010730164711179112,22.99022506431545,-0.22661801028569828,-0.04535066573351654,12.280616930436246,-0.2907673605956901,out_of_sample
2026-01-21 00:00:00+00:00,-0.006410052596663246,22.84285651244406,-0.231575429517079,0.011548739345586423,12.42244257436885,-0.2825766177078274,out_of_sample
2026-01-22 00:00:00+00:00,0.002748465308737386,22.90563931112098,-0.22946344124272533,0.001197833833269657,12.437322596376278,-0.2817172637077391,out_of_sample
2026-01-23 00:00:00+00:00,-0.0026274548068599135,22.845455779008773,-0.23148799122789343,0.0004490691868161978,12.442907814720803,-0.2813947050634483,out_of_sample
2026-01-24 00:00:00+00:00,-0.008331678817256383,22.655114779024238,-0.2378909864521872,-0.004220695476821357,12.390390089988706,-0.28442771918140686,out_of_sample
2026-01-25 00:00:00+00:00,0.0012674556845342086,22.68382913303469,-0.23692504705073125,-0.028613814423972928,12.035853767313137,-0.304902971631689,out_of_sample
2026-01-26 00:00:00+00:00,-0.001998057057089087,22.638505548153624,-0.2384497143455595,0.019297255303946104,12.26811271026194,-0.29148950681425145,out_of_sample
2026-01-27 00:00:00+00:00,0.011293355893489364,22.894170248205658,-0.2298492559388754,0.010160746359594297,12.392765891821826,-0.28429051139988004,out_of_sample
2026-01-28 00:00:00+00:00,-0.0034157134115738183,22.815970323842006,-0.2324798701642986,0.000716385381702267,12.401643888145585,-0.2837777875847013,out_of_sample
2026-01-29 00:00:00+00:00,0.0036400456336172396,22.899021496996045,-0.22968606186697682,-0.05217243229739066,11.754619962014962,-0.32114484247182584,out_of_sample
2026-01-30 00:00:00+00:00,-0.004424528444803855,22.79770412502441,-0.2330943377976753,-0.004648677910328858,11.699976519853232,-0.32430062144693983,out_of_sample
2026-01-31 00:00:00+00:00,-0.024084527956335023,22.248632182685007,-0.2515648986588588,-0.0653664468231141,10.935190626836562,-0.3684686889435398,out_of_sample
2026-02-01 00:00:00+00:00,0.015566756361029286,22.59497121923902,-0.2399141917842389,-0.022555865566888822,10.688537937109334,-0.3827134242970103,out_of_sample
2026-02-02 00:00:00+00:00,-0.01599651148024428,22.233530502734673,-0.2520729131413332,0.022890493490962838,10.933203845186645,-0.3685834299538222,out_of_sample
2026-02-03 00:00:00+00:00,-0.000689756129541873,22.218194788789056,-0.25258880043394427,-0.03761603710645878,10.521940043653625,-0.39233481908231227,out_of_sample
2026-02-04 00:00:00+00:00,-0.010987581965668092,21.974070552418056,-0.2608010422512347,-0.034265387073432296,10.161401695294387,-0.41315670171750407,out_of_sample
2026-02-05 00:00:00+00:00,-0.01871368821140909,21.5628546473646,-0.2746341810727436,-0.14041106191907282,8.734628492671835,-0.4955559924094406,out_of_sample
2026-02-06 00:00:00+00:00,0.0012432109690189179,21.589661824785566,-0.27373239833010177,0.1221032606361574,9.80115511207255,-0.43396173427426277,out_of_sample
2026-02-07 00:00:00+00:00,0.006580870726069692,21.73174059827404,-0.26895292513097957,-0.018290582540098854,9.621886275506876,-0.44431490389437367,out_of_sample
2026-02-08 00:00:00+00:00,0.004614655158100878,21.832025087120375,-0.2655793949761207,0.014929058454216548,9.765531978153742,-0.43601904861247587,out_of_sample
2026-02-09 00:00:00+00:00,-0.0036137983367518943,21.753128551172612,-0.26823344293703233,-0.0025267435028121232,9.740856983676439,-0.4374440838171041,out_of_sample
2026-02-10 00:00:00+00:00,-0.013152111414561261,21.467028980852316,-0.2778577182249744,-0.018616327083675,9.559518003993018,-0.44791680875562134,out_of_sample
2026-02-11 00:00:00+00:00,-0.005533117233072031,21.348249392855504,-0.28185341612899384,-0.025447167587380748,9.316255347290824,-0.461965762245393,out_of_sample
2026-02-12 00:00:00+00:00,-0.01552662992662212,21.0167830249514,-0.29300381236982687,-0.012099131451478007,9.203536749208418,-0.46847550921338177,out_of_sample
2026-02-13 00:00:00+00:00,0.02026200168146365,21.442625117941922,-0.2786786544272759,0.038923299181348625,9.561768763624393,-0.4477868224362803,out_of_sample
2026-02-14 00:00:00+00:00,0.01210318997116613,21.702149283224873,-0.26994836515155196,0.014151101036739888,9.697078319488385,-0.4399723979667569,out_of_sample
2026-02-15 00:00:00+00:00,0.0028572539643974713,21.764157835300313,-0.2678624222236664,-0.014306100402032174,9.558350943443415,-0.44798420906935377,out_of_sample
2026-02-16 00:00:00+00:00,-0.012330699383307015,21.49579054770238,-0.2768901906024489,0.0009535313364410491,9.567465130592689,-0.4474578447144911,out_of_sample
2026-02-17 00:00:00+00:00,0.002589805883706265,21.551460472537737,-0.2750174765635054,-0.02013577781811593,9.374816778440502,-0.45858371078846305,out_of_sample
2026-02-18 00:00:00+00:00,-0.0017989646454849868,21.512690157089075,-0.27632169449176214,-0.015607053777718982,9.228503508823119,-0.46703362393032066,out_of_sample
2026-02-19 00:00:00+00:00,0.006453040553608142,21.651512419089975,-0.27165176903855115,0.008298355383994593,9.305084910601774,-0.46261087953397473,out_of_sample
2026-02-20 00:00:00+00:00,0.0019921565537052155,21.694645621453294,-0.27020078533686176,0.01501030250544999,9.444757049948805,-0.454544506272642,out_of_sample
2026-02-21 00:00:00+00:00,0.006236405709201193,21.829942233266024,-0.26564946134796596,-0.0006796186486179856,9.438338216925994,-0.4549152079981702,out_of_sample
2026-02-22 00:00:00+00:00,-0.013696548127997359,21.530947378836693,-0.2757075288434343,-0.004704628524239363,9.393934341729224,-0.4574796294587511,out_of_sample
2026-02-23 00:00:00+00:00,3.710560256029523e-05,21.53174629761288,-0.27568065353486215,-0.04418792105126934,8.978835912676086,-0.48145247676093317,out_of_sample
2026-02-24 00:00:00+00:00,0.004732178325618831,21.633638360755167,-0.27225304522269345,-0.009199112428782352,8.89623859163579,-0.486222653726876,out_of_sample
2026-02-25 00:00:00+00:00,0.02220719315267693,22.114060746427615,-0.2560918280316814,0.06123880039917973,9.441033571052454,-0.4547595453688359,out_of_sample
2026-02-26 00:00:00+00:00,-0.004395212777804176,22.016864744065778,-0.25936146273462957,-0.007421360509179298,9.37096825734241,-0.45880597134684253,out_of_sample
2026-02-27 00:00:00+00:00,-0.015207425313158756,21.68204491784048,-0.27062466797413987,-0.023902787620722177,9.146975993286626,-0.47174201727534204,out_of_sample
2026-02-28 00:00:00+00:00,0.0031699101865716177,21.750775052891246,-0.268312613679317,0.016724892156267268,9.29995818033031,-0.46290695948358473,out_of_sample
2026-03-01 00:00:00+00:00,0.007189015005514259,21.907141701128047,-0.2630525020797121,-0.017734559758340374,9.135027516231176,-0.4724320681064119,out_of_sample
2026-03-02 00:00:00+00:00,0.013676144856933272,22.20674694443404,-0.25297390134619957,0.046415209125475254,9.559031728764017,-0.4479448922196765,out_of_sample
2026-03-03 00:00:00+00:00,-0.009160834453804534,22.00331461191855,-0.25981728376863844,-0.0073617260013546515,9.488660756338602,-0.4520089706608035,out_of_sample
2026-03-04 00:00:00+00:00,0.010775661122396547,22.24041487374606,-0.25184132564987427,0.06363688277231372,10.092489548555974,-0.41713652976646554,out_of_sample
2026-03-05 00:00:00+00:00,-0.011137914290790057,21.992703039090667,-0.26017425284069706,-0.024594790298644975,9.844266884517975,-0.43147193458959976,out_of_sample
2026-03-06 00:00:00+00:00,-0.006132721068355508,21.85782792581275,-0.26471139778721275,-0.039119438626599834,9.459164690305204,-0.45371243335192146,out_of_sample
2026-03-07 00:00:00+00:00,0.0060164467976822076,21.989334384641293,-0.26028757303105754,-0.012497980406268705,9.340944235346102,-0.4605399246560773,out_of_sample
2026-03-08 00:00:00+00:00,0.00032914123161186296,21.996571981242976,-0.2600441031718065,-0.01930327923715014,9.160633380432568,-0.47095327312773516,out_of_sample
2026-03-09 00:00:00+00:00,0.007580866457173157,22.163325055948377,-0.2544345963337541,0.03730683422740522,9.5023876113744,-0.45121621458976024,out_of_sample
2026-03-10 00:00:00+00:00,-0.002946407740486684,22.09802286344861,-0.2566313360101553,0.02204576125718427,9.711874980027986,-0.4391178582747922,out_of_sample
2026-03-11 00:00:00+00:00,-0.010056422176851832,21.875795816260045,-0.2641069651282796,0.0035492597483044452,9.746344946975164,-0.4371271418656242,out_of_sample
2026-03-12 00:00:00+00:00,-0.001553396781966987,21.8418140254361,-0.2652500990005212,0.00470563079116193,9.792207647858936,-0.43447847001287776,out_of_sample
2026-03-13 00:00:00+00:00,-0.0016212905924690825,21.8064020978342,-0.2664413421028292,0.005893862239128467,9.849921570752356,-0.43114536402187253,out_of_sample
2026-03-14 00:00:00+00:00,-0.0005841038611493598,21.79366489417108,-0.2668698165472866,0.003933959137039755,9.888670759714742,-0.428907513129019,out_of_sample
2026-03-15 00:00:00+00:00,0.011589334706258725,22.04623897110567,-0.2583733254679922,0.02254321778617041,10.111593218266727,-0.4160332508214408,out_of_sample
2026-03-16 00:00:00+00:00,0.004818393788968077,22.152466432034153,-0.254799876105694,0.028407958900175778,10.398842942826544,-0.39944394741170697,out_of_sample
2026-03-17 00:00:00+00:00,-0.004205767504822327,22.059298308562635,-0.25793401457135834,-0.013013317941811486,10.26351949338458,-0.40725917426591773,out_of_sample
2026-03-18 00:00:00+00:00,0.003235433385495776,22.13066969877077,-0.2555331095078617,-0.036136635604095746,9.892630429436608,-0.42867883349314106,out_of_sample
2026-03-19 00:00:00+00:00,0.003535127683165908,22.208904441869894,-0.2529013239940825,-0.018475371087413595,9.709860411222127,-0.43923420405444924,out_of_sample
2026-03-20 00:00:00+00:00,-0.0024710644343462823,22.154024807977795,-0.25474745296130785,0.008374900196602031,9.791179523089049,-0.43453784647973726,out_of_sample
2026-03-21 00:00:00+00:00,-0.0031503246434144757,22.084232437674405,-0.25709524042581133,-0.022578956106407144,9.570104910407268,-0.4473053916239057,out_of_sample
2026-03-22 00:00:00+00:00,6.343487452044056e-05,22.085633348187972,-0.25704811435560704,-0.015256636397290912,9.424097299505256,-0.45573765230264296,out_of_sample
2026-03-23 00:00:00+00:00,0.00802348843875481,22.262837172019736,-0.25108704849058816,0.04474824046964043,9.845809071672806,-0.4313828698893105,out_of_sample
2026-03-24 00:00:00+00:00,0.00178611845640773,22.302601236384678,-0.24974940124565448,-0.004826016462078364,9.798293035010433,-0.4341270255198445,out_of_sample
2026-03-25 00:00:00+00:00,-0.008014779736595064,22.123850799921943,-0.2557624945419191,0.010969330964396562,9.905773754197604,-0.42791977757896416,out_of_sample
2026-03-26 00:00:00+00:00,0.0025859351031923667,22.18106164232325,-0.2538379446514427,-0.0351975875731968,9.557114415003959,-0.44805562130652243,out_of_sample
2026-03-27 00:00:00+00:00,-0.0007430541392260573,22.164579912657494,-0.2543923834552029,-0.03523579694132706,9.22036187213185,-0.4675038213570727,out_of_sample
2026-03-28 00:00:00+00:00,-0.0002217192485917676,22.159665598653906,-0.2545576990156876,-0.00044300993607993,9.216277160208243,-0.4677397224551362,out_of_sample
2026-03-29 00:00:00+00:00,0.010815938696427836,22.39934318330229,-0.24649504078651707,-0.005380283049018164,9.166690980428122,-0.4706034334040764,out_of_sample
2026-03-30 00:00:00+00:00,-0.0003842246695753065,22.39073680306898,-0.2467845559804943,0.011920658281030505,9.27596397117361,-0.4642926778385357,out_of_sample
2026-03-31 00:00:00+00:00,0.005730346811452796,22.519043490314527,-0.24246837026252,0.022124066119069585,9.481186011389962,-0.4524406536225657,out_of_sample
2026-04-01 00:00:00+00:00,-0.0020500955633293125,22.47287729916461,-0.24402138249572658,-0.002271345149212678,9.459650965534209,-0.4536843498878661,out_of_sample
2026-04-02 00:00:00+00:00,-0.0016466261156374957,22.43587287251029,-0.24526619663017257,-0.017889008834350406,9.290427185841896,-0.46345739537906594,out_of_sample
2026-04-03 00:00:00+00:00,0.0051885823986285605,22.552283247594467,-0.2413501981023578,0.0009197155611386787,9.298971736294341,-0.46296392879638215,out_of_sample
2026-04-04 00:00:00+00:00,0.008195124889683337,22.73710202535602,-0.235132968228273,0.005094875242791064,9.346348837177,-0.4602277970127211,out_of_sample
2026-04-05 00:00:00+00:00,-8.564887622691288e-05,22.73515461811889,-0.2351984782300074,0.02567079425012264,9.586277035166045,-0.4463714158478992,out_of_sample
2026-04-06 00:00:00+00:00,-0.018922837944087424,22.304940971646456,-0.24967069348585236,-0.0026087750496753825,9.561268594817427,-0.4478157082850224,out_of_sample
2026-04-07 00:00:00+00:00,0.016338391097894818,22.669367820656674,-0.23741151982381203,0.04464390805299212,9.988120990834418,-0.42316404353739234,out_of_sample
2026-04-08 00:00:00+00:00,0.02037687630831958,23.131298724725998,-0.22187234868911232,-0.01185279773877368,9.869733812939657,-0.4300011634577957,out_of_sample
2026-04-09 00:00:00+00:00,-0.00384957245953578,23.042253114201998,-0.22486780746560198,0.01002701367294434,9.968697768830324,-0.42428577733022466,out_of_sample
2026-04-10 00:00:00+00:00,0.010003074292109088,23.272746483960944,-0.21711410255747499,0.016264717687985097,10.130835823757197,-0.41492194802954296,out_of_sample
2026-04-11 00:00:00+00:00,0.00827156402052061,23.465248496436374,-0.21063841173601638,0.001316558187757666,10.144173658609793,-0.4141516587297439,out_of_sample
2026-04-12 00:00:00+00:00,0.018440288472580904,23.897954447791456,-0.19608235633925386,-0.03153256799436799,9.824301812973003,-0.432624961385236,out_of_sample
2026-04-13 00:00:00+00:00,0.00724259242346974,24.071037591611457,-0.19025990850418284,0.05195648207989967,10.334737974066261,-0.4031461503588656,out_of_sample
2026-04-14 00:00:00+00:00,0.012337822468191125,24.368021780041914,-0.18026947900993062,-0.0037386569872959186,10.296099933727646,-0.4053775821742208,out_of_sample
2026-04-15 00:00:00+00:00,0.020973717813943936,24.879109792540554,-0.16307668237920758,0.009031547669650308,10.389089651090591,-0.4000072214621846,out_of_sample
2026-04-16 00:00:00+00:00,-0.016567409722859246,24.466927387067535,-0.17694233388884595,0.004421192839432875,10.43502181986422,-0.3973545376860017,out_of_sample
2026-04-17 00:00:00+00:00,-0.025822360392312088,23.835133570386144,-0.19819562556682346,0.0256141920571773,10.702306472879059,-0.3819182610719045,out_of_sample
2026-04-18 00:00:00+00:00,0.006763826616981166,23.996350281248823,-0.19277235979742047,-0.01787341653836272,10.511019691368075,-0.392965493446522,out_of_sample
2026-04-19 00:00:00+00:00,0.006453099072785932,24.151201106998997,-0.18756323986090195,-0.025053599422633188,10.24768081449713,-0.4081738928094285,out_of_sample
2026-04-20 00:00:00+00:00,-0.012741006483733676,23.843490497104767,-0.1979145018894578,0.02754533720905017,10.529956638143167,-0.3918718431177448,out_of_sample
2026-04-21 00:00:00+00:00,0.01114942391584648,24.109331680290445,-0.18897171065427043,0.00657209846668616,10.59916055001898,-0.38787516499035024,out_of_sample
2026-04-22 00:00:00+00:00,0.005376933496250869,24.238965953374418,-0.1846108654788805,0.02427111925566483,10.856414039738429,-0.37301821012047687,out_of_sample
2026-04-23 00:00:00+00:00,0.0026460106290441825,24.30310251492409,-0.1824533371621304,0.000985413323300044,10.867112094776449,-0.3724003739112631,out_of_sample
2026-04-24 00:00:00+00:00,0.00018805080173809339,24.30767273283674,-0.1822995968567256,-0.010501580223174711,10.752990245318921,-0.37899116173266845,out_of_sample
2026-04-25 00:00:00+00:00,0.003196383945768627,24.385369387718978,-0.17968591241566978,0.002449757995953261,10.779332469152799,-0.3774698403655654,out_of_sample
2026-04-26 00:00:00+00:00,-0.002042383143761956,24.335565120327093,-0.18136130808074247,0.013256428433331191,10.922227918589206,-0.36921731385678125,out_of_sample
2026-04-27 00:00:00+00:00,-0.004391369855796711,24.228698653233913,-0.18495625335522548,-0.016311447779325472,10.744070568261247,-0.37950629270190905,out_of_sample
2026-04-28 00:00:00+00:00,-0.005148892896212559,24.103947678853803,-0.18915282631242725,-0.013359420259869137,10.600536014238154,-0.38779572890630853,out_of_sample
2026-04-29 00:00:00+00:00,0.007730071407168123,24.29027291560599,-0.1828849197595217,-0.007184975772660307,10.524371419798639,-0.3921944017620359,out_of_sample
2026-04-30 00:00:00+00:00,0.005546963833081559,24.425010180964538,-0.17835241196196228,0.00733334301431432,10.601550245430069,-0.3877371548241363,out_of_sample
2026-05-01 00:00:00+00:00,0.004982941169692073,24.546718569765414,-0.17425819036854928,0.02472433143656949,10.863666487439527,-0.3725993653137112,out_of_sample
2026-05-02 00:00:00+00:00,-0.007361517339952829,24.366017475375145,-0.18033690301847527,0.005894464906895713,10.927701988309959,-0.3689011742899887,out_of_sample
2026-05-03 00:00:00+00:00,0.0035540743550313116,24.45261611321862,-0.17742375942572763,-0.001575275673242782,10.910487845203328,-0.36989532891754184,out_of_sample
2026-05-04 00:00:00+00:00,-0.004807488599842718,24.335060440017994,-0.18137828532478983,0.0165174648855837,11.090701445071062,-0.35948759713869505,out_of_sample
2026-05-05 00:00:00+00:00,0.009748288986039454,24.572285641680025,-0.17339812427988877,0.012975705940788673,11.234611125699384,-0.35117649654773875,out_of_sample
2026-05-06 00:00:00+00:00,0.005783427075144448,24.7143976637583,-0.16861753261148393,0.006532124523416005,11.307997004544607,-0.3469383006294696,out_of_sample
2026-05-07 00:00:00+00:00,-0.005113389393495782,24.588023324877803,-0.1728687149021667,-0.017455439912225312,11.110610942304154,-0.3583377798818076,out_of_sample
2026-05-08 00:00:00+00:00,0.008493066414859491,24.796851039986105,-0.1658438339640227,0.0023233886961764316,11.136425210175117,-0.35684694913282156,out_of_sample
2026-05-09 00:00:00+00:00,-0.0019347513994015463,24.74887529773574,-0.16745771877358018,0.005973411581531973,11.202947661502442,-0.35300513125007393,out_of_sample
2026-05-10 00:00:00+00:00,-0.004069478633933317,24.648160278497723,-0.1708457317988773,0.01914452960289692,11.417422824647781,-0.3406187188323685,out_of_sample
2026-05-11 00:00:00+00:00,-0.01028693176349289,24.39460633561718,-0.17937518517727113,-0.005823964408835813,11.350928160476403,-0.3444589319457414,out_of_sample
2026-05-12 00:00:00+00:00,0.01594558528956485,24.783592611547125,-0.1662898422017819,-0.015154389705639426,11.178911771611826,-0.3543932567590867,out_of_sample
2026-05-13 00:00:00+00:00,0.01033969890638471,25.03984749696902,-0.1576695301949539,-0.014574762928623808,11.015981782740582,-0.3638028219869439,out_of_sample
2026-05-14 00:00:00+00:00,0.0014559509507699078,25.076304286739365,-0.15644313834657886,0.022205041601345954,11.260592116506006,-0.3496760371825052,out_of_sample
2026-05-15 00:00:00+00:00,0.0014693843302610267,25.11315101531916,-0.15520362911238095,-0.024366771171477897,10.986207845147757,-0.36552233237180776,out_of_sample
2026-05-16 00:00:00+00:00,-0.0020405261018467398,25.061906975172786,-0.15692745815792253,-0.012264461137668548,10.851467925980593,-0.3733038590691522,out_of_sample
2026-05-17 00:00:00+00:00,0.010161360455018326,25.316570045637654,-0.14836069417053666,-0.00862693683566318,10.757852997608934,-0.3787103270921165,out_of_sample
2026-05-18 00:00:00+00:00,0.003006674350052064,25.39268872742517,-0.14580009211420297,-0.006033805843699613,10.6929422013263,-0.3824590683511383,out_of_sample
2026-05-19 00:00:00+00:00,0.012220469013521296,25.70299929318866,-0.13536136860853187,-0.002121793272629069,10.670253988498914,-0.383769362545484,out_of_sample
2026-05-20 00:00:00+00:00,-0.0006700336385480257,25.68577741905065,-0.1359407055767523,0.00925001204428666,10.768953966408127,-0.3780692217269712,out_of_sample
2026-05-21 00:00:00+00:00,0.0019423504042499662,25.735668199204014,-0.13426239965693343,0.000979224696588732,10.77949919208846,-0.37746021174931765,out_of_sample
2026-05-22 00:00:00+00:00,0.009984158697157849,25.992617194682264,-0.12561873806501167,-0.02671995793066284,10.491471427162242,-0.39409444870153965,out_of_sample
2026-05-23 00:00:00+00:00,0.004469390491219661,26.108788350814088,-0.12171078676721891,0.015919092184005113,10.658486127957094,-0.384448982375619,out_of_sample
2026-05-24 00:00:00+00:00,0.0040424418834853195,26.21433161037047,-0.11816035366583344,0.004107399837320447,10.702264792145147,-0.38192066822596615,out_of_sample
2026-05-25 00:00:00+00:00,0.00750154715025802,26.41097965495816,-0.11154519197989077,0.0032610544162492427,10.737165460009441,-0.3799050778914921,out_of_sample
2026-05-26 00:00:00+00:00,-0.009150467844330141,26.16930683488821,-0.1196749691318193,-0.017805037428103798,10.545989827122229,-0.3909458911886112,out_of_sample
2026-05-27 00:00:00+00:00,-0.0025273951048744026,26.10316665689576,-0.12189989830553394,-0.019595417986838837,10.33933674837482,-0.402880561027372,out_of_sample
2026-05-28 00:00:00+00:00,0.01008720286221525,26.366474594310077,-0.11304232444641005,-0.011108856581933835,10.224478539284805,-0.40951387523720373,out_of_sample
2026-05-29 00:00:00+00:00,-0.005165134751281175,26.23028820011423,-0.11762358035932763,-0.002217650431979745,10.201804220035392,-0.41082336704686195,out_of_sample
2026-05-30 00:00:00+00:00,-0.004524058099320028,26.111620852335005,-0.12161550254725206,0.005836994506198012,10.261352095221046,-0.40738434627713427,out_of_sample
2026-05-31 00:00:00+00:00,-0.007690925936871967,25.910798310268014,-0.12837109266125768,-0.0027566859111145536,10.233064770471165,-0.4090180015004581,out_of_sample
2026-06-01 00:00:00+00:00,0.002233171351559098,25.96866156275053,-0.12642459595619804,-0.030707423438492754,9.918833717490784,-0.4271655359729102,out_of_sample
2026-06-02 00:00:00+00:00,0.015098743215502499,26.36075571533679,-0.11323470525116175,-0.06529488804689632,9.271184580351443,-0.4645686981709628,out_of_sample
2026-06-03 00:00:00+00:00,-0.0096699784483404,26.10584777568752,-0.12180970654011924,-0.03914731005544736,8.908242643003142,-0.485529393357056,out_of_sample
2026-06-04 00:00:00+00:00,-0.007214187628976739,25.917515291620205,-0.1281451360910849,-0.004122106688168703,8.871521916424589,-0.4876500960855651,out_of_sample
2026-06-05 00:00:00+00:00,-0.0038726778401775444,25.817145104477884,-0.131521549102396,-0.04434219634349934,8.478139149740832,-0.5103688161215121,out_of_sample
2026-06-06 00:00:00+00:00,-0.0012254550787641092,25.78550735289041,-0.1325858304308457,-0.0028235718265543497,8.454200514896016,-0.5117513249377138,out_of_sample
2026-06-07 00:00:00+00:00,0.019576865994607173,26.290306774940902,-0.11560457947136693,0.040243419441673645,8.79442645226099,-0.49210252871534077,out_of_sample
2026-06-08 00:00:00+00:00,0.001207459979111314,26.322051268210206,-0.11453670739536914,-0.0038010379392876548,8.76099850366167,-0.49403306627296206,out_of_sample
2026-06-09 00:00:00+00:00,0.012891486287194592,26.66138163118517,-0.10312176950094254,-0.021613469525626483,8.57164292948872,-0.5049687671760461,out_of_sample
2026-06-10 00:00:00+00:00,-0.009275960117030942,26.414071718509355,-0.11144117619688498,-0.003424912877866948,8.542285799235037,-0.5066642060202912,out_of_sample
2026-06-11 00:00:00+00:00,0.0006528913520759691,26.431317237507486,-0.11086104382501305,0.03438634955280828,8.836023824707523,-0.48970018896159273,out_of_sample
2026-06-12 00:00:00+00:00,0.0003205022959769442,26.4397885353678,-0.11057607274811654,-0.000800340891759066,8.828951993520052,-0.49010860276742363,out_of_sample
2026-06-13 00:00:00+00:00,0.001785590688547867,26.486999175583726,-0.10898792566544391,0.013709537822399032,8.94999284480736,-0.4831182273717478,out_of_sample
2026-06-14 00:00:00+00:00,0.0020491683987218685,26.541275497271304,-0.10716209187983794,0.01993070281380116,9.128372492382862,-0.47281641037162336,out_of_sample
2026-06-15 00:00:00+00:00,0.012572385141435122,26.874962634967936,-0.09593698983007792,0.008885560735501397,9.20948320058021,-0.46813208856722077,out_of_sample
2026-06-16 00:00:00+00:00,0.004022986407226903,26.983080244343146,-0.09229995662888757,-0.00967174014383132,9.12041147220522,-0.47327617679744083,out_of_sample
2026-06-17 00:00:00+00:00,-0.0048373653545902735,26.852553226809032,-0.09669083337105111,-0.01785213756459003,8.957592631957747,-0.4826793229477998,out_of_sample
2026-06-18 00:00:00+00:00,0.0019197636690131618,26.904103782914103,-0.09495669325107026,-0.02402249627362818,8.742408896335862,-0.495106656984557,out_of_sample
2026-06-19 00:00:00+00:00,-0.009963999209898934,26.636031314078107,-0.10397454404444095,0.009352537422068874,8.824172602697871,-0.49038462309985165,out_of_sample
2026-06-20 00:00:00+00:00,-0.0205717865701505,26.088080562809047,-0.12240738848578048,0.011925192796389927,8.929402562253665,-0.48430736147831244,out_of_sample
2026-06-21 00:00:00+00:00,-0.032816372317274065,25.231964398016864,-0.15120679436812,-0.01529329391629064,8.792842584372242,-0.4921940005696921,out_of_sample
2026-06-22 00:00:00+00:00,0.005153338566964051,25.361993253269425,-0.1468326756061603,0.011109689020353253,8.890528331089536,-0.48655243383335167,out_of_sample
2026-06-23 00:00:00+00:00,0.01908582253772985,25.84604775570443,-0.1305492754577896,-0.02021403277376843,8.710814900028776,-0.49693127976345586,out_of_sample
2026-06-24 00:00:00+00:00,-0.0006387433512008816,25.829538764545653,-0.13110463132728767,-0.02624540047562307,8.482196074508495,-0.5101345197928232,out_of_sample
2026-06-25 00:00:00+00:00,-0.013962483459618223,25.468894256776114,-0.14323656854051936,-0.020954543072044363,8.304455531519682,-0.5203994270973322,out_of_sample
2026-06-26 00:00:00+00:00,-0.014064795442526042,25.110679468907232,-0.15528677094663368,0.005020753899407593,8.346150159012018,-0.5179914706507729,out_of_sample
2026-06-27 00:00:00+00:00,0.015835291528848536,25.508314398784847,-0.1419104907062987,-0.001193567718737465,8.336188463606485,-0.5185667804715604,out_of_sample
2026-06-28 00:00:00+00:00,0.006430598859994438,25.672348136278053,-0.13639246128606142,-0.007501629158520928,8.273653469156969,-0.5221783139490555,out_of_sample
2026-06-29 00:00:00+00:00,0.007797475750721574,25.872527648334763,-0.12965850244479915,0.011326578248267882,8.367365652574428,-0.5167662292332802,out_of_sample
2026-06-30 00:00:00+00:00,0.0016992132403313043,25.91649058987565,-0.12817960664854355,-0.026887639124810847,8.14238694448267,-0.5297592444745772,out_of_sample
2026-07-01 00:00:00+00:00,0.00311698336057673,25.997271859808833,-0.12546215698905572,0.02378961665648549,8.336091208560685,-0.5185723971643713,out_of_sample
2026-07-02 00:00:00+00:00,0.005721040734593342,26.146003311107098,-0.1204588903652467,0.02568350455669699,8.550191245100795,-0.5062076491332228,out_of_sample
2026-07-03 00:00:00+00:00,0.003525130926598507,26.238171395986026,-0.1173583927984585,0.016654046271892042,8.69258652573023,-0.49798400847318114,out_of_sample
2026-07-04 00:00:00+00:00,0.000976227478536551,26.26378581988934,-0.11649673380780878,0.00877959898026881,8.768903949527429,-0.4935765093858936,out_of_sample
2026-07-05 00:00:00+00:00,0.0014189781767666835,26.301053558807034,-0.11524306195398004,0.00795851369250955,8.838691391678044,-0.4895461311016328,out_of_sample
2026-07-06 00:00:00+00:00,-0.007125336818795229,26.11364969351136,-0.12154725314032389,0.006389791424003866,8.895168786132004,-0.48628443734779647,out_of_sample
2026-07-07 00:00:00+00:00,0.011573513984915868,26.415876383436405,-0.11138046798945578,-0.010749161246790151,8.799553182532456,-0.49180644876573054,out_of_sample
2026-07-08 00:00:00+00:00,-0.0006782603707376038,26.397959541327218,-0.11198318340268187,-0.017053654038657662,8.649488646862778,-0.5004730057731566,out_of_sample
2026-07-09 00:00:00+00:00,0.00779261369075839,26.603668642257052,-0.10506321140004182,0.015126422971216913,8.780324470619963,-0.4929169491729408,out_of_sample
2026-07-10 00:00:00+00:00,-0.00781713271843705,26.395704233683205,-0.11205905105113967,0.014755447252243092,8.909882085203774,-0.4854347119639557,out_of_sample
2026-07-11 00:00:00+00:00,0.0033336451870192964,26.48369814605981,-0.10909897098031873,-0.005403129604940049,8.861740837532684,-0.48821497490541776,out_of_sample
2026-07-12 00:00:00+00:00,0.006633145743964885,26.659368375701796,-0.10318949461138305,-0.0005173792389822074,8.857155956802105,-0.48847976185222364,out_of_sample
2026-07-13 00:00:00+00:00,0.002892978428702409,26.736493353335533,-0.10059504116466012,-0.022635294117647087,8.656671626674019,-0.5000581728898275,out_of_sample
2026-07-14 00:00:00+00:00,0.016497156670291294,27.177569472999714,-0.0857574166487165,0.04345739644020741,9.032868037407086,-0.4783320027120591,out_of_sample
2026-07-15 00:00:00+00:00,-0.004314650957038386,27.060307746863057,-0.08970205428593836,-0.004511287447300338,8.992118173216811,-0.48068539699988244,out_of_sample
2026-07-16 00:00:00+00:00,-0.002766232269495011,26.985452650351217,-0.09222014983822768,-0.014220953193225139,8.864241681567545,-0.4880705456617055,out_of_sample
2026-07-17 00:00:00+00:00,0.01058504233165919,27.271094808994167,-0.08261126169643818,0.0017068697982789427,8.879371787978458,-0.48719674873724605,out_of_sample
2026-07-18 00:00:00+00:00,0.001157243295048876,27.302654100610518,-0.08154961973008301,0.014032254783687526,9.00396939522646,-0.48000096286162375,out_of_sample
2026-07-19 00:00:00+00:00,0.0070068065517006175,27.49395851624149,-0.07511421558819587,-0.001728216372689828,8.98840858789843,-0.4808996337113892,out_of_sample
2026-07-20 00:00:00+00:00,-0.00042269292757615706,27.482337014425603,-0.07550515826808246,0.008193870595272879,9.062058444725109,-0.4766461924840617,out_of_sample
2026-07-21 00:00:00+00:00,-0.011995897804804919,27.152661708163347,-0.0865953039105678,0.019894273343881386,9.242341512482698,-0.46623444878177855,out_of_sample
2026-07-22 00:00:00+00:00,-0.003662467310405971,27.053215972266685,-0.08994061875116677,-0.006620326386299835,9.181154195096415,-0.46976815094460633,out_of_sample
2026-07-23 00:00:00+00:00,-0.0030529810807515493,26.970623015729867,-0.09271901282447992,-0.015320359553282259,9.040495611713412,-0.4778914935187367,out_of_sample
2026-07-24 00:00:00+00:00,-0.005613780624159831,26.819215854822644,-0.09781228925095442,-0.014647392945399962,8.908075920067482,-0.4855390219733037,out_of_sample
2026-07-25 00:00:00+00:00,-0.0031975205218096494,26.733460861748007,-0.10069705297059894,0.003456208620245871,8.938864088852224,-0.4837609375062677,out_of_sample
2026-07-26 00:00:00+00:00,-0.0020185092850892763,26.679499122775997,-0.10251230431928604,0.016117976750945395,9.082940492416204,-0.47544020829906386,out_of_sample
2026-07-27 00:00:00+00:00,0.001365152859138841,26.715920717283844,-0.10128709642548561,-0.0035961704073874667,9.050276690605315,-0.47732661469888416,out_of_sample
